experiment_id,evaluation_date,code,name,setup_id,candidate_type,entry_timing_state,entry_timing_executable,entry_timing_evidence_count,probability_rr_status,probability_rr_sample_count,probability_rr_target_1_hit_probability,probability_rr_target_2_hit_probability,probability_adjusted_r
S6_ENTRY_E0_BASELINE,2024-03-18,300210,森远股份,s6setup-86918b98cb309eb4bbcc,WATCH_CANDIDATE,SUPPORT_CONFIRMED,True,5,NOT_EVALUATED,0,0.0,0.0,0.0
S6_ENTRY_E0_BASELINE,2024-03-19,300210,森远股份,s6setup-179339c621cd4c0f40fb,WATCH_CANDIDATE,SUPPORT_CONFIRMED,True,4,NOT_EVALUATED,0,0.0,0.0,0.0
S6_ENTRY_E0_BASELINE,2024-03-21,601127,赛力斯,s6setup-d3a8809dcb194c286c7f,KEY_CANDIDATE,NOT_APPLICABLE,False,0,NOT_EVALUATED,0,0.0,0.0,0.0
S6_ENTRY_E0_BASELINE,2024-03-22,300210,森远股份,s6setup-34ead3d1be0fa4bc244f,WATCH_CANDIDATE,SUPPORT_FORMING,False,4,NOT_EVALUATED,0,0.0,0.0,0.0
S6_ENTRY_E0_BASELINE,2024-03-22,601127,赛力斯,s6setup-3fb8101e69f6778c6f0d,WATCH_CANDIDATE,NOT_APPLICABLE,False,0,NOT_EVALUATED,0,0.0,0.0,0.0
S6_ENTRY_E0_BASELINE,2024-03-25,002463,沪电股份,s6setup-d6af2725e1ec60f512e7,WATCH_CANDIDATE,SUPPORT_FORMING,False,2,NOT_EVALUATED,0,0.0,0.0,0.0
S6_ENTRY_E0_BASELINE,2024-03-25,601127,赛力斯,s6setup-437d28e1721ada013542,WATCH_CANDIDATE,SUPPORT_FORMING,False,2,NOT_EVALUATED,0,0.0,0.0,0.0
S6_ENTRY_E0_BASELINE,2024-03-25,688278,特宝生物,s6setup-f06222f7a04b3347b3a9,WATCH_CANDIDATE,SUPPORT_FORMING,False,3,NOT_EVALUATED,0,0.0,0.0,0.0
S6_ENTRY_E0_BASELINE,2024-03-26,688278,特宝生物,s6setup-f06222f7a04b3347b3a9,WATCH_CANDIDATE,SUPPORT_CONFIRMED,True,4,NOT_EVALUATED,0,0.0,0.0,0.0
S6_ENTRY_E0_BASELINE,2024-03-28,000630,铜陵有色,s6setup-c91fd7b614b740b9d6bf,WATCH_CANDIDATE,NOT_APPLICABLE,False,0,NOT_EVALUATED,0,0.0,0.0,0.0
S6_ENTRY_E0_BASELINE,2024-03-29,000630,铜陵有色,s6setup-c91fd7b614b740b9d6bf,WATCH_CANDIDATE,NOT_APPLICABLE,False,0,NOT_EVALUATED,0,0.0,0.0,0.0
S6_ENTRY_E0_BASELINE,2024-03-29,300781,因赛集团,s6setup-6d464b8c5b5936e80a75,WATCH_CANDIDATE,SUPPORT_CONFIRMED,True,3,RELIABLE,250,0.504,0.248,0.544333
S6_ENTRY_E0_BASELINE,2024-04-01,300781,因赛集团,s6setup-6d464b8c5b5936e80a75,WATCH_CANDIDATE,SUPPORT_CONFIRMED,True,5,RELIABLE,250,0.532,0.252,0.564237
S6_ENTRY_E0_BASELINE,2024-04-01,601168,西部矿业,s6setup-a8d44e8860c7bc613f58,KEY_CANDIDATE,NOT_APPLICABLE,False,0,NOT_EVALUATED,0,0.0,0.0,0.0
S6_ENTRY_E0_BASELINE,2024-04-12,600160,巨化股份,s6setup-b4db41ce30d046a12733,WATCH_CANDIDATE,SUPPORT_CONFIRMED,True,3,NOT_EVALUATED,0,0.0,0.0,0.0
S6_ENTRY_E0_BASELINE,2024-04-15,600160,巨化股份,s6setup-b4db41ce30d046a12733,WATCH_CANDIDATE,SUPPORT_CONFIRMED,True,5,NOT_EVALUATED,0,0.0,0.0,0.0
S6_ENTRY_E0_BASELINE,2024-05-06,000426,兴业银锡,s6setup-d2447255d82b4e7de908,WATCH_CANDIDATE,SUPPORT_FORMING,False,4,NOT_EVALUATED,0,0.0,0.0,0.0
S6_ENTRY_E0_BASELINE,2024-05-13,000777,中核科技,s6setup-e8d29abdf82f10859d35,WATCH_CANDIDATE,SUPPORT_CONFIRMED,True,3,RELIABLE,250,0.492,0.236,0.74735
S6_ENTRY_E0_BASELINE,2024-05-14,000777,中核科技,s6setup-2d242922bc99ecab9776,WATCH_CANDIDATE,SUPPORT_CONFIRMED,True,4,NOT_EVALUATED,0,0.0,0.0,0.0
S6_ENTRY_E0_BASELINE,2024-05-15,600160,巨化股份,s6setup-f9df34d7948c1f03a54a,WATCH_CANDIDATE,NOT_APPLICABLE,False,0,NOT_EVALUATED,0,0.0,0.0,0.0
S6_ENTRY_E0_BASELINE,2024-05-17,300067,安诺其,s6setup-be0b960820e1965a8848,WATCH_CANDIDATE,SUPPORT_FORMING,False,3,NOT_EVALUATED,0,0.0,0.0,0.0
S6_ENTRY_E0_BASELINE,2024-05-30,000933,神火股份,s6setup-7e67e50667dcc64f113d,WATCH_CANDIDATE,NOT_APPLICABLE,False,0,NOT_EVALUATED,0,0.0,0.0,0.0
S6_ENTRY_E0_BASELINE,2024-05-31,000933,神火股份,s6setup-7e67e50667dcc64f113d,WATCH_CANDIDATE,SUPPORT_FORMING,False,2,NOT_EVALUATED,0,0.0,0.0,0.0
S6_ENTRY_E0_BASELINE,2024-06-25,600312,平高电气,s6setup-c72bafc2d96134d3950c,WATCH_CANDIDATE,NOT_APPLICABLE,False,0,NOT_EVALUATED,0,0.0,0.0,0.0
S6_ENTRY_E0_BASELINE,2024-06-26,600312,平高电气,s6setup-0c6f98c23df38c4e22a8,WATCH_CANDIDATE,SUPPORT_CONFIRMED,True,5,NOT_EVALUATED,0,0.0,0.0,0.0
S6_ENTRY_E0_BASELINE,2024-06-27,300552,万集科技,s6setup-05e745ce4e00e98baaf2,WATCH_CANDIDATE,NOT_APPLICABLE,False,0,NOT_EVALUATED,0,0.0,0.0,0.0
S6_ENTRY_E0_BASELINE,2024-06-27,601138,工业富联,s6setup-30949657f005e4e7ad28,WATCH_CANDIDATE,NOT_APPLICABLE,False,0,NOT_EVALUATED,0,0.0,0.0,0.0
S6_ENTRY_E0_BASELINE,2024-06-28,601138,工业富联,s6setup-30949657f005e4e7ad28,WATCH_CANDIDATE,SUPPORT_CONFIRMED,True,5,NOT_EVALUATED,0,0.0,0.0,0.0
S6_ENTRY_E0_BASELINE,2024-07-01,601138,工业富联,s6setup-30949657f005e4e7ad28,WATCH_CANDIDATE,NOT_APPLICABLE,False,0,NOT_EVALUATED,0,0.0,0.0,0.0
S6_ENTRY_E0_BASELINE,2024-07-02,601138,工业富联,s6setup-30949657f005e4e7ad28,WATCH_CANDIDATE,SUPPORT_CONFIRMED,True,3,NOT_EVALUATED,0,0.0,0.0,0.0
S6_ENTRY_E0_BASELINE,2024-07-03,002463,沪电股份,s6setup-36dae2d212a409c0fe1f,WATCH_CANDIDATE,SUPPORT_CONFIRMED,True,4,RELIABLE,250,0.48,0.152,0.59275
S6_ENTRY_E0_BASELINE,2024-07-04,002463,沪电股份,s6setup-36dae2d212a409c0fe1f,WATCH_CANDIDATE,SUPPORT_CONFIRMED,True,4,RELIABLE,250,0.596,0.172,0.620979
S6_ENTRY_E0_BASELINE,2024-07-05,002463,沪电股份,s6setup-5a1263c01542aa63ccf8,WATCH_CANDIDATE,NOT_APPLICABLE,False,0,NOT_EVALUATED,0,0.0,0.0,0.0
S6_ENTRY_E0_BASELINE,2024-07-08,002463,沪电股份,s6setup-36dae2d212a409c0fe1f,WATCH_CANDIDATE,SUPPORT_CONFIRMED,True,3,NOT_EVALUATED,0,0.0,0.0,0.0
S6_ENTRY_E0_BASELINE,2024-07-15,600312,平高电气,s6setup-e9a560efcad557642ac1,WATCH_CANDIDATE,NOT_APPLICABLE,False,0,NOT_EVALUATED,0,0.0,0.0,0.0
S6_ENTRY_E0_BASELINE,2024-09-19,600418,江淮汽车,s6setup-9856079f5e2d0d43fc87,WATCH_CANDIDATE,NOT_APPLICABLE,False,0,NOT_EVALUATED,0,0.0,0.0,0.0
S6_ENTRY_E0_BASELINE,2024-10-23,002142,宁波银行,s6setup-97cfe18a693f17ebc4f6,WATCH_CANDIDATE,NOT_APPLICABLE,False,0,NOT_EVALUATED,0,0.0,0.0,0.0
S6_ENTRY_E0_BASELINE,2024-10-24,002142,宁波银行,s6setup-1e29f4e0d840d2523b33,WATCH_CANDIDATE,SUPPORT_CONFIRMED,True,3,RELIABLE,250,0.32,0.092,0.044683
S6_ENTRY_E0_BASELINE,2024-10-25,002142,宁波银行,s6setup-502a5dcb540786350afb,WATCH_CANDIDATE,SUPPORT_CONFIRMED,True,5,NOT_EVALUATED,0,0.0,0.0,0.0
S6_ENTRY_E0_BASELINE,2024-10-25,300925,法本信息,s6setup-d30fce650daba787ff76,WATCH_CANDIDATE,SUPPORT_CONFIRMED,True,3,NOT_EVALUATED,0,0.0,0.0,0.0
S6_ENTRY_E0_BASELINE,2024-10-25,601186,中国铁建,s6setup-af11af9996de7f907a8d,WATCH_CANDIDATE,NOT_APPLICABLE,False,0,NOT_EVALUATED,0,0.0,0.0,0.0
S6_ENTRY_E0_BASELINE,2024-10-25,601318,中国平安,s6setup-dd9d59b135b21a91db46,WATCH_CANDIDATE,SUPPORT_CONFIRMED,True,3,RELIABLE,250,0.392,0.152,0.459398
S6_ENTRY_E0_BASELINE,2024-10-25,601336,新华保险,s6setup-ae409aecc4671570a769,KEY_CANDIDATE,NOT_APPLICABLE,False,0,NOT_EVALUATED,0,0.0,0.0,0.0
S6_ENTRY_E0_BASELINE,2024-10-25,688090,瑞松科技,s6setup-f5b842b9eed62e75172e,WATCH_CANDIDATE,SUPPORT_FORMING,False,4,NOT_EVALUATED,0,0.0,0.0,0.0
S6_ENTRY_E0_BASELINE,2024-10-28,002371,北方华创,s6setup-f52b8d8051a025bd2150,WATCH_CANDIDATE,NOT_APPLICABLE,False,0,NOT_EVALUATED,0,0.0,0.0,0.0
S6_ENTRY_E0_BASELINE,2024-10-28,300293,蓝英装备,s6setup-9bd84923404891e10b11,WATCH_CANDIDATE,NOT_APPLICABLE,False,0,NOT_EVALUATED,0,0.0,0.0,0.0
S6_ENTRY_E0_BASELINE,2024-10-28,300709,精研科技,s6setup-5b2041e9a58ee0c21425,WATCH_CANDIDATE,NOT_APPLICABLE,False,0,NOT_EVALUATED,0,0.0,0.0,0.0
S6_ENTRY_E0_BASELINE,2024-10-28,300750,宁德时代,s6setup-9e65aa9fcaf21c87e545,KEY_CANDIDATE,SUPPORT_CONFIRMED,True,4,RELIABLE,250,0.248,0.16,0.083074
S6_ENTRY_E0_BASELINE,2024-10-28,601186,中国铁建,s6setup-af11af9996de7f907a8d,KEY_CANDIDATE,SUPPORT_FORMING,False,3,NOT_EVALUATED,0,0.0,0.0,0.0
S6_ENTRY_E0_BASELINE,2024-10-28,601318,中国平安,s6setup-98c0b474d9979a45cc3c,WATCH_CANDIDATE,NOT_APPLICABLE,False,0,NOT_EVALUATED,0,0.0,0.0,0.0
S6_ENTRY_E0_BASELINE,2024-10-28,688658,悦康药业,s6setup-1597925ea0841ae92584,KEY_CANDIDATE,SUPPORT_CONFIRMED,True,5,NOT_EVALUATED,0,0.0,0.0,0.0
S6_ENTRY_E0_BASELINE,2024-10-29,300293,蓝英装备,s6setup-2f57feeea609bcb0e16b,WATCH_CANDIDATE,SUPPORT_CONFIRMED,True,3,NOT_EVALUATED,0,0.0,0.0,0.0
S6_ENTRY_E0_BASELINE,2024-10-29,300433,蓝思科技,s6setup-ce55436529fac87c0148,WATCH_CANDIDATE,NOT_APPLICABLE,False,0,NOT_EVALUATED,0,0.0,0.0,0.0
S6_ENTRY_E0_BASELINE,2024-10-29,300709,精研科技,s6setup-1a47687228730efc7c66,WATCH_CANDIDATE,SUPPORT_CONFIRMED,True,5,NOT_EVALUATED,0,0.0,0.0,0.0
S6_ENTRY_E0_BASELINE,2024-10-29,300750,宁德时代,s6setup-9e65aa9fcaf21c87e545,KEY_CANDIDATE,SUPPORT_CONFIRMED,True,3,RELIABLE,250,0.172,0.168,-0.200912
S6_ENTRY_E0_BASELINE,2024-10-29,601336,新华保险,s6setup-96f5e92fb6957b29f889,KEY_CANDIDATE,SUPPORT_CONFIRMED,True,4,RELIABLE,250,0.392,0.208,0.182098
S6_ENTRY_E0_BASELINE,2024-10-29,688658,悦康药业,s6setup-1597925ea0841ae92584,KEY_CANDIDATE,SUPPORT_CONFIRMED,True,3,NOT_EVALUATED,0,0.0,0.0,0.0
S6_ENTRY_E0_BASELINE,2024-10-30,300293,蓝英装备,s6setup-2f57feeea609bcb0e16b,WATCH_CANDIDATE,SUPPORT_FORMING,False,4,NOT_EVALUATED,0,0.0,0.0,0.0
S6_ENTRY_E0_BASELINE,2024-10-30,300310,宜通世纪,s6setup-bad2851bb68ffb07f8d7,WATCH_CANDIDATE,NOT_APPLICABLE,False,0,NOT_EVALUATED,0,0.0,0.0,0.0
S6_ENTRY_E0_BASELINE,2024-10-30,300433,蓝思科技,s6setup-ce55436529fac87c0148,WATCH_CANDIDATE,NOT_APPLICABLE,False,0,NOT_EVALUATED,0,0.0,0.0,0.0
S6_ENTRY_E0_BASELINE,2024-10-30,688658,悦康药业,s6setup-1597925ea0841ae92584,KEY_CANDIDATE,SUPPORT_CONFIRMED,True,5,NOT_EVALUATED,0,0.0,0.0,0.0
S6_ENTRY_E0_BASELINE,2024-10-31,000768,中航西飞,s6setup-bd4b5f1a5e26f455d992,KEY_CANDIDATE,SUPPORT_FORMING,False,2,NOT_EVALUATED,0,0.0,0.0,0.0
S6_ENTRY_E0_BASELINE,2024-10-31,300139,晓程科技,s6setup-03ac53b95d0ed4d67393,KEY_CANDIDATE,SUPPORT_CONFIRMED,True,4,RELIABLE,250,0.544,0.168,0.618102
S6_ENTRY_E0_BASELINE,2024-10-31,300293,蓝英装备,s6setup-2f57feeea609bcb0e16b,WATCH_CANDIDATE,SUPPORT_CONFIRMED,True,5,NOT_EVALUATED,0,0.0,0.0,0.0
S6_ENTRY_E0_BASELINE,2024-10-31,300433,蓝思科技,s6setup-ce55436529fac87c0148,KEY_CANDIDATE,INVALID,False,0,NOT_EVALUATED,0,0.0,0.0,0.0
S6_ENTRY_E0_BASELINE,2024-10-31,300469,信息发展,s6setup-972ecff6bc6b3c765fc4,WATCH_CANDIDATE,SUPPORT_CONFIRMED,True,3,NOT_EVALUATED,0,0.0,0.0,0.0
S6_ENTRY_E0_BASELINE,2024-10-31,600415,小商品城,s6setup-972b529ace9e37bf0db0,WATCH_CANDIDATE,SUPPORT_CONFIRMED,True,4,NOT_EVALUATED,0,0.0,0.0,0.0
S6_ENTRY_E0_BASELINE,2024-10-31,688658,悦康药业,s6setup-ad8817890ee0b72512c3,KEY_CANDIDATE,SUPPORT_CONFIRMED,True,3,NOT_EVALUATED,0,0.0,0.0,0.0
S6_ENTRY_E0_BASELINE,2024-11-01,300139,晓程科技,s6setup-06fe080981f712a2689e,WATCH_CANDIDATE,SUPPORT_FORMING,False,2,NOT_EVALUATED,0,0.0,0.0,0.0
S6_ENTRY_E0_BASELINE,2024-11-01,300293,蓝英装备,s6setup-2f57feeea609bcb0e16b,WATCH_CANDIDATE,SUPPORT_CONFIRMED,True,3,NOT_EVALUATED,0,0.0,0.0,0.0
S6_ENTRY_E0_BASELINE,2024-11-01,600326,西藏天路,s6setup-f5d42d94a6ae9189bdc1,WATCH_CANDIDATE,SUPPORT_CONFIRMED,True,5,NOT_EVALUATED,0,0.0,0.0,0.0
S6_ENTRY_E0_BASELINE,2024-11-04,300394,天孚通信,s6setup-a0e81f7cbc75b159986b,WATCH_CANDIDATE,NOT_APPLICABLE,False,0,NOT_EVALUATED,0,0.0,0.0,0.0
S6_ENTRY_E0_BASELINE,2024-11-05,300394,天孚通信,s6setup-8ead4a2d70dd6c4cbec2,WATCH_CANDIDATE,NOT_APPLICABLE,False,0,NOT_EVALUATED,0,0.0,0.0,0.0
S6_ENTRY_E0_BASELINE,2024-11-05,603606,东方电缆,s6setup-39fd8e4c4023e6fc31b9,WATCH_CANDIDATE,NOT_APPLICABLE,False,0,NOT_EVALUATED,0,0.0,0.0,0.0
S6_ENTRY_E0_BASELINE,2024-11-06,002130,沃尔核材,s6setup-b3bfe3b0c2577df77662,WATCH_CANDIDATE,SUPPORT_FORMING,False,2,NOT_EVALUATED,0,0.0,0.0,0.0
S6_ENTRY_E0_BASELINE,2024-11-06,603893,瑞芯微,s6setup-5b52a644932ad736476a,WATCH_CANDIDATE,WAITING_BREAKOUT,False,0,NOT_EVALUATED,0,0.0,0.0,0.0
S6_ENTRY_E0_BASELINE,2024-11-07,002130,沃尔核材,s6setup-601520cd7eade1a86625,WATCH_CANDIDATE,SUPPORT_FORMING,False,3,NOT_EVALUATED,0,0.0,0.0,0.0
S6_ENTRY_E0_BASELINE,2024-11-07,603893,瑞芯微,s6setup-5c8f844a5bd2c3275a12,WATCH_CANDIDATE,WAITING_BREAKOUT,False,0,NOT_EVALUATED,0,0.0,0.0,0.0
S6_ENTRY_E0_BASELINE,2024-11-08,002130,沃尔核材,s6setup-0ea994a0114ea261040e,WATCH_CANDIDATE,SUPPORT_CONFIRMED,True,4,NOT_EVALUATED,0,0.0,0.0,0.0
S6_ENTRY_E0_BASELINE,2024-11-08,002600,领益智造,s6setup-683787f79104f8ee2e19,KEY_CANDIDATE,SUPPORT_CONFIRMED,True,3,RELIABLE,250,0.564,0.22,0.599561
S6_ENTRY_E0_BASELINE,2024-11-08,300067,安诺其,s6setup-00fcccb83fb3b2701a5b,KEY_CANDIDATE,SUPPORT_CONFIRMED,True,3,RELIABLE,250,0.4,0.24,0.626072
S6_ENTRY_E0_BASELINE,2024-11-08,300192,科德教育,s6setup-18e91cf1670e563726d6,KEY_CANDIDATE,SUPPORT_FORMING,False,2,NOT_EVALUATED,0,0.0,0.0,0.0
S6_ENTRY_E0_BASELINE,2024-11-08,300303,聚飞光电,s6setup-481bd3cc8486c5ed323e,WATCH_CANDIDATE,SUPPORT_CONFIRMED,True,3,RELIABLE,250,0.464,0.144,0.444728
S6_ENTRY_E0_BASELINE,2024-11-08,300394,天孚通信,s6setup-bd38c99a8f41f1f6d00a,WATCH_CANDIDATE,NOT_APPLICABLE,False,0,NOT_EVALUATED,0,0.0,0.0,0.0
S6_ENTRY_E0_BASELINE,2024-11-08,300397,天和防务,s6setup-5c56c4f571876e4504e9,KEY_CANDIDATE,SUPPORT_CONFIRMED,True,4,RELIABLE,250,0.46,0.164,0.409887
S6_ENTRY_E0_BASELINE,2024-11-08,300563,神宇股份,s6setup-3b141611a0adf956336b,WATCH_CANDIDATE,NOT_APPLICABLE,False,0,NOT_EVALUATED,0,0.0,0.0,0.0
S6_ENTRY_E0_BASELINE,2024-11-08,600601,方正科技,s6setup-a3a1e64d42ee99d21b57,KEY_CANDIDATE,SUPPORT_CONFIRMED,True,3,RELIABLE,250,0.58,0.188,0.475082
S6_ENTRY_E0_BASELINE,2024-11-08,600990,四创电子,s6setup-bc80c558b01b30a21e16,WATCH_CANDIDATE,SUPPORT_CONFIRMED,True,4,NOT_EVALUATED,0,0.0,0.0,0.0
S6_ENTRY_E0_BASELINE,2024-11-08,603893,瑞芯微,s6setup-a63db8c9eb7d11d047d3,KEY_CANDIDATE,SUPPORT_CONFIRMED,True,3,RELIABLE,250,0.284,0.124,0.142901
S6_ENTRY_E0_BASELINE,2024-11-08,688252,天德钰,s6setup-99a79916c8c7e6f3c311,KEY_CANDIDATE,SUPPORT_CONFIRMED,True,4,NOT_EVALUATED,0,0.0,0.0,0.0
S6_ENTRY_E0_BASELINE,2024-11-11,002130,沃尔核材,s6setup-3dc4536bdb7bfa83e949,WATCH_CANDIDATE,SUPPORT_CONFIRMED,True,4,NOT_EVALUATED,0,0.0,0.0,0.0
S6_ENTRY_E0_BASELINE,2024-11-11,300061,旗天科技,s6setup-da799d9c466c9a1bd1c9,KEY_CANDIDATE,SUPPORT_CONFIRMED,True,5,RELIABLE,250,0.596,0.28,0.67784
S6_ENTRY_E0_BASELINE,2024-11-11,300067,安诺其,s6setup-27e1e1132118e57a2304,KEY_CANDIDATE,NOT_APPLICABLE,False,0,NOT_EVALUATED,0,0.0,0.0,0.0
S6_ENTRY_E0_BASELINE,2024-11-11,300284,苏交科,s6setup-c755ba4efb03e1e282b2,KEY_CANDIDATE,SUPPORT_CONFIRMED,True,5,RELIABLE,250,0.352,0.184,0.442142
S6_ENTRY_E0_BASELINE,2024-11-11,300394,天孚通信,s6setup-8ead4a2d70dd6c4cbec2,WATCH_CANDIDATE,NOT_APPLICABLE,False,0,NOT_EVALUATED,0,0.0,0.0,0.0
S6_ENTRY_E0_BASELINE,2024-11-11,600601,方正科技,s6setup-69badbc1a77b36f76c90,WATCH_CANDIDATE,NOT_APPLICABLE,False,0,NOT_EVALUATED,0,0.0,0.0,0.0
S6_ENTRY_E0_BASELINE,2024-11-11,600990,四创电子,s6setup-f60a3a82f18a788290ae,KEY_CANDIDATE,SUPPORT_CONFIRMED,True,5,RELIABLE,250,0.568,0.244,0.597218
S6_ENTRY_E0_BASELINE,2024-11-11,603486,科沃斯,s6setup-6898d3a1d4a6f35be2f0,WATCH_CANDIDATE,SUPPORT_CONFIRMED,True,5,RELIABLE,250,0.412,0.28,0.201893
S6_ENTRY_E0_BASELINE,2024-11-11,603893,瑞芯微,s6setup-a63db8c9eb7d11d047d3,KEY_CANDIDATE,NOT_APPLICABLE,False,0,NOT_EVALUATED,0,0.0,0.0,0.0
S6_ENTRY_E0_BASELINE,2024-11-12,300046,台基股份,s6setup-80d778573b45a6448eaf,KEY_CANDIDATE,SUPPORT_CONFIRMED,True,5,RELIABLE,250,0.344,0.152,0.093026
S6_ENTRY_E0_BASELINE,2024-11-12,300102,乾照光电,s6setup-5c64756c89da797ce137,KEY_CANDIDATE,SUPPORT_CONFIRMED,True,3,NOT_EVALUATED,0,0.0,0.0,0.0
S6_ENTRY_E0_BASELINE,2024-11-12,300292,吴通控股,s6setup-01f82f10d02fa98a0dc6,KEY_CANDIDATE,SUPPORT_FORMING,False,2,NOT_EVALUATED,0,0.0,0.0,0.0
S6_ENTRY_E0_BASELINE,2024-11-12,300397,天和防务,s6setup-d1889779ea60fdef1231,WATCH_CANDIDATE,SUPPORT_CONFIRMED,True,3,NOT_EVALUATED,0,0.0,0.0,0.0
S6_ENTRY_E0_BASELINE,2024-11-12,603893,瑞芯微,s6setup-a63db8c9eb7d11d047d3,KEY_CANDIDATE,NOT_APPLICABLE,False,0,NOT_EVALUATED,0,0.0,0.0,0.0
S6_ENTRY_E0_BASELINE,2024-11-13,300008,天海防务,s6setup-6690c342fe613eb7b44d,WATCH_CANDIDATE,SUPPORT_CONFIRMED,True,5,RELIABLE,250,0.572,0.184,0.276564
S6_ENTRY_E0_BASELINE,2024-11-13,300046,台基股份,s6setup-80d778573b45a6448eaf,KEY_CANDIDATE,SUPPORT_CONFIRMED,True,4,RELIABLE,250,0.312,0.156,0.060582
S6_ENTRY_E0_BASELINE,2024-11-13,300085,银之杰,s6setup-e42a370d8980d8402bcb,WATCH_CANDIDATE,SUPPORT_FORMING,False,2,NOT_EVALUATED,0,0.0,0.0,0.0
S6_ENTRY_E0_BASELINE,2024-11-13,300102,乾照光电,s6setup-5c64756c89da797ce137,KEY_CANDIDATE,SUPPORT_CONFIRMED,True,5,RELIABLE,250,0.316,0.208,0.250992
S6_ENTRY_E0_BASELINE,2024-11-13,300292,吴通控股,s6setup-9c48f58a27fc6f188c7b,WATCH_CANDIDATE,NOT_APPLICABLE,False,0,NOT_EVALUATED,0,0.0,0.0,0.0
S6_ENTRY_E0_BASELINE,2024-11-13,300424,航新科技,s6setup-be858b46ff0d049233b9,WATCH_CANDIDATE,SUPPORT_FORMING,False,3,NOT_EVALUATED,0,0.0,0.0,0.0
S6_ENTRY_E0_BASELINE,2024-11-13,300570,太辰光,s6setup-38a6a6d341095f048664,WATCH_CANDIDATE,SUPPORT_CONFIRMED,True,5,RELIABLE,250,0.308,0.16,0.121177
S6_ENTRY_E0_BASELINE,2024-11-13,301091,深城交,s6setup-1fdb4e96ccfdd131bd2a,KEY_CANDIDATE,NOT_APPLICABLE,False,0,NOT_EVALUATED,0,0.0,0.0,0.0
S6_ENTRY_E0_BASELINE,2024-11-13,603893,瑞芯微,s6setup-a63db8c9eb7d11d047d3,KEY_CANDIDATE,SUPPORT_CONFIRMED,True,5,RELIABLE,250,0.432,0.152,0.266686
S6_ENTRY_E0_BASELINE,2024-11-14,000829,天音控股,s6setup-085cfe806f3931768d77,KEY_CANDIDATE,SUPPORT_CONFIRMED,True,3,RELIABLE,250,0.536,0.172,0.623547
S6_ENTRY_E0_BASELINE,2024-11-14,300256,星星科技,s6setup-f5234fdcb28fc48d4666,WATCH_CANDIDATE,NOT_APPLICABLE,False,0,NOT_EVALUATED,0,0.0,0.0,0.0
S6_ENTRY_E0_BASELINE,2024-11-14,600843,上工申贝,s6setup-85db4a2ab7750e044af3,KEY_CANDIDATE,SUPPORT_CONFIRMED,True,3,NOT_EVALUATED,0,0.0,0.0,0.0
S6_ENTRY_E0_BASELINE,2024-11-15,000829,天音控股,s6setup-085cfe806f3931768d77,KEY_CANDIDATE,SUPPORT_CONFIRMED,True,3,RELIABLE,250,0.612,0.208,0.600701
S6_ENTRY_E0_BASELINE,2024-11-15,300256,星星科技,s6setup-f5234fdcb28fc48d4666,WATCH_CANDIDATE,NOT_APPLICABLE,False,0,NOT_EVALUATED,0,0.0,0.0,0.0
S6_ENTRY_E0_BASELINE,2024-11-15,300322,硕贝德,s6setup-3e5c7024c90b1574be62,WATCH_CANDIDATE,NOT_APPLICABLE,False,0,NOT_EVALUATED,0,0.0,0.0,0.0
S6_ENTRY_E0_BASELINE,2024-11-15,300776,帝尔激光,s6setup-c76fc897bc2b7cd6f146,KEY_CANDIDATE,SUPPORT_FORMING,False,2,NOT_EVALUATED,0,0.0,0.0,0.0
S6_ENTRY_E0_BASELINE,2024-11-18,002281,光迅科技,s6setup-b8d2a449d0045b5a5ce1,WATCH_CANDIDATE,SUPPORT_FORMING,False,2,NOT_EVALUATED,0,0.0,0.0,0.0
S6_ENTRY_E0_BASELINE,2024-11-18,300776,帝尔激光,s6setup-8c07e4dcf09a7e8c17bc,KEY_CANDIDATE,SUPPORT_FORMING,False,2,NOT_EVALUATED,0,0.0,0.0,0.0
S6_ENTRY_E0_BASELINE,2024-11-19,002273,水晶光电,s6setup-5be11763ef3d6bd00c66,WATCH_CANDIDATE,NOT_APPLICABLE,False,0,NOT_EVALUATED,0,0.0,0.0,0.0
S6_ENTRY_E0_BASELINE,2024-11-19,002281,光迅科技,s6setup-b8d2a449d0045b5a5ce1,KEY_CANDIDATE,SUPPORT_CONFIRMED,True,5,NOT_EVALUATED,0,0.0,0.0,0.0
S6_ENTRY_E0_BASELINE,2024-11-19,300059,东方财富,s6setup-f33f2ffc7cab91125159,WATCH_CANDIDATE,SUPPORT_CONFIRMED,True,5,NOT_EVALUATED,0,0.0,0.0,0.0
S6_ENTRY_E0_BASELINE,2024-11-19,600879,航天电子,s6setup-9543c99369764b5ccdd8,WATCH_CANDIDATE,SUPPORT_FORMING,False,4,NOT_EVALUATED,0,0.0,0.0,0.0
S6_ENTRY_E0_BASELINE,2024-11-19,603920,世运电路,s6setup-d587b9f81f181660d2f5,WATCH_CANDIDATE,NOT_APPLICABLE,False,0,NOT_EVALUATED,0,0.0,0.0,0.0
S6_ENTRY_E0_BASELINE,2024-11-20,002273,水晶光电,s6setup-5be11763ef3d6bd00c66,WATCH_CANDIDATE,SUPPORT_CONFIRMED,True,4,NOT_EVALUATED,0,0.0,0.0,0.0
S6_ENTRY_E0_BASELINE,2024-11-20,002281,光迅科技,s6setup-e1af045107ab081f5b6e,KEY_CANDIDATE,SUPPORT_CONFIRMED,True,5,NOT_EVALUATED,0,0.0,0.0,0.0
S6_ENTRY_E0_BASELINE,2024-11-20,300059,东方财富,s6setup-f33f2ffc7cab91125159,WATCH_CANDIDATE,SUPPORT_CONFIRMED,True,3,NOT_EVALUATED,0,0.0,0.0,0.0
S6_ENTRY_E0_BASELINE,2024-11-20,603920,世运电路,s6setup-d587b9f81f181660d2f5,WATCH_CANDIDATE,NOT_APPLICABLE,False,0,NOT_EVALUATED,0,0.0,0.0,0.0
S6_ENTRY_E0_BASELINE,2024-11-20,688015,交控科技,s6setup-379b47d4a8f9a2b84d9b,WATCH_CANDIDATE,NOT_APPLICABLE,False,0,NOT_EVALUATED,0,0.0,0.0,0.0
S6_ENTRY_E0_BASELINE,2024-11-20,688256,寒武纪,s6setup-8a4e7f4aa3a11b6e31f8,WATCH_CANDIDATE,NOT_APPLICABLE,False,0,NOT_EVALUATED,0,0.0,0.0,0.0
S6_ENTRY_E0_BASELINE,2024-11-21,002273,水晶光电,s6setup-52ee156bbd13078c93bf,WATCH_CANDIDATE,SUPPORT_CONFIRMED,True,3,NOT_EVALUATED,0,0.0,0.0,0.0
S6_ENTRY_E0_BASELINE,2024-11-21,002281,光迅科技,s6setup-245f99defd9d51049930,KEY_CANDIDATE,SUPPORT_CONFIRMED,True,3,NOT_EVALUATED,0,0.0,0.0,0.0
S6_ENTRY_E0_BASELINE,2024-11-21,603920,世运电路,s6setup-d587b9f81f181660d2f5,WATCH_CANDIDATE,SUPPORT_CONFIRMED,True,4,NOT_EVALUATED,0,0.0,0.0,0.0
S6_ENTRY_E0_BASELINE,2024-11-21,688015,交控科技,s6setup-379b47d4a8f9a2b84d9b,WATCH_CANDIDATE,SUPPORT_CONFIRMED,True,4,NOT_EVALUATED,0,0.0,0.0,0.0
S6_ENTRY_E0_BASELINE,2024-11-22,300857,协创数据,s6setup-42f12e312df88455db31,KEY_CANDIDATE,SUPPORT_CONFIRMED,True,3,RELIABLE,250,0.452,0.26,0.594326
S6_ENTRY_E0_BASELINE,2024-11-22,603099,长白山,s6setup-f5596be19bb7272c4656,KEY_CANDIDATE,SUPPORT_CONFIRMED,True,3,RELIABLE,250,0.532,0.316,0.960564
S6_ENTRY_E0_BASELINE,2024-11-25,002979,雷赛智能,s6setup-313394d2517122d09fe9,KEY_CANDIDATE,SUPPORT_FORMING,False,4,RELIABLE,250,0.404,0.236,0.802762
S6_ENTRY_E0_BASELINE,2024-11-25,600010,包钢股份,s6setup-dbea198c47162c06a439,KEY_CANDIDATE,SUPPORT_CONFIRMED,True,5,RELIABLE,250,0.344,0.172,0.243594
S6_ENTRY_E0_BASELINE,2024-11-25,603099,长白山,s6setup-7b16baa68ddbd2d18b34,KEY_CANDIDATE,SUPPORT_CONFIRMED,True,5,RELIABLE,250,0.652,0.316,1.140405
S6_ENTRY_E0_BASELINE,2024-11-25,688418,震有科技,s6setup-c900465decb008272a75,KEY_CANDIDATE,NOT_APPLICABLE,False,0,NOT_EVALUATED,0,0.0,0.0,0.0
S6_ENTRY_E0_BASELINE,2024-11-26,603099,长白山,s6setup-7b16baa68ddbd2d18b34,WATCH_CANDIDATE,NOT_APPLICABLE,False,0,NOT_EVALUATED,0,0.0,0.0,0.0
S6_ENTRY_E0_BASELINE,2024-11-26,688418,震有科技,s6setup-76ad98e4224f639a066d,WATCH_CANDIDATE,NOT_APPLICABLE,False,0,NOT_EVALUATED,0,0.0,0.0,0.0
S6_ENTRY_E0_BASELINE,2024-12-02,688027,国盾量子,s6setup-cc6c31f79103fda91a9f,WATCH_CANDIDATE,NOT_APPLICABLE,False,0,NOT_EVALUATED,0,0.0,0.0,0.0
S6_ENTRY_E0_BASELINE,2024-12-02,688116,天奈科技,s6setup-ae1919e95f7b3d37f2ad,KEY_CANDIDATE,NOT_APPLICABLE,False,0,NOT_EVALUATED,0,0.0,0.0,0.0
S6_ENTRY_E0_BASELINE,2024-12-03,688027,国盾量子,s6setup-cc6c31f79103fda91a9f,WATCH_CANDIDATE,NOT_APPLICABLE,False,0,NOT_EVALUATED,0,0.0,0.0,0.0
S6_ENTRY_E0_BASELINE,2024-12-03,688299,长阳科技,s6setup-43afa70145b72df89eb9,WATCH_CANDIDATE,SUPPORT_CONFIRMED,True,3,NOT_EVALUATED,0,0.0,0.0,0.0
S6_ENTRY_E0_BASELINE,2024-12-04,300622,博士眼镜,s6setup-0016297a5a560bad3b35,WATCH_CANDIDATE,NOT_APPLICABLE,False,0,NOT_EVALUATED,0,0.0,0.0,0.0
S6_ENTRY_E0_BASELINE,2024-12-04,688116,天奈科技,s6setup-ae1919e95f7b3d37f2ad,KEY_CANDIDATE,SUPPORT_CONFIRMED,True,4,RELIABLE,250,0.476,0.164,0.536223
S6_ENTRY_E0_BASELINE,2024-12-04,688299,长阳科技,s6setup-43afa70145b72df89eb9,WATCH_CANDIDATE,SUPPORT_CONFIRMED,True,3,NOT_EVALUATED,0,0.0,0.0,0.0
S6_ENTRY_E0_BASELINE,2024-12-05,002241,歌尔股份,s6setup-c8f06de1d14a601c92f2,WATCH_CANDIDATE,NOT_APPLICABLE,False,0,NOT_EVALUATED,0,0.0,0.0,0.0
S6_ENTRY_E0_BASELINE,2024-12-05,300622,博士眼镜,s6setup-0016297a5a560bad3b35,WATCH_CANDIDATE,SUPPORT_CONFIRMED,True,5,NOT_EVALUATED,0,0.0,0.0,0.0
S6_ENTRY_E0_BASELINE,2024-12-05,688027,国盾量子,s6setup-cc6c31f79103fda91a9f,WATCH_CANDIDATE,SUPPORT_CONFIRMED,True,3,NOT_EVALUATED,0,0.0,0.0,0.0
S6_ENTRY_E0_BASELINE,2024-12-06,300131,英唐智控,s6setup-8d7f3cd60a44c38e966c,WATCH_CANDIDATE,SUPPORT_CONFIRMED,True,3,NOT_EVALUATED,0,0.0,0.0,0.0
S6_ENTRY_E0_BASELINE,2024-12-06,688047,龙芯中科,s6setup-14e014135a88f7a17339,WATCH_CANDIDATE,NOT_APPLICABLE,False,0,NOT_EVALUATED,0,0.0,0.0,0.0
S6_ENTRY_E0_BASELINE,2024-12-09,002245,蔚蓝锂芯,s6setup-7cfb7c6ade0dd98f80b1,KEY_CANDIDATE,SUPPORT_CONFIRMED,True,3,RELIABLE,250,0.276,0.168,0.3448
S6_ENTRY_E0_BASELINE,2024-12-09,600104,上汽集团,s6setup-16907d8b1e8abc6aa0b4,KEY_CANDIDATE,SUPPORT_CONFIRMED,True,4,NOT_EVALUATED,0,0.0,0.0,0.0
S6_ENTRY_E0_BASELINE,2024-12-10,002245,蔚蓝锂芯,s6setup-bb09aca5ea8ef855f0f4,KEY_CANDIDATE,SUPPORT_CONFIRMED,True,3,NOT_EVALUATED,0,0.0,0.0,0.0
S6_ENTRY_E0_BASELINE,2024-12-11,002194,武汉凡谷,s6setup-3612f5ac72a5762c6014,KEY_CANDIDATE,SUPPORT_CONFIRMED,True,3,RELIABLE,250,0.212,0.176,0.11653
S6_ENTRY_E0_BASELINE,2024-12-11,600776,东方通信,s6setup-2d0fcc865c125bc42520,KEY_CANDIDATE,NOT_APPLICABLE,False,0,NOT_EVALUATED,0,0.0,0.0,0.0
S6_ENTRY_E0_BASELINE,2024-12-11,601360,三六零,s6setup-6271e09715fb99b07d7c,KEY_CANDIDATE,SUPPORT_CONFIRMED,True,4,RELIABLE,250,0.344,0.188,0.50159
S6_ENTRY_E0_BASELINE,2024-12-12,600776,东方通信,s6setup-2d0fcc865c125bc42520,KEY_CANDIDATE,NOT_APPLICABLE,False,0,NOT_EVALUATED,0,0.0,0.0,0.0
S6_ENTRY_E0_BASELINE,2024-12-12,601615,明阳智能,s6setup-8d97ee6c589ea1ecf708,WATCH_CANDIDATE,WAITING_BREAKOUT,False,0,RELIABLE,250,0.26,0.26,-0.143846
S6_ENTRY_E0_BASELINE,2024-12-12,603078,江化微,s6setup-5e35a695f2bd5244a9c7,KEY_CANDIDATE,SUPPORT_CONFIRMED,True,4,RELIABLE,250,0.176,0.112,-0.113366
S6_ENTRY_E0_BASELINE,2024-12-13,300377,赢时胜,s6setup-861e18604179a7947c08,WATCH_CANDIDATE,SUPPORT_CONFIRMED,True,3,NOT_EVALUATED,0,0.0,0.0,0.0
S6_ENTRY_E0_BASELINE,2024-12-13,601615,明阳智能,s6setup-8d97ee6c589ea1ecf708,WATCH_CANDIDATE,SUPPORT_CONFIRMED,True,3,RELIABLE,250,0.624,0.316,0.32582
S6_ENTRY_E0_BASELINE,2024-12-16,300694,蠡湖股份,s6setup-16fbe563d003ec7102ed,WATCH_CANDIDATE,NOT_APPLICABLE,False,0,NOT_EVALUATED,0,0.0,0.0,0.0
S6_ENTRY_E0_BASELINE,2024-12-16,600292,电投水电,s6setup-6e3280140834bf327467,WATCH_CANDIDATE,SUPPORT_FORMING,False,2,NOT_EVALUATED,0,0.0,0.0,0.0
S6_ENTRY_E0_BASELINE,2024-12-17,300694,蠡湖股份,s6setup-16fbe563d003ec7102ed,WATCH_CANDIDATE,NOT_APPLICABLE,False,0,NOT_EVALUATED,0,0.0,0.0,0.0
S6_ENTRY_E0_BASELINE,2024-12-18,600601,方正科技,s6setup-c456d52e3d99d7b05be2,WATCH_CANDIDATE,SUPPORT_CONFIRMED,True,5,NOT_EVALUATED,0,0.0,0.0,0.0
S6_ENTRY_E0_BASELINE,2024-12-19,300370,安控科技,s6setup-407f2bb2aee712d9378a,WATCH_CANDIDATE,SUPPORT_CONFIRMED,True,5,NOT_EVALUATED,0,0.0,0.0,0.0
S6_ENTRY_E0_BASELINE,2024-12-19,300459,汤姆猫,s6setup-dbc04670d4bf601779fa,WATCH_CANDIDATE,SUPPORT_CONFIRMED,True,5,NOT_EVALUATED,0,0.0,0.0,0.0
S6_ENTRY_E0_BASELINE,2024-12-20,300182,捷成股份,s6setup-d2c15ade4641dee97cba,WATCH_CANDIDATE,NOT_APPLICABLE,False,0,NOT_EVALUATED,0,0.0,0.0,0.0
S6_ENTRY_E0_BASELINE,2024-12-20,300459,汤姆猫,s6setup-dbc04670d4bf601779fa,KEY_CANDIDATE,SUPPORT_CONFIRMED,True,3,NOT_EVALUATED,0,0.0,0.0,0.0
S6_ENTRY_E0_BASELINE,2024-12-20,300660,江苏雷利,s6setup-04ef634a8a882f10d1b6,KEY_CANDIDATE,NOT_APPLICABLE,False,0,NOT_EVALUATED,0,0.0,0.0,0.0
S6_ENTRY_E0_BASELINE,2024-12-20,600864,哈投股份,s6setup-2dcaee0f6253a30902e6,WATCH_CANDIDATE,SUPPORT_CONFIRMED,True,5,NOT_EVALUATED,0,0.0,0.0,0.0
S6_ENTRY_E0_BASELINE,2024-12-23,300660,江苏雷利,s6setup-04ef634a8a882f10d1b6,WATCH_CANDIDATE,SUPPORT_CONFIRMED,True,3,NOT_EVALUATED,0,0.0,0.0,0.0
S6_ENTRY_E0_BASELINE,2024-12-24,002139,拓邦股份,s6setup-fd1e90188568d41c4d76,KEY_CANDIDATE,SUPPORT_CONFIRMED,True,5,NOT_EVALUATED,0,0.0,0.0,0.0
S6_ENTRY_E0_BASELINE,2024-12-24,002979,雷赛智能,s6setup-19de00fa889a1c2ce895,WATCH_CANDIDATE,NOT_APPLICABLE,False,0,NOT_EVALUATED,0,0.0,0.0,0.0
S6_ENTRY_E0_BASELINE,2024-12-24,300660,江苏雷利,s6setup-04ef634a8a882f10d1b6,KEY_CANDIDATE,NOT_APPLICABLE,False,0,NOT_EVALUATED,0,0.0,0.0,0.0
S6_ENTRY_E0_BASELINE,2024-12-25,002139,拓邦股份,s6setup-fd1e90188568d41c4d76,KEY_CANDIDATE,SUPPORT_CONFIRMED,True,3,NOT_EVALUATED,0,0.0,0.0,0.0
S6_ENTRY_E0_BASELINE,2024-12-25,300276,三丰智能,s6setup-6def61aaa26d7a0e6f00,WATCH_CANDIDATE,SUPPORT_CONFIRMED,True,5,NOT_EVALUATED,0,0.0,0.0,0.0
S6_ENTRY_E0_BASELINE,2024-12-25,300660,江苏雷利,s6setup-82318e9097d5e2ae5a75,KEY_CANDIDATE,SUPPORT_CONFIRMED,True,4,NOT_EVALUATED,0,0.0,0.0,0.0
S6_ENTRY_E0_BASELINE,2024-12-26,002139,拓邦股份,s6setup-fd1e90188568d41c4d76,WATCH_CANDIDATE,SUPPORT_FORMING,False,4,NOT_EVALUATED,0,0.0,0.0,0.0
S6_ENTRY_E0_BASELINE,2024-12-26,300276,三丰智能,s6setup-6def61aaa26d7a0e6f00,WATCH_CANDIDATE,SUPPORT_CONFIRMED,True,5,NOT_EVALUATED,0,0.0,0.0,0.0
S6_ENTRY_E0_BASELINE,2024-12-26,300503,昊志机电,s6setup-4be758aa7cd2b076adfe,WATCH_CANDIDATE,SUPPORT_CONFIRMED,True,5,NOT_EVALUATED,0,0.0,0.0,0.0
S6_ENTRY_E0_BASELINE,2024-12-27,002139,拓邦股份,s6setup-fd1e90188568d41c4d76,WATCH_CANDIDATE,WAITING_BREAKOUT,False,0,NOT_EVALUATED,0,0.0,0.0,0.0
S6_ENTRY_E0_BASELINE,2024-12-27,300403,汉宇集团,s6setup-16b388b01bcdba9acf84,WATCH_CANDIDATE,SUPPORT_CONFIRMED,True,3,NOT_EVALUATED,0,0.0,0.0,0.0
S6_ENTRY_E0_BASELINE,2024-12-27,300660,江苏雷利,s6setup-04ef634a8a882f10d1b6,WATCH_CANDIDATE,SUPPORT_CONFIRMED,True,3,NOT_EVALUATED,0,0.0,0.0,0.0
S6_ENTRY_E0_BASELINE,2024-12-27,688787,海天瑞声,s6setup-d3019118655a97c1c18a,WATCH_CANDIDATE,SUPPORT_CONFIRMED,True,3,NOT_EVALUATED,0,0.0,0.0,0.0
S6_ENTRY_E0_BASELINE,2024-12-30,688205,德科立,s6setup-97ceb9eb89758d0cd3b1,WATCH_CANDIDATE,NOT_APPLICABLE,False,0,NOT_EVALUATED,0,0.0,0.0,0.0
S6_ENTRY_E0_BASELINE,2024-12-30,688787,海天瑞声,s6setup-7432ad1cb6aa3d94c1cc,WATCH_CANDIDATE,SUPPORT_CONFIRMED,True,3,NOT_EVALUATED,0,0.0,0.0,0.0
S6_ENTRY_E0_BASELINE,2025-01-03,688205,德科立,s6setup-65fe963253d88d0a6493,WATCH_CANDIDATE,SUPPORT_FORMING,False,2,NOT_EVALUATED,0,0.0,0.0,0.0
S6_ENTRY_E0_BASELINE,2025-01-14,300153,科泰电源,s6setup-0a4db8a473032dbd1ffb,WATCH_CANDIDATE,SUPPORT_CONFIRMED,True,5,NOT_EVALUATED,0,0.0,0.0,0.0
S6_ENTRY_E0_BASELINE,2025-01-14,300913,兆龙互连,s6setup-e8eb38b1be1b6db794ca,WATCH_CANDIDATE,SUPPORT_CONFIRMED,True,5,NOT_EVALUATED,0,0.0,0.0,0.0
S6_ENTRY_E0_BASELINE,2025-01-14,603236,移远通信,s6setup-c798af28efd589de84d8,WATCH_CANDIDATE,NOT_APPLICABLE,False,0,NOT_EVALUATED,0,0.0,0.0,0.0
S6_ENTRY_E0_BASELINE,2025-01-15,300383,光环新网,s6setup-055f624a2e78d5a0096b,WATCH_CANDIDATE,NOT_APPLICABLE,False,0,NOT_EVALUATED,0,0.0,0.0,0.0
S6_ENTRY_E0_BASELINE,2025-01-16,002837,英维克,s6setup-d237c63e5ef4128ba007,WATCH_CANDIDATE,SUPPORT_CONFIRMED,True,3,RELIABLE,250,0.416,0.18,0.591901
S6_ENTRY_E0_BASELINE,2025-01-17,002837,英维克,s6setup-db6b8624ef8fbb8c39bb,WATCH_CANDIDATE,SUPPORT_CONFIRMED,True,5,RELIABLE,250,0.42,0.176,0.610813
S6_ENTRY_E0_BASELINE,2025-01-17,300548,长芯博创,s6setup-c5c467da96963d5f8101,WATCH_CANDIDATE,NOT_APPLICABLE,False,0,NOT_EVALUATED,0,0.0,0.0,0.0
S6_ENTRY_E0_BASELINE,2025-01-17,688300,联瑞新材,s6setup-cf361e9a86cd625db123,WATCH_CANDIDATE,NOT_APPLICABLE,False,0,NOT_EVALUATED,0,0.0,0.0,0.0
S6_ENTRY_E0_BASELINE,2025-01-20,002837,英维克,s6setup-c5404b55eadcccdf475a,WATCH_CANDIDATE,NOT_APPLICABLE,False,0,NOT_EVALUATED,0,0.0,0.0,0.0
S6_ENTRY_E0_BASELINE,2025-01-20,002916,深南电路,s6setup-d5115329e96a644ef467,WATCH_CANDIDATE,NOT_APPLICABLE,False,0,NOT_EVALUATED,0,0.0,0.0,0.0
S6_ENTRY_E0_BASELINE,2025-01-21,002837,英维克,s6setup-f67c342e5e1c5b0460b4,WATCH_CANDIDATE,NOT_APPLICABLE,False,0,NOT_EVALUATED,0,0.0,0.0,0.0
S6_ENTRY_E0_BASELINE,2025-01-22,300708,聚灿光电,s6setup-0a630f7143c7c44f29df,KEY_CANDIDATE,SUPPORT_CONFIRMED,True,3,RELIABLE,250,0.296,0.12,0.164026
S6_ENTRY_E0_BASELINE,2025-01-23,300708,聚灿光电,s6setup-819b55c44b879628da21,WATCH_CANDIDATE,NOT_APPLICABLE,False,0,NOT_EVALUATED,0,0.0,0.0,0.0
S6_ENTRY_E0_BASELINE,2025-02-06,002779,中坚科技,s6setup-eaeec946631a8c7068b1,WATCH_CANDIDATE,NOT_APPLICABLE,False,0,NOT_EVALUATED,0,0.0,0.0,0.0
S6_ENTRY_E0_BASELINE,2025-02-06,688571,杭华股份,s6setup-124316f9ae6e7421f426,WATCH_CANDIDATE,NOT_APPLICABLE,False,0,NOT_EVALUATED,0,0.0,0.0,0.0
S6_ENTRY_E0_BASELINE,2025-02-07,300684,中石科技,s6setup-28fe5a89fa9261a77ef7,WATCH_CANDIDATE,SUPPORT_CONFIRMED,True,4,NOT_EVALUATED,0,0.0,0.0,0.0
S6_ENTRY_E0_BASELINE,2025-02-10,002119,康强电子,s6setup-0128d555faa09eeebb8f,WATCH_CANDIDATE,NOT_APPLICABLE,False,0,NOT_EVALUATED,0,0.0,0.0,0.0
S6_ENTRY_E0_BASELINE,2025-02-10,300684,中石科技,s6setup-e1ffb4c368f38b7370dd,WATCH_CANDIDATE,SUPPORT_CONFIRMED,True,3,NOT_EVALUATED,0,0.0,0.0,0.0
S6_ENTRY_E0_BASELINE,2025-02-11,002119,康强电子,s6setup-ee83bf34d16fd61dbe6e,WATCH_CANDIDATE,SUPPORT_CONFIRMED,True,3,RELIABLE,250,0.544,0.172,0.69125
S6_ENTRY_E0_BASELINE,2025-02-11,600601,方正科技,s6setup-f532cfcef1961d07d7a5,KEY_CANDIDATE,SUPPORT_CONFIRMED,True,3,NOT_EVALUATED,0,0.0,0.0,0.0
S6_ENTRY_E0_BASELINE,2025-02-11,603015,弘讯科技,s6setup-84ab2f527131a37304df,KEY_CANDIDATE,NOT_APPLICABLE,False,0,NOT_EVALUATED,0,0.0,0.0,0.0
S6_ENTRY_E0_BASELINE,2025-02-12,600601,方正科技,s6setup-f532cfcef1961d07d7a5,KEY_CANDIDATE,NOT_APPLICABLE,False,0,NOT_EVALUATED,0,0.0,0.0,0.0
S6_ENTRY_E0_BASELINE,2025-02-12,603986,兆易创新,s6setup-7a6580f669fe0713c9ea,WATCH_CANDIDATE,WAITING_BREAKOUT,False,0,NOT_EVALUATED,0,0.0,0.0,0.0
S6_ENTRY_E0_BASELINE,2025-02-13,002779,中坚科技,s6setup-a87bc4274e1797816b7e,WATCH_CANDIDATE,NOT_APPLICABLE,False,0,NOT_EVALUATED,0,0.0,0.0,0.0
S6_ENTRY_E0_BASELINE,2025-02-13,600183,生益科技,s6setup-cddc9fa2ae414bb11d69,WATCH_CANDIDATE,SUPPORT_CONFIRMED,True,3,RELIABLE,250,0.632,0.196,0.730417
S6_ENTRY_E0_BASELINE,2025-02-13,688288,鸿泉技术,s6setup-218c603583976a102055,KEY_CANDIDATE,NOT_APPLICABLE,False,0,NOT_EVALUATED,0,0.0,0.0,0.0
S6_ENTRY_E0_BASELINE,2025-02-14,002779,中坚科技,s6setup-18aae797240da13c306a,WATCH_CANDIDATE,NOT_APPLICABLE,False,0,NOT_EVALUATED,0,0.0,0.0,0.0
S6_ENTRY_E0_BASELINE,2025-02-14,300433,蓝思科技,s6setup-1cb2d12993de1176da44,WATCH_CANDIDATE,NOT_APPLICABLE,False,0,NOT_EVALUATED,0,0.0,0.0,0.0
S6_ENTRY_E0_BASELINE,2025-02-17,002779,中坚科技,s6setup-18aae797240da13c306a,WATCH_CANDIDATE,NOT_APPLICABLE,False,0,NOT_EVALUATED,0,0.0,0.0,0.0
S6_ENTRY_E0_BASELINE,2025-02-17,300433,蓝思科技,s6setup-65f64be8e941ebd44b99,WATCH_CANDIDATE,NOT_APPLICABLE,False,0,NOT_EVALUATED,0,0.0,0.0,0.0
S6_ENTRY_E0_BASELINE,2025-02-17,301000,肇民科技,s6setup-918da66ce65af122abad,WATCH_CANDIDATE,NOT_APPLICABLE,False,0,NOT_EVALUATED,0,0.0,0.0,0.0
S6_ENTRY_E0_BASELINE,2025-02-18,300433,蓝思科技,s6setup-65f64be8e941ebd44b99,KEY_CANDIDATE,NOT_APPLICABLE,False,0,NOT_EVALUATED,0,0.0,0.0,0.0
S6_ENTRY_E0_BASELINE,2025-02-18,301000,肇民科技,s6setup-918da66ce65af122abad,WATCH_CANDIDATE,SUPPORT_CONFIRMED,True,3,NOT_EVALUATED,0,0.0,0.0,0.0
S6_ENTRY_E0_BASELINE,2025-02-18,603809,豪能股份,s6setup-b711397711c1038bd559,WATCH_CANDIDATE,NOT_APPLICABLE,False,0,NOT_EVALUATED,0,0.0,0.0,0.0
S6_ENTRY_E0_BASELINE,2025-02-18,688160,步科股份,s6setup-bb256764512af0a8dbea,WATCH_CANDIDATE,NOT_APPLICABLE,False,0,NOT_EVALUATED,0,0.0,0.0,0.0
S6_ENTRY_E0_BASELINE,2025-02-19,300613,富瀚微,s6setup-a6e1ba2cf256a30223eb,WATCH_CANDIDATE,SUPPORT_CONFIRMED,True,5,NOT_EVALUATED,0,0.0,0.0,0.0
S6_ENTRY_E0_BASELINE,2025-02-19,301000,肇民科技,s6setup-918da66ce65af122abad,WATCH_CANDIDATE,NOT_APPLICABLE,False,0,NOT_EVALUATED,0,0.0,0.0,0.0
S6_ENTRY_E0_BASELINE,2025-02-19,603809,豪能股份,s6setup-51dd18023b551d7f64d7,WATCH_CANDIDATE,NOT_APPLICABLE,False,0,NOT_EVALUATED,0,0.0,0.0,0.0
S6_ENTRY_E0_BASELINE,2025-02-19,688160,步科股份,s6setup-bb256764512af0a8dbea,WATCH_CANDIDATE,NOT_APPLICABLE,False,0,NOT_EVALUATED,0,0.0,0.0,0.0
S6_ENTRY_E0_BASELINE,2025-02-20,300433,蓝思科技,s6setup-1cb2d12993de1176da44,WATCH_CANDIDATE,NOT_APPLICABLE,False,0,NOT_EVALUATED,0,0.0,0.0,0.0
S6_ENTRY_E0_BASELINE,2025-02-20,300613,富瀚微,s6setup-ccef6534bb60e0821650,WATCH_CANDIDATE,NOT_APPLICABLE,False,0,NOT_EVALUATED,0,0.0,0.0,0.0
S6_ENTRY_E0_BASELINE,2025-02-20,603809,豪能股份,s6setup-b711397711c1038bd559,KEY_CANDIDATE,NOT_APPLICABLE,False,0,NOT_EVALUATED,0,0.0,0.0,0.0
S6_ENTRY_E0_BASELINE,2025-02-21,603236,移远通信,s6setup-0ea4f7f9586e556c39d6,WATCH_CANDIDATE,SUPPORT_CONFIRMED,True,5,NOT_EVALUATED,0,0.0,0.0,0.0
S6_ENTRY_E0_BASELINE,2025-02-21,603809,豪能股份,s6setup-b711397711c1038bd559,WATCH_CANDIDATE,SUPPORT_CONFIRMED,True,4,NOT_EVALUATED,0,0.0,0.0,0.0
S6_ENTRY_E0_BASELINE,2025-02-24,300433,蓝思科技,s6setup-1cb2d12993de1176da44,WATCH_CANDIDATE,NOT_APPLICABLE,False,0,NOT_EVALUATED,0,0.0,0.0,0.0
S6_ENTRY_E0_BASELINE,2025-02-25,300433,蓝思科技,s6setup-1cb2d12993de1176da44,WATCH_CANDIDATE,SUPPORT_FORMING,False,2,RELIABLE,250,0.78,0.22,0.833686
S6_ENTRY_E0_BASELINE,2025-02-25,300634,彩讯股份,s6setup-ed8712b062c23b890d99,KEY_CANDIDATE,SUPPORT_CONFIRMED,True,3,RELIABLE,250,0.464,0.216,0.423574
S6_ENTRY_E0_BASELINE,2025-02-25,300925,法本信息,s6setup-38cff9e0e7e0419fec38,WATCH_CANDIDATE,NOT_APPLICABLE,False,0,NOT_EVALUATED,0,0.0,0.0,0.0
S6_ENTRY_E0_BASELINE,2025-02-26,002517,恺英网络,s6setup-09f68dca72be920caa28,KEY_CANDIDATE,NOT_APPLICABLE,False,0,NOT_EVALUATED,0,0.0,0.0,0.0
S6_ENTRY_E0_BASELINE,2025-02-26,300229,拓尔思,s6setup-8351a4c7023572b12be5,KEY_CANDIDATE,SUPPORT_CONFIRMED,True,5,RELIABLE,250,0.436,0.168,0.247772
S6_ENTRY_E0_BASELINE,2025-02-26,300634,彩讯股份,s6setup-d887655c5a20d3bbae0d,KEY_CANDIDATE,SUPPORT_CONFIRMED,True,5,RELIABLE,250,0.488,0.22,0.481014
S6_ENTRY_E0_BASELINE,2025-02-26,300925,法本信息,s6setup-38cff9e0e7e0419fec38,WATCH_CANDIDATE,SUPPORT_CONFIRMED,True,3,RELIABLE,250,0.372,0.368,0.058981
S6_ENTRY_E0_BASELINE,2025-02-26,600186,莲花控股,s6setup-4d929ef3b104891ee150,WATCH_CANDIDATE,NOT_APPLICABLE,False,0,NOT_EVALUATED,0,0.0,0.0,0.0
S6_ENTRY_E0_BASELINE,2025-02-26,688178,万德斯,s6setup-a82e2950ef5eb410c141,KEY_CANDIDATE,NOT_APPLICABLE,False,0,NOT_EVALUATED,0,0.0,0.0,0.0
S6_ENTRY_E0_BASELINE,2025-02-27,002517,恺英网络,s6setup-7c5bd582e895de16e58c,WATCH_CANDIDATE,NOT_APPLICABLE,False,0,NOT_EVALUATED,0,0.0,0.0,0.0
S6_ENTRY_E0_BASELINE,2025-02-27,600186,莲花控股,s6setup-4d929ef3b104891ee150,KEY_CANDIDATE,SUPPORT_CONFIRMED,True,3,NOT_EVALUATED,0,0.0,0.0,0.0
S6_ENTRY_E0_BASELINE,2025-02-27,688178,万德斯,s6setup-a82e2950ef5eb410c141,KEY_CANDIDATE,NOT_APPLICABLE,False,0,NOT_EVALUATED,0,0.0,0.0,0.0
S6_ENTRY_E0_BASELINE,2025-02-28,600120,浙江东方,s6setup-b1c1dcfaa4a6e6244291,WATCH_CANDIDATE,SUPPORT_CONFIRMED,True,3,NOT_EVALUATED,0,0.0,0.0,0.0
S6_ENTRY_E0_BASELINE,2025-02-28,600186,莲花控股,s6setup-4d929ef3b104891ee150,KEY_CANDIDATE,SUPPORT_CONFIRMED,True,3,NOT_EVALUATED,0,0.0,0.0,0.0
S6_ENTRY_E0_BASELINE,2025-03-03,600186,莲花控股,s6setup-1705233833b71d9111cb,KEY_CANDIDATE,SUPPORT_CONFIRMED,True,4,NOT_EVALUATED,0,0.0,0.0,0.0
S6_ENTRY_E0_BASELINE,2025-03-03,688225,亚信安全,s6setup-b7da79bddadf3235431b,KEY_CANDIDATE,SUPPORT_FORMING,False,3,NOT_EVALUATED,0,0.0,0.0,0.0
S6_ENTRY_E0_BASELINE,2025-03-04,002036,联创电子,s6setup-cfc0e0c32a83cacd1e5f,WATCH_CANDIDATE,SUPPORT_CONFIRMED,True,5,NOT_EVALUATED,0,0.0,0.0,0.0
S6_ENTRY_E0_BASELINE,2025-03-04,603005,晶方科技,s6setup-87b9f7f054113f42440d,WATCH_CANDIDATE,SUPPORT_CONFIRMED,True,5,NOT_EVALUATED,0,0.0,0.0,0.0
S6_ENTRY_E0_BASELINE,2025-03-04,603486,科沃斯,s6setup-1329ee6d6176dab5aff4,WATCH_CANDIDATE,NOT_APPLICABLE,False,0,NOT_EVALUATED,0,0.0,0.0,0.0
S6_ENTRY_E0_BASELINE,2025-03-04,688135,利扬芯片,s6setup-e4c6a22c1b5169163ff6,WATCH_CANDIDATE,SUPPORT_CONFIRMED,True,5,NOT_EVALUATED,0,0.0,0.0,0.0
S6_ENTRY_E0_BASELINE,2025-03-04,688225,亚信安全,s6setup-d497a32a40f10abe4f15,KEY_CANDIDATE,NOT_APPLICABLE,False,0,NOT_EVALUATED,0,0.0,0.0,0.0
S6_ENTRY_E0_BASELINE,2025-03-04,688685,迈信林,s6setup-dcd16c635329d8c8710e,KEY_CANDIDATE,NOT_APPLICABLE,False,0,NOT_EVALUATED,0,0.0,0.0,0.0
S6_ENTRY_E0_BASELINE,2025-03-05,002036,联创电子,s6setup-cfc0e0c32a83cacd1e5f,WATCH_CANDIDATE,SUPPORT_CONFIRMED,True,5,NOT_EVALUATED,0,0.0,0.0,0.0
S6_ENTRY_E0_BASELINE,2025-03-05,603005,晶方科技,s6setup-fb99a9ea9bf6c482cf37,WATCH_CANDIDATE,SUPPORT_CONFIRMED,True,4,NOT_EVALUATED,0,0.0,0.0,0.0
S6_ENTRY_E0_BASELINE,2025-03-05,688225,亚信安全,s6setup-d497a32a40f10abe4f15,WATCH_CANDIDATE,SUPPORT_CONFIRMED,True,3,NOT_EVALUATED,0,0.0,0.0,0.0
S6_ENTRY_E0_BASELINE,2025-03-05,688466,金科环境,s6setup-62f194e30b1b2d2fada4,WATCH_CANDIDATE,SUPPORT_CONFIRMED,True,4,NOT_EVALUATED,0,0.0,0.0,0.0
S6_ENTRY_E0_BASELINE,2025-03-06,002036,联创电子,s6setup-cfc0e0c32a83cacd1e5f,WATCH_CANDIDATE,SUPPORT_CONFIRMED,True,4,NOT_EVALUATED,0,0.0,0.0,0.0
S6_ENTRY_E0_BASELINE,2025-03-06,300307,慈星股份,s6setup-5578ad8289ff4165fed9,KEY_CANDIDATE,SUPPORT_CONFIRMED,True,5,RELIABLE,250,0.64,0.12,0.374724
S6_ENTRY_E0_BASELINE,2025-03-06,300603,立昂技术,s6setup-e4b882cc76f264f60fa3,WATCH_CANDIDATE,SUPPORT_CONFIRMED,True,5,NOT_EVALUATED,0,0.0,0.0,0.0
S6_ENTRY_E0_BASELINE,2025-03-06,300672,国科微,s6setup-53bbe2b1467590242655,WATCH_CANDIDATE,SUPPORT_CONFIRMED,True,3,NOT_EVALUATED,0,0.0,0.0,0.0
S6_ENTRY_E0_BASELINE,2025-03-06,603501,豪威集团,s6setup-3d291caa03eb71207405,WATCH_CANDIDATE,NOT_APPLICABLE,False,0,NOT_EVALUATED,0,0.0,0.0,0.0
S6_ENTRY_E0_BASELINE,2025-03-06,688048,长光华芯,s6setup-7a7cabda6a8687592f97,WATCH_CANDIDATE,SUPPORT_CONFIRMED,True,5,NOT_EVALUATED,0,0.0,0.0,0.0
S6_ENTRY_E0_BASELINE,2025-03-06,688225,亚信安全,s6setup-d497a32a40f10abe4f15,WATCH_CANDIDATE,NOT_APPLICABLE,False,0,NOT_EVALUATED,0,0.0,0.0,0.0
S6_ENTRY_E0_BASELINE,2025-03-06,688468,科美诊断,s6setup-5d40eefc6fbb0f7a552a,WATCH_CANDIDATE,NOT_APPLICABLE,False,0,NOT_EVALUATED,0,0.0,0.0,0.0
S6_ENTRY_E0_BASELINE,2025-03-07,002518,科士达,s6setup-efe52db6cbf333d06fe7,WATCH_CANDIDATE,SUPPORT_CONFIRMED,True,3,NOT_EVALUATED,0,0.0,0.0,0.0
S6_ENTRY_E0_BASELINE,2025-03-07,300603,立昂技术,s6setup-e4b882cc76f264f60fa3,WATCH_CANDIDATE,SUPPORT_CONFIRMED,True,3,NOT_EVALUATED,0,0.0,0.0,0.0
S6_ENTRY_E0_BASELINE,2025-03-07,300672,国科微,s6setup-53bbe2b1467590242655,KEY_CANDIDATE,SUPPORT_CONFIRMED,True,3,RELIABLE,250,0.46,0.296,0.38433
S6_ENTRY_E0_BASELINE,2025-03-07,600050,中国联通,s6setup-db2f19295490f4aaa303,KEY_CANDIDATE,SUPPORT_CONFIRMED,True,3,NOT_EVALUATED,0,0.0,0.0,0.0
S6_ENTRY_E0_BASELINE,2025-03-07,600143,金发科技,s6setup-e813f922d445d7fff884,KEY_CANDIDATE,SUPPORT_CONFIRMED,True,3,RELIABLE,250,0.348,0.216,0.526496
S6_ENTRY_E0_BASELINE,2025-03-07,600850,电科数字,s6setup-5bb2edf1d6217631e0ae,WATCH_CANDIDATE,SUPPORT_CONFIRMED,True,3,NOT_EVALUATED,0,0.0,0.0,0.0
S6_ENTRY_E0_BASELINE,2025-03-07,601728,中国电信,s6setup-c1daba4df39d22dd0650,WATCH_CANDIDATE,SUPPORT_CONFIRMED,True,3,RELIABLE,250,0.604,0.268,0.703488
S6_ENTRY_E0_BASELINE,2025-03-07,603501,豪威集团,s6setup-e9dfe6dc7b1f76c08f27,KEY_CANDIDATE,SUPPORT_CONFIRMED,True,3,RELIABLE,250,0.376,0.164,0.608259
S6_ENTRY_E0_BASELINE,2025-03-07,688225,亚信安全,s6setup-6c0295ad1ca057113cb8,KEY_CANDIDATE,SUPPORT_CONFIRMED,True,3,NOT_EVALUATED,0,0.0,0.0,0.0
S6_ENTRY_E0_BASELINE,2025-03-07,688400,凌云光,s6setup-a10c49ad4f4a9fbf2286,KEY_CANDIDATE,SUPPORT_CONFIRMED,True,3,NOT_EVALUATED,0,0.0,0.0,0.0
S6_ENTRY_E0_BASELINE,2025-03-07,688466,金科环境,s6setup-6265561dc48fb2874b9e,KEY_CANDIDATE,SUPPORT_CONFIRMED,True,3,NOT_EVALUATED,0,0.0,0.0,0.0
S6_ENTRY_E0_BASELINE,2025-03-07,688468,科美诊断,s6setup-abdc2d85fb6ae0c66461,KEY_CANDIDATE,SUPPORT_CONFIRMED,True,3,NOT_EVALUATED,0,0.0,0.0,0.0
S6_ENTRY_E0_BASELINE,2025-03-10,000948,南天信息,s6setup-bf5fe9b2633a0e197b51,WATCH_CANDIDATE,SUPPORT_CONFIRMED,True,3,NOT_EVALUATED,0,0.0,0.0,0.0
S6_ENTRY_E0_BASELINE,2025-03-10,002334,英威腾,s6setup-9573a2607c2d6860603b,WATCH_CANDIDATE,SUPPORT_CONFIRMED,True,3,NOT_EVALUATED,0,0.0,0.0,0.0
S6_ENTRY_E0_BASELINE,2025-03-10,002518,科士达,s6setup-f206f39667a370bf3be5,WATCH_CANDIDATE,SUPPORT_CONFIRMED,True,5,NOT_EVALUATED,0,0.0,0.0,0.0
S6_ENTRY_E0_BASELINE,2025-03-10,002536,飞龙股份,s6setup-f1e5726770c12a03fc53,WATCH_CANDIDATE,SUPPORT_CONFIRMED,True,5,NOT_EVALUATED,0,0.0,0.0,0.0
S6_ENTRY_E0_BASELINE,2025-03-10,002664,信质集团,s6setup-5aabe4ff777a59307a84,WATCH_CANDIDATE,SUPPORT_CONFIRMED,True,3,RELIABLE,250,0.26,0.216,0.362154
S6_ENTRY_E0_BASELINE,2025-03-10,002837,英维克,s6setup-1282cc1d601a891eee3b,WATCH_CANDIDATE,NOT_APPLICABLE,False,0,NOT_EVALUATED,0,0.0,0.0,0.0
S6_ENTRY_E0_BASELINE,2025-03-10,300124,汇川技术,s6setup-37ab076fbd8d138d9531,WATCH_CANDIDATE,NOT_APPLICABLE,False,0,NOT_EVALUATED,0,0.0,0.0,0.0
S6_ENTRY_E0_BASELINE,2025-03-10,301018,申菱环境,s6setup-7de0bc422549ebd1bf4f,KEY_CANDIDATE,SUPPORT_CONFIRMED,True,5,RELIABLE,250,0.5,0.228,0.640548
S6_ENTRY_E0_BASELINE,2025-03-10,301101,明月镜片,s6setup-0ba7938bc0abd5c5e782,WATCH_CANDIDATE,NOT_APPLICABLE,False,0,NOT_EVALUATED,0,0.0,0.0,0.0
S6_ENTRY_E0_BASELINE,2025-03-10,600143,金发科技,s6setup-e813f922d445d7fff884,KEY_CANDIDATE,SUPPORT_CONFIRMED,True,3,RELIABLE,250,0.404,0.272,0.566216
S6_ENTRY_E0_BASELINE,2025-03-10,601777,千里科技,s6setup-569de22093b0693f5a7b,WATCH_CANDIDATE,SUPPORT_CONFIRMED,True,4,NOT_EVALUATED,0,0.0,0.0,0.0
S6_ENTRY_E0_BASELINE,2025-03-10,603501,豪威集团,s6setup-3d291caa03eb71207405,KEY_CANDIDATE,SUPPORT_CONFIRMED,True,5,RELIABLE,250,0.412,0.184,0.488478
S6_ENTRY_E0_BASELINE,2025-03-10,688272,富吉瑞,s6setup-fb7127c3a9b03473442b,KEY_CANDIDATE,SUPPORT_CONFIRMED,True,4,NOT_EVALUATED,0,0.0,0.0,0.0
S6_ENTRY_E0_BASELINE,2025-03-10,688400,凌云光,s6setup-a10c49ad4f4a9fbf2286,KEY_CANDIDATE,NOT_APPLICABLE,False,0,NOT_EVALUATED,0,0.0,0.0,0.0
S6_ENTRY_E0_BASELINE,2025-03-10,688466,金科环境,s6setup-62f194e30b1b2d2fada4,KEY_CANDIDATE,SUPPORT_CONFIRMED,True,5,NOT_EVALUATED,0,0.0,0.0,0.0
S6_ENTRY_E0_BASELINE,2025-03-11,000948,南天信息,s6setup-bf5fe9b2633a0e197b51,KEY_CANDIDATE,NOT_APPLICABLE,False,0,NOT_EVALUATED,0,0.0,0.0,0.0
S6_ENTRY_E0_BASELINE,2025-03-11,002518,科士达,s6setup-2ce17238c2c01e4fa623,WATCH_CANDIDATE,SUPPORT_CONFIRMED,True,5,NOT_EVALUATED,0,0.0,0.0,0.0
S6_ENTRY_E0_BASELINE,2025-03-11,002536,飞龙股份,s6setup-cfe55e9a48cfc111937a,WATCH_CANDIDATE,NOT_APPLICABLE,False,0,NOT_EVALUATED,0,0.0,0.0,0.0
S6_ENTRY_E0_BASELINE,2025-03-11,002837,英维克,s6setup-eafbd7beab4fe5429946,WATCH_CANDIDATE,NOT_APPLICABLE,False,0,NOT_EVALUATED,0,0.0,0.0,0.0
S6_ENTRY_E0_BASELINE,2025-03-11,300124,汇川技术,s6setup-a3ddd2294c9714599d13,WATCH_CANDIDATE,SUPPORT_CONFIRMED,True,4,RELIABLE,250,0.348,0.22,0.444183
S6_ENTRY_E0_BASELINE,2025-03-11,300276,三丰智能,s6setup-cfdfc980247dba9596c3,KEY_CANDIDATE,NOT_APPLICABLE,False,0,NOT_EVALUATED,0,0.0,0.0,0.0
S6_ENTRY_E0_BASELINE,2025-03-11,300383,光环新网,s6setup-44e0c9033a1d6e65cc28,KEY_CANDIDATE,SUPPORT_CONFIRMED,True,5,NOT_EVALUATED,0,0.0,0.0,0.0
S6_ENTRY_E0_BASELINE,2025-03-11,300672,国科微,s6setup-53bbe2b1467590242655,WATCH_CANDIDATE,SUPPORT_FORMING,False,4,NOT_EVALUATED,0,0.0,0.0,0.0
S6_ENTRY_E0_BASELINE,2025-03-11,301018,申菱环境,s6setup-2ae58d8f9f65aa0ad013,KEY_CANDIDATE,SUPPORT_CONFIRMED,True,5,RELIABLE,250,0.536,0.232,0.669266
S6_ENTRY_E0_BASELINE,2025-03-11,301101,明月镜片,s6setup-d02b318eb42f11265766,WATCH_CANDIDATE,NOT_APPLICABLE,False,0,NOT_EVALUATED,0,0.0,0.0,0.0
S6_ENTRY_E0_BASELINE,2025-03-11,301238,瑞泰新材,s6setup-38d6d5119bdaf06abb39,WATCH_CANDIDATE,SUPPORT_FORMING,False,3,NOT_EVALUATED,0,0.0,0.0,0.0
S6_ENTRY_E0_BASELINE,2025-03-11,600143,金发科技,s6setup-ce8fa1a557656f1f9aa3,WATCH_CANDIDATE,SUPPORT_FORMING,False,4,NOT_EVALUATED,0,0.0,0.0,0.0
S6_ENTRY_E0_BASELINE,2025-03-11,603915,国茂股份,s6setup-a268ff9470f36410b3b1,WATCH_CANDIDATE,NOT_APPLICABLE,False,0,NOT_EVALUATED,0,0.0,0.0,0.0
S6_ENTRY_E0_BASELINE,2025-03-11,688041,海光信息,s6setup-9a7648a71876120ebaaf,KEY_CANDIDATE,NOT_APPLICABLE,False,0,NOT_EVALUATED,0,0.0,0.0,0.0
S6_ENTRY_E0_BASELINE,2025-03-11,688213,思特威,s6setup-cfd64463a895f91c7e92,WATCH_CANDIDATE,NOT_APPLICABLE,False,0,NOT_EVALUATED,0,0.0,0.0,0.0
S6_ENTRY_E0_BASELINE,2025-03-11,688400,凌云光,s6setup-e30b6543c9a4f715fb66,WATCH_CANDIDATE,NOT_APPLICABLE,False,0,NOT_EVALUATED,0,0.0,0.0,0.0
S6_ENTRY_E0_BASELINE,2025-03-11,688466,金科环境,s6setup-74bacd272ba85bd07fb0,KEY_CANDIDATE,SUPPORT_CONFIRMED,True,3,NOT_EVALUATED,0,0.0,0.0,0.0
S6_ENTRY_E0_BASELINE,2025-03-12,002152,广电运通,s6setup-1a652941f4d2ba4d952d,KEY_CANDIDATE,SUPPORT_CONFIRMED,True,4,NOT_EVALUATED,0,0.0,0.0,0.0
S6_ENTRY_E0_BASELINE,2025-03-12,002334,英威腾,s6setup-9573a2607c2d6860603b,WATCH_CANDIDATE,NOT_APPLICABLE,False,0,NOT_EVALUATED,0,0.0,0.0,0.0
S6_ENTRY_E0_BASELINE,2025-03-12,002402,和而泰,s6setup-f5a9455758a7c2d37c34,WATCH_CANDIDATE,NOT_APPLICABLE,False,0,NOT_EVALUATED,0,0.0,0.0,0.0
S6_ENTRY_E0_BASELINE,2025-03-12,002536,飞龙股份,s6setup-9dd30987d243c86137a3,WATCH_CANDIDATE,SUPPORT_CONFIRMED,True,4,NOT_EVALUATED,0,0.0,0.0,0.0
S6_ENTRY_E0_BASELINE,2025-03-12,300065,海兰信,s6setup-7ad83946d6b5e7a18b02,KEY_CANDIDATE,SUPPORT_CONFIRMED,True,4,NOT_EVALUATED,0,0.0,0.0,0.0
S6_ENTRY_E0_BASELINE,2025-03-12,300276,三丰智能,s6setup-a2e8f236483f82aaa623,KEY_CANDIDATE,SUPPORT_CONFIRMED,True,3,RELIABLE,250,0.452,0.248,0.991104
S6_ENTRY_E0_BASELINE,2025-03-12,300307,慈星股份,s6setup-c4931d99b7cb67258402,WATCH_CANDIDATE,SUPPORT_CONFIRMED,True,4,NOT_EVALUATED,0,0.0,0.0,0.0
S6_ENTRY_E0_BASELINE,2025-03-12,300602,飞荣达,s6setup-70826988a04612db155f,WATCH_CANDIDATE,NOT_APPLICABLE,False,0,NOT_EVALUATED,0,0.0,0.0,0.0
S6_ENTRY_E0_BASELINE,2025-03-12,300846,首都在线,s6setup-e638d1e29bfa0e8b492d,KEY_CANDIDATE,SUPPORT_CONFIRMED,True,4,NOT_EVALUATED,0,0.0,0.0,0.0
S6_ENTRY_E0_BASELINE,2025-03-12,600143,金发科技,s6setup-32ff951c8a2e04623c92,WATCH_CANDIDATE,SUPPORT_CONFIRMED,True,3,NOT_EVALUATED,0,0.0,0.0,0.0
S6_ENTRY_E0_BASELINE,2025-03-12,688213,思特威,s6setup-e587c432324694e3816e,WATCH_CANDIDATE,SUPPORT_CONFIRMED,True,4,NOT_EVALUATED,0,0.0,0.0,0.0
S6_ENTRY_E0_BASELINE,2025-03-12,688400,凌云光,s6setup-e30b6543c9a4f715fb66,KEY_CANDIDATE,SUPPORT_CONFIRMED,True,3,RELIABLE,250,0.516,0.256,0.930479
S6_ENTRY_E0_BASELINE,2025-03-12,688722,同益中,s6setup-7d4617d1763b1294ea24,WATCH_CANDIDATE,SUPPORT_CONFIRMED,True,3,NOT_EVALUATED,0,0.0,0.0,0.0
S6_ENTRY_E0_BASELINE,2025-03-13,002152,广电运通,s6setup-1a652941f4d2ba4d952d,KEY_CANDIDATE,SUPPORT_CONFIRMED,True,3,NOT_EVALUATED,0,0.0,0.0,0.0
S6_ENTRY_E0_BASELINE,2025-03-13,002334,英威腾,s6setup-9573a2607c2d6860603b,WATCH_CANDIDATE,SUPPORT_CONFIRMED,True,3,NOT_EVALUATED,0,0.0,0.0,0.0
S6_ENTRY_E0_BASELINE,2025-03-13,002517,恺英网络,s6setup-efbec065a0e63a0e65f3,KEY_CANDIDATE,SUPPORT_CONFIRMED,True,5,RELIABLE,250,0.548,0.16,0.752833
S6_ENTRY_E0_BASELINE,2025-03-13,300124,汇川技术,s6setup-5f1e06d6e268d09e8023,WATCH_CANDIDATE,SUPPORT_FORMING,False,2,NOT_EVALUATED,0,0.0,0.0,0.0
S6_ENTRY_E0_BASELINE,2025-03-13,300383,光环新网,s6setup-44e0c9033a1d6e65cc28,KEY_CANDIDATE,SUPPORT_CONFIRMED,True,3,NOT_EVALUATED,0,0.0,0.0,0.0
S6_ENTRY_E0_BASELINE,2025-03-13,688041,海光信息,s6setup-39e835b206d36a70c71e,KEY_CANDIDATE,SUPPORT_FORMING,False,2,NOT_EVALUATED,0,0.0,0.0,0.0
S6_ENTRY_E0_BASELINE,2025-03-13,688116,天奈科技,s6setup-f3f4c3e098a92dd7a8a7,WATCH_CANDIDATE,SUPPORT_CONFIRMED,True,4,NOT_EVALUATED,0,0.0,0.0,0.0
S6_ENTRY_E0_BASELINE,2025-03-13,688466,金科环境,s6setup-729dc03dd333692f47b0,KEY_CANDIDATE,SUPPORT_FORMING,False,2,NOT_EVALUATED,0,0.0,0.0,0.0
S6_ENTRY_E0_BASELINE,2025-03-13,688611,杭州柯林,s6setup-26e7e31a7ac13a6c69e4,WATCH_CANDIDATE,SUPPORT_FORMING,False,2,NOT_EVALUATED,0,0.0,0.0,0.0
S6_ENTRY_E0_BASELINE,2025-03-13,689009,九号公司,s6setup-02d7326cfc51e8d6b2de,WATCH_CANDIDATE,SUPPORT_CONFIRMED,True,5,NOT_EVALUATED,0,0.0,0.0,0.0
S6_ENTRY_E0_BASELINE,2025-03-14,001309,德明利,s6setup-65cc2cee22d5d9c46cf7,WATCH_CANDIDATE,SUPPORT_CONFIRMED,True,5,NOT_EVALUATED,0,0.0,0.0,0.0
S6_ENTRY_E0_BASELINE,2025-03-14,002139,拓邦股份,s6setup-a395f4053d44b2b95a38,WATCH_CANDIDATE,SUPPORT_CONFIRMED,True,5,NOT_EVALUATED,0,0.0,0.0,0.0
S6_ENTRY_E0_BASELINE,2025-03-14,002602,世纪华通,s6setup-8a6a27bd74f29483a17c,WATCH_CANDIDATE,NOT_APPLICABLE,False,0,NOT_EVALUATED,0,0.0,0.0,0.0
S6_ENTRY_E0_BASELINE,2025-03-14,301165,锐捷网络,s6setup-660eb4bcfb0bb97473c2,WATCH_CANDIDATE,NOT_APPLICABLE,False,0,NOT_EVALUATED,0,0.0,0.0,0.0
S6_ENTRY_E0_BASELINE,2025-03-14,301308,江波龙,s6setup-10c6f89509a55b7c641f,WATCH_CANDIDATE,SUPPORT_CONFIRMED,True,5,NOT_EVALUATED,0,0.0,0.0,0.0
S6_ENTRY_E0_BASELINE,2025-03-14,688103,国力电子,s6setup-460d5619c1ccd0b42ede,WATCH_CANDIDATE,NOT_APPLICABLE,False,0,NOT_EVALUATED,0,0.0,0.0,0.0
S6_ENTRY_E0_BASELINE,2025-03-14,688116,天奈科技,s6setup-f3f4c3e098a92dd7a8a7,WATCH_CANDIDATE,SUPPORT_CONFIRMED,True,5,NOT_EVALUATED,0,0.0,0.0,0.0
S6_ENTRY_E0_BASELINE,2025-03-14,688466,金科环境,s6setup-9cbc88c67d20123c55a0,WATCH_CANDIDATE,NOT_APPLICABLE,False,0,NOT_EVALUATED,0,0.0,0.0,0.0
S6_ENTRY_E0_BASELINE,2025-03-17,300007,汉威科技,s6setup-c6f59562fc29e1b7aa0f,WATCH_CANDIDATE,NOT_APPLICABLE,False,0,NOT_EVALUATED,0,0.0,0.0,0.0
S6_ENTRY_E0_BASELINE,2025-03-17,300035,中科电气,s6setup-3851eef3d0ecff5bba32,KEY_CANDIDATE,NOT_APPLICABLE,False,0,NOT_EVALUATED,0,0.0,0.0,0.0
S6_ENTRY_E0_BASELINE,2025-03-17,300473,德尔股份,s6setup-4269b9bb4f194278f827,WATCH_CANDIDATE,SUPPORT_CONFIRMED,True,4,NOT_EVALUATED,0,0.0,0.0,0.0
S6_ENTRY_E0_BASELINE,2025-03-17,300503,昊志机电,s6setup-b365884df694ce2f0407,WATCH_CANDIDATE,SUPPORT_CONFIRMED,True,5,NOT_EVALUATED,0,0.0,0.0,0.0
S6_ENTRY_E0_BASELINE,2025-03-17,300687,赛意信息,s6setup-babc61c53c3fbd5dbdd9,KEY_CANDIDATE,SUPPORT_CONFIRMED,True,3,NOT_EVALUATED,0,0.0,0.0,0.0
S6_ENTRY_E0_BASELINE,2025-03-17,301308,江波龙,s6setup-76e7dc0279f16bacf0cd,WATCH_CANDIDATE,NOT_APPLICABLE,False,0,NOT_EVALUATED,0,0.0,0.0,0.0
S6_ENTRY_E0_BASELINE,2025-03-17,603496,恒为科技,s6setup-57487f4860bdd0246506,KEY_CANDIDATE,SUPPORT_CONFIRMED,True,5,NOT_EVALUATED,0,0.0,0.0,0.0
S6_ENTRY_E0_BASELINE,2025-03-17,688103,国力电子,s6setup-62e204826e22d40919f8,KEY_CANDIDATE,SUPPORT_CONFIRMED,True,4,NOT_EVALUATED,0,0.0,0.0,0.0
S6_ENTRY_E0_BASELINE,2025-03-17,688116,天奈科技,s6setup-f3f4c3e098a92dd7a8a7,WATCH_CANDIDATE,SUPPORT_CONFIRMED,True,3,NOT_EVALUATED,0,0.0,0.0,0.0
S6_ENTRY_E0_BASELINE,2025-03-17,688428,诺诚健华,s6setup-ec7b7291a38d04bcf218,KEY_CANDIDATE,SUPPORT_CONFIRMED,True,5,NOT_EVALUATED,0,0.0,0.0,0.0
S6_ENTRY_E0_BASELINE,2025-03-18,002414,高德红外,s6setup-9eb0785d7e71d7a4ffb1,WATCH_CANDIDATE,SUPPORT_FORMING,False,2,RELIABLE,250,0.404,0.344,0.106151
S6_ENTRY_E0_BASELINE,2025-03-18,300473,德尔股份,s6setup-18307867e16b3953aa40,WATCH_CANDIDATE,SUPPORT_CONFIRMED,True,4,NOT_EVALUATED,0,0.0,0.0,0.0
S6_ENTRY_E0_BASELINE,2025-03-18,301308,江波龙,s6setup-76e7dc0279f16bacf0cd,WATCH_CANDIDATE,SUPPORT_CONFIRMED,True,3,NOT_EVALUATED,0,0.0,0.0,0.0
S6_ENTRY_E0_BASELINE,2025-03-18,603496,恒为科技,s6setup-e9040e7f92b0891f1911,WATCH_CANDIDATE,SUPPORT_CONFIRMED,True,3,NOT_EVALUATED,0,0.0,0.0,0.0
S6_ENTRY_E0_BASELINE,2025-03-18,688070,纵横股份,s6setup-414023d3ba4d311ce03e,WATCH_CANDIDATE,SUPPORT_CONFIRMED,True,5,NOT_EVALUATED,0,0.0,0.0,0.0
S6_ENTRY_E0_BASELINE,2025-03-18,688103,国力电子,s6setup-460d5619c1ccd0b42ede,WATCH_CANDIDATE,SUPPORT_CONFIRMED,True,4,NOT_EVALUATED,0,0.0,0.0,0.0
S6_ENTRY_E0_BASELINE,2025-03-18,688114,华大智造,s6setup-0cd9198cac2957d72afb,WATCH_CANDIDATE,SUPPORT_CONFIRMED,True,3,NOT_EVALUATED,0,0.0,0.0,0.0
S6_ENTRY_E0_BASELINE,2025-03-18,688116,天奈科技,s6setup-f3f4c3e098a92dd7a8a7,KEY_CANDIDATE,SUPPORT_CONFIRMED,True,3,RELIABLE,250,0.4,0.272,0.75583
S6_ENTRY_E0_BASELINE,2025-03-18,688428,诺诚健华,s6setup-7fc4a65be0b689d9920c,KEY_CANDIDATE,SUPPORT_CONFIRMED,True,5,NOT_EVALUATED,0,0.0,0.0,0.0
S6_ENTRY_E0_BASELINE,2025-03-18,688611,杭州柯林,s6setup-a7e02101c7f032c59cc9,WATCH_CANDIDATE,SUPPORT_CONFIRMED,True,5,NOT_EVALUATED,0,0.0,0.0,0.0
S6_ENTRY_E0_BASELINE,2025-03-19,002414,高德红外,s6setup-e79fa17af18d8e91488d,WATCH_CANDIDATE,SUPPORT_FORMING,False,2,NOT_EVALUATED,0,0.0,0.0,0.0
S6_ENTRY_E0_BASELINE,2025-03-19,002582,好想你,s6setup-a64be5b2f42331849268,WATCH_CANDIDATE,SUPPORT_CONFIRMED,True,3,NOT_EVALUATED,0,0.0,0.0,0.0
S6_ENTRY_E0_BASELINE,2025-03-19,300473,德尔股份,s6setup-18307867e16b3953aa40,WATCH_CANDIDATE,SUPPORT_CONFIRMED,True,3,NOT_EVALUATED,0,0.0,0.0,0.0
S6_ENTRY_E0_BASELINE,2025-03-19,300870,欧陆通,s6setup-22eb66334993fd01e02f,WATCH_CANDIDATE,SUPPORT_CONFIRMED,True,3,NOT_EVALUATED,0,0.0,0.0,0.0
S6_ENTRY_E0_BASELINE,2025-03-19,600114,东睦股份,s6setup-a49725eba065cb5dc455,WATCH_CANDIDATE,SUPPORT_CONFIRMED,True,3,NOT_EVALUATED,0,0.0,0.0,0.0
S6_ENTRY_E0_BASELINE,2025-03-19,603496,恒为科技,s6setup-e9040e7f92b0891f1911,KEY_CANDIDATE,SUPPORT_CONFIRMED,True,5,RELIABLE,250,0.308,0.168,0.233341
S6_ENTRY_E0_BASELINE,2025-03-19,603583,捷昌驱动,s6setup-2b680aec3ac2ae09d9cb,WATCH_CANDIDATE,SUPPORT_CONFIRMED,True,5,NOT_EVALUATED,0,0.0,0.0,0.0
S6_ENTRY_E0_BASELINE,2025-03-19,603887,城地香江,s6setup-1d43275aa4335d06764a,WATCH_CANDIDATE,NOT_APPLICABLE,False,0,NOT_EVALUATED,0,0.0,0.0,0.0
S6_ENTRY_E0_BASELINE,2025-03-19,688081,兴图新科,s6setup-e68d61bcf0d2acd44105,WATCH_CANDIDATE,NOT_APPLICABLE,False,0,NOT_EVALUATED,0,0.0,0.0,0.0
S6_ENTRY_E0_BASELINE,2025-03-19,688103,国力电子,s6setup-460d5619c1ccd0b42ede,KEY_CANDIDATE,SUPPORT_CONFIRMED,True,3,NOT_EVALUATED,0,0.0,0.0,0.0
S6_ENTRY_E0_BASELINE,2025-03-19,688114,华大智造,s6setup-0cd9198cac2957d72afb,WATCH_CANDIDATE,NOT_APPLICABLE,False,0,NOT_EVALUATED,0,0.0,0.0,0.0
S6_ENTRY_E0_BASELINE,2025-03-19,688266,泽璟制药,s6setup-eb2c77ff2d313ed90396,WATCH_CANDIDATE,NOT_APPLICABLE,False,0,NOT_EVALUATED,0,0.0,0.0,0.0
S6_ENTRY_E0_BASELINE,2025-03-19,688428,诺诚健华,s6setup-fb0c092ba8b95d201733,KEY_CANDIDATE,SUPPORT_CONFIRMED,True,3,NOT_EVALUATED,0,0.0,0.0,0.0
S6_ENTRY_E0_BASELINE,2025-03-20,300183,东软载波,s6setup-314c58c296b156d1537c,KEY_CANDIDATE,SUPPORT_CONFIRMED,True,4,NOT_EVALUATED,0,0.0,0.0,0.0
S6_ENTRY_E0_BASELINE,2025-03-20,300738,奥飞数据,s6setup-d192d8a6fa45f6875f3a,KEY_CANDIDATE,SUPPORT_CONFIRMED,True,3,NOT_EVALUATED,0,0.0,0.0,0.0
S6_ENTRY_E0_BASELINE,2025-03-20,300777,中简科技,s6setup-ea5a0a3dcfe8be19d0c6,KEY_CANDIDATE,SUPPORT_FORMING,False,2,NOT_EVALUATED,0,0.0,0.0,0.0
S6_ENTRY_E0_BASELINE,2025-03-20,300870,欧陆通,s6setup-560e869d0aba56ceeec8,WATCH_CANDIDATE,NOT_APPLICABLE,False,0,NOT_EVALUATED,0,0.0,0.0,0.0
S6_ENTRY_E0_BASELINE,2025-03-20,603887,城地香江,s6setup-1d43275aa4335d06764a,WATCH_CANDIDATE,SUPPORT_FORMING,False,2,NOT_EVALUATED,0,0.0,0.0,0.0
S6_ENTRY_E0_BASELINE,2025-03-20,688266,泽璟制药,s6setup-6efad0bc55ebf522decc,WATCH_CANDIDATE,NOT_APPLICABLE,False,0,NOT_EVALUATED,0,0.0,0.0,0.0
S6_ENTRY_E0_BASELINE,2025-03-20,688428,诺诚健华,s6setup-76060df902c86edffba2,KEY_CANDIDATE,SUPPORT_CONFIRMED,True,3,NOT_EVALUATED,0,0.0,0.0,0.0
S6_ENTRY_E0_BASELINE,2025-03-21,300777,中简科技,s6setup-87dda88ed4214ac5df61,KEY_CANDIDATE,SUPPORT_FORMING,False,4,NOT_EVALUATED,0,0.0,0.0,0.0
S6_ENTRY_E0_BASELINE,2025-03-21,688266,泽璟制药,s6setup-01498b9e96072f6812f1,WATCH_CANDIDATE,NOT_APPLICABLE,False,0,NOT_EVALUATED,0,0.0,0.0,0.0
S6_ENTRY_E0_BASELINE,2025-03-24,601881,XD中国银,s6setup-da407f8d08dd81c247b6,KEY_CANDIDATE,NOT_APPLICABLE,False,0,NOT_EVALUATED,0,0.0,0.0,0.0
S6_ENTRY_E0_BASELINE,2025-03-24,688266,泽璟制药,s6setup-01498b9e96072f6812f1,KEY_CANDIDATE,SUPPORT_FORMING,False,2,NOT_EVALUATED,0,0.0,0.0,0.0
S6_ENTRY_E0_BASELINE,2025-03-25,300035,中科电气,s6setup-3c5e0aed12a341c184e7,WATCH_CANDIDATE,SUPPORT_CONFIRMED,True,5,NOT_EVALUATED,0,0.0,0.0,0.0
S6_ENTRY_E0_BASELINE,2025-03-25,300469,信息发展,s6setup-b1cf7e1a90a3897814cc,WATCH_CANDIDATE,SUPPORT_CONFIRMED,True,3,NOT_EVALUATED,0,0.0,0.0,0.0
S6_ENTRY_E0_BASELINE,2025-03-25,688700,东威科技,s6setup-612c755c54dd8f6408e8,WATCH_CANDIDATE,SUPPORT_CONFIRMED,True,5,NOT_EVALUATED,0,0.0,0.0,0.0
S6_ENTRY_E0_BASELINE,2025-03-26,300035,中科电气,s6setup-3c5e0aed12a341c184e7,WATCH_CANDIDATE,SUPPORT_CONFIRMED,True,3,NOT_EVALUATED,0,0.0,0.0,0.0
S6_ENTRY_E0_BASELINE,2025-03-27,689009,九号公司,s6setup-86f7690a6c97e1935a47,WATCH_CANDIDATE,NOT_APPLICABLE,False,0,NOT_EVALUATED,0,0.0,0.0,0.0
S6_ENTRY_E0_BASELINE,2025-03-28,300258,精锻科技,s6setup-067f3d614b1a9b2ca067,WATCH_CANDIDATE,SUPPORT_CONFIRMED,True,4,NOT_EVALUATED,0,0.0,0.0,0.0
S6_ENTRY_E0_BASELINE,2025-03-28,689009,九号公司,s6setup-5f57b574130e3f4093b4,WATCH_CANDIDATE,NOT_APPLICABLE,False,0,NOT_EVALUATED,0,0.0,0.0,0.0
S6_ENTRY_E0_BASELINE,2025-03-31,689009,九号公司,s6setup-02d7326cfc51e8d6b2de,WATCH_CANDIDATE,NOT_APPLICABLE,False,0,NOT_EVALUATED,0,0.0,0.0,0.0
S6_ENTRY_E0_BASELINE,2025-04-01,688521,芯原股份,s6setup-919c1bd1592da18d9049,WATCH_CANDIDATE,SUPPORT_CONFIRMED,True,3,NOT_EVALUATED,0,0.0,0.0,0.0
S6_ENTRY_E0_BASELINE,2025-04-02,603678,火炬电子,s6setup-54b2a559c7ad59b371ae,WATCH_CANDIDATE,SUPPORT_CONFIRMED,True,3,NOT_EVALUATED,0,0.0,0.0,0.0
S6_ENTRY_E0_BASELINE,2025-04-03,000997,新 大 陆,s6setup-1e2d25294585f6e19ab8,WATCH_CANDIDATE,SUPPORT_CONFIRMED,True,3,RELIABLE,250,0.64,0.272,0.671898
S6_ENTRY_E0_BASELINE,2025-04-03,603678,火炬电子,s6setup-ff30d4f93e8b818443fb,WATCH_CANDIDATE,SUPPORT_CONFIRMED,True,4,RELIABLE,250,0.656,0.164,0.655121
S6_ENTRY_E0_BASELINE,2025-04-14,688178,万德斯,s6setup-2e2e62f8c57148f33f36,WATCH_CANDIDATE,SUPPORT_CONFIRMED,True,4,NOT_EVALUATED,0,0.0,0.0,0.0
S6_ENTRY_E0_BASELINE,2025-04-15,688178,万德斯,s6setup-d6572d299243798c5c79,WATCH_CANDIDATE,SUPPORT_CONFIRMED,True,5,NOT_EVALUATED,0,0.0,0.0,0.0
S6_ENTRY_E0_BASELINE,2025-04-21,688186,广大特材,s6setup-981db2cb4cbb2d4ee947,WATCH_CANDIDATE,NOT_APPLICABLE,False,0,NOT_EVALUATED,0,0.0,0.0,0.0
S6_ENTRY_E0_BASELINE,2025-04-21,688776,国光电气,s6setup-b862b5109c23c838ff8a,WATCH_CANDIDATE,SUPPORT_CONFIRMED,True,5,NOT_EVALUATED,0,0.0,0.0,0.0
S6_ENTRY_E0_BASELINE,2025-04-22,000876,新 希 望,s6setup-76e1598d90c3acec1fdc,WATCH_CANDIDATE,SUPPORT_CONFIRMED,True,3,NOT_EVALUATED,0,0.0,0.0,0.0
S6_ENTRY_E0_BASELINE,2025-04-23,688580,伟思医疗,s6setup-641baa10d8724eb28812,WATCH_CANDIDATE,SUPPORT_CONFIRMED,True,4,NOT_EVALUATED,0,0.0,0.0,0.0
S6_ENTRY_E0_BASELINE,2025-04-24,605499,东鹏饮料,s6setup-2b970302ad49532611b6,WATCH_CANDIDATE,SUPPORT_CONFIRMED,True,5,NOT_EVALUATED,0,0.0,0.0,0.0
S6_ENTRY_E0_BASELINE,2025-04-24,688065,凯赛生物,s6setup-69910d5c6bd94a133606,WATCH_CANDIDATE,NOT_APPLICABLE,False,0,NOT_EVALUATED,0,0.0,0.0,0.0
S6_ENTRY_E0_BASELINE,2025-04-25,688065,凯赛生物,s6setup-69910d5c6bd94a133606,WATCH_CANDIDATE,NOT_APPLICABLE,False,0,NOT_EVALUATED,0,0.0,0.0,0.0
S6_ENTRY_E0_BASELINE,2025-05-06,300723,一品红,s6setup-9e030ba86f6a41585748,KEY_CANDIDATE,SUPPORT_CONFIRMED,True,4,RELIABLE,250,0.48,0.172,0.516653
S6_ENTRY_E0_BASELINE,2025-05-06,688600,皖仪科技,s6setup-8f1482991fd6d89ad23a,WATCH_CANDIDATE,NOT_APPLICABLE,False,0,NOT_EVALUATED,0,0.0,0.0,0.0
S6_ENTRY_E0_BASELINE,2025-05-07,300723,一品红,s6setup-9e030ba86f6a41585748,KEY_CANDIDATE,SUPPORT_CONFIRMED,True,3,NOT_EVALUATED,0,0.0,0.0,0.0
S6_ENTRY_E0_BASELINE,2025-05-07,688600,皖仪科技,s6setup-c7c68dc7bdbd306bc2fc,WATCH_CANDIDATE,NOT_APPLICABLE,False,0,NOT_EVALUATED,0,0.0,0.0,0.0
S6_ENTRY_E0_BASELINE,2025-05-08,688600,皖仪科技,s6setup-c7c68dc7bdbd306bc2fc,WATCH_CANDIDATE,SUPPORT_CONFIRMED,True,4,NOT_EVALUATED,0,0.0,0.0,0.0
S6_ENTRY_E0_BASELINE,2025-05-09,001212,中旗新材,s6setup-3d692b717827051456f1,WATCH_CANDIDATE,SUPPORT_CONFIRMED,True,3,NOT_EVALUATED,0,0.0,0.0,0.0
S6_ENTRY_E0_BASELINE,2025-05-13,688117,圣诺生物,s6setup-45220c57334d58bf17cd,WATCH_CANDIDATE,SUPPORT_CONFIRMED,True,4,NOT_EVALUATED,0,0.0,0.0,0.0
S6_ENTRY_E0_BASELINE,2025-05-13,688501,青达环保,s6setup-dfe520807e0db502e5f0,WATCH_CANDIDATE,NOT_APPLICABLE,False,0,NOT_EVALUATED,0,0.0,0.0,0.0
S6_ENTRY_E0_BASELINE,2025-05-14,688501,青达环保,s6setup-dfe520807e0db502e5f0,WATCH_CANDIDATE,SUPPORT_CONFIRMED,True,3,NOT_EVALUATED,0,0.0,0.0,0.0
S6_ENTRY_E0_BASELINE,2025-05-15,688501,青达环保,s6setup-dfe520807e0db502e5f0,WATCH_CANDIDATE,SUPPORT_CONFIRMED,True,3,NOT_EVALUATED,0,0.0,0.0,0.0
S6_ENTRY_E0_BASELINE,2025-05-16,688501,青达环保,s6setup-0f91ffcd59c0cb319b88,WATCH_CANDIDATE,SUPPORT_CONFIRMED,True,5,NOT_EVALUATED,0,0.0,0.0,0.0
S6_ENTRY_E0_BASELINE,2025-05-19,300353,东土科技,s6setup-ca9f5bb3325d84899bbd,WATCH_CANDIDATE,NOT_APPLICABLE,False,0,NOT_EVALUATED,0,0.0,0.0,0.0
S6_ENTRY_E0_BASELINE,2025-05-19,688093,世华科技,s6setup-41bcdfb7e197b5fb367a,KEY_CANDIDATE,SUPPORT_FORMING,False,4,NOT_EVALUATED,0,0.0,0.0,0.0
S6_ENTRY_E0_BASELINE,2025-05-19,688501,青达环保,s6setup-aa7d8acf4755c3e308ec,WATCH_CANDIDATE,SUPPORT_CONFIRMED,True,4,NOT_EVALUATED,0,0.0,0.0,0.0
S6_ENTRY_E0_BASELINE,2025-05-19,688767,博拓生物,s6setup-bf70062bec795b360945,WATCH_CANDIDATE,SUPPORT_FORMING,False,4,NOT_EVALUATED,0,0.0,0.0,0.0
S6_ENTRY_E0_BASELINE,2025-05-20,688501,青达环保,s6setup-66bdac291b9f5e54849d,WATCH_CANDIDATE,NOT_APPLICABLE,False,0,NOT_EVALUATED,0,0.0,0.0,0.0
S6_ENTRY_E0_BASELINE,2025-05-21,688128,中国电研,s6setup-558ca6606b8a183fe613,KEY_CANDIDATE,WAITING_BREAKOUT,False,0,NOT_EVALUATED,0,0.0,0.0,0.0
S6_ENTRY_E0_BASELINE,2025-05-21,688233,神工股份,s6setup-361ea9d5d896aa6aeacd,WATCH_CANDIDATE,SUPPORT_CONFIRMED,True,3,NOT_EVALUATED,0,0.0,0.0,0.0
S6_ENTRY_E0_BASELINE,2025-05-21,688313,仕佳光子,s6setup-14605b552daa7ebd2184,KEY_CANDIDATE,NOT_APPLICABLE,False,0,NOT_EVALUATED,0,0.0,0.0,0.0
S6_ENTRY_E0_BASELINE,2025-05-21,688501,青达环保,s6setup-1a854159058baa7ac0fc,WATCH_CANDIDATE,SUPPORT_CONFIRMED,True,3,NOT_EVALUATED,0,0.0,0.0,0.0
S6_ENTRY_E0_BASELINE,2025-05-21,688722,同益中,s6setup-cdbc5becdb2b0aec2a55,WATCH_CANDIDATE,SUPPORT_FORMING,False,2,NOT_EVALUATED,0,0.0,0.0,0.0
S6_ENTRY_E0_BASELINE,2025-05-22,688128,中国电研,s6setup-7b3723d2f89fd4ca149b,KEY_CANDIDATE,WAITING_BREAKOUT,False,0,NOT_EVALUATED,0,0.0,0.0,0.0
S6_ENTRY_E0_BASELINE,2025-05-22,688313,仕佳光子,s6setup-14605b552daa7ebd2184,KEY_CANDIDATE,SUPPORT_CONFIRMED,True,3,NOT_EVALUATED,0,0.0,0.0,0.0
S6_ENTRY_E0_BASELINE,2025-05-22,688501,青达环保,s6setup-51231e8f904ec57ab00c,WATCH_CANDIDATE,NOT_APPLICABLE,False,0,NOT_EVALUATED,0,0.0,0.0,0.0
S6_ENTRY_E0_BASELINE,2025-05-23,688313,仕佳光子,s6setup-14605b552daa7ebd2184,KEY_CANDIDATE,SUPPORT_FORMING,False,2,NOT_EVALUATED,0,0.0,0.0,0.0
S6_ENTRY_E0_BASELINE,2025-05-26,603809,豪能股份,s6setup-415457793a9556486569,WATCH_CANDIDATE,SUPPORT_CONFIRMED,True,3,RELIABLE,250,0.576,0.244,0.768518
S6_ENTRY_E0_BASELINE,2025-05-26,688128,中国电研,s6setup-7b3723d2f89fd4ca149b,READY_CANDIDATE,SUPPORT_FORMING,False,3,NOT_EVALUATED,0,0.0,0.0,0.0
S6_ENTRY_E0_BASELINE,2025-05-26,688313,仕佳光子,s6setup-14605b552daa7ebd2184,KEY_CANDIDATE,SUPPORT_FORMING,False,3,NOT_EVALUATED,0,0.0,0.0,0.0
S6_ENTRY_E0_BASELINE,2025-05-27,688128,中国电研,s6setup-f2a5c66ddcf54c6ffda1,KEY_CANDIDATE,SUPPORT_CONFIRMED,True,5,NOT_EVALUATED,0,0.0,0.0,0.0
S6_ENTRY_E0_BASELINE,2025-05-27,688667,菱电电控,s6setup-03808ad7ef803f59220a,KEY_CANDIDATE,NOT_APPLICABLE,False,0,NOT_EVALUATED,0,0.0,0.0,0.0
S6_ENTRY_E0_BASELINE,2025-05-28,600592,龙溪股份,s6setup-24cc6f1502a0a5d823a2,WATCH_CANDIDATE,SUPPORT_CONFIRMED,True,5,NOT_EVALUATED,0,0.0,0.0,0.0
S6_ENTRY_E0_BASELINE,2025-05-28,688313,仕佳光子,s6setup-14605b552daa7ebd2184,KEY_CANDIDATE,SUPPORT_CONFIRMED,True,5,NOT_EVALUATED,0,0.0,0.0,0.0
S6_ENTRY_E0_BASELINE,2025-05-28,688667,菱电电控,s6setup-038a552984e465159848,KEY_CANDIDATE,SUPPORT_CONFIRMED,True,5,NOT_EVALUATED,0,0.0,0.0,0.0
S6_ENTRY_E0_BASELINE,2025-05-29,688297,中无人机,s6setup-e5b01dcbb14d34ef0d8f,KEY_CANDIDATE,SUPPORT_CONFIRMED,True,5,RELIABLE,250,0.348,0.164,0.24198
S6_ENTRY_E0_BASELINE,2025-05-29,688767,博拓生物,s6setup-6a74d2b8bd7ebd939b5d,WATCH_CANDIDATE,NOT_APPLICABLE,False,0,NOT_EVALUATED,0,0.0,0.0,0.0
S6_ENTRY_E0_BASELINE,2025-05-30,300047,天源迪科,s6setup-205764369053b53f46ce,WATCH_CANDIDATE,SUPPORT_CONFIRMED,True,3,NOT_EVALUATED,0,0.0,0.0,0.0
S6_ENTRY_E0_BASELINE,2025-05-30,688117,圣诺生物,s6setup-04791a11266fccefb339,WATCH_CANDIDATE,NOT_APPLICABLE,False,0,NOT_EVALUATED,0,0.0,0.0,0.0
S6_ENTRY_E0_BASELINE,2025-05-30,688297,中无人机,s6setup-e5b01dcbb14d34ef0d8f,KEY_CANDIDATE,SUPPORT_FORMING,False,4,RELIABLE,250,0.332,0.156,0.317916
S6_ENTRY_E0_BASELINE,2025-05-30,688767,博拓生物,s6setup-6a74d2b8bd7ebd939b5d,WATCH_CANDIDATE,SUPPORT_CONFIRMED,True,4,NOT_EVALUATED,0,0.0,0.0,0.0
S6_ENTRY_E0_BASELINE,2025-06-03,002891,中宠股份,s6setup-23f11bf3513b19a47d73,WATCH_CANDIDATE,NOT_APPLICABLE,False,0,NOT_EVALUATED,0,0.0,0.0,0.0
S6_ENTRY_E0_BASELINE,2025-06-03,688767,博拓生物,s6setup-998e226009a9574861d5,WATCH_CANDIDATE,NOT_APPLICABLE,False,0,NOT_EVALUATED,0,0.0,0.0,0.0
S6_ENTRY_E0_BASELINE,2025-06-04,688767,博拓生物,s6setup-f6bc69faac31187db8e1,WATCH_CANDIDATE,NOT_APPLICABLE,False,0,NOT_EVALUATED,0,0.0,0.0,0.0
S6_ENTRY_E0_BASELINE,2025-06-05,000722,湖南发展,s6setup-73ae5bb71010ee426865,WATCH_CANDIDATE,SUPPORT_CONFIRMED,True,3,NOT_EVALUATED,0,0.0,0.0,0.0
S6_ENTRY_E0_BASELINE,2025-06-05,002074,国轩高科,s6setup-b0a14cf7e8cfe9e8e6dc,WATCH_CANDIDATE,SUPPORT_CONFIRMED,True,3,NOT_EVALUATED,0,0.0,0.0,0.0
S6_ENTRY_E0_BASELINE,2025-06-05,688171,纬德信息,s6setup-bb31e32885ee84db11ea,WATCH_CANDIDATE,SUPPORT_CONFIRMED,True,5,NOT_EVALUATED,0,0.0,0.0,0.0
S6_ENTRY_E0_BASELINE,2025-06-06,688171,纬德信息,s6setup-bb2b504a5c6f62af5e75,WATCH_CANDIDATE,SUPPORT_CONFIRMED,True,4,NOT_EVALUATED,0,0.0,0.0,0.0
S6_ENTRY_E0_BASELINE,2025-06-09,000859,国风新材,s6setup-1f3480720eb9c5570b71,KEY_CANDIDATE,SUPPORT_CONFIRMED,True,5,RELIABLE,250,0.588,0.24,0.797594
S6_ENTRY_E0_BASELINE,2025-06-10,002584,西陇科学,s6setup-0e3885c48e6091598fec,WATCH_CANDIDATE,SUPPORT_CONFIRMED,True,5,NOT_EVALUATED,0,0.0,0.0,0.0
S6_ENTRY_E0_BASELINE,2025-06-10,600105,永鼎股份,s6setup-5b27f659dd0e230e2a52,WATCH_CANDIDATE,SUPPORT_CONFIRMED,True,3,NOT_EVALUATED,0,0.0,0.0,0.0
S6_ENTRY_E0_BASELINE,2025-06-10,600550,保变电气,s6setup-b495a3465d15fcca0340,KEY_CANDIDATE,SUPPORT_FORMING,False,2,RELIABLE,250,0.384,0.144,0.291555
S6_ENTRY_E0_BASELINE,2025-06-11,600105,永鼎股份,s6setup-c3731ceba7c31c7b38ea,WATCH_CANDIDATE,SUPPORT_CONFIRMED,True,3,NOT_EVALUATED,0,0.0,0.0,0.0
S6_ENTRY_E0_BASELINE,2025-06-11,601601,中国太保,s6setup-b986c4e469da63b62700,WATCH_CANDIDATE,NOT_APPLICABLE,False,0,NOT_EVALUATED,0,0.0,0.0,0.0
S6_ENTRY_E0_BASELINE,2025-06-12,600105,永鼎股份,s6setup-c3731ceba7c31c7b38ea,WATCH_CANDIDATE,NOT_APPLICABLE,False,0,NOT_EVALUATED,0,0.0,0.0,0.0
S6_ENTRY_E0_BASELINE,2025-06-12,688211,中科微至,s6setup-5fd917843eae226689bc,KEY_CANDIDATE,SUPPORT_CONFIRMED,True,5,NOT_EVALUATED,0,0.0,0.0,0.0
S6_ENTRY_E0_BASELINE,2025-06-13,002174,游族网络,s6setup-efb966241fd1357193be,WATCH_CANDIDATE,SUPPORT_FORMING,False,2,NOT_EVALUATED,0,0.0,0.0,0.0
S6_ENTRY_E0_BASELINE,2025-06-13,688550,瑞联新材,s6setup-5add3dc797a3d7edb0a4,WATCH_CANDIDATE,SUPPORT_FORMING,False,3,NOT_EVALUATED,0,0.0,0.0,0.0
S6_ENTRY_E0_BASELINE,2025-06-16,002174,游族网络,s6setup-fcdaa609d9c430fa4491,WATCH_CANDIDATE,SUPPORT_CONFIRMED,True,4,NOT_EVALUATED,0,0.0,0.0,0.0
S6_ENTRY_E0_BASELINE,2025-06-16,002215,诺 普 信,s6setup-3ec37812310d180bb5c5,KEY_CANDIDATE,SUPPORT_CONFIRMED,True,4,NOT_EVALUATED,0,0.0,0.0,0.0
S6_ENTRY_E0_BASELINE,2025-06-17,600105,永鼎股份,s6setup-c3731ceba7c31c7b38ea,WATCH_CANDIDATE,SUPPORT_CONFIRMED,True,3,RELIABLE,250,0.592,0.284,1.083548
S6_ENTRY_E0_BASELINE,2025-06-17,688206,概伦电子,s6setup-1a641d1ac9caf0d71300,WATCH_CANDIDATE,SUPPORT_CONFIRMED,True,4,NOT_EVALUATED,0,0.0,0.0,0.0
S6_ENTRY_E0_BASELINE,2025-06-17,688379,华光新材,s6setup-1523b1c327b833a3721c,WATCH_CANDIDATE,SUPPORT_CONFIRMED,True,5,NOT_EVALUATED,0,0.0,0.0,0.0
S6_ENTRY_E0_BASELINE,2025-06-19,688103,国力电子,s6setup-172a1bad3022718fff73,WATCH_CANDIDATE,SUPPORT_FORMING,False,2,NOT_EVALUATED,0,0.0,0.0,0.0
S6_ENTRY_E0_BASELINE,2025-06-20,688600,皖仪科技,s6setup-18bd9a0c8b00652bf1e3,WATCH_CANDIDATE,SUPPORT_FORMING,False,2,NOT_EVALUATED,0,0.0,0.0,0.0
S6_ENTRY_E0_BASELINE,2025-06-23,688196,卓越新能,s6setup-a789564ce640373e5994,WATCH_CANDIDATE,SUPPORT_CONFIRMED,True,4,NOT_EVALUATED,0,0.0,0.0,0.0
S6_ENTRY_E0_BASELINE,2025-06-24,688196,卓越新能,s6setup-ecd0280fa2ab38bb0d88,WATCH_CANDIDATE,SUPPORT_FORMING,False,4,NOT_EVALUATED,0,0.0,0.0,0.0
S6_ENTRY_E0_BASELINE,2025-06-24,688266,泽璟制药,s6setup-2c0916c727d49ac27651,WATCH_CANDIDATE,SUPPORT_CONFIRMED,True,4,NOT_EVALUATED,0,0.0,0.0,0.0
S6_ENTRY_E0_BASELINE,2025-06-24,688600,皖仪科技,s6setup-b1b55f6d7c48197fe892,WATCH_CANDIDATE,NOT_APPLICABLE,False,0,NOT_EVALUATED,0,0.0,0.0,0.0
S6_ENTRY_E0_BASELINE,2025-06-25,300204,舒泰神,s6setup-9c182d59a5d74d9b9c2f,WATCH_CANDIDATE,NOT_APPLICABLE,False,0,NOT_EVALUATED,0,0.0,0.0,0.0
S6_ENTRY_E0_BASELINE,2025-06-25,688215,瑞晟智能,s6setup-2787916ddcfc6dd462ce,WATCH_CANDIDATE,NOT_APPLICABLE,False,0,NOT_EVALUATED,0,0.0,0.0,0.0
S6_ENTRY_E0_BASELINE,2025-06-26,300204,舒泰神,s6setup-9c182d59a5d74d9b9c2f,WATCH_CANDIDATE,SUPPORT_FORMING,False,4,NOT_EVALUATED,0,0.0,0.0,0.0
S6_ENTRY_E0_BASELINE,2025-06-26,688235,百济神州,s6setup-9c2a00b496c3276ebfcc,WATCH_CANDIDATE,SUPPORT_CONFIRMED,True,4,NOT_EVALUATED,0,0.0,0.0,0.0
S6_ENTRY_E0_BASELINE,2025-06-27,300199,翰宇药业,s6setup-98b6d5982ad98654f26b,KEY_CANDIDATE,SUPPORT_CONFIRMED,True,3,RELIABLE,250,0.476,0.284,0.996784
S6_ENTRY_E0_BASELINE,2025-06-27,300204,舒泰神,s6setup-9c182d59a5d74d9b9c2f,WATCH_CANDIDATE,NOT_APPLICABLE,False,0,NOT_EVALUATED,0,0.0,0.0,0.0
S6_ENTRY_E0_BASELINE,2025-06-27,300299,富春股份,s6setup-fe57ace2f3bd9f89704c,KEY_CANDIDATE,SUPPORT_CONFIRMED,True,5,RELIABLE,250,0.316,0.276,0.24163
S6_ENTRY_E0_BASELINE,2025-06-27,600353,旭光电子,s6setup-515d78758d504540b297,WATCH_CANDIDATE,SUPPORT_CONFIRMED,True,5,RELIABLE,250,0.432,0.244,0.625331
S6_ENTRY_E0_BASELINE,2025-06-27,688196,卓越新能,s6setup-a789564ce640373e5994,KEY_CANDIDATE,SUPPORT_CONFIRMED,True,5,NOT_EVALUATED,0,0.0,0.0,0.0
S6_ENTRY_E0_BASELINE,2025-06-30,300043,星辉娱乐,s6setup-f6a7f5890555cf3a6d76,WATCH_CANDIDATE,SUPPORT_CONFIRMED,True,5,NOT_EVALUATED,0,0.0,0.0,0.0
S6_ENTRY_E0_BASELINE,2025-06-30,300199,翰宇药业,s6setup-95eb8d6782437a290e25,WATCH_CANDIDATE,SUPPORT_CONFIRMED,True,5,NOT_EVALUATED,0,0.0,0.0,0.0
S6_ENTRY_E0_BASELINE,2025-06-30,300204,舒泰神,s6setup-9c182d59a5d74d9b9c2f,WATCH_CANDIDATE,NOT_APPLICABLE,False,0,NOT_EVALUATED,0,0.0,0.0,0.0
S6_ENTRY_E0_BASELINE,2025-06-30,600353,旭光电子,s6setup-ed62b8948c41e192b4a6,WATCH_CANDIDATE,NOT_APPLICABLE,False,0,NOT_EVALUATED,0,0.0,0.0,0.0
S6_ENTRY_E0_BASELINE,2025-06-30,600392,盛和资源,s6setup-ce4b7ca71cf102533f26,WATCH_CANDIDATE,SUPPORT_CONFIRMED,True,5,NOT_EVALUATED,0,0.0,0.0,0.0
S6_ENTRY_E0_BASELINE,2025-07-01,000766,通化金马,s6setup-59623e563d0da8f46a90,KEY_CANDIDATE,SUPPORT_CONFIRMED,True,3,NOT_EVALUATED,0,0.0,0.0,0.0
S6_ENTRY_E0_BASELINE,2025-07-01,002317,众生药业,s6setup-7cf3aadef71694a02d4f,WATCH_CANDIDATE,SUPPORT_CONFIRMED,True,5,RELIABLE,250,0.368,0.228,0.436167
S6_ENTRY_E0_BASELINE,2025-07-01,300299,富春股份,s6setup-fe57ace2f3bd9f89704c,KEY_CANDIDATE,SUPPORT_CONFIRMED,True,3,RELIABLE,250,0.3,0.292,0.178442
S6_ENTRY_E0_BASELINE,2025-07-02,300299,富春股份,s6setup-fe57ace2f3bd9f89704c,KEY_CANDIDATE,SUPPORT_CONFIRMED,True,4,RELIABLE,250,0.304,0.296,0.225126
S6_ENTRY_E0_BASELINE,2025-07-03,002550,千红制药,s6setup-f1c97bd07e9e81b642cd,WATCH_CANDIDATE,NOT_APPLICABLE,False,0,NOT_EVALUATED,0,0.0,0.0,0.0
S6_ENTRY_E0_BASELINE,2025-07-03,300299,富春股份,s6setup-fe57ace2f3bd9f89704c,KEY_CANDIDATE,SUPPORT_CONFIRMED,True,3,RELIABLE,250,0.252,0.212,0.437008
S6_ENTRY_E0_BASELINE,2025-07-03,688619,罗普特,s6setup-735ca3a91750dc4692c1,KEY_CANDIDATE,NOT_APPLICABLE,False,0,NOT_EVALUATED,0,0.0,0.0,0.0
S6_ENTRY_E0_BASELINE,2025-07-04,300180,华峰超纤,s6setup-3df680df65206ff003c0,WATCH_CANDIDATE,SUPPORT_CONFIRMED,True,4,NOT_EVALUATED,0,0.0,0.0,0.0
S6_ENTRY_E0_BASELINE,2025-07-04,688619,罗普特,s6setup-735ca3a91750dc4692c1,KEY_CANDIDATE,SUPPORT_FORMING,False,2,NOT_EVALUATED,0,0.0,0.0,0.0
S6_ENTRY_E0_BASELINE,2025-07-07,300386,飞天诚信,s6setup-3cbfa8d687c8a76f1b76,WATCH_CANDIDATE,NOT_APPLICABLE,False,0,NOT_EVALUATED,0,0.0,0.0,0.0
S6_ENTRY_E0_BASELINE,2025-07-07,300457,赢合科技,s6setup-299bd8ef7828db0ae0df,KEY_CANDIDATE,SUPPORT_CONFIRMED,True,5,NOT_EVALUATED,0,0.0,0.0,0.0
S6_ENTRY_E0_BASELINE,2025-07-07,300468,四方精创,s6setup-b5f3c1335eb3444dbfc4,WATCH_CANDIDATE,NOT_APPLICABLE,False,0,NOT_EVALUATED,0,0.0,0.0,0.0
S6_ENTRY_E0_BASELINE,2025-07-07,688183,生益电子,s6setup-3a152a7ec1bfaca2be54,WATCH_CANDIDATE,NOT_APPLICABLE,False,0,NOT_EVALUATED,0,0.0,0.0,0.0
S6_ENTRY_E0_BASELINE,2025-07-07,688619,罗普特,s6setup-d13a6c535c5f05eb28f3,KEY_CANDIDATE,SUPPORT_FORMING,False,4,NOT_EVALUATED,0,0.0,0.0,0.0
S6_ENTRY_E0_BASELINE,2025-07-08,300386,飞天诚信,s6setup-3cbfa8d687c8a76f1b76,WATCH_CANDIDATE,NOT_APPLICABLE,False,0,NOT_EVALUATED,0,0.0,0.0,0.0
S6_ENTRY_E0_BASELINE,2025-07-08,300457,赢合科技,s6setup-299bd8ef7828db0ae0df,KEY_CANDIDATE,SUPPORT_CONFIRMED,True,5,NOT_EVALUATED,0,0.0,0.0,0.0
S6_ENTRY_E0_BASELINE,2025-07-08,300468,四方精创,s6setup-b5f3c1335eb3444dbfc4,WATCH_CANDIDATE,NOT_APPLICABLE,False,0,NOT_EVALUATED,0,0.0,0.0,0.0
S6_ENTRY_E0_BASELINE,2025-07-08,300698,万马科技,s6setup-6668ff7ac7cef8a955df,WATCH_CANDIDATE,SUPPORT_CONFIRMED,True,5,NOT_EVALUATED,0,0.0,0.0,0.0
S6_ENTRY_E0_BASELINE,2025-07-08,688183,生益电子,s6setup-3a152a7ec1bfaca2be54,WATCH_CANDIDATE,NOT_APPLICABLE,False,0,NOT_EVALUATED,0,0.0,0.0,0.0
S6_ENTRY_E0_BASELINE,2025-07-08,688619,罗普特,s6setup-d13a6c535c5f05eb28f3,KEY_CANDIDATE,SUPPORT_CONFIRMED,True,4,NOT_EVALUATED,0,0.0,0.0,0.0
S6_ENTRY_E0_BASELINE,2025-07-09,300386,飞天诚信,s6setup-3cbfa8d687c8a76f1b76,WATCH_CANDIDATE,SUPPORT_CONFIRMED,True,3,NOT_EVALUATED,0,0.0,0.0,0.0
S6_ENTRY_E0_BASELINE,2025-07-09,300450,先导智能,s6setup-adf6c601c300982c2d25,WATCH_CANDIDATE,SUPPORT_CONFIRMED,True,3,NOT_EVALUATED,0,0.0,0.0,0.0
S6_ENTRY_E0_BASELINE,2025-07-09,300468,四方精创,s6setup-b5f3c1335eb3444dbfc4,WATCH_CANDIDATE,SUPPORT_CONFIRMED,True,3,NOT_EVALUATED,0,0.0,0.0,0.0
S6_ENTRY_E0_BASELINE,2025-07-09,300773,拉卡拉,s6setup-0015f29d48d62fab711c,KEY_CANDIDATE,SUPPORT_CONFIRMED,True,3,RELIABLE,250,0.416,0.16,0.508554
S6_ENTRY_E0_BASELINE,2025-07-09,600178,东安动力,s6setup-d813adf2283cf382647f,WATCH_CANDIDATE,SUPPORT_CONFIRMED,True,3,NOT_EVALUATED,0,0.0,0.0,0.0
S6_ENTRY_E0_BASELINE,2025-07-09,688183,生益电子,s6setup-3a152a7ec1bfaca2be54,KEY_CANDIDATE,SUPPORT_CONFIRMED,True,3,NOT_EVALUATED,0,0.0,0.0,0.0
S6_ENTRY_E0_BASELINE,2025-07-10,688143,长盈通,s6setup-b2682305a9609112432f,WATCH_CANDIDATE,SUPPORT_CONFIRMED,True,4,NOT_EVALUATED,0,0.0,0.0,0.0
S6_ENTRY_E0_BASELINE,2025-07-10,688183,生益电子,s6setup-3a152a7ec1bfaca2be54,WATCH_CANDIDATE,NOT_APPLICABLE,False,0,NOT_EVALUATED,0,0.0,0.0,0.0
S6_ENTRY_E0_BASELINE,2025-07-10,688267,中触媒,s6setup-6cd374be7a0320858639,WATCH_CANDIDATE,NOT_APPLICABLE,False,0,NOT_EVALUATED,0,0.0,0.0,0.0
S6_ENTRY_E0_BASELINE,2025-07-10,688297,中无人机,s6setup-5cee559a66fa7937a45f,WATCH_CANDIDATE,NOT_APPLICABLE,False,0,NOT_EVALUATED,0,0.0,0.0,0.0
S6_ENTRY_E0_BASELINE,2025-07-11,002074,国轩高科,s6setup-2ca32ff829370255b97d,WATCH_CANDIDATE,SUPPORT_CONFIRMED,True,5,NOT_EVALUATED,0,0.0,0.0,0.0
S6_ENTRY_E0_BASELINE,2025-07-11,600178,东安动力,s6setup-b14ad88c96db773f63b3,WATCH_CANDIDATE,SUPPORT_CONFIRMED,True,5,NOT_EVALUATED,0,0.0,0.0,0.0
S6_ENTRY_E0_BASELINE,2025-07-11,688498,源杰科技,s6setup-7dac45509423022383a9,WATCH_CANDIDATE,NOT_APPLICABLE,False,0,NOT_EVALUATED,0,0.0,0.0,0.0
S6_ENTRY_E0_BASELINE,2025-07-11,688499,利元亨,s6setup-74f372bf66beabfdd5b9,KEY_CANDIDATE,SUPPORT_CONFIRMED,True,3,RELIABLE,250,0.452,0.332,0.921481
S6_ENTRY_E0_BASELINE,2025-07-14,000519,中兵红箭,s6setup-d125da2ab6d89687d74c,WATCH_CANDIDATE,SUPPORT_CONFIRMED,True,3,NOT_EVALUATED,0,0.0,0.0,0.0
S6_ENTRY_E0_BASELINE,2025-07-14,002125,湘潭电化,s6setup-7e75682ebabd402c55ab,WATCH_CANDIDATE,SUPPORT_CONFIRMED,True,4,NOT_EVALUATED,0,0.0,0.0,0.0
S6_ENTRY_E0_BASELINE,2025-07-14,600178,东安动力,s6setup-3fb1d338d8940b3e806e,WATCH_CANDIDATE,SUPPORT_CONFIRMED,True,3,NOT_EVALUATED,0,0.0,0.0,0.0
S6_ENTRY_E0_BASELINE,2025-07-14,688498,源杰科技,s6setup-e7988503288262c6e9da,WATCH_CANDIDATE,SUPPORT_CONFIRMED,True,5,RELIABLE,250,0.624,0.216,0.907772
S6_ENTRY_E0_BASELINE,2025-07-14,688499,利元亨,s6setup-7df94c56685a2b5bee69,KEY_CANDIDATE,SUPPORT_CONFIRMED,True,4,NOT_EVALUATED,0,0.0,0.0,0.0
S6_ENTRY_E0_BASELINE,2025-07-15,000519,中兵红箭,s6setup-d125da2ab6d89687d74c,WATCH_CANDIDATE,SUPPORT_CONFIRMED,True,3,NOT_EVALUATED,0,0.0,0.0,0.0
S6_ENTRY_E0_BASELINE,2025-07-15,301205,联特科技,s6setup-60999f27e1235d996029,WATCH_CANDIDATE,SUPPORT_CONFIRMED,True,4,NOT_EVALUATED,0,0.0,0.0,0.0
S6_ENTRY_E0_BASELINE,2025-07-15,688267,中触媒,s6setup-875f4b92169e442ea23e,WATCH_CANDIDATE,NOT_APPLICABLE,False,0,NOT_EVALUATED,0,0.0,0.0,0.0
S6_ENTRY_E0_BASELINE,2025-07-15,688498,源杰科技,s6setup-335aa82abdabfb8430e2,WATCH_CANDIDATE,NOT_APPLICABLE,False,0,NOT_EVALUATED,0,0.0,0.0,0.0
S6_ENTRY_E0_BASELINE,2025-07-15,688499,利元亨,s6setup-9425b6f1af2efec011d4,KEY_CANDIDATE,NOT_APPLICABLE,False,0,NOT_EVALUATED,0,0.0,0.0,0.0
S6_ENTRY_E0_BASELINE,2025-07-16,002210,飞马国际,s6setup-3c527aa803492bc46e6e,WATCH_CANDIDATE,SUPPORT_CONFIRMED,True,3,NOT_EVALUATED,0,0.0,0.0,0.0
S6_ENTRY_E0_BASELINE,2025-07-16,600666,奥瑞德,s6setup-4a1258ac2843d19b3f32,WATCH_CANDIDATE,SUPPORT_FORMING,False,2,NOT_EVALUATED,0,0.0,0.0,0.0
S6_ENTRY_E0_BASELINE,2025-07-16,688499,利元亨,s6setup-7df94c56685a2b5bee69,KEY_CANDIDATE,SUPPORT_CONFIRMED,True,3,NOT_EVALUATED,0,0.0,0.0,0.0
S6_ENTRY_E0_BASELINE,2025-07-17,002549,凯美特气,s6setup-94d323a8e87e2f5f2975,WATCH_CANDIDATE,SUPPORT_FORMING,False,4,NOT_EVALUATED,0,0.0,0.0,0.0
S6_ENTRY_E0_BASELINE,2025-07-17,300293,蓝英装备,s6setup-2c01acb7c2b4c647169a,KEY_CANDIDATE,NOT_APPLICABLE,False,0,NOT_EVALUATED,0,0.0,0.0,0.0
S6_ENTRY_E0_BASELINE,2025-07-17,600570,恒生电子,s6setup-e582264ca0749f43de5d,WATCH_CANDIDATE,NOT_APPLICABLE,False,0,NOT_EVALUATED,0,0.0,0.0,0.0
S6_ENTRY_E0_BASELINE,2025-07-17,600666,奥瑞德,s6setup-4a1258ac2843d19b3f32,KEY_CANDIDATE,SUPPORT_CONFIRMED,True,5,RELIABLE,250,0.552,0.236,0.825125
S6_ENTRY_E0_BASELINE,2025-07-17,600967,内蒙一机,s6setup-617a61badb000ef99227,KEY_CANDIDATE,NOT_APPLICABLE,False,0,NOT_EVALUATED,0,0.0,0.0,0.0
S6_ENTRY_E0_BASELINE,2025-07-17,688398,赛特新材,s6setup-a2064b7c632da1883039,KEY_CANDIDATE,SUPPORT_CONFIRMED,True,5,NOT_EVALUATED,0,0.0,0.0,0.0
S6_ENTRY_E0_BASELINE,2025-07-18,002549,凯美特气,s6setup-94d323a8e87e2f5f2975,WATCH_CANDIDATE,NOT_APPLICABLE,False,0,NOT_EVALUATED,0,0.0,0.0,0.0
S6_ENTRY_E0_BASELINE,2025-07-18,600095,湘财股份,s6setup-e1d85bbb7310d7c7de05,KEY_CANDIDATE,NOT_APPLICABLE,False,0,NOT_EVALUATED,0,0.0,0.0,0.0
S6_ENTRY_E0_BASELINE,2025-07-18,601162,天风证券,s6setup-d38b0f68ca0e92fc6098,WATCH_CANDIDATE,SUPPORT_CONFIRMED,True,3,NOT_EVALUATED,0,0.0,0.0,0.0
S6_ENTRY_E0_BASELINE,2025-07-18,688191,智洋创新,s6setup-c322353cc4fe738b3788,WATCH_CANDIDATE,NOT_APPLICABLE,False,0,NOT_EVALUATED,0,0.0,0.0,0.0
S6_ENTRY_E0_BASELINE,2025-07-18,688398,赛特新材,s6setup-12dfd70fe13ef9e04d00,KEY_CANDIDATE,NOT_APPLICABLE,False,0,NOT_EVALUATED,0,0.0,0.0,0.0
S6_ENTRY_E0_BASELINE,2025-07-21,002189,中光学,s6setup-04e5a63a128999110382,KEY_CANDIDATE,NOT_APPLICABLE,False,0,NOT_EVALUATED,0,0.0,0.0,0.0
S6_ENTRY_E0_BASELINE,2025-07-21,600095,湘财股份,s6setup-24ebde40885e351460b5,KEY_CANDIDATE,SUPPORT_CONFIRMED,True,5,NOT_EVALUATED,0,0.0,0.0,0.0
S6_ENTRY_E0_BASELINE,2025-07-21,601162,天风证券,s6setup-d38b0f68ca0e92fc6098,WATCH_CANDIDATE,SUPPORT_CONFIRMED,True,5,NOT_EVALUATED,0,0.0,0.0,0.0
S6_ENTRY_E0_BASELINE,2025-07-21,688398,赛特新材,s6setup-12dfd70fe13ef9e04d00,KEY_CANDIDATE,SUPPORT_CONFIRMED,True,3,NOT_EVALUATED,0,0.0,0.0,0.0
S6_ENTRY_E0_BASELINE,2025-07-22,600095,湘财股份,s6setup-e1d85bbb7310d7c7de05,KEY_CANDIDATE,NOT_APPLICABLE,False,0,NOT_EVALUATED,0,0.0,0.0,0.0
S6_ENTRY_E0_BASELINE,2025-07-22,601162,天风证券,s6setup-d38b0f68ca0e92fc6098,WATCH_CANDIDATE,SUPPORT_FORMING,False,4,NOT_EVALUATED,0,0.0,0.0,0.0
S6_ENTRY_E0_BASELINE,2025-07-23,300533,冰川网络,s6setup-d305e702383d30689c52,WATCH_CANDIDATE,SUPPORT_FORMING,False,3,NOT_EVALUATED,0,0.0,0.0,0.0
S6_ENTRY_E0_BASELINE,2025-07-23,688260,昀冢科技,s6setup-d870080aa7f4b73ebf0d,KEY_CANDIDATE,NOT_APPLICABLE,False,0,NOT_EVALUATED,0,0.0,0.0,0.0
S6_ENTRY_E0_BASELINE,2025-07-24,002048,宁波华翔,s6setup-f5421e73dd4081027fbf,WATCH_CANDIDATE,SUPPORT_CONFIRMED,True,4,RELIABLE,250,0.772,0.204,0.710349
S6_ENTRY_E0_BASELINE,2025-07-24,002342,巨力索具,s6setup-9d1b0130a0ec33cd3b7d,KEY_CANDIDATE,SUPPORT_CONFIRMED,True,5,NOT_EVALUATED,0,0.0,0.0,0.0
S6_ENTRY_E0_BASELINE,2025-07-24,688260,昀冢科技,s6setup-50c8b1672d9f17e4bc47,KEY_CANDIDATE,WAITING_BREAKOUT,False,0,NOT_EVALUATED,0,0.0,0.0,0.0
S6_ENTRY_E0_BASELINE,2025-07-25,301389,隆扬电子,s6setup-5a07dec4b31cd092b84c,KEY_CANDIDATE,SUPPORT_CONFIRMED,True,3,NOT_EVALUATED,0,0.0,0.0,0.0
S6_ENTRY_E0_BASELINE,2025-07-25,603228,景旺电子,s6setup-e4aabaeb4a177d943648,WATCH_CANDIDATE,NOT_APPLICABLE,False,0,NOT_EVALUATED,0,0.0,0.0,0.0
S6_ENTRY_E0_BASELINE,2025-07-28,002342,巨力索具,s6setup-9d1b0130a0ec33cd3b7d,KEY_CANDIDATE,SUPPORT_FORMING,False,4,NOT_EVALUATED,0,0.0,0.0,0.0
S6_ENTRY_E0_BASELINE,2025-07-28,002636,金安国纪,s6setup-b227bd5020185bae3e64,WATCH_CANDIDATE,NOT_APPLICABLE,False,0,NOT_EVALUATED,0,0.0,0.0,0.0
S6_ENTRY_E0_BASELINE,2025-07-28,688382,益方生物,s6setup-60835cee0f3698187eeb,WATCH_CANDIDATE,SUPPORT_CONFIRMED,True,5,NOT_EVALUATED,0,0.0,0.0,0.0
S6_ENTRY_E0_BASELINE,2025-07-28,688663,新风光,s6setup-21392e3a9f8d76d3f882,WATCH_CANDIDATE,SUPPORT_CONFIRMED,True,5,NOT_EVALUATED,0,0.0,0.0,0.0
S6_ENTRY_E0_BASELINE,2025-07-29,000989,九芝堂,s6setup-d71494a0ad33658203ce,KEY_CANDIDATE,SUPPORT_FORMING,False,4,NOT_EVALUATED,0,0.0,0.0,0.0
S6_ENTRY_E0_BASELINE,2025-07-29,600267,海正药业,s6setup-26c625d3baf9fe440cdf,KEY_CANDIDATE,SUPPORT_FORMING,False,4,NOT_EVALUATED,0,0.0,0.0,0.0
S6_ENTRY_E0_BASELINE,2025-07-29,600698,湖南天雁,s6setup-4f3f2cc081b7d9f2d7f2,KEY_CANDIDATE,NOT_APPLICABLE,False,0,NOT_EVALUATED,0,0.0,0.0,0.0
S6_ENTRY_E0_BASELINE,2025-07-29,688117,圣诺生物,s6setup-f6f7025a60edbf05d598,WATCH_CANDIDATE,NOT_APPLICABLE,False,0,NOT_EVALUATED,0,0.0,0.0,0.0
S6_ENTRY_E0_BASELINE,2025-07-29,688382,益方生物,s6setup-60835cee0f3698187eeb,WATCH_CANDIDATE,NOT_APPLICABLE,False,0,NOT_EVALUATED,0,0.0,0.0,0.0
S6_ENTRY_E0_BASELINE,2025-07-30,002716,湖南白银,s6setup-eec3a4d42e6b845df250,WATCH_CANDIDATE,SUPPORT_CONFIRMED,True,3,NOT_EVALUATED,0,0.0,0.0,0.0
S6_ENTRY_E0_BASELINE,2025-07-30,688117,圣诺生物,s6setup-f6f7025a60edbf05d598,WATCH_CANDIDATE,NOT_APPLICABLE,False,0,NOT_EVALUATED,0,0.0,0.0,0.0
S6_ENTRY_E0_BASELINE,2025-07-30,688265,南模生物,s6setup-280cc84c2c7d58f57f2b,WATCH_CANDIDATE,SUPPORT_CONFIRMED,True,3,NOT_EVALUATED,0,0.0,0.0,0.0
S6_ENTRY_E0_BASELINE,2025-07-30,688382,益方生物,s6setup-60835cee0f3698187eeb,WATCH_CANDIDATE,SUPPORT_CONFIRMED,True,3,RELIABLE,250,0.804,0.252,0.927518
S6_ENTRY_E0_BASELINE,2025-07-30,688428,诺诚健华,s6setup-d952d452209891ee0557,WATCH_CANDIDATE,SUPPORT_CONFIRMED,True,3,NOT_EVALUATED,0,0.0,0.0,0.0
S6_ENTRY_E0_BASELINE,2025-07-31,601519,大智慧,s6setup-a60ecf27e93ba5fe66e2,KEY_CANDIDATE,SUPPORT_FORMING,False,2,NOT_EVALUATED,0,0.0,0.0,0.0
S6_ENTRY_E0_BASELINE,2025-07-31,688143,长盈通,s6setup-188a77f6c471cdcc4c16,WATCH_CANDIDATE,SUPPORT_CONFIRMED,True,4,NOT_EVALUATED,0,0.0,0.0,0.0
S6_ENTRY_E0_BASELINE,2025-07-31,688265,南模生物,s6setup-d8fb30d6f0a575a4fe36,WATCH_CANDIDATE,SUPPORT_FORMING,False,2,NOT_EVALUATED,0,0.0,0.0,0.0
S6_ENTRY_E0_BASELINE,2025-08-01,000989,九芝堂,s6setup-d71494a0ad33658203ce,KEY_CANDIDATE,SUPPORT_FORMING,False,4,NOT_EVALUATED,0,0.0,0.0,0.0
S6_ENTRY_E0_BASELINE,2025-08-01,002121,科陆电子,s6setup-7c504b256b2719dc9fca,WATCH_CANDIDATE,NOT_APPLICABLE,False,0,NOT_EVALUATED,0,0.0,0.0,0.0
S6_ENTRY_E0_BASELINE,2025-08-01,688307,中润光学,s6setup-810023653f14ef16bf66,WATCH_CANDIDATE,NOT_APPLICABLE,False,0,NOT_EVALUATED,0,0.0,0.0,0.0
S6_ENTRY_E0_BASELINE,2025-08-04,000989,九芝堂,s6setup-d71494a0ad33658203ce,KEY_CANDIDATE,SUPPORT_FORMING,False,3,NOT_EVALUATED,0,0.0,0.0,0.0
S6_ENTRY_E0_BASELINE,2025-08-04,002167,东方锆业,s6setup-2db78dd56c59ceb70947,WATCH_CANDIDATE,NOT_APPLICABLE,False,0,NOT_EVALUATED,0,0.0,0.0,0.0
S6_ENTRY_E0_BASELINE,2025-08-04,002550,千红制药,s6setup-1d8cce98bcfe1a142389,WATCH_CANDIDATE,SUPPORT_CONFIRMED,True,5,NOT_EVALUATED,0,0.0,0.0,0.0
S6_ENTRY_E0_BASELINE,2025-08-04,002716,湖南白银,s6setup-f3c82aa895561e3aa7ff,READY_CANDIDATE,SUPPORT_CONFIRMED,True,5,NOT_EVALUATED,0,0.0,0.0,0.0
S6_ENTRY_E0_BASELINE,2025-08-04,688117,圣诺生物,s6setup-43d0b6c04e4fe7863f8f,KEY_CANDIDATE,SUPPORT_FORMING,False,4,NOT_EVALUATED,0,0.0,0.0,0.0
S6_ENTRY_E0_BASELINE,2025-08-04,688307,中润光学,s6setup-4dd4473fe082601640c3,WATCH_CANDIDATE,NOT_APPLICABLE,False,0,NOT_EVALUATED,0,0.0,0.0,0.0
S6_ENTRY_E0_BASELINE,2025-08-05,002550,千红制药,s6setup-1d8cce98bcfe1a142389,WATCH_CANDIDATE,SUPPORT_CONFIRMED,True,3,NOT_EVALUATED,0,0.0,0.0,0.0
S6_ENTRY_E0_BASELINE,2025-08-05,600751,海航科技,s6setup-c9a7c7446fa693b596db,WATCH_CANDIDATE,NOT_APPLICABLE,False,0,NOT_EVALUATED,0,0.0,0.0,0.0
S6_ENTRY_E0_BASELINE,2025-08-05,601208,东材科技,s6setup-943aee4145a0956ad753,WATCH_CANDIDATE,NOT_APPLICABLE,False,0,NOT_EVALUATED,0,0.0,0.0,0.0
S6_ENTRY_E0_BASELINE,2025-08-05,601868,中国能建,s6setup-dd77d6e41b8afc91a237,WATCH_CANDIDATE,SUPPORT_CONFIRMED,True,5,NOT_EVALUATED,0,0.0,0.0,0.0
S6_ENTRY_E0_BASELINE,2025-08-05,688202,美迪西,s6setup-4a027ef3cdd811824e39,KEY_CANDIDATE,NOT_APPLICABLE,False,0,NOT_EVALUATED,0,0.0,0.0,0.0
S6_ENTRY_E0_BASELINE,2025-08-05,688360,德马科技,s6setup-a7c795d7a40c684cc76a,WATCH_CANDIDATE,NOT_APPLICABLE,False,0,NOT_EVALUATED,0,0.0,0.0,0.0
S6_ENTRY_E0_BASELINE,2025-08-06,000932,华菱钢铁,s6setup-e112473ba7fccbb736ed,WATCH_CANDIDATE,NOT_APPLICABLE,False,0,NOT_EVALUATED,0,0.0,0.0,0.0
S6_ENTRY_E0_BASELINE,2025-08-06,002167,东方锆业,s6setup-85f6927b89a425123231,WATCH_CANDIDATE,SUPPORT_CONFIRMED,True,3,NOT_EVALUATED,0,0.0,0.0,0.0
S6_ENTRY_E0_BASELINE,2025-08-06,002266,浙富控股,s6setup-4cab1a9a8619d98012cf,WATCH_CANDIDATE,SUPPORT_CONFIRMED,True,5,NOT_EVALUATED,0,0.0,0.0,0.0
S6_ENTRY_E0_BASELINE,2025-08-06,300748,金力永磁,s6setup-eec7e79d4070d31833e4,WATCH_CANDIDATE,NOT_APPLICABLE,False,0,NOT_EVALUATED,0,0.0,0.0,0.0
S6_ENTRY_E0_BASELINE,2025-08-06,600875,东方电气,s6setup-93eb128ab6ce4fc6345b,WATCH_CANDIDATE,SUPPORT_CONFIRMED,True,4,NOT_EVALUATED,0,0.0,0.0,0.0
S6_ENTRY_E0_BASELINE,2025-08-06,601208,东材科技,s6setup-943aee4145a0956ad753,WATCH_CANDIDATE,NOT_APPLICABLE,False,0,NOT_EVALUATED,0,0.0,0.0,0.0
S6_ENTRY_E0_BASELINE,2025-08-06,688202,美迪西,s6setup-4a027ef3cdd811824e39,KEY_CANDIDATE,SUPPORT_CONFIRMED,True,3,NOT_EVALUATED,0,0.0,0.0,0.0
S6_ENTRY_E0_BASELINE,2025-08-06,688321,微芯生物,s6setup-5377fd2a99f58cc9c3ef,WATCH_CANDIDATE,SUPPORT_CONFIRMED,True,3,NOT_EVALUATED,0,0.0,0.0,0.0
S6_ENTRY_E0_BASELINE,2025-08-06,688718,唯赛勃,s6setup-587e5aa084c9ac94571a,KEY_CANDIDATE,SUPPORT_CONFIRMED,True,3,NOT_EVALUATED,0,0.0,0.0,0.0
S6_ENTRY_E0_BASELINE,2025-08-07,000758,中色股份,s6setup-993b4afe570f8c7d2858,KEY_CANDIDATE,NOT_APPLICABLE,False,0,NOT_EVALUATED,0,0.0,0.0,0.0
S6_ENTRY_E0_BASELINE,2025-08-07,002167,东方锆业,s6setup-ba567dd5684552a75a60,KEY_CANDIDATE,NOT_APPLICABLE,False,0,NOT_EVALUATED,0,0.0,0.0,0.0
S6_ENTRY_E0_BASELINE,2025-08-07,300476,胜宏科技,s6setup-3a514f007a046a076145,WATCH_CANDIDATE,NOT_APPLICABLE,False,0,NOT_EVALUATED,0,0.0,0.0,0.0
S6_ENTRY_E0_BASELINE,2025-08-07,300748,金力永磁,s6setup-328e9be037b690700a4d,WATCH_CANDIDATE,NOT_APPLICABLE,False,0,NOT_EVALUATED,0,0.0,0.0,0.0
S6_ENTRY_E0_BASELINE,2025-08-07,600259,中稀有色,s6setup-6269b43b909404dd33ac,KEY_CANDIDATE,WAITING_BREAKOUT,False,0,NOT_EVALUATED,0,0.0,0.0,0.0
S6_ENTRY_E0_BASELINE,2025-08-07,600528,中铁工业,s6setup-683dc450a5cedcef3079,WATCH_CANDIDATE,SUPPORT_CONFIRMED,True,3,NOT_EVALUATED,0,0.0,0.0,0.0
S6_ENTRY_E0_BASELINE,2025-08-07,600751,海航科技,s6setup-c9a7c7446fa693b596db,WATCH_CANDIDATE,NOT_APPLICABLE,False,0,NOT_EVALUATED,0,0.0,0.0,0.0
S6_ENTRY_E0_BASELINE,2025-08-07,600801,华新建材,s6setup-19ce1de975b65f1252f1,KEY_CANDIDATE,SUPPORT_CONFIRMED,True,4,NOT_EVALUATED,0,0.0,0.0,0.0
S6_ENTRY_E0_BASELINE,2025-08-08,000932,华菱钢铁,s6setup-e112473ba7fccbb736ed,WATCH_CANDIDATE,NOT_APPLICABLE,False,0,NOT_EVALUATED,0,0.0,0.0,0.0
S6_ENTRY_E0_BASELINE,2025-08-08,002320,海峡股份,s6setup-f5a15e8088587ad71f14,WATCH_CANDIDATE,SUPPORT_CONFIRMED,True,5,NOT_EVALUATED,0,0.0,0.0,0.0
S6_ENTRY_E0_BASELINE,2025-08-08,002497,雅化集团,s6setup-cf20e1fed216940f1881,KEY_CANDIDATE,NOT_APPLICABLE,False,0,NOT_EVALUATED,0,0.0,0.0,0.0
S6_ENTRY_E0_BASELINE,2025-08-08,002736,国信证券,s6setup-80f9b3481d3dc454be12,KEY_CANDIDATE,SUPPORT_CONFIRMED,True,4,RELIABLE,250,0.652,0.292,1.132282
S6_ENTRY_E0_BASELINE,2025-08-08,600875,东方电气,s6setup-93eb128ab6ce4fc6345b,KEY_CANDIDATE,SUPPORT_CONFIRMED,True,5,RELIABLE,250,0.192,0.144,-0.110142
S6_ENTRY_E0_BASELINE,2025-08-08,601696,中银证券,s6setup-43ca95e27d2be3639d49,WATCH_CANDIDATE,SUPPORT_FORMING,False,4,NOT_EVALUATED,0,0.0,0.0,0.0
S6_ENTRY_E0_BASELINE,2025-08-08,688156,路德科技,s6setup-e7a7fa42e720b4bdcd48,WATCH_CANDIDATE,NOT_APPLICABLE,False,0,NOT_EVALUATED,0,0.0,0.0,0.0
S6_ENTRY_E0_BASELINE,2025-08-08,688619,罗普特,s6setup-7c01ea40d583d6ba5ac5,KEY_CANDIDATE,NOT_APPLICABLE,False,0,NOT_EVALUATED,0,0.0,0.0,0.0
S6_ENTRY_E0_BASELINE,2025-08-08,688718,唯赛勃,s6setup-587e5aa084c9ac94571a,KEY_CANDIDATE,SUPPORT_FORMING,False,4,NOT_EVALUATED,0,0.0,0.0,0.0
S6_ENTRY_E0_BASELINE,2025-08-11,002320,海峡股份,s6setup-75a051b002ec2857a2d9,WATCH_CANDIDATE,NOT_APPLICABLE,False,0,NOT_EVALUATED,0,0.0,0.0,0.0
S6_ENTRY_E0_BASELINE,2025-08-11,002384,东山精密,s6setup-54711404d4e96e1c7c62,WATCH_CANDIDATE,SUPPORT_CONFIRMED,True,5,NOT_EVALUATED,0,0.0,0.0,0.0
S6_ENTRY_E0_BASELINE,2025-08-11,600418,江淮汽车,s6setup-1bc395233ee8e4509cec,WATCH_CANDIDATE,SUPPORT_FORMING,False,4,NOT_EVALUATED,0,0.0,0.0,0.0
S6_ENTRY_E0_BASELINE,2025-08-11,600875,东方电气,s6setup-fdc17521e378be474b4a,KEY_CANDIDATE,SUPPORT_CONFIRMED,True,4,RELIABLE,250,0.136,0.136,-0.238427
S6_ENTRY_E0_BASELINE,2025-08-11,601208,东材科技,s6setup-36f0f2909d391d6e38bc,WATCH_CANDIDATE,SUPPORT_CONFIRMED,True,5,NOT_EVALUATED,0,0.0,0.0,0.0
S6_ENTRY_E0_BASELINE,2025-08-11,601696,中银证券,s6setup-43ca95e27d2be3639d49,WATCH_CANDIDATE,SUPPORT_CONFIRMED,True,3,NOT_EVALUATED,0,0.0,0.0,0.0
S6_ENTRY_E0_BASELINE,2025-08-11,688051,佳华科技,s6setup-104981bd2fba18d90be6,WATCH_CANDIDATE,NOT_APPLICABLE,False,0,NOT_EVALUATED,0,0.0,0.0,0.0
S6_ENTRY_E0_BASELINE,2025-08-11,688156,路德科技,s6setup-c91f1dc33af262dcbd9e,WATCH_CANDIDATE,NOT_APPLICABLE,False,0,NOT_EVALUATED,0,0.0,0.0,0.0
S6_ENTRY_E0_BASELINE,2025-08-11,688619,罗普特,s6setup-e1c90a5393f6e38a6a7d,WATCH_CANDIDATE,SUPPORT_CONFIRMED,True,5,NOT_EVALUATED,0,0.0,0.0,0.0
S6_ENTRY_E0_BASELINE,2025-08-11,688718,唯赛勃,s6setup-587e5aa084c9ac94571a,WATCH_CANDIDATE,NOT_APPLICABLE,False,0,NOT_EVALUATED,0,0.0,0.0,0.0
S6_ENTRY_E0_BASELINE,2025-08-12,002736,国信证券,s6setup-f4cdd39f619657adc0b6,WATCH_CANDIDATE,SUPPORT_CONFIRMED,True,3,RELIABLE,250,0.74,0.316,1.105256
S6_ENTRY_E0_BASELINE,2025-08-12,300395,菲利华,s6setup-57bcd605c67faf9172c7,WATCH_CANDIDATE,SUPPORT_FORMING,False,4,NOT_EVALUATED,0,0.0,0.0,0.0
S6_ENTRY_E0_BASELINE,2025-08-12,601208,东材科技,s6setup-66ff23da83b73dbac3e3,WATCH_CANDIDATE,SUPPORT_CONFIRMED,True,3,NOT_EVALUATED,0,0.0,0.0,0.0
S6_ENTRY_E0_BASELINE,2025-08-12,601696,中银证券,s6setup-43ca95e27d2be3639d49,WATCH_CANDIDATE,NOT_APPLICABLE,False,0,NOT_EVALUATED,0,0.0,0.0,0.0
S6_ENTRY_E0_BASELINE,2025-08-12,603444,吉比特,s6setup-5495057d612d3532c841,WATCH_CANDIDATE,NOT_APPLICABLE,False,0,NOT_EVALUATED,0,0.0,0.0,0.0
S6_ENTRY_E0_BASELINE,2025-08-12,603486,科沃斯,s6setup-47bc24e67bfced45806f,WATCH_CANDIDATE,SUPPORT_CONFIRMED,True,3,RELIABLE,250,0.732,0.216,0.903778
S6_ENTRY_E0_BASELINE,2025-08-12,603993,洛阳钼业,s6setup-b480475ca9ae290a0c96,WATCH_CANDIDATE,NOT_APPLICABLE,False,0,NOT_EVALUATED,0,0.0,0.0,0.0
S6_ENTRY_E0_BASELINE,2025-08-12,688051,佳华科技,s6setup-3ce14f1cd14688c5860b,WATCH_CANDIDATE,NOT_APPLICABLE,False,0,NOT_EVALUATED,0,0.0,0.0,0.0
S6_ENTRY_E0_BASELINE,2025-08-12,688619,罗普特,s6setup-e1c90a5393f6e38a6a7d,WATCH_CANDIDATE,NOT_APPLICABLE,False,0,NOT_EVALUATED,0,0.0,0.0,0.0
S6_ENTRY_E0_BASELINE,2025-08-12,688718,唯赛勃,s6setup-587e5aa084c9ac94571a,WATCH_CANDIDATE,SUPPORT_CONFIRMED,True,3,NOT_EVALUATED,0,0.0,0.0,0.0
S6_ENTRY_E0_BASELINE,2025-08-13,300149,睿智医药,s6setup-14e2fd006350f69eb194,WATCH_CANDIDATE,SUPPORT_CONFIRMED,True,5,NOT_EVALUATED,0,0.0,0.0,0.0
S6_ENTRY_E0_BASELINE,2025-08-13,301205,联特科技,s6setup-808964121f9c9756fb5d,WATCH_CANDIDATE,NOT_APPLICABLE,False,0,NOT_EVALUATED,0,0.0,0.0,0.0
S6_ENTRY_E0_BASELINE,2025-08-13,600010,包钢股份,s6setup-4fe377f3079b4d40efa0,KEY_CANDIDATE,SUPPORT_CONFIRMED,True,3,RELIABLE,250,0.336,0.204,0.458559
S6_ENTRY_E0_BASELINE,2025-08-13,601696,中银证券,s6setup-7b9444423ee5055c15dd,WATCH_CANDIDATE,NOT_APPLICABLE,False,0,NOT_EVALUATED,0,0.0,0.0,0.0
S6_ENTRY_E0_BASELINE,2025-08-13,603444,吉比特,s6setup-5495057d612d3532c841,WATCH_CANDIDATE,NOT_APPLICABLE,False,0,NOT_EVALUATED,0,0.0,0.0,0.0
S6_ENTRY_E0_BASELINE,2025-08-13,603486,科沃斯,s6setup-470f43d1726fab973716,WATCH_CANDIDATE,SUPPORT_CONFIRMED,True,5,RELIABLE,250,0.828,0.24,0.898273
S6_ENTRY_E0_BASELINE,2025-08-13,688062,迈威生物,s6setup-f58a2dbfae45133fcf4f,WATCH_CANDIDATE,NOT_APPLICABLE,False,0,NOT_EVALUATED,0,0.0,0.0,0.0
S6_ENTRY_E0_BASELINE,2025-08-13,688166,博瑞医药,s6setup-5b3367285908984eeb2d,KEY_CANDIDATE,NOT_APPLICABLE,False,0,NOT_EVALUATED,0,0.0,0.0,0.0
S6_ENTRY_E0_BASELINE,2025-08-13,688278,特宝生物,s6setup-a8fa994084285c828d33,WATCH_CANDIDATE,SUPPORT_CONFIRMED,True,5,NOT_EVALUATED,0,0.0,0.0,0.0
S6_ENTRY_E0_BASELINE,2025-08-14,300149,睿智医药,s6setup-14e2fd006350f69eb194,WATCH_CANDIDATE,SUPPORT_CONFIRMED,True,3,NOT_EVALUATED,0,0.0,0.0,0.0
S6_ENTRY_E0_BASELINE,2025-08-14,300835,龙磁科技,s6setup-e47593b0fd6194b50ca0,WATCH_CANDIDATE,SUPPORT_CONFIRMED,True,3,RELIABLE,250,0.6,0.28,0.670112
S6_ENTRY_E0_BASELINE,2025-08-14,600111,北方稀土,s6setup-d0cb7bb1e73364345296,KEY_CANDIDATE,SUPPORT_CONFIRMED,True,5,NOT_EVALUATED,0,0.0,0.0,0.0
S6_ENTRY_E0_BASELINE,2025-08-14,603486,科沃斯,s6setup-470f43d1726fab973716,WATCH_CANDIDATE,SUPPORT_CONFIRMED,True,3,RELIABLE,250,0.756,0.188,0.872798
S6_ENTRY_E0_BASELINE,2025-08-15,002437,誉衡药业,s6setup-5442f11c5e91b7c56495,KEY_CANDIDATE,NOT_APPLICABLE,False,0,NOT_EVALUATED,0,0.0,0.0,0.0
S6_ENTRY_E0_BASELINE,2025-08-15,002468,申通快递,s6setup-66821b502a63d7b903c1,KEY_CANDIDATE,SUPPORT_CONFIRMED,True,5,NOT_EVALUATED,0,0.0,0.0,0.0
S6_ENTRY_E0_BASELINE,2025-08-15,300835,龙磁科技,s6setup-b89e78056c5700207419,WATCH_CANDIDATE,SUPPORT_FORMING,False,4,RELIABLE,250,0.804,0.264,0.912034
S6_ENTRY_E0_BASELINE,2025-08-15,600111,北方稀土,s6setup-ee7524a4bbf0748140c0,WATCH_CANDIDATE,SUPPORT_CONFIRMED,True,5,RELIABLE,250,0.692,0.264,0.726109
S6_ENTRY_E0_BASELINE,2025-08-15,603367,辰欣药业,s6setup-6768125f8d087509f817,WATCH_CANDIDATE,SUPPORT_CONFIRMED,True,5,NOT_EVALUATED,0,0.0,0.0,0.0
S6_ENTRY_E0_BASELINE,2025-08-15,603486,科沃斯,s6setup-470f43d1726fab973716,WATCH_CANDIDATE,NOT_APPLICABLE,False,0,NOT_EVALUATED,0,0.0,0.0,0.0
S6_ENTRY_E0_BASELINE,2025-08-15,688166,博瑞医药,s6setup-43f97e3badd8202b13e5,WATCH_CANDIDATE,SUPPORT_CONFIRMED,True,4,RELIABLE,250,0.784,0.272,1.20515
S6_ENTRY_E0_BASELINE,2025-08-15,688278,特宝生物,s6setup-02bdc87ef3d89554e3b1,KEY_CANDIDATE,SUPPORT_FORMING,False,3,NOT_EVALUATED,0,0.0,0.0,0.0
S6_ENTRY_E0_BASELINE,2025-08-18,002370,亚太药业,s6setup-fe289e76158a79f63716,WATCH_CANDIDATE,NOT_APPLICABLE,False,0,NOT_EVALUATED,0,0.0,0.0,0.0
S6_ENTRY_E0_BASELINE,2025-08-18,002570,贝因美,s6setup-fb7486452e9473d13c9e,WATCH_CANDIDATE,SUPPORT_CONFIRMED,True,5,NOT_EVALUATED,0,0.0,0.0,0.0
S6_ENTRY_E0_BASELINE,2025-08-18,300624,万兴科技,s6setup-c22cd4b2e561cbf60d9f,WATCH_CANDIDATE,SUPPORT_CONFIRMED,True,5,NOT_EVALUATED,0,0.0,0.0,0.0
S6_ENTRY_E0_BASELINE,2025-08-18,301171,易点天下,s6setup-cfd4132eac82cffd3d85,KEY_CANDIDATE,NOT_APPLICABLE,False,0,NOT_EVALUATED,0,0.0,0.0,0.0
S6_ENTRY_E0_BASELINE,2025-08-18,600010,包钢股份,s6setup-4fe377f3079b4d40efa0,KEY_CANDIDATE,NOT_APPLICABLE,False,0,NOT_EVALUATED,0,0.0,0.0,0.0
S6_ENTRY_E0_BASELINE,2025-08-18,603200,上海洗霸,s6setup-b77ecfed67879a74832d,WATCH_CANDIDATE,SUPPORT_CONFIRMED,True,5,NOT_EVALUATED,0,0.0,0.0,0.0
S6_ENTRY_E0_BASELINE,2025-08-18,603486,科沃斯,s6setup-470f43d1726fab973716,WATCH_CANDIDATE,NOT_APPLICABLE,False,0,NOT_EVALUATED,0,0.0,0.0,0.0
S6_ENTRY_E0_BASELINE,2025-08-18,688118,普元信息,s6setup-5432c73552dd1d9dabb9,KEY_CANDIDATE,SUPPORT_CONFIRMED,True,4,NOT_EVALUATED,0,0.0,0.0,0.0
S6_ENTRY_E0_BASELINE,2025-08-18,688163,赛伦生物,s6setup-5ed925011de066dfabcf,WATCH_CANDIDATE,NOT_APPLICABLE,False,0,NOT_EVALUATED,0,0.0,0.0,0.0
S6_ENTRY_E0_BASELINE,2025-08-18,688166,博瑞医药,s6setup-ea5cc446b042bb37d50c,WATCH_CANDIDATE,NOT_APPLICABLE,False,0,NOT_EVALUATED,0,0.0,0.0,0.0
S6_ENTRY_E0_BASELINE,2025-08-19,002468,申通快递,s6setup-66821b502a63d7b903c1,WATCH_CANDIDATE,NOT_APPLICABLE,False,0,NOT_EVALUATED,0,0.0,0.0,0.0
S6_ENTRY_E0_BASELINE,2025-08-19,002570,贝因美,s6setup-09685ae07a1322de6348,KEY_CANDIDATE,NOT_APPLICABLE,False,0,NOT_EVALUATED,0,0.0,0.0,0.0
S6_ENTRY_E0_BASELINE,2025-08-19,603367,辰欣药业,s6setup-4fb3b799ff588c2f84cc,WATCH_CANDIDATE,NOT_APPLICABLE,False,0,NOT_EVALUATED,0,0.0,0.0,0.0
S6_ENTRY_E0_BASELINE,2025-08-19,688166,博瑞医药,s6setup-ea5cc446b042bb37d50c,WATCH_CANDIDATE,SUPPORT_FORMING,False,2,NOT_EVALUATED,0,0.0,0.0,0.0
S6_ENTRY_E0_BASELINE,2025-08-19,688171,纬德信息,s6setup-13e1106ba97e88d232a2,WATCH_CANDIDATE,NOT_APPLICABLE,False,0,NOT_EVALUATED,0,0.0,0.0,0.0
S6_ENTRY_E0_BASELINE,2025-08-20,300581,晨曦航空,s6setup-8764343d809f6e381476,WATCH_CANDIDATE,SUPPORT_CONFIRMED,True,4,NOT_EVALUATED,0,0.0,0.0,0.0
S6_ENTRY_E0_BASELINE,2025-08-20,603367,辰欣药业,s6setup-4fb3b799ff588c2f84cc,WATCH_CANDIDATE,SUPPORT_FORMING,False,2,NOT_EVALUATED,0,0.0,0.0,0.0
S6_ENTRY_E0_BASELINE,2025-08-20,688166,博瑞医药,s6setup-5b3367285908984eeb2d,WATCH_CANDIDATE,SUPPORT_FORMING,False,3,NOT_EVALUATED,0,0.0,0.0,0.0
S6_ENTRY_E0_BASELINE,2025-08-20,688171,纬德信息,s6setup-31a941667c3af445228c,WATCH_CANDIDATE,SUPPORT_CONFIRMED,True,4,NOT_EVALUATED,0,0.0,0.0,0.0
S6_ENTRY_E0_BASELINE,2025-08-20,688466,金科环境,s6setup-bd351bf55507977990c2,WATCH_CANDIDATE,SUPPORT_CONFIRMED,True,5,NOT_EVALUATED,0,0.0,0.0,0.0
S6_ENTRY_E0_BASELINE,2025-08-21,300009,安科生物,s6setup-7c0a2e31b657333f72d7,WATCH_CANDIDATE,NOT_APPLICABLE,False,0,NOT_EVALUATED,0,0.0,0.0,0.0
S6_ENTRY_E0_BASELINE,2025-08-21,300644,南京聚隆,s6setup-0ad2951473f2b0d260d8,WATCH_CANDIDATE,SUPPORT_CONFIRMED,True,3,NOT_EVALUATED,0,0.0,0.0,0.0
S6_ENTRY_E0_BASELINE,2025-08-21,688171,纬德信息,s6setup-21a71258455e9c272f77,WATCH_CANDIDATE,NOT_APPLICABLE,False,0,NOT_EVALUATED,0,0.0,0.0,0.0
S6_ENTRY_E0_BASELINE,2025-08-21,688507,索辰科技,s6setup-987937c145bed8deb782,KEY_CANDIDATE,SUPPORT_CONFIRMED,True,3,NOT_EVALUATED,0,0.0,0.0,0.0
S6_ENTRY_E0_BASELINE,2025-08-22,300009,安科生物,s6setup-b0925db5e4e62724fea7,WATCH_CANDIDATE,SUPPORT_FORMING,False,3,NOT_EVALUATED,0,0.0,0.0,0.0
S6_ENTRY_E0_BASELINE,2025-08-22,300600,国瑞科技,s6setup-505fdc69398e03985840,WATCH_CANDIDATE,SUPPORT_FORMING,False,3,NOT_EVALUATED,0,0.0,0.0,0.0
S6_ENTRY_E0_BASELINE,2025-08-22,300677,英科医疗,s6setup-643de4ab37ff183c8d60,WATCH_CANDIDATE,NOT_APPLICABLE,False,0,NOT_EVALUATED,0,0.0,0.0,0.0
S6_ENTRY_E0_BASELINE,2025-08-22,301389,隆扬电子,s6setup-a6837231cfdf54aa08e7,KEY_CANDIDATE,SUPPORT_CONFIRMED,True,5,NOT_EVALUATED,0,0.0,0.0,0.0
S6_ENTRY_E0_BASELINE,2025-08-22,600184,光电股份,s6setup-a7c11205c842d67862c0,WATCH_CANDIDATE,SUPPORT_FORMING,False,4,NOT_EVALUATED,0,0.0,0.0,0.0
S6_ENTRY_E0_BASELINE,2025-08-22,600629,华建集团,s6setup-9b4aa7e551d0adac65f9,WATCH_CANDIDATE,SUPPORT_CONFIRMED,True,5,NOT_EVALUATED,0,0.0,0.0,0.0
S6_ENTRY_E0_BASELINE,2025-08-25,002317,众生药业,s6setup-dd1f38847239157305df,WATCH_CANDIDATE,SUPPORT_CONFIRMED,True,5,NOT_EVALUATED,0,0.0,0.0,0.0
S6_ENTRY_E0_BASELINE,2025-08-25,300009,安科生物,s6setup-202be4c3970aed5518b3,WATCH_CANDIDATE,SUPPORT_CONFIRMED,True,5,NOT_EVALUATED,0,0.0,0.0,0.0
S6_ENTRY_E0_BASELINE,2025-08-25,300600,国瑞科技,s6setup-505fdc69398e03985840,KEY_CANDIDATE,SUPPORT_FORMING,False,3,NOT_EVALUATED,0,0.0,0.0,0.0
S6_ENTRY_E0_BASELINE,2025-08-25,300677,英科医疗,s6setup-df4ae981180f5c5a8c07,WATCH_CANDIDATE,NOT_APPLICABLE,False,0,NOT_EVALUATED,0,0.0,0.0,0.0
S6_ENTRY_E0_BASELINE,2025-08-25,300706,阿石创,s6setup-4a4c09b4357671ae65c4,WATCH_CANDIDATE,SUPPORT_CONFIRMED,True,4,NOT_EVALUATED,0,0.0,0.0,0.0
S6_ENTRY_E0_BASELINE,2025-08-25,300841,康华生物,s6setup-85b7e487b3678d3e645e,KEY_CANDIDATE,SUPPORT_CONFIRMED,True,4,NOT_EVALUATED,0,0.0,0.0,0.0
S6_ENTRY_E0_BASELINE,2025-08-25,300875,捷强装备,s6setup-54b2ea3088df36967b33,WATCH_CANDIDATE,NOT_APPLICABLE,False,0,NOT_EVALUATED,0,0.0,0.0,0.0
S6_ENTRY_E0_BASELINE,2025-08-25,300885,海昌新材,s6setup-91a7df50d36c56618b19,KEY_CANDIDATE,SUPPORT_CONFIRMED,True,5,NOT_EVALUATED,0,0.0,0.0,0.0
S6_ENTRY_E0_BASELINE,2025-08-25,301389,隆扬电子,s6setup-c4db0ea54a9916e2ca2f,KEY_CANDIDATE,NOT_APPLICABLE,False,0,NOT_EVALUATED,0,0.0,0.0,0.0
S6_ENTRY_E0_BASELINE,2025-08-25,688551,科威尔,s6setup-bddb947dce9126d52aeb,KEY_CANDIDATE,SUPPORT_CONFIRMED,True,4,NOT_EVALUATED,0,0.0,0.0,0.0
S6_ENTRY_E0_BASELINE,2025-08-25,688580,伟思医疗,s6setup-226dc50c5699e0586f0a,WATCH_CANDIDATE,NOT_APPLICABLE,False,0,NOT_EVALUATED,0,0.0,0.0,0.0
S6_ENTRY_E0_BASELINE,2025-08-26,002020,京新药业,s6setup-735a7477be0fea18fc9c,WATCH_CANDIDATE,NOT_APPLICABLE,False,0,NOT_EVALUATED,0,0.0,0.0,0.0
S6_ENTRY_E0_BASELINE,2025-08-26,300009,安科生物,s6setup-993ceb978dfc476a231f,WATCH_CANDIDATE,SUPPORT_CONFIRMED,True,3,NOT_EVALUATED,0,0.0,0.0,0.0
S6_ENTRY_E0_BASELINE,2025-08-26,300841,康华生物,s6setup-85b7e487b3678d3e645e,KEY_CANDIDATE,SUPPORT_CONFIRMED,True,3,NOT_EVALUATED,0,0.0,0.0,0.0
S6_ENTRY_E0_BASELINE,2025-08-26,300875,捷强装备,s6setup-97303033618698e750c3,KEY_CANDIDATE,SUPPORT_CONFIRMED,True,3,NOT_EVALUATED,0,0.0,0.0,0.0
S6_ENTRY_E0_BASELINE,2025-08-26,301357,北方长龙,s6setup-ef0e9918778ead33c400,WATCH_CANDIDATE,SUPPORT_CONFIRMED,True,4,NOT_EVALUATED,0,0.0,0.0,0.0
S6_ENTRY_E0_BASELINE,2025-08-26,301389,隆扬电子,s6setup-412d7a24e21a48d36b65,KEY_CANDIDATE,SUPPORT_CONFIRMED,True,3,NOT_EVALUATED,0,0.0,0.0,0.0
S6_ENTRY_E0_BASELINE,2025-08-26,688258,卓易信息,s6setup-27ba67f0c9d04314e9b1,WATCH_CANDIDATE,SUPPORT_FORMING,False,4,NOT_EVALUATED,0,0.0,0.0,0.0
S6_ENTRY_E0_BASELINE,2025-08-26,688403,汇成股份,s6setup-228e8589ec4fb8ab919f,KEY_CANDIDATE,NOT_APPLICABLE,False,0,NOT_EVALUATED,0,0.0,0.0,0.0
S6_ENTRY_E0_BASELINE,2025-08-26,688580,伟思医疗,s6setup-b85e5d261c56c40edb68,WATCH_CANDIDATE,SUPPORT_CONFIRMED,True,3,NOT_EVALUATED,0,0.0,0.0,0.0
S6_ENTRY_E0_BASELINE,2025-08-27,000901,航天科技,s6setup-91fdaaeb5fd78ee71f25,WATCH_CANDIDATE,SUPPORT_CONFIRMED,True,3,NOT_EVALUATED,0,0.0,0.0,0.0
S6_ENTRY_E0_BASELINE,2025-08-27,300322,硕贝德,s6setup-e9a0df59c2144700236e,KEY_CANDIDATE,SUPPORT_CONFIRMED,True,3,NOT_EVALUATED,0,0.0,0.0,0.0
S6_ENTRY_E0_BASELINE,2025-08-27,688403,汇成股份,s6setup-228e8589ec4fb8ab919f,WATCH_CANDIDATE,SUPPORT_FORMING,False,2,NOT_EVALUATED,0,0.0,0.0,0.0
S6_ENTRY_E0_BASELINE,2025-08-28,000901,航天科技,s6setup-91fdaaeb5fd78ee71f25,KEY_CANDIDATE,SUPPORT_FORMING,False,4,RELIABLE,250,0.4,0.264,0.682872
S6_ENTRY_E0_BASELINE,2025-08-28,002173,创新医疗,s6setup-34f9db971598aff4b345,WATCH_CANDIDATE,SUPPORT_FORMING,False,4,NOT_EVALUATED,0,0.0,0.0,0.0
S6_ENTRY_E0_BASELINE,2025-08-28,002670,国盛证券,s6setup-13ae253b04326b17a3fa,KEY_CANDIDATE,SUPPORT_FORMING,False,4,NOT_EVALUATED,0,0.0,0.0,0.0
S6_ENTRY_E0_BASELINE,2025-08-28,301357,北方长龙,s6setup-08c6aa33048d16225b93,WATCH_CANDIDATE,NOT_APPLICABLE,False,0,NOT_EVALUATED,0,0.0,0.0,0.0
S6_ENTRY_E0_BASELINE,2025-08-28,688403,汇成股份,s6setup-228e8589ec4fb8ab919f,WATCH_CANDIDATE,SUPPORT_CONFIRMED,True,5,NOT_EVALUATED,0,0.0,0.0,0.0
S6_ENTRY_E0_BASELINE,2025-08-29,002342,巨力索具,s6setup-f1bd8e60b4e063aa9cd2,WATCH_CANDIDATE,NOT_APPLICABLE,False,0,NOT_EVALUATED,0,0.0,0.0,0.0
S6_ENTRY_E0_BASELINE,2025-08-29,002670,国盛证券,s6setup-13ae253b04326b17a3fa,WATCH_CANDIDATE,SUPPORT_CONFIRMED,True,4,NOT_EVALUATED,0,0.0,0.0,0.0
S6_ENTRY_E0_BASELINE,2025-08-29,300400,劲拓股份,s6setup-93472d59cb6a2b06e093,KEY_CANDIDATE,NOT_APPLICABLE,False,0,NOT_EVALUATED,0,0.0,0.0,0.0
S6_ENTRY_E0_BASELINE,2025-08-29,301095,广立微,s6setup-ec4268cdb3ff4d155204,KEY_CANDIDATE,NOT_APPLICABLE,False,0,NOT_EVALUATED,0,0.0,0.0,0.0
S6_ENTRY_E0_BASELINE,2025-08-29,688403,汇成股份,s6setup-228e8589ec4fb8ab919f,WATCH_CANDIDATE,NOT_APPLICABLE,False,0,NOT_EVALUATED,0,0.0,0.0,0.0
S6_ENTRY_E0_BASELINE,2025-09-01,000561,烽火电子,s6setup-4e4bdb4f02b2642cc0dd,KEY_CANDIDATE,SUPPORT_CONFIRMED,True,3,NOT_EVALUATED,0,0.0,0.0,0.0
S6_ENTRY_E0_BASELINE,2025-09-01,000901,航天科技,s6setup-91fdaaeb5fd78ee71f25,WATCH_CANDIDATE,SUPPORT_CONFIRMED,True,3,NOT_EVALUATED,0,0.0,0.0,0.0
S6_ENTRY_E0_BASELINE,2025-09-01,002670,国盛证券,s6setup-13ae253b04326b17a3fa,WATCH_CANDIDATE,SUPPORT_CONFIRMED,True,4,NOT_EVALUATED,0,0.0,0.0,0.0
S6_ENTRY_E0_BASELINE,2025-09-01,300400,劲拓股份,s6setup-93472d59cb6a2b06e093,KEY_CANDIDATE,SUPPORT_CONFIRMED,True,4,RELIABLE,250,0.652,0.256,0.902242
S6_ENTRY_E0_BASELINE,2025-09-01,301095,广立微,s6setup-ec4268cdb3ff4d155204,KEY_CANDIDATE,SUPPORT_CONFIRMED,True,5,RELIABLE,250,0.656,0.256,1.114578
S6_ENTRY_E0_BASELINE,2025-09-01,600143,金发科技,s6setup-edfdf6faacd2275dbc44,WATCH_CANDIDATE,SUPPORT_CONFIRMED,True,3,NOT_EVALUATED,0,0.0,0.0,0.0
S6_ENTRY_E0_BASELINE,2025-09-02,301095,广立微,s6setup-ec4268cdb3ff4d155204,WATCH_CANDIDATE,SUPPORT_FORMING,False,2,NOT_EVALUATED,0,0.0,0.0,0.0
S6_ENTRY_E0_BASELINE,2025-09-02,600208,衢州发展,s6setup-58ca7e3a74ab63f1ed03,WATCH_CANDIDATE,SUPPORT_CONFIRMED,True,3,NOT_EVALUATED,0,0.0,0.0,0.0
S6_ENTRY_E0_BASELINE,2025-09-02,688146,中船特气,s6setup-c824dd1450fd60c3bd7e,KEY_CANDIDATE,SUPPORT_FORMING,False,2,NOT_EVALUATED,0,0.0,0.0,0.0
S6_ENTRY_E0_BASELINE,2025-09-03,301217,铜冠铜箔,s6setup-de70759c7759d1a5514d,WATCH_CANDIDATE,SUPPORT_FORMING,False,4,NOT_EVALUATED,0,0.0,0.0,0.0
S6_ENTRY_E0_BASELINE,2025-09-03,600208,衢州发展,s6setup-0ae7fb503de1b253a957,WATCH_CANDIDATE,SUPPORT_CONFIRMED,True,4,RELIABLE,250,0.452,0.332,1.148813
S6_ENTRY_E0_BASELINE,2025-09-03,688146,中船特气,s6setup-c824dd1450fd60c3bd7e,KEY_CANDIDATE,SUPPORT_FORMING,False,3,NOT_EVALUATED,0,0.0,0.0,0.0
S6_ENTRY_E0_BASELINE,2025-09-03,688767,博拓生物,s6setup-14642204952b1afeca0e,KEY_CANDIDATE,SUPPORT_CONFIRMED,True,3,NOT_EVALUATED,0,0.0,0.0,0.0
S6_ENTRY_E0_BASELINE,2025-09-04,688370,丛麟科技,s6setup-217f312a9e7738e5738e,WATCH_CANDIDATE,SUPPORT_CONFIRMED,True,3,NOT_EVALUATED,0,0.0,0.0,0.0
S6_ENTRY_E0_BASELINE,2025-09-05,688621,阳光诺和,s6setup-e257d4b49d88615d8254,KEY_CANDIDATE,SUPPORT_FORMING,False,4,NOT_EVALUATED,0,0.0,0.0,0.0
S6_ENTRY_E0_BASELINE,2025-09-09,002249,大洋电机,s6setup-9fc5786185f683e6c331,WATCH_CANDIDATE,SUPPORT_CONFIRMED,True,4,NOT_EVALUATED,0,0.0,0.0,0.0
S6_ENTRY_E0_BASELINE,2025-09-09,002428,云南锗业,s6setup-dc2887ba620b0c0442bf,WATCH_CANDIDATE,SUPPORT_CONFIRMED,True,3,NOT_EVALUATED,0,0.0,0.0,0.0
S6_ENTRY_E0_BASELINE,2025-09-09,002518,科士达,s6setup-519086fb04a79bcf4f92,WATCH_CANDIDATE,SUPPORT_CONFIRMED,True,4,NOT_EVALUATED,0,0.0,0.0,0.0
S6_ENTRY_E0_BASELINE,2025-09-09,002664,信质集团,s6setup-24cdf0717c0aac441538,WATCH_CANDIDATE,NOT_APPLICABLE,False,0,NOT_EVALUATED,0,0.0,0.0,0.0
S6_ENTRY_E0_BASELINE,2025-09-09,600113,浙江东日,s6setup-916872a47211c5f1a806,WATCH_CANDIDATE,NOT_APPLICABLE,False,0,NOT_EVALUATED,0,0.0,0.0,0.0
S6_ENTRY_E0_BASELINE,2025-09-09,600728,佳都科技,s6setup-a9f50975f20ed58922b0,WATCH_CANDIDATE,SUPPORT_CONFIRMED,True,5,NOT_EVALUATED,0,0.0,0.0,0.0
S6_ENTRY_E0_BASELINE,2025-09-09,688099,晶晨股份,s6setup-04b43703d8c20e8af02d,WATCH_CANDIDATE,SUPPORT_CONFIRMED,True,3,NOT_EVALUATED,0,0.0,0.0,0.0
S6_ENTRY_E0_BASELINE,2025-09-09,688260,昀冢科技,s6setup-d3f9e34eee55f308d761,KEY_CANDIDATE,SUPPORT_CONFIRMED,True,3,NOT_EVALUATED,0,0.0,0.0,0.0
S6_ENTRY_E0_BASELINE,2025-09-09,688621,阳光诺和,s6setup-e257d4b49d88615d8254,WATCH_CANDIDATE,SUPPORT_CONFIRMED,True,3,NOT_EVALUATED,0,0.0,0.0,0.0
S6_ENTRY_E0_BASELINE,2025-09-10,002428,云南锗业,s6setup-dc2887ba620b0c0442bf,WATCH_CANDIDATE,SUPPORT_CONFIRMED,True,3,NOT_EVALUATED,0,0.0,0.0,0.0
S6_ENTRY_E0_BASELINE,2025-09-10,300740,水羊股份,s6setup-90152e3f07386ecbf73a,WATCH_CANDIDATE,SUPPORT_CONFIRMED,True,4,NOT_EVALUATED,0,0.0,0.0,0.0
S6_ENTRY_E0_BASELINE,2025-09-10,300811,铂科新材,s6setup-acc775790aca3c3a5d2d,WATCH_CANDIDATE,SUPPORT_CONFIRMED,True,4,NOT_EVALUATED,0,0.0,0.0,0.0
S6_ENTRY_E0_BASELINE,2025-09-10,600111,北方稀土,s6setup-24ec443b7db1f38c8092,WATCH_CANDIDATE,SUPPORT_CONFIRMED,True,3,NOT_EVALUATED,0,0.0,0.0,0.0
S6_ENTRY_E0_BASELINE,2025-09-10,600113,浙江东日,s6setup-916872a47211c5f1a806,WATCH_CANDIDATE,NOT_APPLICABLE,False,0,NOT_EVALUATED,0,0.0,0.0,0.0
S6_ENTRY_E0_BASELINE,2025-09-11,000063,中兴通讯,s6setup-2a2011176a13f3224d4c,WATCH_CANDIDATE,SUPPORT_CONFIRMED,True,5,NOT_EVALUATED,0,0.0,0.0,0.0
S6_ENTRY_E0_BASELINE,2025-09-11,000887,中鼎股份,s6setup-713d8c6af9bd6e72126e,WATCH_CANDIDATE,NOT_APPLICABLE,False,0,NOT_EVALUATED,0,0.0,0.0,0.0
S6_ENTRY_E0_BASELINE,2025-09-11,002402,和而泰,s6setup-54aa95c9f92ab1eac954,WATCH_CANDIDATE,SUPPORT_CONFIRMED,True,5,RELIABLE,250,0.688,0.416,1.158414
S6_ENTRY_E0_BASELINE,2025-09-11,002428,云南锗业,s6setup-b916abb1b1f46de52429,WATCH_CANDIDATE,SUPPORT_CONFIRMED,True,5,RELIABLE,250,0.468,0.264,0.976654
S6_ENTRY_E0_BASELINE,2025-09-11,002600,领益智造,s6setup-a55089e1a7af6bc6423f,KEY_CANDIDATE,NOT_APPLICABLE,False,0,NOT_EVALUATED,0,0.0,0.0,0.0
S6_ENTRY_E0_BASELINE,2025-09-11,002837,英维克,s6setup-1e83c9645327965425f1,WATCH_CANDIDATE,NOT_APPLICABLE,False,0,NOT_EVALUATED,0,0.0,0.0,0.0
S6_ENTRY_E0_BASELINE,2025-09-11,300113,顺网科技,s6setup-2c76e99aa1035f5e855a,KEY_CANDIDATE,SUPPORT_CONFIRMED,True,5,RELIABLE,250,0.48,0.264,0.748314
S6_ENTRY_E0_BASELINE,2025-09-11,300222,科大智能,s6setup-6f0d1255bc10d57b5fc4,KEY_CANDIDATE,NOT_APPLICABLE,False,0,NOT_EVALUATED,0,0.0,0.0,0.0
S6_ENTRY_E0_BASELINE,2025-09-11,300496,中科创达,s6setup-7e2225ba9bc99627057c,WATCH_CANDIDATE,SUPPORT_FORMING,False,4,NOT_EVALUATED,0,0.0,0.0,0.0
S6_ENTRY_E0_BASELINE,2025-09-11,300503,昊志机电,s6setup-dee8f20edaf2344d5bc5,KEY_CANDIDATE,NOT_APPLICABLE,False,0,NOT_EVALUATED,0,0.0,0.0,0.0
S6_ENTRY_E0_BASELINE,2025-09-11,300604,长川科技,s6setup-c2d763f154d5a3e7bd51,KEY_CANDIDATE,NOT_APPLICABLE,False,0,NOT_EVALUATED,0,0.0,0.0,0.0
S6_ENTRY_E0_BASELINE,2025-09-11,300748,金力永磁,s6setup-318e120c4e48ebd32066,WATCH_CANDIDATE,SUPPORT_CONFIRMED,True,5,NOT_EVALUATED,0,0.0,0.0,0.0
S6_ENTRY_E0_BASELINE,2025-09-11,300843,胜蓝股份,s6setup-effbbcfbd9f6a9ade213,KEY_CANDIDATE,SUPPORT_CONFIRMED,True,5,RELIABLE,250,0.536,0.26,0.696793
S6_ENTRY_E0_BASELINE,2025-09-11,301165,锐捷网络,s6setup-bbe02001b6d47dcd3cec,KEY_CANDIDATE,SUPPORT_CONFIRMED,True,5,RELIABLE,250,0.516,0.328,1.218615
S6_ENTRY_E0_BASELINE,2025-09-11,301183,东田微,s6setup-68177011c742dd19c388,WATCH_CANDIDATE,NOT_APPLICABLE,False,0,NOT_EVALUATED,0,0.0,0.0,0.0
S6_ENTRY_E0_BASELINE,2025-09-11,600111,北方稀土,s6setup-337d1b5067eb226db598,WATCH_CANDIDATE,SUPPORT_CONFIRMED,True,5,NOT_EVALUATED,0,0.0,0.0,0.0
S6_ENTRY_E0_BASELINE,2025-09-11,600113,浙江东日,s6setup-916872a47211c5f1a806,WATCH_CANDIDATE,NOT_APPLICABLE,False,0,NOT_EVALUATED,0,0.0,0.0,0.0
S6_ENTRY_E0_BASELINE,2025-09-11,600160,巨化股份,s6setup-2cb9d15ec58e0a22e661,WATCH_CANDIDATE,NOT_APPLICABLE,False,0,NOT_EVALUATED,0,0.0,0.0,0.0
S6_ENTRY_E0_BASELINE,2025-09-11,600660,福耀玻璃,s6setup-8285309b61cb1f1643c8,WATCH_CANDIDATE,NOT_APPLICABLE,False,0,NOT_EVALUATED,0,0.0,0.0,0.0
S6_ENTRY_E0_BASELINE,2025-09-11,688020,方邦股份,s6setup-4a801fc3f2fc18be9e5e,WATCH_CANDIDATE,NOT_APPLICABLE,False,0,NOT_EVALUATED,0,0.0,0.0,0.0
S6_ENTRY_E0_BASELINE,2025-09-11,688372,伟测科技,s6setup-222f95ff4fd43da40b08,WATCH_CANDIDATE,SUPPORT_FORMING,False,4,NOT_EVALUATED,0,0.0,0.0,0.0
S6_ENTRY_E0_BASELINE,2025-09-11,688588,凌志软件,s6setup-655b9cae242f4439872d,KEY_CANDIDATE,SUPPORT_CONFIRMED,True,5,NOT_EVALUATED,0,0.0,0.0,0.0
S6_ENTRY_E0_BASELINE,2025-09-11,688612,威迈斯,s6setup-4284ff150498708639c9,WATCH_CANDIDATE,SUPPORT_CONFIRMED,True,5,NOT_EVALUATED,0,0.0,0.0,0.0
S6_ENTRY_E0_BASELINE,2025-09-11,688629,华丰科技,s6setup-b6a5bde1aef90947efae,WATCH_CANDIDATE,NOT_APPLICABLE,False,0,NOT_EVALUATED,0,0.0,0.0,0.0
S6_ENTRY_E0_BASELINE,2025-09-12,000063,中兴通讯,s6setup-2a2011176a13f3224d4c,WATCH_CANDIDATE,SUPPORT_CONFIRMED,True,4,NOT_EVALUATED,0,0.0,0.0,0.0
S6_ENTRY_E0_BASELINE,2025-09-12,002212,天融信,s6setup-a8f6370a9b42a2234e28,KEY_CANDIDATE,SUPPORT_CONFIRMED,True,4,RELIABLE,250,0.248,0.224,0.123066
S6_ENTRY_E0_BASELINE,2025-09-12,002378,章源钨业,s6setup-c4520a011b1400a27c31,KEY_CANDIDATE,SUPPORT_CONFIRMED,True,5,RELIABLE,250,0.52,0.34,1.130258
S6_ENTRY_E0_BASELINE,2025-09-12,002402,和而泰,s6setup-653d0556fe8b29b42e88,WATCH_CANDIDATE,NOT_APPLICABLE,False,0,NOT_EVALUATED,0,0.0,0.0,0.0
S6_ENTRY_E0_BASELINE,2025-09-12,002428,云南锗业,s6setup-f7b90b3340153eac10f2,WATCH_CANDIDATE,NOT_APPLICABLE,False,0,NOT_EVALUATED,0,0.0,0.0,0.0
S6_ENTRY_E0_BASELINE,2025-09-12,002600,领益智造,s6setup-a55089e1a7af6bc6423f,KEY_CANDIDATE,SUPPORT_CONFIRMED,True,3,NOT_EVALUATED,0,0.0,0.0,0.0
S6_ENTRY_E0_BASELINE,2025-09-12,002664,信质集团,s6setup-45ba32e65109520f608d,WATCH_CANDIDATE,SUPPORT_CONFIRMED,True,3,RELIABLE,250,0.76,0.368,1.31473
S6_ENTRY_E0_BASELINE,2025-09-12,300496,中科创达,s6setup-73d07e00f41a126beb7d,WATCH_CANDIDATE,SUPPORT_CONFIRMED,True,4,NOT_EVALUATED,0,0.0,0.0,0.0
S6_ENTRY_E0_BASELINE,2025-09-12,300503,昊志机电,s6setup-e3bb9aaec454e28f57b7,KEY_CANDIDATE,NOT_APPLICABLE,False,0,NOT_EVALUATED,0,0.0,0.0,0.0
S6_ENTRY_E0_BASELINE,2025-09-12,301165,锐捷网络,s6setup-bbe02001b6d47dcd3cec,WATCH_CANDIDATE,NOT_APPLICABLE,False,0,NOT_EVALUATED,0,0.0,0.0,0.0
S6_ENTRY_E0_BASELINE,2025-09-12,301183,东田微,s6setup-68177011c742dd19c388,WATCH_CANDIDATE,NOT_APPLICABLE,False,0,NOT_EVALUATED,0,0.0,0.0,0.0
S6_ENTRY_E0_BASELINE,2025-09-12,600111,北方稀土,s6setup-0c186be8dd4f4f83177e,WATCH_CANDIDATE,NOT_APPLICABLE,False,0,NOT_EVALUATED,0,0.0,0.0,0.0
S6_ENTRY_E0_BASELINE,2025-09-12,600660,福耀玻璃,s6setup-8285309b61cb1f1643c8,WATCH_CANDIDATE,SUPPORT_CONFIRMED,True,3,NOT_EVALUATED,0,0.0,0.0,0.0
S6_ENTRY_E0_BASELINE,2025-09-12,603319,美湖股份,s6setup-53b07e70702ac2bdc128,WATCH_CANDIDATE,NOT_APPLICABLE,False,0,NOT_EVALUATED,0,0.0,0.0,0.0
S6_ENTRY_E0_BASELINE,2025-09-12,688099,晶晨股份,s6setup-b92348116496ea5d1a8a,WATCH_CANDIDATE,SUPPORT_CONFIRMED,True,3,RELIABLE,250,0.612,0.196,0.719937
S6_ENTRY_E0_BASELINE,2025-09-15,002062,宏润建设,s6setup-84f992301aabeed207c7,WATCH_CANDIDATE,NOT_APPLICABLE,False,0,NOT_EVALUATED,0,0.0,0.0,0.0
S6_ENTRY_E0_BASELINE,2025-09-15,002402,和而泰,s6setup-653d0556fe8b29b42e88,WATCH_CANDIDATE,SUPPORT_CONFIRMED,True,3,RELIABLE,250,0.608,0.384,1.492006
S6_ENTRY_E0_BASELINE,2025-09-15,002428,云南锗业,s6setup-f7b90b3340153eac10f2,WATCH_CANDIDATE,SUPPORT_CONFIRMED,True,3,NOT_EVALUATED,0,0.0,0.0,0.0
S6_ENTRY_E0_BASELINE,2025-09-15,002600,领益智造,s6setup-15c1604499c396f1967b,KEY_CANDIDATE,SUPPORT_CONFIRMED,True,5,NOT_EVALUATED,0,0.0,0.0,0.0
S6_ENTRY_E0_BASELINE,2025-09-15,002664,信质集团,s6setup-d344bac6191c1cf69595,WATCH_CANDIDATE,NOT_APPLICABLE,False,0,NOT_EVALUATED,0,0.0,0.0,0.0
S6_ENTRY_E0_BASELINE,2025-09-15,300465,高伟达,s6setup-61c5d78719f9d5af5af6,KEY_CANDIDATE,SUPPORT_CONFIRMED,True,3,NOT_EVALUATED,0,0.0,0.0,0.0
S6_ENTRY_E0_BASELINE,2025-09-15,300503,昊志机电,s6setup-e3bb9aaec454e28f57b7,KEY_CANDIDATE,NOT_APPLICABLE,False,0,NOT_EVALUATED,0,0.0,0.0,0.0
S6_ENTRY_E0_BASELINE,2025-09-15,300604,长川科技,s6setup-fbd5a788ad18d78c7821,WATCH_CANDIDATE,NOT_APPLICABLE,False,0,NOT_EVALUATED,0,0.0,0.0,0.0
S6_ENTRY_E0_BASELINE,2025-09-15,301183,东田微,s6setup-a0f79c4d75be782ec826,KEY_CANDIDATE,SUPPORT_CONFIRMED,True,3,NOT_EVALUATED,0,0.0,0.0,0.0
S6_ENTRY_E0_BASELINE,2025-09-15,600111,北方稀土,s6setup-0c186be8dd4f4f83177e,WATCH_CANDIDATE,SUPPORT_CONFIRMED,True,3,NOT_EVALUATED,0,0.0,0.0,0.0
S6_ENTRY_E0_BASELINE,2025-09-15,600660,福耀玻璃,s6setup-11d9dcd7650cc1ca2b80,WATCH_CANDIDATE,SUPPORT_CONFIRMED,True,5,NOT_EVALUATED,0,0.0,0.0,0.0
S6_ENTRY_E0_BASELINE,2025-09-15,688261,东微半导,s6setup-eefefb1710023049dce6,WATCH_CANDIDATE,SUPPORT_CONFIRMED,True,5,NOT_EVALUATED,0,0.0,0.0,0.0
S6_ENTRY_E0_BASELINE,2025-09-15,688371,菲沃泰,s6setup-78606e8efa5d728c4c39,WATCH_CANDIDATE,NOT_APPLICABLE,False,0,NOT_EVALUATED,0,0.0,0.0,0.0
S6_ENTRY_E0_BASELINE,2025-09-15,688480,赛恩斯,s6setup-85cd93587da6d8b0a5fd,WATCH_CANDIDATE,SUPPORT_CONFIRMED,True,5,NOT_EVALUATED,0,0.0,0.0,0.0
S6_ENTRY_E0_BASELINE,2025-09-16,002062,宏润建设,s6setup-84f992301aabeed207c7,WATCH_CANDIDATE,NOT_APPLICABLE,False,0,NOT_EVALUATED,0,0.0,0.0,0.0
S6_ENTRY_E0_BASELINE,2025-09-16,002145,钛能化学,s6setup-e61dd12f1f218d763053,WATCH_CANDIDATE,WAITING_BREAKOUT,False,0,RELIABLE,250,0.596,0.348,0.393874
S6_ENTRY_E0_BASELINE,2025-09-16,300465,高伟达,s6setup-61c5d78719f9d5af5af6,KEY_CANDIDATE,SUPPORT_CONFIRMED,True,5,RELIABLE,250,0.6,0.364,0.983019
S6_ENTRY_E0_BASELINE,2025-09-16,300604,长川科技,s6setup-541f126d80173b7eb722,KEY_CANDIDATE,SUPPORT_CONFIRMED,True,3,RELIABLE,250,0.6,0.208,0.816155
S6_ENTRY_E0_BASELINE,2025-09-16,600105,永鼎股份,s6setup-efdebdc927d1177541a4,WATCH_CANDIDATE,SUPPORT_CONFIRMED,True,5,RELIABLE,250,0.768,0.36,1.379823
S6_ENTRY_E0_BASELINE,2025-09-16,600660,福耀玻璃,s6setup-d910168be31bbf8c8b92,WATCH_CANDIDATE,NOT_APPLICABLE,False,0,NOT_EVALUATED,0,0.0,0.0,0.0
S6_ENTRY_E0_BASELINE,2025-09-16,688063,派能科技,s6setup-6fd60e456ad516bcb45b,KEY_CANDIDATE,SUPPORT_CONFIRMED,True,3,RELIABLE,250,0.488,0.2,0.813409
S6_ENTRY_E0_BASELINE,2025-09-16,688222,成都先导,s6setup-6fb055c09204cc538110,KEY_CANDIDATE,SUPPORT_CONFIRMED,True,5,NOT_EVALUATED,0,0.0,0.0,0.0
S6_ENTRY_E0_BASELINE,2025-09-16,688261,东微半导,s6setup-457afb98aab7503e7344,KEY_CANDIDATE,SUPPORT_CONFIRMED,True,3,RELIABLE,250,0.472,0.224,0.782292
S6_ENTRY_E0_BASELINE,2025-09-16,688371,菲沃泰,s6setup-78606e8efa5d728c4c39,WATCH_CANDIDATE,NOT_APPLICABLE,False,0,NOT_EVALUATED,0,0.0,0.0,0.0
S6_ENTRY_E0_BASELINE,2025-09-17,002484,江海股份,s6setup-edd02d178efbc752c41c,WATCH_CANDIDATE,SUPPORT_CONFIRMED,True,4,NOT_EVALUATED,0,0.0,0.0,0.0
S6_ENTRY_E0_BASELINE,2025-09-17,300465,高伟达,s6setup-61c5d78719f9d5af5af6,KEY_CANDIDATE,SUPPORT_CONFIRMED,True,3,RELIABLE,250,0.428,0.26,0.991996
S6_ENTRY_E0_BASELINE,2025-09-17,600660,福耀玻璃,s6setup-8f823c12a7c6507cfb0b,WATCH_CANDIDATE,NOT_APPLICABLE,False,0,NOT_EVALUATED,0,0.0,0.0,0.0
S6_ENTRY_E0_BASELINE,2025-09-17,688063,派能科技,s6setup-a6e76f7fe1203a8e778a,KEY_CANDIDATE,SUPPORT_CONFIRMED,True,5,NOT_EVALUATED,0,0.0,0.0,0.0
S6_ENTRY_E0_BASELINE,2025-09-17,688141,杰华特,s6setup-7e5b679759f4559a4557,KEY_CANDIDATE,NOT_APPLICABLE,False,0,NOT_EVALUATED,0,0.0,0.0,0.0
S6_ENTRY_E0_BASELINE,2025-09-17,688261,东微半导,s6setup-587e3b000ff4e253cc89,KEY_CANDIDATE,NOT_APPLICABLE,False,0,NOT_EVALUATED,0,0.0,0.0,0.0
S6_ENTRY_E0_BASELINE,2025-09-18,002484,江海股份,s6setup-edd02d178efbc752c41c,WATCH_CANDIDATE,SUPPORT_FORMING,False,2,NOT_EVALUATED,0,0.0,0.0,0.0
S6_ENTRY_E0_BASELINE,2025-09-18,300394,天孚通信,s6setup-8617597dc0fa1383b10d,KEY_CANDIDATE,SUPPORT_CONFIRMED,True,3,NOT_EVALUATED,0,0.0,0.0,0.0
S6_ENTRY_E0_BASELINE,2025-09-18,300465,高伟达,s6setup-f5b3da7578ea5fcbc3c4,KEY_CANDIDATE,SUPPORT_FORMING,False,3,NOT_EVALUATED,0,0.0,0.0,0.0
S6_ENTRY_E0_BASELINE,2025-09-18,301486,致尚科技,s6setup-a791e260f9aac882d8f0,WATCH_CANDIDATE,SUPPORT_CONFIRMED,True,4,NOT_EVALUATED,0,0.0,0.0,0.0
S6_ENTRY_E0_BASELINE,2025-09-18,601877,正泰电器,s6setup-bb0a6512ba296ba29adf,KEY_CANDIDATE,SUPPORT_CONFIRMED,True,3,NOT_EVALUATED,0,0.0,0.0,0.0
S6_ENTRY_E0_BASELINE,2025-09-18,688063,派能科技,s6setup-6fd60e456ad516bcb45b,KEY_CANDIDATE,SUPPORT_FORMING,False,2,NOT_EVALUATED,0,0.0,0.0,0.0
S6_ENTRY_E0_BASELINE,2025-09-18,688331,荣昌生物,s6setup-e9466fad676b2c9b8c72,WATCH_CANDIDATE,NOT_APPLICABLE,False,0,NOT_EVALUATED,0,0.0,0.0,0.0
S6_ENTRY_E0_BASELINE,2025-09-19,000962,东方钽业,s6setup-9e5c6168d65ef4ca8426,WATCH_CANDIDATE,SUPPORT_CONFIRMED,True,5,NOT_EVALUATED,0,0.0,0.0,0.0
S6_ENTRY_E0_BASELINE,2025-09-19,002484,江海股份,s6setup-edd02d178efbc752c41c,WATCH_CANDIDATE,SUPPORT_FORMING,False,2,NOT_EVALUATED,0,0.0,0.0,0.0
S6_ENTRY_E0_BASELINE,2025-09-19,300394,天孚通信,s6setup-ae4b243983b20bc0b5f9,KEY_CANDIDATE,SUPPORT_CONFIRMED,True,4,RELIABLE,250,0.496,0.372,0.87111
S6_ENTRY_E0_BASELINE,2025-09-19,601877,正泰电器,s6setup-621fba1ef2b07aedcb06,KEY_CANDIDATE,SUPPORT_CONFIRMED,True,5,NOT_EVALUATED,0,0.0,0.0,0.0
S6_ENTRY_E0_BASELINE,2025-09-19,688183,生益电子,s6setup-c454dce9dae0a5eac1f5,WATCH_CANDIDATE,NOT_APPLICABLE,False,0,NOT_EVALUATED,0,0.0,0.0,0.0
S6_ENTRY_E0_BASELINE,2025-09-19,688235,百济神州,s6setup-769745a929022e58a476,KEY_CANDIDATE,SUPPORT_FORMING,False,2,NOT_EVALUATED,0,0.0,0.0,0.0
S6_ENTRY_E0_BASELINE,2025-09-19,688331,荣昌生物,s6setup-e053c4492bbcb3016b5a,WATCH_CANDIDATE,NOT_APPLICABLE,False,0,NOT_EVALUATED,0,0.0,0.0,0.0
S6_ENTRY_E0_BASELINE,2025-09-22,300035,中科电气,s6setup-e1fa5ddd63e54797f3ee,KEY_CANDIDATE,SUPPORT_CONFIRMED,True,5,RELIABLE,250,0.52,0.316,1.149919
S6_ENTRY_E0_BASELINE,2025-09-22,300394,天孚通信,s6setup-ae4b243983b20bc0b5f9,KEY_CANDIDATE,SUPPORT_CONFIRMED,True,4,RELIABLE,250,0.42,0.332,0.917566
S6_ENTRY_E0_BASELINE,2025-09-22,300415,伊之密,s6setup-182e4147b9219916f379,WATCH_CANDIDATE,SUPPORT_FORMING,False,2,NOT_EVALUATED,0,0.0,0.0,0.0
S6_ENTRY_E0_BASELINE,2025-09-22,300990,同飞股份,s6setup-f8900fead8840a342b0e,WATCH_CANDIDATE,SUPPORT_CONFIRMED,True,5,NOT_EVALUATED,0,0.0,0.0,0.0
S6_ENTRY_E0_BASELINE,2025-09-22,603612,索通发展,s6setup-e2176f4c641347e3af3a,WATCH_CANDIDATE,SUPPORT_CONFIRMED,True,4,NOT_EVALUATED,0,0.0,0.0,0.0
S6_ENTRY_E0_BASELINE,2025-09-22,688063,派能科技,s6setup-c2fd1a235da71c264e7e,KEY_CANDIDATE,SUPPORT_CONFIRMED,True,5,NOT_EVALUATED,0,0.0,0.0,0.0
S6_ENTRY_E0_BASELINE,2025-09-22,688141,杰华特,s6setup-1533be6620f7e49b28f6,KEY_CANDIDATE,SUPPORT_CONFIRMED,True,5,RELIABLE,250,0.556,0.18,0.751832
S6_ENTRY_E0_BASELINE,2025-09-22,688183,生益电子,s6setup-8ad879673856045750cb,WATCH_CANDIDATE,NOT_APPLICABLE,False,0,NOT_EVALUATED,0,0.0,0.0,0.0
S6_ENTRY_E0_BASELINE,2025-09-22,688235,百济神州,s6setup-bea30948481b1e887e0f,KEY_CANDIDATE,SUPPORT_FORMING,False,4,NOT_EVALUATED,0,0.0,0.0,0.0
S6_ENTRY_E0_BASELINE,2025-09-22,688499,利元亨,s6setup-3fd254de526a65ccefaf,WATCH_CANDIDATE,SUPPORT_FORMING,False,4,NOT_EVALUATED,0,0.0,0.0,0.0
S6_ENTRY_E0_BASELINE,2025-09-23,002484,江海股份,s6setup-edd02d178efbc752c41c,WATCH_CANDIDATE,SUPPORT_CONFIRMED,True,4,NOT_EVALUATED,0,0.0,0.0,0.0
S6_ENTRY_E0_BASELINE,2025-09-23,300035,中科电气,s6setup-0997d5202e9b69bb5081,WATCH_CANDIDATE,NOT_APPLICABLE,False,0,NOT_EVALUATED,0,0.0,0.0,0.0
S6_ENTRY_E0_BASELINE,2025-09-23,300394,天孚通信,s6setup-cac8a1d8746ec62e8f7e,KEY_CANDIDATE,SUPPORT_CONFIRMED,True,4,RELIABLE,250,0.492,0.368,1.035328
S6_ENTRY_E0_BASELINE,2025-09-23,300990,同飞股份,s6setup-f4d7e7ab7d7a245c87eb,WATCH_CANDIDATE,NOT_APPLICABLE,False,0,NOT_EVALUATED,0,0.0,0.0,0.0
S6_ENTRY_E0_BASELINE,2025-09-23,688013,天臣医疗,s6setup-d80f2ced0e3cb981c9af,WATCH_CANDIDATE,NOT_APPLICABLE,False,0,NOT_EVALUATED,0,0.0,0.0,0.0
S6_ENTRY_E0_BASELINE,2025-09-23,688141,杰华特,s6setup-1533be6620f7e49b28f6,KEY_CANDIDATE,SUPPORT_FORMING,False,4,RELIABLE,250,0.636,0.208,0.787012
S6_ENTRY_E0_BASELINE,2025-09-23,688183,生益电子,s6setup-6e322181eb4a62bec9dd,WATCH_CANDIDATE,NOT_APPLICABLE,False,0,NOT_EVALUATED,0,0.0,0.0,0.0
S6_ENTRY_E0_BASELINE,2025-09-23,688331,荣昌生物,s6setup-767c1a94d9d24c05438b,WATCH_CANDIDATE,SUPPORT_CONFIRMED,True,3,NOT_EVALUATED,0,0.0,0.0,0.0
S6_ENTRY_E0_BASELINE,2025-09-23,688499,利元亨,s6setup-3fd254de526a65ccefaf,WATCH_CANDIDATE,SUPPORT_FORMING,False,4,NOT_EVALUATED,0,0.0,0.0,0.0
S6_ENTRY_E0_BASELINE,2025-09-24,002074,国轩高科,s6setup-ddd242a85968b864c223,WATCH_CANDIDATE,SUPPORT_FORMING,False,4,NOT_EVALUATED,0,0.0,0.0,0.0
S6_ENTRY_E0_BASELINE,2025-09-24,300790,宇瞳光学,s6setup-9b48a0dfdfd7ea144be2,WATCH_CANDIDATE,SUPPORT_CONFIRMED,True,5,NOT_EVALUATED,0,0.0,0.0,0.0
S6_ENTRY_E0_BASELINE,2025-09-24,688183,生益电子,s6setup-3ab98ba4e6aa6ee621c4,WATCH_CANDIDATE,NOT_APPLICABLE,False,0,NOT_EVALUATED,0,0.0,0.0,0.0
S6_ENTRY_E0_BASELINE,2025-09-24,688235,百济神州,s6setup-6364bf1d4be532256cf2,KEY_CANDIDATE,SUPPORT_CONFIRMED,True,5,NOT_EVALUATED,0,0.0,0.0,0.0
S6_ENTRY_E0_BASELINE,2025-09-24,688331,荣昌生物,s6setup-8c876f4b12b2d5d5fd20,WATCH_CANDIDATE,SUPPORT_CONFIRMED,True,5,NOT_EVALUATED,0,0.0,0.0,0.0
S6_ENTRY_E0_BASELINE,2025-09-24,688388,嘉元科技,s6setup-374aba872fa4f996a037,WATCH_CANDIDATE,NOT_APPLICABLE,False,0,NOT_EVALUATED,0,0.0,0.0,0.0
S6_ENTRY_E0_BASELINE,2025-09-24,688779,五矿新能,s6setup-17d26768cf8c49e6074e,WATCH_CANDIDATE,SUPPORT_CONFIRMED,True,5,NOT_EVALUATED,0,0.0,0.0,0.0
S6_ENTRY_E0_BASELINE,2025-09-25,000426,兴业银锡,s6setup-fb9f1459e01656d3a6f2,WATCH_CANDIDATE,NOT_APPLICABLE,False,0,NOT_EVALUATED,0,0.0,0.0,0.0
S6_ENTRY_E0_BASELINE,2025-09-25,000796,凯撒旅业,s6setup-bba77eab5c130632d0e3,WATCH_CANDIDATE,SUPPORT_CONFIRMED,True,5,NOT_EVALUATED,0,0.0,0.0,0.0
S6_ENTRY_E0_BASELINE,2025-09-25,002074,国轩高科,s6setup-ddd242a85968b864c223,WATCH_CANDIDATE,NOT_APPLICABLE,False,0,NOT_EVALUATED,0,0.0,0.0,0.0
S6_ENTRY_E0_BASELINE,2025-09-25,002407,多氟多,s6setup-5b781edcd82a9664c916,KEY_CANDIDATE,SUPPORT_CONFIRMED,True,3,NOT_EVALUATED,0,0.0,0.0,0.0
S6_ENTRY_E0_BASELINE,2025-09-25,300035,中科电气,s6setup-05c1b4d829f66812bd4e,WATCH_CANDIDATE,SUPPORT_CONFIRMED,True,3,NOT_EVALUATED,0,0.0,0.0,0.0
S6_ENTRY_E0_BASELINE,2025-09-25,300568,星源材质,s6setup-264b4fa1922eeea044ab,READY_CANDIDATE,SUPPORT_CONFIRMED,True,3,NOT_EVALUATED,0,0.0,0.0,0.0
S6_ENTRY_E0_BASELINE,2025-09-25,300619,金银河,s6setup-922230b3e37111fd7d82,WATCH_CANDIDATE,SUPPORT_CONFIRMED,True,3,NOT_EVALUATED,0,0.0,0.0,0.0
S6_ENTRY_E0_BASELINE,2025-09-25,300772,运达股份,s6setup-7ab0e59e9fb2a5694aa0,WATCH_CANDIDATE,NOT_APPLICABLE,False,0,NOT_EVALUATED,0,0.0,0.0,0.0
S6_ENTRY_E0_BASELINE,2025-09-25,600276,恒瑞医药,s6setup-a62f87e4b34911f97b44,WATCH_CANDIDATE,SUPPORT_CONFIRMED,True,4,NOT_EVALUATED,0,0.0,0.0,0.0
S6_ENTRY_E0_BASELINE,2025-09-25,600362,江西铜业,s6setup-45ac314161c5cdbd49ed,WATCH_CANDIDATE,SUPPORT_CONFIRMED,True,4,NOT_EVALUATED,0,0.0,0.0,0.0
S6_ENTRY_E0_BASELINE,2025-09-25,603319,美湖股份,s6setup-33a8d4b25d72b3dc0baa,WATCH_CANDIDATE,SUPPORT_CONFIRMED,True,4,NOT_EVALUATED,0,0.0,0.0,0.0
S6_ENTRY_E0_BASELINE,2025-09-25,688116,天奈科技,s6setup-cecb0529ee0f187d6279,WATCH_CANDIDATE,SUPPORT_CONFIRMED,True,3,RELIABLE,250,0.884,0.356,1.315826
S6_ENTRY_E0_BASELINE,2025-09-25,688235,百济神州,s6setup-4e007621adf207db42e2,KEY_CANDIDATE,SUPPORT_CONFIRMED,True,4,NOT_EVALUATED,0,0.0,0.0,0.0
S6_ENTRY_E0_BASELINE,2025-09-25,688331,荣昌生物,s6setup-a010857fd580d388330c,WATCH_CANDIDATE,NOT_APPLICABLE,False,0,NOT_EVALUATED,0,0.0,0.0,0.0
S6_ENTRY_E0_BASELINE,2025-09-25,688388,嘉元科技,s6setup-711c59be807f5bfa2e8a,WATCH_CANDIDATE,NOT_APPLICABLE,False,0,NOT_EVALUATED,0,0.0,0.0,0.0
S6_ENTRY_E0_BASELINE,2025-09-25,688779,五矿新能,s6setup-affd795824619560ce8c,KEY_CANDIDATE,SUPPORT_CONFIRMED,True,5,NOT_EVALUATED,0,0.0,0.0,0.0
S6_ENTRY_E0_BASELINE,2025-09-26,300953,震裕科技,s6setup-1e6cb85e40e24aac5c88,WATCH_CANDIDATE,SUPPORT_CONFIRMED,True,3,RELIABLE,250,0.724,0.252,1.07563
S6_ENTRY_E0_BASELINE,2025-09-26,603119,浙江荣泰,s6setup-796cb0a388ba90add440,WATCH_CANDIDATE,NOT_APPLICABLE,False,0,NOT_EVALUATED,0,0.0,0.0,0.0
S6_ENTRY_E0_BASELINE,2025-09-26,603319,美湖股份,s6setup-33a8d4b25d72b3dc0baa,KEY_CANDIDATE,NOT_APPLICABLE,False,0,NOT_EVALUATED,0,0.0,0.0,0.0
S6_ENTRY_E0_BASELINE,2025-09-26,688017,绿的谐波,s6setup-ccd52baaab642b15b1c7,KEY_CANDIDATE,NOT_APPLICABLE,False,0,NOT_EVALUATED,0,0.0,0.0,0.0
S6_ENTRY_E0_BASELINE,2025-09-26,688116,天奈科技,s6setup-cecb0529ee0f187d6279,WATCH_CANDIDATE,NOT_APPLICABLE,False,0,NOT_EVALUATED,0,0.0,0.0,0.0
S6_ENTRY_E0_BASELINE,2025-09-26,688131,皓元医药,s6setup-de8a35130200259e121c,WATCH_CANDIDATE,SUPPORT_CONFIRMED,True,4,RELIABLE,250,0.916,0.352,1.39934
S6_ENTRY_E0_BASELINE,2025-09-26,688388,嘉元科技,s6setup-34da95e8348a8043649f,WATCH_CANDIDATE,SUPPORT_CONFIRMED,True,3,RELIABLE,250,0.78,0.304,1.333526
S6_ENTRY_E0_BASELINE,2025-09-26,688779,五矿新能,s6setup-affd795824619560ce8c,WATCH_CANDIDATE,SUPPORT_CONFIRMED,True,3,NOT_EVALUATED,0,0.0,0.0,0.0
S6_ENTRY_E0_BASELINE,2025-09-29,002074,国轩高科,s6setup-4e0d8a63acdc01f12ff1,WATCH_CANDIDATE,SUPPORT_CONFIRMED,True,5,NOT_EVALUATED,0,0.0,0.0,0.0
S6_ENTRY_E0_BASELINE,2025-09-29,002779,中坚科技,s6setup-5b9954ffa38d55aae644,WATCH_CANDIDATE,NOT_APPLICABLE,False,0,NOT_EVALUATED,0,0.0,0.0,0.0
S6_ENTRY_E0_BASELINE,2025-09-29,003021,兆威机电,s6setup-77c168047de37b309dbb,WATCH_CANDIDATE,SUPPORT_CONFIRMED,True,5,NOT_EVALUATED,0,0.0,0.0,0.0
S6_ENTRY_E0_BASELINE,2025-09-29,301150,中一科技,s6setup-b8ad5334d77d0885e535,KEY_CANDIDATE,SUPPORT_CONFIRMED,True,5,NOT_EVALUATED,0,0.0,0.0,0.0
S6_ENTRY_E0_BASELINE,2025-09-29,601069,西部黄金,s6setup-6100ae38d450adf8a83d,WATCH_CANDIDATE,NOT_APPLICABLE,False,0,NOT_EVALUATED,0,0.0,0.0,0.0
S6_ENTRY_E0_BASELINE,2025-09-29,603319,美湖股份,s6setup-8e5ebc79909a2668e31d,WATCH_CANDIDATE,NOT_APPLICABLE,False,0,NOT_EVALUATED,0,0.0,0.0,0.0
S6_ENTRY_E0_BASELINE,2025-09-29,688017,绿的谐波,s6setup-ccd52baaab642b15b1c7,WATCH_CANDIDATE,NOT_APPLICABLE,False,0,NOT_EVALUATED,0,0.0,0.0,0.0
S6_ENTRY_E0_BASELINE,2025-09-29,688779,五矿新能,s6setup-329719f11f68a21d977c,WATCH_CANDIDATE,NOT_APPLICABLE,False,0,NOT_EVALUATED,0,0.0,0.0,0.0
S6_ENTRY_E0_BASELINE,2025-09-30,002074,国轩高科,s6setup-22f3945be4f6dee4012f,WATCH_CANDIDATE,SUPPORT_CONFIRMED,True,5,NOT_EVALUATED,0,0.0,0.0,0.0
S6_ENTRY_E0_BASELINE,2025-09-30,002176,江特电机,s6setup-6b6ff969af11dd8937ab,WATCH_CANDIDATE,SUPPORT_CONFIRMED,True,5,RELIABLE,250,0.708,0.332,0.834443
S6_ENTRY_E0_BASELINE,2025-09-30,002183,怡 亚 通,s6setup-c1dded25a893939cb221,KEY_CANDIDATE,SUPPORT_CONFIRMED,True,5,NOT_EVALUATED,0,0.0,0.0,0.0
S6_ENTRY_E0_BASELINE,2025-09-30,002624,完美世界,s6setup-f9859bec5b06a4db59b1,WATCH_CANDIDATE,WAITING_BREAKOUT,False,0,RELIABLE,250,0.584,0.444,0.345941
S6_ENTRY_E0_BASELINE,2025-09-30,002779,中坚科技,s6setup-5b9954ffa38d55aae644,WATCH_CANDIDATE,SUPPORT_CONFIRMED,True,3,NOT_EVALUATED,0,0.0,0.0,0.0
S6_ENTRY_E0_BASELINE,2025-09-30,002916,深南电路,s6setup-c757cc2e63e23d207547,WATCH_CANDIDATE,SUPPORT_CONFIRMED,True,3,RELIABLE,250,0.792,0.328,1.144382
S6_ENTRY_E0_BASELINE,2025-09-30,300007,汉威科技,s6setup-4f7fa1af5e31b7da1c19,WATCH_CANDIDATE,NOT_APPLICABLE,False,0,NOT_EVALUATED,0,0.0,0.0,0.0
S6_ENTRY_E0_BASELINE,2025-09-30,300331,苏大维格,s6setup-5fbf8ac3bf6446ab47a8,WATCH_CANDIDATE,SUPPORT_CONFIRMED,True,4,NOT_EVALUATED,0,0.0,0.0,0.0
S6_ENTRY_E0_BASELINE,2025-09-30,300469,信息发展,s6setup-9b076a7334c850f93fd0,WATCH_CANDIDATE,SUPPORT_FORMING,False,3,NOT_EVALUATED,0,0.0,0.0,0.0
S6_ENTRY_E0_BASELINE,2025-09-30,600489,中金黄金,s6setup-6df7b0e8295664e5943a,WATCH_CANDIDATE,NOT_APPLICABLE,False,0,NOT_EVALUATED,0,0.0,0.0,0.0
S6_ENTRY_E0_BASELINE,2025-09-30,601138,工业富联,s6setup-549b8b40985a235e30cd,WATCH_CANDIDATE,NOT_APPLICABLE,False,0,NOT_EVALUATED,0,0.0,0.0,0.0
S6_ENTRY_E0_BASELINE,2025-09-30,601208,东材科技,s6setup-81cc4960a1a3257ec94d,WATCH_CANDIDATE,SUPPORT_CONFIRMED,True,3,NOT_EVALUATED,0,0.0,0.0,0.0
S6_ENTRY_E0_BASELINE,2025-09-30,601872,招商轮船,s6setup-279667d2b1b01bdb0a95,WATCH_CANDIDATE,SUPPORT_CONFIRMED,True,5,NOT_EVALUATED,0,0.0,0.0,0.0
S6_ENTRY_E0_BASELINE,2025-09-30,603119,浙江荣泰,s6setup-2374b9d39f87fc8f74cb,WATCH_CANDIDATE,SUPPORT_CONFIRMED,True,4,RELIABLE,250,0.804,0.416,1.304871
S6_ENTRY_E0_BASELINE,2025-09-30,603179,新泉股份,s6setup-6762e812ce871789c37b,WATCH_CANDIDATE,NOT_APPLICABLE,False,0,NOT_EVALUATED,0,0.0,0.0,0.0
S6_ENTRY_E0_BASELINE,2025-09-30,603319,美湖股份,s6setup-8e5ebc79909a2668e31d,WATCH_CANDIDATE,SUPPORT_CONFIRMED,True,4,NOT_EVALUATED,0,0.0,0.0,0.0
S6_ENTRY_E0_BASELINE,2025-09-30,688779,五矿新能,s6setup-83acccd9d7560dd2a726,WATCH_CANDIDATE,NOT_APPLICABLE,False,0,NOT_EVALUATED,0,0.0,0.0,0.0
S6_ENTRY_E0_BASELINE,2025-10-09,002008,大族激光,s6setup-c41cf311890f660da644,WATCH_CANDIDATE,SUPPORT_CONFIRMED,True,3,NOT_EVALUATED,0,0.0,0.0,0.0
S6_ENTRY_E0_BASELINE,2025-10-09,002164,宁波东力,s6setup-6ea15fe5658413a537eb,WATCH_CANDIDATE,NOT_APPLICABLE,False,0,NOT_EVALUATED,0,0.0,0.0,0.0
S6_ENTRY_E0_BASELINE,2025-10-09,002176,江特电机,s6setup-6b6ff969af11dd8937ab,WATCH_CANDIDATE,NOT_APPLICABLE,False,0,NOT_EVALUATED,0,0.0,0.0,0.0
S6_ENTRY_E0_BASELINE,2025-10-09,002182,宝武镁业,s6setup-cf3d675d3aee8f032232,WATCH_CANDIDATE,NOT_APPLICABLE,False,0,NOT_EVALUATED,0,0.0,0.0,0.0
S6_ENTRY_E0_BASELINE,2025-10-09,002183,怡 亚 通,s6setup-c1dded25a893939cb221,WATCH_CANDIDATE,NOT_APPLICABLE,False,0,NOT_EVALUATED,0,0.0,0.0,0.0
S6_ENTRY_E0_BASELINE,2025-10-09,002436,兴森科技,s6setup-d8d831c89fa9b91181f2,WATCH_CANDIDATE,SUPPORT_CONFIRMED,True,4,NOT_EVALUATED,0,0.0,0.0,0.0
S6_ENTRY_E0_BASELINE,2025-10-09,002624,完美世界,s6setup-f9859bec5b06a4db59b1,WATCH_CANDIDATE,SUPPORT_FORMING,False,2,NOT_EVALUATED,0,0.0,0.0,0.0
S6_ENTRY_E0_BASELINE,2025-10-09,002683,广东宏大,s6setup-f2b2b481551a05209173,WATCH_CANDIDATE,WAITING_BREAKOUT,False,0,NOT_EVALUATED,0,0.0,0.0,0.0
S6_ENTRY_E0_BASELINE,2025-10-09,003021,兆威机电,s6setup-8fc5eb945042a136f608,WATCH_CANDIDATE,SUPPORT_CONFIRMED,True,5,NOT_EVALUATED,0,0.0,0.0,0.0
S6_ENTRY_E0_BASELINE,2025-10-09,300007,汉威科技,s6setup-eba4cf7be83b461c8a78,WATCH_CANDIDATE,SUPPORT_FORMING,False,2,NOT_EVALUATED,0,0.0,0.0,0.0
S6_ENTRY_E0_BASELINE,2025-10-09,300660,江苏雷利,s6setup-0e6ccbcbcebf1b5b283a,WATCH_CANDIDATE,SUPPORT_CONFIRMED,True,5,NOT_EVALUATED,0,0.0,0.0,0.0
S6_ENTRY_E0_BASELINE,2025-10-09,300680,隆盛科技,s6setup-31e9deb4faca4adbd7fb,KEY_CANDIDATE,SUPPORT_FORMING,False,2,NOT_EVALUATED,0,0.0,0.0,0.0
S6_ENTRY_E0_BASELINE,2025-10-09,600114,东睦股份,s6setup-188dd61e30dad51706d0,WATCH_CANDIDATE,SUPPORT_CONFIRMED,True,3,NOT_EVALUATED,0,0.0,0.0,0.0
S6_ENTRY_E0_BASELINE,2025-10-09,601138,工业富联,s6setup-549b8b40985a235e30cd,WATCH_CANDIDATE,NOT_APPLICABLE,False,0,NOT_EVALUATED,0,0.0,0.0,0.0
S6_ENTRY_E0_BASELINE,2025-10-09,603119,浙江荣泰,s6setup-c5ff5044c6a383480dae,WATCH_CANDIDATE,SUPPORT_CONFIRMED,True,3,NOT_EVALUATED,0,0.0,0.0,0.0
S6_ENTRY_E0_BASELINE,2025-10-09,603308,应流股份,s6setup-eb3d08c4e6d4e02cf9b9,WATCH_CANDIDATE,NOT_APPLICABLE,False,0,NOT_EVALUATED,0,0.0,0.0,0.0
S6_ENTRY_E0_BASELINE,2025-10-09,688017,绿的谐波,s6setup-9fc8b9246cea1f486934,WATCH_CANDIDATE,SUPPORT_CONFIRMED,True,4,RELIABLE,250,0.832,0.268,0.976542
S6_ENTRY_E0_BASELINE,2025-10-09,688141,杰华特,s6setup-a002f9a0d0eff15e47b7,WATCH_CANDIDATE,SUPPORT_CONFIRMED,True,4,NOT_EVALUATED,0,0.0,0.0,0.0
S6_ENTRY_E0_BASELINE,2025-10-09,688167,炬光科技,s6setup-5108d3f94d5e98e23292,WATCH_CANDIDATE,SUPPORT_CONFIRMED,True,5,NOT_EVALUATED,0,0.0,0.0,0.0
S6_ENTRY_E0_BASELINE,2025-10-09,688234,天岳先进,s6setup-ca55c52aa162f3095096,WATCH_CANDIDATE,SUPPORT_CONFIRMED,True,5,NOT_EVALUATED,0,0.0,0.0,0.0
S6_ENTRY_E0_BASELINE,2025-10-10,002176,江特电机,s6setup-b1b5adfd7a0f4fe905f7,WATCH_CANDIDATE,SUPPORT_CONFIRMED,True,3,RELIABLE,250,0.568,0.252,0.975332
S6_ENTRY_E0_BASELINE,2025-10-10,002335,科华数据,s6setup-80810a7e40509e905d2e,WATCH_CANDIDATE,SUPPORT_FORMING,False,2,NOT_EVALUATED,0,0.0,0.0,0.0
S6_ENTRY_E0_BASELINE,2025-10-10,002463,沪电股份,s6setup-2e48c0ac952559a9f304,WATCH_CANDIDATE,SUPPORT_FORMING,False,2,NOT_EVALUATED,0,0.0,0.0,0.0
S6_ENTRY_E0_BASELINE,2025-10-10,002683,广东宏大,s6setup-f2b2b481551a05209173,WATCH_CANDIDATE,SUPPORT_CONFIRMED,True,4,NOT_EVALUATED,0,0.0,0.0,0.0
S6_ENTRY_E0_BASELINE,2025-10-10,300660,江苏雷利,s6setup-0e6ccbcbcebf1b5b283a,WATCH_CANDIDATE,SUPPORT_CONFIRMED,True,3,NOT_EVALUATED,0,0.0,0.0,0.0
S6_ENTRY_E0_BASELINE,2025-10-10,300680,隆盛科技,s6setup-31e9deb4faca4adbd7fb,KEY_CANDIDATE,SUPPORT_CONFIRMED,True,3,NOT_EVALUATED,0,0.0,0.0,0.0
S6_ENTRY_E0_BASELINE,2025-10-10,300953,震裕科技,s6setup-58797812908225647959,WATCH_CANDIDATE,NOT_APPLICABLE,False,0,NOT_EVALUATED,0,0.0,0.0,0.0
S6_ENTRY_E0_BASELINE,2025-10-10,600114,东睦股份,s6setup-4ff0c1cc1b101a9b9057,WATCH_CANDIDATE,SUPPORT_CONFIRMED,True,4,NOT_EVALUATED,0,0.0,0.0,0.0
S6_ENTRY_E0_BASELINE,2025-10-10,600143,金发科技,s6setup-64401623e5c8301b2bfd,WATCH_CANDIDATE,SUPPORT_CONFIRMED,True,3,NOT_EVALUATED,0,0.0,0.0,0.0
S6_ENTRY_E0_BASELINE,2025-10-10,601138,工业富联,s6setup-549b8b40985a235e30cd,WATCH_CANDIDATE,NOT_APPLICABLE,False,0,NOT_EVALUATED,0,0.0,0.0,0.0
S6_ENTRY_E0_BASELINE,2025-10-10,603308,应流股份,s6setup-6bf102eefcbf962310f2,WATCH_CANDIDATE,NOT_APPLICABLE,False,0,NOT_EVALUATED,0,0.0,0.0,0.0
S6_ENTRY_E0_BASELINE,2025-10-10,688017,绿的谐波,s6setup-7a3c8cafe5d006caa7a2,KEY_CANDIDATE,SUPPORT_FORMING,False,2,RELIABLE,250,0.608,0.28,0.828969
S6_ENTRY_E0_BASELINE,2025-10-10,688141,杰华特,s6setup-c717c93a011d4cfbfb0e,WATCH_CANDIDATE,NOT_APPLICABLE,False,0,NOT_EVALUATED,0,0.0,0.0,0.0
S6_ENTRY_E0_BASELINE,2025-10-13,688141,杰华特,s6setup-3cd169f2df8338164e66,WATCH_CANDIDATE,NOT_APPLICABLE,False,0,NOT_EVALUATED,0,0.0,0.0,0.0
S6_ENTRY_E0_BASELINE,2025-10-16,002518,科士达,s6setup-738120e21d1a406dc0b5,WATCH_CANDIDATE,NOT_APPLICABLE,False,0,NOT_EVALUATED,0,0.0,0.0,0.0
S6_ENTRY_E0_BASELINE,2025-10-17,002210,飞马国际,s6setup-7157d5833e9cba4d9d1b,KEY_CANDIDATE,SUPPORT_CONFIRMED,True,3,RELIABLE,250,0.624,0.264,1.10197
S6_ENTRY_E0_BASELINE,2025-10-17,300073,当升科技,s6setup-20517d0e7a512fd83e92,KEY_CANDIDATE,SUPPORT_CONFIRMED,True,3,RELIABLE,250,0.528,0.32,1.336592
S6_ENTRY_E0_BASELINE,2025-10-20,002249,大洋电机,s6setup-a65b62c2e98f9ab6f8f2,KEY_CANDIDATE,SUPPORT_CONFIRMED,True,5,NOT_EVALUATED,0,0.0,0.0,0.0
S6_ENTRY_E0_BASELINE,2025-10-20,300073,当升科技,s6setup-6aaf4bd6d838fdf1316e,KEY_CANDIDATE,NOT_APPLICABLE,False,0,NOT_EVALUATED,0,0.0,0.0,0.0
S6_ENTRY_E0_BASELINE,2025-10-20,300507,苏奥传感,s6setup-3aa58fbead45c91c50b2,WATCH_CANDIDATE,SUPPORT_FORMING,False,2,NOT_EVALUATED,0,0.0,0.0,0.0
S6_ENTRY_E0_BASELINE,2025-10-21,002249,大洋电机,s6setup-223a945d2479dceaccc4,WATCH_CANDIDATE,NOT_APPLICABLE,False,0,NOT_EVALUATED,0,0.0,0.0,0.0
S6_ENTRY_E0_BASELINE,2025-10-21,002709,天赐材料,s6setup-0c843cc5db500181bac6,WATCH_CANDIDATE,SUPPORT_CONFIRMED,True,4,NOT_EVALUATED,0,0.0,0.0,0.0
S6_ENTRY_E0_BASELINE,2025-10-21,300073,当升科技,s6setup-b462b4d77066b05af091,KEY_CANDIDATE,SUPPORT_CONFIRMED,True,3,RELIABLE,250,0.54,0.328,1.243601
S6_ENTRY_E0_BASELINE,2025-10-21,300507,苏奥传感,s6setup-f26a8499b91549be5903,WATCH_CANDIDATE,SUPPORT_FORMING,False,4,NOT_EVALUATED,0,0.0,0.0,0.0
S6_ENTRY_E0_BASELINE,2025-10-21,300604,长川科技,s6setup-de80a953d02eacc30e5d,KEY_CANDIDATE,SUPPORT_FORMING,False,4,NOT_EVALUATED,0,0.0,0.0,0.0
S6_ENTRY_E0_BASELINE,2025-10-21,603786,科博达,s6setup-0b0ba46814574b34fc35,KEY_CANDIDATE,SUPPORT_CONFIRMED,True,5,NOT_EVALUATED,0,0.0,0.0,0.0
S6_ENTRY_E0_BASELINE,2025-10-21,688019,安集科技,s6setup-940f40f9768978882465,WATCH_CANDIDATE,NOT_APPLICABLE,False,0,NOT_EVALUATED,0,0.0,0.0,0.0
S6_ENTRY_E0_BASELINE,2025-10-21,688072,拓荆科技,s6setup-5aacc296dcfaa98adfe0,WATCH_CANDIDATE,SUPPORT_CONFIRMED,True,4,NOT_EVALUATED,0,0.0,0.0,0.0
S6_ENTRY_E0_BASELINE,2025-10-21,688082,盛美上海,s6setup-55d47d00c93b356eb6e2,KEY_CANDIDATE,SUPPORT_CONFIRMED,True,5,NOT_EVALUATED,0,0.0,0.0,0.0
S6_ENTRY_E0_BASELINE,2025-10-21,688469,芯联集成,s6setup-4f26f5b925788d16026b,WATCH_CANDIDATE,SUPPORT_CONFIRMED,True,5,NOT_EVALUATED,0,0.0,0.0,0.0
S6_ENTRY_E0_BASELINE,2025-10-21,688531,日联科技,s6setup-85c520ba0ce20277c4eb,WATCH_CANDIDATE,NOT_APPLICABLE,False,0,NOT_EVALUATED,0,0.0,0.0,0.0
S6_ENTRY_E0_BASELINE,2025-10-22,002150,正泰电源,s6setup-a0fd6d6bec6aad7bcb7a,WATCH_CANDIDATE,SUPPORT_CONFIRMED,True,3,NOT_EVALUATED,0,0.0,0.0,0.0
S6_ENTRY_E0_BASELINE,2025-10-22,002475,立讯精密,s6setup-278336658c72358f4295,WATCH_CANDIDATE,SUPPORT_CONFIRMED,True,3,NOT_EVALUATED,0,0.0,0.0,0.0
S6_ENTRY_E0_BASELINE,2025-10-22,300073,当升科技,s6setup-b462b4d77066b05af091,KEY_CANDIDATE,SUPPORT_FORMING,False,2,RELIABLE,250,0.528,0.36,1.082864
S6_ENTRY_E0_BASELINE,2025-10-22,300604,长川科技,s6setup-de80a953d02eacc30e5d,WATCH_CANDIDATE,SUPPORT_CONFIRMED,True,5,NOT_EVALUATED,0,0.0,0.0,0.0
S6_ENTRY_E0_BASELINE,2025-10-22,688072,拓荆科技,s6setup-cc4286b155eba87be70b,WATCH_CANDIDATE,SUPPORT_CONFIRMED,True,5,NOT_EVALUATED,0,0.0,0.0,0.0
S6_ENTRY_E0_BASELINE,2025-10-22,688082,盛美上海,s6setup-55d47d00c93b356eb6e2,KEY_CANDIDATE,SUPPORT_CONFIRMED,True,3,NOT_EVALUATED,0,0.0,0.0,0.0
S6_ENTRY_E0_BASELINE,2025-10-22,688388,嘉元科技,s6setup-87f0014e99781db37a79,WATCH_CANDIDATE,SUPPORT_CONFIRMED,True,4,RELIABLE,250,0.86,0.32,1.281506
S6_ENTRY_E0_BASELINE,2025-10-22,688469,芯联集成,s6setup-4f26f5b925788d16026b,WATCH_CANDIDATE,SUPPORT_FORMING,False,3,NOT_EVALUATED,0,0.0,0.0,0.0
S6_ENTRY_E0_BASELINE,2025-10-22,688531,日联科技,s6setup-c97604de9a5761e502f9,WATCH_CANDIDATE,SUPPORT_CONFIRMED,True,3,NOT_EVALUATED,0,0.0,0.0,0.0
S6_ENTRY_E0_BASELINE,2025-10-23,002150,正泰电源,s6setup-cddeebd3a9b6141abbcd,WATCH_CANDIDATE,NOT_APPLICABLE,False,0,NOT_EVALUATED,0,0.0,0.0,0.0
S6_ENTRY_E0_BASELINE,2025-10-23,300539,横河精密,s6setup-99d7bb8dad8b230a03d0,WATCH_CANDIDATE,SUPPORT_FORMING,False,2,NOT_EVALUATED,0,0.0,0.0,0.0
S6_ENTRY_E0_BASELINE,2025-10-23,601168,西部矿业,s6setup-fcdecb9da0a8c656bf74,WATCH_CANDIDATE,WAITING_BREAKOUT,False,0,NOT_EVALUATED,0,0.0,0.0,0.0
S6_ENTRY_E0_BASELINE,2025-10-23,688072,拓荆科技,s6setup-c76fb55067ee7b53a9ad,WATCH_CANDIDATE,NOT_APPLICABLE,False,0,NOT_EVALUATED,0,0.0,0.0,0.0
S6_ENTRY_E0_BASELINE,2025-10-23,688123,聚辰股份,s6setup-5100f9abeba05aecb98d,WATCH_CANDIDATE,SUPPORT_CONFIRMED,True,4,RELIABLE,250,0.612,0.208,0.865093
S6_ENTRY_E0_BASELINE,2025-10-23,688525,佰维存储,s6setup-2ea1587f9593e4876763,WATCH_CANDIDATE,SUPPORT_FORMING,False,4,NOT_EVALUATED,0,0.0,0.0,0.0
S6_ENTRY_E0_BASELINE,2025-10-24,000630,铜陵有色,s6setup-60d6fd6b2c2cbebf8e4f,KEY_CANDIDATE,NOT_APPLICABLE,False,0,NOT_EVALUATED,0,0.0,0.0,0.0
S6_ENTRY_E0_BASELINE,2025-10-24,000878,云南铜业,s6setup-b188f38397ff23ca20f3,WATCH_CANDIDATE,NOT_APPLICABLE,False,0,NOT_EVALUATED,0,0.0,0.0,0.0
S6_ENTRY_E0_BASELINE,2025-10-24,002156,通富微电,s6setup-8f05572f8470a60dffd7,WATCH_CANDIDATE,NOT_APPLICABLE,False,0,NOT_EVALUATED,0,0.0,0.0,0.0
S6_ENTRY_E0_BASELINE,2025-10-24,300274,阳光电源,s6setup-97855adfeab9799975d5,WATCH_CANDIDATE,NOT_APPLICABLE,False,0,NOT_EVALUATED,0,0.0,0.0,0.0
S6_ENTRY_E0_BASELINE,2025-10-24,300539,横河精密,s6setup-a5a86bfd984507ceb868,WATCH_CANDIDATE,SUPPORT_FORMING,False,2,NOT_EVALUATED,0,0.0,0.0,0.0
S6_ENTRY_E0_BASELINE,2025-10-24,300604,长川科技,s6setup-4151d272f01653b16d89,WATCH_CANDIDATE,SUPPORT_CONFIRMED,True,5,NOT_EVALUATED,0,0.0,0.0,0.0
S6_ENTRY_E0_BASELINE,2025-10-24,600362,江西铜业,s6setup-5f9d2b49198822facc04,WATCH_CANDIDATE,SUPPORT_CONFIRMED,True,5,NOT_EVALUATED,0,0.0,0.0,0.0
S6_ENTRY_E0_BASELINE,2025-10-24,601168,西部矿业,s6setup-963e885d502821cc389e,WATCH_CANDIDATE,NOT_APPLICABLE,False,0,NOT_EVALUATED,0,0.0,0.0,0.0
S6_ENTRY_E0_BASELINE,2025-10-24,601218,吉鑫科技,s6setup-931daa23d1fa27a6c286,WATCH_CANDIDATE,SUPPORT_CONFIRMED,True,3,NOT_EVALUATED,0,0.0,0.0,0.0
S6_ENTRY_E0_BASELINE,2025-10-24,603993,洛阳钼业,s6setup-abf04063308da2e9d179,WATCH_CANDIDATE,NOT_APPLICABLE,False,0,NOT_EVALUATED,0,0.0,0.0,0.0
S6_ENTRY_E0_BASELINE,2025-10-24,605358,立昂微,s6setup-1552d32801806320da78,WATCH_CANDIDATE,SUPPORT_CONFIRMED,True,5,NOT_EVALUATED,0,0.0,0.0,0.0
S6_ENTRY_E0_BASELINE,2025-10-24,688249,晶合集成,s6setup-0ad33087d3f08f6f45e1,WATCH_CANDIDATE,NOT_APPLICABLE,False,0,NOT_EVALUATED,0,0.0,0.0,0.0
S6_ENTRY_E0_BASELINE,2025-10-24,688469,芯联集成,s6setup-e22e593f68a130238a02,WATCH_CANDIDATE,NOT_APPLICABLE,False,0,NOT_EVALUATED,0,0.0,0.0,0.0
S6_ENTRY_E0_BASELINE,2025-10-27,000063,中兴通讯,s6setup-9c59ec914cec250db2fc,WATCH_CANDIDATE,NOT_APPLICABLE,False,0,NOT_EVALUATED,0,0.0,0.0,0.0
S6_ENTRY_E0_BASELINE,2025-10-27,000630,铜陵有色,s6setup-8932d40eff99a7ea0742,WATCH_CANDIDATE,NOT_APPLICABLE,False,0,NOT_EVALUATED,0,0.0,0.0,0.0
S6_ENTRY_E0_BASELINE,2025-10-27,000878,云南铜业,s6setup-c4676972ef6a87215a47,WATCH_CANDIDATE,NOT_APPLICABLE,False,0,NOT_EVALUATED,0,0.0,0.0,0.0
S6_ENTRY_E0_BASELINE,2025-10-27,002156,通富微电,s6setup-e176d00e2386a8951895,WATCH_CANDIDATE,NOT_APPLICABLE,False,0,NOT_EVALUATED,0,0.0,0.0,0.0
S6_ENTRY_E0_BASELINE,2025-10-27,002460,赣锋锂业,s6setup-732d9e80f8d3fe7bd051,KEY_CANDIDATE,NOT_APPLICABLE,False,0,NOT_EVALUATED,0,0.0,0.0,0.0
S6_ENTRY_E0_BASELINE,2025-10-27,300666,江丰电子,s6setup-36c375b3c156d1fb248e,WATCH_CANDIDATE,SUPPORT_CONFIRMED,True,5,NOT_EVALUATED,0,0.0,0.0,0.0
S6_ENTRY_E0_BASELINE,2025-10-27,600577,精达股份,s6setup-03e742594afed14a3aac,WATCH_CANDIDATE,SUPPORT_CONFIRMED,True,5,NOT_EVALUATED,0,0.0,0.0,0.0
S6_ENTRY_E0_BASELINE,2025-10-27,601688,华泰证券,s6setup-e282d3272c07f66093d1,KEY_CANDIDATE,WAITING_BREAKOUT,False,0,NOT_EVALUATED,0,0.0,0.0,0.0
S6_ENTRY_E0_BASELINE,2025-10-27,603650,彤程新材,s6setup-e4e5d9e7c533b0bf2f40,WATCH_CANDIDATE,SUPPORT_CONFIRMED,True,4,NOT_EVALUATED,0,0.0,0.0,0.0
S6_ENTRY_E0_BASELINE,2025-10-27,603799,华友钴业,s6setup-15630377163f6c48d79f,WATCH_CANDIDATE,NOT_APPLICABLE,False,0,NOT_EVALUATED,0,0.0,0.0,0.0
S6_ENTRY_E0_BASELINE,2025-10-27,605358,立昂微,s6setup-1552d32801806320da78,KEY_CANDIDATE,NOT_APPLICABLE,False,0,NOT_EVALUATED,0,0.0,0.0,0.0
S6_ENTRY_E0_BASELINE,2025-10-27,688128,中国电研,s6setup-9f464a7256484e45a2c5,KEY_CANDIDATE,NOT_APPLICABLE,False,0,NOT_EVALUATED,0,0.0,0.0,0.0
S6_ENTRY_E0_BASELINE,2025-10-27,688409,富创精密,s6setup-2fea69aad44dbce802b3,WATCH_CANDIDATE,SUPPORT_CONFIRMED,True,5,NOT_EVALUATED,0,0.0,0.0,0.0
S6_ENTRY_E0_BASELINE,2025-10-27,688469,芯联集成,s6setup-0ebcda22e5fa9f307ed4,WATCH_CANDIDATE,NOT_APPLICABLE,False,0,NOT_EVALUATED,0,0.0,0.0,0.0
S6_ENTRY_E0_BASELINE,2025-10-28,002460,赣锋锂业,s6setup-12759454df13e708e003,KEY_CANDIDATE,SUPPORT_CONFIRMED,True,3,RELIABLE,250,0.564,0.288,1.062652
S6_ENTRY_E0_BASELINE,2025-10-28,300001,特锐德,s6setup-8e6c71012fb3d3d76322,WATCH_CANDIDATE,SUPPORT_CONFIRMED,True,3,NOT_EVALUATED,0,0.0,0.0,0.0
S6_ENTRY_E0_BASELINE,2025-10-28,300274,阳光电源,s6setup-97855adfeab9799975d5,WATCH_CANDIDATE,NOT_APPLICABLE,False,0,NOT_EVALUATED,0,0.0,0.0,0.0
S6_ENTRY_E0_BASELINE,2025-10-28,600089,特变电工,s6setup-425269feeefcb6ffd33a,WATCH_CANDIDATE,SUPPORT_CONFIRMED,True,3,NOT_EVALUATED,0,0.0,0.0,0.0
S6_ENTRY_E0_BASELINE,2025-10-28,600490,鹏欣资源,s6setup-a8f6e5e527714bb7679c,WATCH_CANDIDATE,SUPPORT_CONFIRMED,True,3,NOT_EVALUATED,0,0.0,0.0,0.0
S6_ENTRY_E0_BASELINE,2025-10-28,688361,中科飞测,s6setup-5ac0c6968f6c8479695f,KEY_CANDIDATE,SUPPORT_CONFIRMED,True,4,RELIABLE,250,0.508,0.252,0.659656
S6_ENTRY_E0_BASELINE,2025-10-28,688377,迪威尔,s6setup-ced7925d6efb35e890a4,WATCH_CANDIDATE,NOT_APPLICABLE,False,0,NOT_EVALUATED,0,0.0,0.0,0.0
S6_ENTRY_E0_BASELINE,2025-10-28,688409,富创精密,s6setup-45795528ad6336fc4943,WATCH_CANDIDATE,SUPPORT_CONFIRMED,True,3,NOT_EVALUATED,0,0.0,0.0,0.0
S6_ENTRY_E0_BASELINE,2025-10-29,002922,伊戈尔,s6setup-5c9ccba6d50768351f6a,WATCH_CANDIDATE,NOT_APPLICABLE,False,0,NOT_EVALUATED,0,0.0,0.0,0.0
S6_ENTRY_E0_BASELINE,2025-10-29,300073,当升科技,s6setup-20517d0e7a512fd83e92,WATCH_CANDIDATE,NOT_APPLICABLE,False,0,NOT_EVALUATED,0,0.0,0.0,0.0
S6_ENTRY_E0_BASELINE,2025-10-29,300127,银河磁体,s6setup-dc92fe3a0f3482c354f1,WATCH_CANDIDATE,SUPPORT_CONFIRMED,True,5,NOT_EVALUATED,0,0.0,0.0,0.0
S6_ENTRY_E0_BASELINE,2025-10-29,600490,鹏欣资源,s6setup-5ca17db33f87b3b76412,WATCH_CANDIDATE,SUPPORT_CONFIRMED,True,5,NOT_EVALUATED,0,0.0,0.0,0.0
S6_ENTRY_E0_BASELINE,2025-10-29,601218,吉鑫科技,s6setup-607d41629cbe3613d06c,KEY_CANDIDATE,NOT_APPLICABLE,False,0,NOT_EVALUATED,0,0.0,0.0,0.0
S6_ENTRY_E0_BASELINE,2025-10-29,601899,紫金矿业,s6setup-a90fde919ab2ebf75565,KEY_CANDIDATE,NOT_APPLICABLE,False,0,NOT_EVALUATED,0,0.0,0.0,0.0
S6_ENTRY_E0_BASELINE,2025-10-29,688109,品茗科技,s6setup-edf8e39b0ada683384e2,WATCH_CANDIDATE,NOT_APPLICABLE,False,0,NOT_EVALUATED,0,0.0,0.0,0.0
S6_ENTRY_E0_BASELINE,2025-10-30,002941,新疆交建,s6setup-a39177bc86e1234db634,KEY_CANDIDATE,SUPPORT_CONFIRMED,True,3,RELIABLE,250,0.504,0.26,1.296858
S6_ENTRY_E0_BASELINE,2025-10-30,600490,鹏欣资源,s6setup-ae5446c6b89c90cbe792,KEY_CANDIDATE,SUPPORT_CONFIRMED,True,3,NOT_EVALUATED,0,0.0,0.0,0.0
S6_ENTRY_E0_BASELINE,2025-10-30,601899,紫金矿业,s6setup-832812ec0a63395fcd77,KEY_CANDIDATE,NOT_APPLICABLE,False,0,NOT_EVALUATED,0,0.0,0.0,0.0
S6_ENTRY_E0_BASELINE,2025-10-30,688249,晶合集成,s6setup-8f4f7a006aabcd4114df,KEY_CANDIDATE,SUPPORT_CONFIRMED,True,3,RELIABLE,250,0.464,0.264,0.982879
S6_ENTRY_E0_BASELINE,2025-10-30,688377,迪威尔,s6setup-8afc0648c4d2f961429c,WATCH_CANDIDATE,SUPPORT_CONFIRMED,True,3,NOT_EVALUATED,0,0.0,0.0,0.0
S6_ENTRY_E0_BASELINE,2025-10-30,688480,赛恩斯,s6setup-1ee9a9afea96750fe1f1,KEY_CANDIDATE,SUPPORT_CONFIRMED,True,3,NOT_EVALUATED,0,0.0,0.0,0.0
S6_ENTRY_E0_BASELINE,2025-10-31,002941,新疆交建,s6setup-533e5bd7f8f75b92e0be,KEY_CANDIDATE,SUPPORT_CONFIRMED,True,4,NOT_EVALUATED,0,0.0,0.0,0.0
S6_ENTRY_E0_BASELINE,2025-10-31,600490,鹏欣资源,s6setup-6f74b0323bd14cc4c0e3,KEY_CANDIDATE,SUPPORT_CONFIRMED,True,3,NOT_EVALUATED,0,0.0,0.0,0.0
S6_ENTRY_E0_BASELINE,2025-10-31,601212,白银有色,s6setup-403eb70203523a546ba4,KEY_CANDIDATE,SUPPORT_CONFIRMED,True,3,RELIABLE,250,0.328,0.3,0.728874
S6_ENTRY_E0_BASELINE,2025-10-31,601899,紫金矿业,s6setup-4558a4761f57a6ac7229,KEY_CANDIDATE,SUPPORT_CONFIRMED,True,3,RELIABLE,250,0.516,0.256,1.154809
S6_ENTRY_E0_BASELINE,2025-10-31,688480,赛恩斯,s6setup-1ee9a9afea96750fe1f1,KEY_CANDIDATE,SUPPORT_FORMING,False,3,NOT_EVALUATED,0,0.0,0.0,0.0
S6_ENTRY_E0_BASELINE,2025-11-03,000980,众泰汽车,s6setup-0d0158e532de8c412535,WATCH_CANDIDATE,NOT_APPLICABLE,False,0,NOT_EVALUATED,0,0.0,0.0,0.0
S6_ENTRY_E0_BASELINE,2025-11-03,002941,新疆交建,s6setup-95b0f66b91a78501b282,KEY_CANDIDATE,SUPPORT_CONFIRMED,True,3,RELIABLE,250,0.5,0.26,1.289776
S6_ENTRY_E0_BASELINE,2025-11-05,300179,四方达,s6setup-9558daf0ee21fcc071b8,WATCH_CANDIDATE,SUPPORT_CONFIRMED,True,5,NOT_EVALUATED,0,0.0,0.0,0.0
S6_ENTRY_E0_BASELINE,2025-11-05,601288,农业银行,s6setup-41ce0257d5e0dfa67f84,WATCH_CANDIDATE,SUPPORT_CONFIRMED,True,5,NOT_EVALUATED,0,0.0,0.0,0.0
S6_ENTRY_E0_BASELINE,2025-11-05,688377,迪威尔,s6setup-ced7925d6efb35e890a4,WATCH_CANDIDATE,SUPPORT_FORMING,False,4,NOT_EVALUATED,0,0.0,0.0,0.0
S6_ENTRY_E0_BASELINE,2025-11-05,688663,新风光,s6setup-5d882ee7449828261d7b,WATCH_CANDIDATE,NOT_APPLICABLE,False,0,NOT_EVALUATED,0,0.0,0.0,0.0
S6_ENTRY_E0_BASELINE,2025-11-06,002171,楚江新材,s6setup-e055314d6892b431c9f1,WATCH_CANDIDATE,SUPPORT_FORMING,False,4,NOT_EVALUATED,0,0.0,0.0,0.0
S6_ENTRY_E0_BASELINE,2025-11-06,300179,四方达,s6setup-26d0c32d83cb8c011635,WATCH_CANDIDATE,SUPPORT_CONFIRMED,True,3,NOT_EVALUATED,0,0.0,0.0,0.0
S6_ENTRY_E0_BASELINE,2025-11-06,601288,农业银行,s6setup-1f36b9c74bc2cefe8a1e,WATCH_CANDIDATE,SUPPORT_CONFIRMED,True,4,NOT_EVALUATED,0,0.0,0.0,0.0
S6_ENTRY_E0_BASELINE,2025-11-06,688377,迪威尔,s6setup-ced7925d6efb35e890a4,KEY_CANDIDATE,SUPPORT_CONFIRMED,True,3,NOT_EVALUATED,0,0.0,0.0,0.0
S6_ENTRY_E0_BASELINE,2025-11-06,688585,上纬新材,s6setup-9a9bc7c3d2a7db553a40,WATCH_CANDIDATE,SUPPORT_CONFIRMED,True,5,NOT_EVALUATED,0,0.0,0.0,0.0
S6_ENTRY_E0_BASELINE,2025-11-07,300179,四方达,s6setup-e0c1e5ba70b875138868,WATCH_CANDIDATE,NOT_APPLICABLE,False,0,NOT_EVALUATED,0,0.0,0.0,0.0
S6_ENTRY_E0_BASELINE,2025-11-07,688377,迪威尔,s6setup-ced7925d6efb35e890a4,KEY_CANDIDATE,SUPPORT_CONFIRMED,True,3,NOT_EVALUATED,0,0.0,0.0,0.0
S6_ENTRY_E0_BASELINE,2025-11-10,001287,中电港,s6setup-8400bd32af8d497f3733,WATCH_CANDIDATE,SUPPORT_CONFIRMED,True,3,NOT_EVALUATED,0,0.0,0.0,0.0
S6_ENTRY_E0_BASELINE,2025-11-10,300308,中际旭创,s6setup-988348ddc9d2061c5eda,WATCH_CANDIDATE,SUPPORT_CONFIRMED,True,4,RELIABLE,250,0.58,0.268,1.087159
S6_ENTRY_E0_BASELINE,2025-11-10,301200,大族数控,s6setup-5c258545cef2aab3123a,WATCH_CANDIDATE,NOT_APPLICABLE,False,0,NOT_EVALUATED,0,0.0,0.0,0.0
S6_ENTRY_E0_BASELINE,2025-11-10,601608,中信重工,s6setup-1d95ad7f92b55763e0a8,WATCH_CANDIDATE,SUPPORT_CONFIRMED,True,4,NOT_EVALUATED,0,0.0,0.0,0.0
S6_ENTRY_E0_BASELINE,2025-11-10,688377,迪威尔,s6setup-ced7925d6efb35e890a4,WATCH_CANDIDATE,NOT_APPLICABLE,False,0,NOT_EVALUATED,0,0.0,0.0,0.0
S6_ENTRY_E0_BASELINE,2025-11-11,001287,中电港,s6setup-0ef40d7278ce749ab26a,KEY_CANDIDATE,SUPPORT_CONFIRMED,True,4,NOT_EVALUATED,0,0.0,0.0,0.0
S6_ENTRY_E0_BASELINE,2025-11-11,002171,楚江新材,s6setup-d1f1a0f12a210c1396a4,KEY_CANDIDATE,NOT_APPLICABLE,False,0,NOT_EVALUATED,0,0.0,0.0,0.0
S6_ENTRY_E0_BASELINE,2025-11-11,301200,大族数控,s6setup-2c4bbb328f5078d10720,WATCH_CANDIDATE,SUPPORT_CONFIRMED,True,3,NOT_EVALUATED,0,0.0,0.0,0.0
S6_ENTRY_E0_BASELINE,2025-11-11,601608,中信重工,s6setup-4de2643acc860e8c8db9,KEY_CANDIDATE,SUPPORT_CONFIRMED,True,3,NOT_EVALUATED,0,0.0,0.0,0.0
S6_ENTRY_E0_BASELINE,2025-11-12,300136,信维通信,s6setup-4117735c3afe45d20380,WATCH_CANDIDATE,SUPPORT_CONFIRMED,True,4,NOT_EVALUATED,0,0.0,0.0,0.0
S6_ENTRY_E0_BASELINE,2025-11-12,301200,大族数控,s6setup-245cc89f55559d51894e,WATCH_CANDIDATE,SUPPORT_CONFIRMED,True,5,NOT_EVALUATED,0,0.0,0.0,0.0
S6_ENTRY_E0_BASELINE,2025-11-13,301200,大族数控,s6setup-2e81c84853c18b705a82,WATCH_CANDIDATE,SUPPORT_CONFIRMED,True,3,RELIABLE,250,0.48,0.268,0.956962
S6_ENTRY_E0_BASELINE,2025-11-13,600021,上海电力,s6setup-c43b5710ab76eac9ed6c,WATCH_CANDIDATE,SUPPORT_CONFIRMED,True,3,NOT_EVALUATED,0,0.0,0.0,0.0
S6_ENTRY_E0_BASELINE,2025-11-13,600549,厦门钨业,s6setup-12d2a0ea20e38cbc1534,WATCH_CANDIDATE,SUPPORT_CONFIRMED,True,4,NOT_EVALUATED,0,0.0,0.0,0.0
S6_ENTRY_E0_BASELINE,2025-11-13,600595,中孚实业,s6setup-d9c8c9a667f9d8ffe73e,WATCH_CANDIDATE,NOT_APPLICABLE,False,0,NOT_EVALUATED,0,0.0,0.0,0.0
S6_ENTRY_E0_BASELINE,2025-11-13,601611,中国核建,s6setup-523a09f50b44b3299369,WATCH_CANDIDATE,SUPPORT_FORMING,False,4,NOT_EVALUATED,0,0.0,0.0,0.0
S6_ENTRY_E0_BASELINE,2025-11-13,603301,振德医疗,s6setup-1865ba63164b49b9d9b6,WATCH_CANDIDATE,SUPPORT_CONFIRMED,True,3,NOT_EVALUATED,0,0.0,0.0,0.0
S6_ENTRY_E0_BASELINE,2025-11-14,600595,中孚实业,s6setup-100f5c3cd4f69e5ae4f6,WATCH_CANDIDATE,SUPPORT_CONFIRMED,True,3,NOT_EVALUATED,0,0.0,0.0,0.0
S6_ENTRY_E0_BASELINE,2025-11-14,603301,振德医疗,s6setup-380658457793e1170035,WATCH_CANDIDATE,SUPPORT_CONFIRMED,True,5,NOT_EVALUATED,0,0.0,0.0,0.0
S6_ENTRY_E0_BASELINE,2025-11-17,000892,欢瑞世纪,s6setup-1c1f7a036cb2a694a431,WATCH_CANDIDATE,SUPPORT_CONFIRMED,True,5,NOT_EVALUATED,0,0.0,0.0,0.0
S6_ENTRY_E0_BASELINE,2025-11-17,300454,深信服,s6setup-478345d5e6f6770a72b4,KEY_CANDIDATE,SUPPORT_FORMING,False,4,NOT_EVALUATED,0,0.0,0.0,0.0
S6_ENTRY_E0_BASELINE,2025-11-17,300520,科大国创,s6setup-db0db0e777752f50b52f,WATCH_CANDIDATE,SUPPORT_FORMING,False,4,NOT_EVALUATED,0,0.0,0.0,0.0
S6_ENTRY_E0_BASELINE,2025-11-17,600515,海南机场,s6setup-7520b9018ef27977fe3b,WATCH_CANDIDATE,SUPPORT_CONFIRMED,True,3,NOT_EVALUATED,0,0.0,0.0,0.0
S6_ENTRY_E0_BASELINE,2025-11-18,300454,深信服,s6setup-cd40f11933069d604ab4,WATCH_CANDIDATE,SUPPORT_CONFIRMED,True,4,NOT_EVALUATED,0,0.0,0.0,0.0
S6_ENTRY_E0_BASELINE,2025-11-18,300814,中富电路,s6setup-c8e2a112f1ee166b60ab,WATCH_CANDIDATE,SUPPORT_CONFIRMED,True,3,NOT_EVALUATED,0,0.0,0.0,0.0
S6_ENTRY_E0_BASELINE,2025-11-18,601898,中煤能源,s6setup-76f1f31a0b4983585ccc,WATCH_CANDIDATE,SUPPORT_CONFIRMED,True,3,NOT_EVALUATED,0,0.0,0.0,0.0
S6_ENTRY_E0_BASELINE,2025-11-19,601898,中煤能源,s6setup-76f1f31a0b4983585ccc,WATCH_CANDIDATE,NOT_APPLICABLE,False,0,NOT_EVALUATED,0,0.0,0.0,0.0
S6_ENTRY_E0_BASELINE,2025-11-20,002028,思源电气,s6setup-015b9fc1c4e7060fe9ee,WATCH_CANDIDATE,SUPPORT_FORMING,False,2,NOT_EVALUATED,0,0.0,0.0,0.0
S6_ENTRY_E0_BASELINE,2025-11-20,600219,南山铝业,s6setup-459331fdc8307de59b61,WATCH_CANDIDATE,SUPPORT_CONFIRMED,True,3,NOT_EVALUATED,0,0.0,0.0,0.0
S6_ENTRY_E0_BASELINE,2025-11-20,603516,淳中科技,s6setup-d0e6944fe48379037e2f,WATCH_CANDIDATE,SUPPORT_CONFIRMED,True,4,NOT_EVALUATED,0,0.0,0.0,0.0
S6_ENTRY_E0_BASELINE,2025-11-25,000338,潍柴动力,s6setup-7540ae0a7a3f5ceb9f3a,WATCH_CANDIDATE,SUPPORT_CONFIRMED,True,5,NOT_EVALUATED,0,0.0,0.0,0.0
S6_ENTRY_E0_BASELINE,2025-11-25,002028,思源电气,s6setup-41b6ce58c8d1e6c622c3,WATCH_CANDIDATE,SUPPORT_CONFIRMED,True,5,NOT_EVALUATED,0,0.0,0.0,0.0
S6_ENTRY_E0_BASELINE,2025-11-25,688585,上纬新材,s6setup-d64d85a6021fcaaaa11a,WATCH_CANDIDATE,NOT_APPLICABLE,False,0,NOT_EVALUATED,0,0.0,0.0,0.0
S6_ENTRY_E0_BASELINE,2025-11-28,000830,鲁西化工,s6setup-6fb24fe91307e74ac3cb,WATCH_CANDIDATE,SUPPORT_CONFIRMED,True,5,NOT_EVALUATED,0,0.0,0.0,0.0
S6_ENTRY_E0_BASELINE,2025-11-28,600737,中粮糖业,s6setup-3bee24a85bdaab6ae92d,WATCH_CANDIDATE,SUPPORT_FORMING,False,4,NOT_EVALUATED,0,0.0,0.0,0.0
S6_ENTRY_E0_BASELINE,2025-12-01,000830,鲁西化工,s6setup-6fb24fe91307e74ac3cb,WATCH_CANDIDATE,SUPPORT_CONFIRMED,True,5,NOT_EVALUATED,0,0.0,0.0,0.0
S6_ENTRY_E0_BASELINE,2025-12-01,002426,胜利精密,s6setup-6d3fcdb0125fc5a3bb2e,WATCH_CANDIDATE,SUPPORT_CONFIRMED,True,5,NOT_EVALUATED,0,0.0,0.0,0.0
S6_ENTRY_E0_BASELINE,2025-12-01,002497,雅化集团,s6setup-b61ee20491e865eaa98a,WATCH_CANDIDATE,NOT_APPLICABLE,False,0,NOT_EVALUATED,0,0.0,0.0,0.0
S6_ENTRY_E0_BASELINE,2025-12-01,600737,中粮糖业,s6setup-4874f73198b3cb2bf11a,WATCH_CANDIDATE,SUPPORT_CONFIRMED,True,4,NOT_EVALUATED,0,0.0,0.0,0.0
S6_ENTRY_E0_BASELINE,2025-12-01,600815,厦工股份,s6setup-abddcf8ce10784f22653,WATCH_CANDIDATE,NOT_APPLICABLE,False,0,NOT_EVALUATED,0,0.0,0.0,0.0
S6_ENTRY_E0_BASELINE,2025-12-01,601969,海南矿业,s6setup-ca9797effd3ab4993fd5,WATCH_CANDIDATE,SUPPORT_CONFIRMED,True,4,NOT_EVALUATED,0,0.0,0.0,0.0
S6_ENTRY_E0_BASELINE,2025-12-02,002108,沧州明珠,s6setup-99d281ed96633fc2934b,WATCH_CANDIDATE,NOT_APPLICABLE,False,0,NOT_EVALUATED,0,0.0,0.0,0.0
S6_ENTRY_E0_BASELINE,2025-12-02,002426,胜利精密,s6setup-6d3fcdb0125fc5a3bb2e,WATCH_CANDIDATE,SUPPORT_CONFIRMED,True,4,NOT_EVALUATED,0,0.0,0.0,0.0
S6_ENTRY_E0_BASELINE,2025-12-02,601888,XD中国中,s6setup-afe12cc74c60779ff82e,WATCH_CANDIDATE,NOT_APPLICABLE,False,0,NOT_EVALUATED,0,0.0,0.0,0.0
S6_ENTRY_E0_BASELINE,2025-12-03,000833,粤桂股份,s6setup-c7e1dcf42328ff372e2a,WATCH_CANDIDATE,SUPPORT_CONFIRMED,True,3,NOT_EVALUATED,0,0.0,0.0,0.0
S6_ENTRY_E0_BASELINE,2025-12-04,300390,天华新能,s6setup-febba4e8286185632756,WATCH_CANDIDATE,SUPPORT_FORMING,False,2,NOT_EVALUATED,0,0.0,0.0,0.0
S6_ENTRY_E0_BASELINE,2025-12-16,605255,天普股份,s6setup-e48de09982940e62af28,WATCH_CANDIDATE,NOT_APPLICABLE,False,0,NOT_EVALUATED,0,0.0,0.0,0.0
S6_ENTRY_E0_BASELINE,2025-12-17,605255,天普股份,s6setup-f0c8e486ddf086ee9ca7,WATCH_CANDIDATE,NOT_APPLICABLE,False,0,NOT_EVALUATED,0,0.0,0.0,0.0
S6_ENTRY_E0_BASELINE,2025-12-18,000510,新金路,s6setup-e0e5cd45beeb94e21841,WATCH_CANDIDATE,NOT_APPLICABLE,False,0,NOT_EVALUATED,0,0.0,0.0,0.0
S6_ENTRY_E0_BASELINE,2025-12-18,605255,天普股份,s6setup-e48de09982940e62af28,WATCH_CANDIDATE,NOT_APPLICABLE,False,0,NOT_EVALUATED,0,0.0,0.0,0.0
S6_ENTRY_E0_BASELINE,2025-12-18,688110,东芯股份,s6setup-a7bdb0fc119a26842f6a,WATCH_CANDIDATE,SUPPORT_CONFIRMED,True,5,NOT_EVALUATED,0,0.0,0.0,0.0
S6_ENTRY_E0_BASELINE,2025-12-19,300131,英唐智控,s6setup-447cb6fa7b373adb8810,WATCH_CANDIDATE,SUPPORT_CONFIRMED,True,3,NOT_EVALUATED,0,0.0,0.0,0.0
S6_ENTRY_E0_BASELINE,2025-12-19,300620,光库科技,s6setup-6da27825b7ecf0774d0d,WATCH_CANDIDATE,SUPPORT_CONFIRMED,True,3,NOT_EVALUATED,0,0.0,0.0,0.0
S6_ENTRY_E0_BASELINE,2025-12-19,600595,中孚实业,s6setup-def073ea22e01988a3cf,WATCH_CANDIDATE,NOT_APPLICABLE,False,0,NOT_EVALUATED,0,0.0,0.0,0.0
S6_ENTRY_E0_BASELINE,2025-12-19,605255,天普股份,s6setup-f0c8e486ddf086ee9ca7,WATCH_CANDIDATE,NOT_APPLICABLE,False,0,NOT_EVALUATED,0,0.0,0.0,0.0
S6_ENTRY_E0_BASELINE,2025-12-23,002029,七 匹 狼,s6setup-0eba66d04ba807005d51,WATCH_CANDIDATE,SUPPORT_CONFIRMED,True,3,NOT_EVALUATED,0,0.0,0.0,0.0
S6_ENTRY_E0_BASELINE,2025-12-23,605255,天普股份,s6setup-f0c8e486ddf086ee9ca7,WATCH_CANDIDATE,SUPPORT_CONFIRMED,True,4,NOT_EVALUATED,0,0.0,0.0,0.0
S6_ENTRY_E0_BASELINE,2025-12-24,300502,新易盛,s6setup-0380d67ff019d0cabadd,WATCH_CANDIDATE,SUPPORT_CONFIRMED,True,3,NOT_EVALUATED,0,0.0,0.0,0.0
S6_ENTRY_E0_BASELINE,2025-12-24,605255,天普股份,s6setup-f0c8e486ddf086ee9ca7,WATCH_CANDIDATE,NOT_APPLICABLE,False,0,NOT_EVALUATED,0,0.0,0.0,0.0
S6_ENTRY_E0_BASELINE,2025-12-24,688231,隆达股份,s6setup-631aceb90dcce648d738,WATCH_CANDIDATE,NOT_APPLICABLE,False,0,NOT_EVALUATED,0,0.0,0.0,0.0
S6_ENTRY_E0_BASELINE,2025-12-25,300502,新易盛,s6setup-d0756c36d764792175ea,WATCH_CANDIDATE,NOT_APPLICABLE,False,0,NOT_EVALUATED,0,0.0,0.0,0.0
S6_ENTRY_E0_BASELINE,2025-12-25,688313,仕佳光子,s6setup-b3e21472ed237276500b,WATCH_CANDIDATE,SUPPORT_FORMING,False,4,NOT_EVALUATED,0,0.0,0.0,0.0
S6_ENTRY_E0_BASELINE,2025-12-26,001267,汇绿生态,s6setup-83b4984040abb1e38d25,WATCH_CANDIDATE,SUPPORT_CONFIRMED,True,5,NOT_EVALUATED,0,0.0,0.0,0.0
S6_ENTRY_E0_BASELINE,2025-12-26,300502,新易盛,s6setup-e9c5dc29a23bf65f1cc5,WATCH_CANDIDATE,NOT_APPLICABLE,False,0,NOT_EVALUATED,0,0.0,0.0,0.0
S6_ENTRY_E0_BASELINE,2025-12-26,300751,迈为股份,s6setup-de4002f9b5390100f0b3,KEY_CANDIDATE,NOT_APPLICABLE,False,0,NOT_EVALUATED,0,0.0,0.0,0.0
S6_ENTRY_E0_BASELINE,2025-12-29,001267,汇绿生态,s6setup-223e50ba051c0a8871db,KEY_CANDIDATE,SUPPORT_CONFIRMED,True,4,RELIABLE,250,0.504,0.416,0.78432
S6_ENTRY_E0_BASELINE,2025-12-29,300502,新易盛,s6setup-ca599d86b768b8b09c65,WATCH_CANDIDATE,NOT_APPLICABLE,False,0,NOT_EVALUATED,0,0.0,0.0,0.0
S6_ENTRY_E0_BASELINE,2025-12-29,688167,炬光科技,s6setup-29ed83eec61eb5f8a012,WATCH_CANDIDATE,SUPPORT_FORMING,False,4,NOT_EVALUATED,0,0.0,0.0,0.0
S6_ENTRY_E0_BASELINE,2025-12-30,001267,汇绿生态,s6setup-c72ee24097cfb90caf7f,KEY_CANDIDATE,SUPPORT_CONFIRMED,True,4,RELIABLE,250,0.62,0.532,0.689859
S6_ENTRY_E0_BASELINE,2025-12-30,002353,杰瑞股份,s6setup-e96d08e08af4d241ee72,KEY_CANDIDATE,SUPPORT_CONFIRMED,True,3,RELIABLE,250,0.58,0.224,0.999266
S6_ENTRY_E0_BASELINE,2025-12-30,300502,新易盛,s6setup-48005534497e2d6e8304,WATCH_CANDIDATE,NOT_APPLICABLE,False,0,NOT_EVALUATED,0,0.0,0.0,0.0
S6_ENTRY_E0_BASELINE,2025-12-31,003031,中瓷电子,s6setup-143692decf1688b7f3f7,WATCH_CANDIDATE,SUPPORT_FORMING,False,2,NOT_EVALUATED,0,0.0,0.0,0.0
S6_ENTRY_E0_BASELINE,2025-12-31,688167,炬光科技,s6setup-badd66725cdae56586ed,WATCH_CANDIDATE,SUPPORT_CONFIRMED,True,3,NOT_EVALUATED,0,0.0,0.0,0.0
S6_ENTRY_E1_TIMING,2024-03-18,300210,森远股份,s6setup-86918b98cb309eb4bbcc,WATCH_CANDIDATE,SUPPORT_CONFIRMED,True,5,NOT_EVALUATED,0,0.0,0.0,0.0
S6_ENTRY_E1_TIMING,2024-03-19,300210,森远股份,s6setup-179339c621cd4c0f40fb,WATCH_CANDIDATE,SUPPORT_CONFIRMED,True,4,NOT_EVALUATED,0,0.0,0.0,0.0
S6_ENTRY_E1_TIMING,2024-03-21,601127,赛力斯,s6setup-d3a8809dcb194c286c7f,WATCH_CANDIDATE,NOT_APPLICABLE,False,0,NOT_EVALUATED,0,0.0,0.0,0.0
S6_ENTRY_E1_TIMING,2024-03-22,300210,森远股份,s6setup-34ead3d1be0fa4bc244f,WATCH_CANDIDATE,SUPPORT_FORMING,False,4,NOT_EVALUATED,0,0.0,0.0,0.0
S6_ENTRY_E1_TIMING,2024-03-22,601127,赛力斯,s6setup-3fb8101e69f6778c6f0d,WATCH_CANDIDATE,NOT_APPLICABLE,False,0,NOT_EVALUATED,0,0.0,0.0,0.0
S6_ENTRY_E1_TIMING,2024-03-25,002463,沪电股份,s6setup-d6af2725e1ec60f512e7,WATCH_CANDIDATE,SUPPORT_FORMING,False,2,NOT_EVALUATED,0,0.0,0.0,0.0
S6_ENTRY_E1_TIMING,2024-03-25,601127,赛力斯,s6setup-437d28e1721ada013542,WATCH_CANDIDATE,SUPPORT_FORMING,False,2,NOT_EVALUATED,0,0.0,0.0,0.0
S6_ENTRY_E1_TIMING,2024-03-25,688278,特宝生物,s6setup-f06222f7a04b3347b3a9,WATCH_CANDIDATE,SUPPORT_FORMING,False,3,NOT_EVALUATED,0,0.0,0.0,0.0
S6_ENTRY_E1_TIMING,2024-03-26,688278,特宝生物,s6setup-f06222f7a04b3347b3a9,WATCH_CANDIDATE,SUPPORT_CONFIRMED,True,4,NOT_EVALUATED,0,0.0,0.0,0.0
S6_ENTRY_E1_TIMING,2024-03-28,000630,铜陵有色,s6setup-c91fd7b614b740b9d6bf,WATCH_CANDIDATE,NOT_APPLICABLE,False,0,NOT_EVALUATED,0,0.0,0.0,0.0
S6_ENTRY_E1_TIMING,2024-03-29,000630,铜陵有色,s6setup-c91fd7b614b740b9d6bf,WATCH_CANDIDATE,NOT_APPLICABLE,False,0,NOT_EVALUATED,0,0.0,0.0,0.0
S6_ENTRY_E1_TIMING,2024-03-29,300781,因赛集团,s6setup-6d464b8c5b5936e80a75,WATCH_CANDIDATE,SUPPORT_CONFIRMED,True,3,RELIABLE,250,0.504,0.248,0.544333
S6_ENTRY_E1_TIMING,2024-04-01,300781,因赛集团,s6setup-6d464b8c5b5936e80a75,WATCH_CANDIDATE,SUPPORT_CONFIRMED,True,5,RELIABLE,250,0.532,0.252,0.564237
S6_ENTRY_E1_TIMING,2024-04-01,601168,西部矿业,s6setup-a8d44e8860c7bc613f58,WATCH_CANDIDATE,NOT_APPLICABLE,False,0,NOT_EVALUATED,0,0.0,0.0,0.0
S6_ENTRY_E1_TIMING,2024-04-12,600160,巨化股份,s6setup-b4db41ce30d046a12733,WATCH_CANDIDATE,SUPPORT_CONFIRMED,True,3,NOT_EVALUATED,0,0.0,0.0,0.0
S6_ENTRY_E1_TIMING,2024-04-15,600160,巨化股份,s6setup-b4db41ce30d046a12733,WATCH_CANDIDATE,SUPPORT_CONFIRMED,True,5,NOT_EVALUATED,0,0.0,0.0,0.0
S6_ENTRY_E1_TIMING,2024-05-06,000426,兴业银锡,s6setup-d2447255d82b4e7de908,WATCH_CANDIDATE,SUPPORT_FORMING,False,4,NOT_EVALUATED,0,0.0,0.0,0.0
S6_ENTRY_E1_TIMING,2024-05-13,000777,中核科技,s6setup-e8d29abdf82f10859d35,WATCH_CANDIDATE,SUPPORT_CONFIRMED,True,3,RELIABLE,250,0.492,0.236,0.74735
S6_ENTRY_E1_TIMING,2024-05-14,000777,中核科技,s6setup-2d242922bc99ecab9776,WATCH_CANDIDATE,SUPPORT_CONFIRMED,True,4,NOT_EVALUATED,0,0.0,0.0,0.0
S6_ENTRY_E1_TIMING,2024-05-15,600160,巨化股份,s6setup-f9df34d7948c1f03a54a,WATCH_CANDIDATE,NOT_APPLICABLE,False,0,NOT_EVALUATED,0,0.0,0.0,0.0
S6_ENTRY_E1_TIMING,2024-05-17,300067,安诺其,s6setup-be0b960820e1965a8848,WATCH_CANDIDATE,SUPPORT_FORMING,False,3,NOT_EVALUATED,0,0.0,0.0,0.0
S6_ENTRY_E1_TIMING,2024-05-30,000933,神火股份,s6setup-7e67e50667dcc64f113d,WATCH_CANDIDATE,NOT_APPLICABLE,False,0,NOT_EVALUATED,0,0.0,0.0,0.0
S6_ENTRY_E1_TIMING,2024-05-31,000933,神火股份,s6setup-7e67e50667dcc64f113d,WATCH_CANDIDATE,SUPPORT_FORMING,False,2,NOT_EVALUATED,0,0.0,0.0,0.0
S6_ENTRY_E1_TIMING,2024-06-25,600312,平高电气,s6setup-c72bafc2d96134d3950c,WATCH_CANDIDATE,NOT_APPLICABLE,False,0,NOT_EVALUATED,0,0.0,0.0,0.0
S6_ENTRY_E1_TIMING,2024-06-26,600312,平高电气,s6setup-0c6f98c23df38c4e22a8,WATCH_CANDIDATE,SUPPORT_CONFIRMED,True,5,NOT_EVALUATED,0,0.0,0.0,0.0
S6_ENTRY_E1_TIMING,2024-06-27,300552,万集科技,s6setup-05e745ce4e00e98baaf2,WATCH_CANDIDATE,NOT_APPLICABLE,False,0,NOT_EVALUATED,0,0.0,0.0,0.0
S6_ENTRY_E1_TIMING,2024-06-27,601138,工业富联,s6setup-30949657f005e4e7ad28,WATCH_CANDIDATE,NOT_APPLICABLE,False,0,NOT_EVALUATED,0,0.0,0.0,0.0
S6_ENTRY_E1_TIMING,2024-06-28,601138,工业富联,s6setup-30949657f005e4e7ad28,WATCH_CANDIDATE,SUPPORT_CONFIRMED,True,5,NOT_EVALUATED,0,0.0,0.0,0.0
S6_ENTRY_E1_TIMING,2024-07-01,601138,工业富联,s6setup-30949657f005e4e7ad28,WATCH_CANDIDATE,NOT_APPLICABLE,False,0,NOT_EVALUATED,0,0.0,0.0,0.0
S6_ENTRY_E1_TIMING,2024-07-02,601138,工业富联,s6setup-30949657f005e4e7ad28,WATCH_CANDIDATE,SUPPORT_CONFIRMED,True,3,NOT_EVALUATED,0,0.0,0.0,0.0
S6_ENTRY_E1_TIMING,2024-07-03,002463,沪电股份,s6setup-36dae2d212a409c0fe1f,WATCH_CANDIDATE,SUPPORT_CONFIRMED,True,4,RELIABLE,250,0.48,0.152,0.59275
S6_ENTRY_E1_TIMING,2024-07-04,002463,沪电股份,s6setup-36dae2d212a409c0fe1f,WATCH_CANDIDATE,SUPPORT_CONFIRMED,True,4,RELIABLE,250,0.596,0.172,0.620979
S6_ENTRY_E1_TIMING,2024-07-05,002463,沪电股份,s6setup-5a1263c01542aa63ccf8,WATCH_CANDIDATE,NOT_APPLICABLE,False,0,NOT_EVALUATED,0,0.0,0.0,0.0
S6_ENTRY_E1_TIMING,2024-07-08,002463,沪电股份,s6setup-36dae2d212a409c0fe1f,WATCH_CANDIDATE,SUPPORT_CONFIRMED,True,3,NOT_EVALUATED,0,0.0,0.0,0.0
S6_ENTRY_E1_TIMING,2024-07-15,600312,平高电气,s6setup-e9a560efcad557642ac1,WATCH_CANDIDATE,NOT_APPLICABLE,False,0,NOT_EVALUATED,0,0.0,0.0,0.0
S6_ENTRY_E1_TIMING,2024-09-19,600418,江淮汽车,s6setup-9856079f5e2d0d43fc87,WATCH_CANDIDATE,NOT_APPLICABLE,False,0,NOT_EVALUATED,0,0.0,0.0,0.0
S6_ENTRY_E1_TIMING,2024-10-23,002142,宁波银行,s6setup-97cfe18a693f17ebc4f6,WATCH_CANDIDATE,NOT_APPLICABLE,False,0,NOT_EVALUATED,0,0.0,0.0,0.0
S6_ENTRY_E1_TIMING,2024-10-24,002142,宁波银行,s6setup-1e29f4e0d840d2523b33,WATCH_CANDIDATE,SUPPORT_CONFIRMED,True,3,RELIABLE,250,0.32,0.092,0.044683
S6_ENTRY_E1_TIMING,2024-10-25,002142,宁波银行,s6setup-502a5dcb540786350afb,WATCH_CANDIDATE,SUPPORT_CONFIRMED,True,5,NOT_EVALUATED,0,0.0,0.0,0.0
S6_ENTRY_E1_TIMING,2024-10-25,300925,法本信息,s6setup-d30fce650daba787ff76,WATCH_CANDIDATE,SUPPORT_CONFIRMED,True,3,NOT_EVALUATED,0,0.0,0.0,0.0
S6_ENTRY_E1_TIMING,2024-10-25,601186,中国铁建,s6setup-af11af9996de7f907a8d,WATCH_CANDIDATE,NOT_APPLICABLE,False,0,NOT_EVALUATED,0,0.0,0.0,0.0
S6_ENTRY_E1_TIMING,2024-10-25,601318,中国平安,s6setup-dd9d59b135b21a91db46,WATCH_CANDIDATE,SUPPORT_CONFIRMED,True,3,RELIABLE,250,0.392,0.152,0.459398
S6_ENTRY_E1_TIMING,2024-10-25,601336,新华保险,s6setup-ae409aecc4671570a769,WATCH_CANDIDATE,NOT_APPLICABLE,False,0,NOT_EVALUATED,0,0.0,0.0,0.0
S6_ENTRY_E1_TIMING,2024-10-25,688090,瑞松科技,s6setup-f5b842b9eed62e75172e,WATCH_CANDIDATE,SUPPORT_FORMING,False,4,NOT_EVALUATED,0,0.0,0.0,0.0
S6_ENTRY_E1_TIMING,2024-10-28,002371,北方华创,s6setup-f52b8d8051a025bd2150,WATCH_CANDIDATE,NOT_APPLICABLE,False,0,NOT_EVALUATED,0,0.0,0.0,0.0
S6_ENTRY_E1_TIMING,2024-10-28,300293,蓝英装备,s6setup-9bd84923404891e10b11,WATCH_CANDIDATE,NOT_APPLICABLE,False,0,NOT_EVALUATED,0,0.0,0.0,0.0
S6_ENTRY_E1_TIMING,2024-10-28,300709,精研科技,s6setup-5b2041e9a58ee0c21425,WATCH_CANDIDATE,NOT_APPLICABLE,False,0,NOT_EVALUATED,0,0.0,0.0,0.0
S6_ENTRY_E1_TIMING,2024-10-28,300750,宁德时代,s6setup-9e65aa9fcaf21c87e545,KEY_CANDIDATE,SUPPORT_CONFIRMED,True,4,RELIABLE,250,0.248,0.16,0.083074
S6_ENTRY_E1_TIMING,2024-10-28,601186,中国铁建,s6setup-af11af9996de7f907a8d,WATCH_CANDIDATE,SUPPORT_FORMING,False,3,NOT_EVALUATED,0,0.0,0.0,0.0
S6_ENTRY_E1_TIMING,2024-10-28,601318,中国平安,s6setup-98c0b474d9979a45cc3c,WATCH_CANDIDATE,NOT_APPLICABLE,False,0,NOT_EVALUATED,0,0.0,0.0,0.0
S6_ENTRY_E1_TIMING,2024-10-28,688658,悦康药业,s6setup-1597925ea0841ae92584,KEY_CANDIDATE,SUPPORT_CONFIRMED,True,5,NOT_EVALUATED,0,0.0,0.0,0.0
S6_ENTRY_E1_TIMING,2024-10-29,300293,蓝英装备,s6setup-2f57feeea609bcb0e16b,WATCH_CANDIDATE,SUPPORT_CONFIRMED,True,3,NOT_EVALUATED,0,0.0,0.0,0.0
S6_ENTRY_E1_TIMING,2024-10-29,300433,蓝思科技,s6setup-ce55436529fac87c0148,WATCH_CANDIDATE,NOT_APPLICABLE,False,0,NOT_EVALUATED,0,0.0,0.0,0.0
S6_ENTRY_E1_TIMING,2024-10-29,300709,精研科技,s6setup-1a47687228730efc7c66,WATCH_CANDIDATE,SUPPORT_CONFIRMED,True,5,NOT_EVALUATED,0,0.0,0.0,0.0
S6_ENTRY_E1_TIMING,2024-10-29,300750,宁德时代,s6setup-9e65aa9fcaf21c87e545,KEY_CANDIDATE,SUPPORT_CONFIRMED,True,3,RELIABLE,250,0.172,0.168,-0.200912
S6_ENTRY_E1_TIMING,2024-10-29,601336,新华保险,s6setup-96f5e92fb6957b29f889,KEY_CANDIDATE,SUPPORT_CONFIRMED,True,4,RELIABLE,250,0.392,0.208,0.182098
S6_ENTRY_E1_TIMING,2024-10-29,688658,悦康药业,s6setup-1597925ea0841ae92584,KEY_CANDIDATE,SUPPORT_CONFIRMED,True,3,NOT_EVALUATED,0,0.0,0.0,0.0
S6_ENTRY_E1_TIMING,2024-10-30,300293,蓝英装备,s6setup-2f57feeea609bcb0e16b,WATCH_CANDIDATE,SUPPORT_FORMING,False,4,NOT_EVALUATED,0,0.0,0.0,0.0
S6_ENTRY_E1_TIMING,2024-10-30,300310,宜通世纪,s6setup-bad2851bb68ffb07f8d7,WATCH_CANDIDATE,NOT_APPLICABLE,False,0,NOT_EVALUATED,0,0.0,0.0,0.0
S6_ENTRY_E1_TIMING,2024-10-30,300433,蓝思科技,s6setup-ce55436529fac87c0148,WATCH_CANDIDATE,NOT_APPLICABLE,False,0,NOT_EVALUATED,0,0.0,0.0,0.0
S6_ENTRY_E1_TIMING,2024-10-30,688658,悦康药业,s6setup-1597925ea0841ae92584,KEY_CANDIDATE,SUPPORT_CONFIRMED,True,5,NOT_EVALUATED,0,0.0,0.0,0.0
S6_ENTRY_E1_TIMING,2024-10-31,000768,中航西飞,s6setup-bd4b5f1a5e26f455d992,WATCH_CANDIDATE,SUPPORT_FORMING,False,2,NOT_EVALUATED,0,0.0,0.0,0.0
S6_ENTRY_E1_TIMING,2024-10-31,300139,晓程科技,s6setup-03ac53b95d0ed4d67393,KEY_CANDIDATE,SUPPORT_CONFIRMED,True,4,RELIABLE,250,0.544,0.168,0.618102
S6_ENTRY_E1_TIMING,2024-10-31,300293,蓝英装备,s6setup-2f57feeea609bcb0e16b,WATCH_CANDIDATE,SUPPORT_CONFIRMED,True,5,NOT_EVALUATED,0,0.0,0.0,0.0
S6_ENTRY_E1_TIMING,2024-10-31,300469,信息发展,s6setup-972ecff6bc6b3c765fc4,WATCH_CANDIDATE,SUPPORT_CONFIRMED,True,3,NOT_EVALUATED,0,0.0,0.0,0.0
S6_ENTRY_E1_TIMING,2024-10-31,600415,小商品城,s6setup-972b529ace9e37bf0db0,WATCH_CANDIDATE,SUPPORT_CONFIRMED,True,4,NOT_EVALUATED,0,0.0,0.0,0.0
S6_ENTRY_E1_TIMING,2024-10-31,688658,悦康药业,s6setup-ad8817890ee0b72512c3,KEY_CANDIDATE,SUPPORT_CONFIRMED,True,3,NOT_EVALUATED,0,0.0,0.0,0.0
S6_ENTRY_E1_TIMING,2024-11-01,300139,晓程科技,s6setup-06fe080981f712a2689e,WATCH_CANDIDATE,SUPPORT_FORMING,False,2,NOT_EVALUATED,0,0.0,0.0,0.0
S6_ENTRY_E1_TIMING,2024-11-01,300293,蓝英装备,s6setup-2f57feeea609bcb0e16b,WATCH_CANDIDATE,SUPPORT_CONFIRMED,True,3,NOT_EVALUATED,0,0.0,0.0,0.0
S6_ENTRY_E1_TIMING,2024-11-01,600326,西藏天路,s6setup-f5d42d94a6ae9189bdc1,WATCH_CANDIDATE,SUPPORT_CONFIRMED,True,5,NOT_EVALUATED,0,0.0,0.0,0.0
S6_ENTRY_E1_TIMING,2024-11-04,300394,天孚通信,s6setup-a0e81f7cbc75b159986b,WATCH_CANDIDATE,NOT_APPLICABLE,False,0,NOT_EVALUATED,0,0.0,0.0,0.0
S6_ENTRY_E1_TIMING,2024-11-05,300394,天孚通信,s6setup-8ead4a2d70dd6c4cbec2,WATCH_CANDIDATE,NOT_APPLICABLE,False,0,NOT_EVALUATED,0,0.0,0.0,0.0
S6_ENTRY_E1_TIMING,2024-11-05,603606,东方电缆,s6setup-39fd8e4c4023e6fc31b9,WATCH_CANDIDATE,NOT_APPLICABLE,False,0,NOT_EVALUATED,0,0.0,0.0,0.0
S6_ENTRY_E1_TIMING,2024-11-06,002130,沃尔核材,s6setup-b3bfe3b0c2577df77662,WATCH_CANDIDATE,SUPPORT_FORMING,False,2,NOT_EVALUATED,0,0.0,0.0,0.0
S6_ENTRY_E1_TIMING,2024-11-06,603893,瑞芯微,s6setup-5b52a644932ad736476a,WATCH_CANDIDATE,WAITING_BREAKOUT,False,0,NOT_EVALUATED,0,0.0,0.0,0.0
S6_ENTRY_E1_TIMING,2024-11-07,002130,沃尔核材,s6setup-601520cd7eade1a86625,WATCH_CANDIDATE,SUPPORT_FORMING,False,3,NOT_EVALUATED,0,0.0,0.0,0.0
S6_ENTRY_E1_TIMING,2024-11-07,603893,瑞芯微,s6setup-5c8f844a5bd2c3275a12,WATCH_CANDIDATE,WAITING_BREAKOUT,False,0,NOT_EVALUATED,0,0.0,0.0,0.0
S6_ENTRY_E1_TIMING,2024-11-08,002130,沃尔核材,s6setup-0ea994a0114ea261040e,WATCH_CANDIDATE,SUPPORT_CONFIRMED,True,4,NOT_EVALUATED,0,0.0,0.0,0.0
S6_ENTRY_E1_TIMING,2024-11-08,002600,领益智造,s6setup-683787f79104f8ee2e19,KEY_CANDIDATE,SUPPORT_CONFIRMED,True,3,RELIABLE,250,0.564,0.22,0.599561
S6_ENTRY_E1_TIMING,2024-11-08,300067,安诺其,s6setup-00fcccb83fb3b2701a5b,KEY_CANDIDATE,SUPPORT_CONFIRMED,True,3,RELIABLE,250,0.4,0.24,0.626072
S6_ENTRY_E1_TIMING,2024-11-08,300192,科德教育,s6setup-18e91cf1670e563726d6,WATCH_CANDIDATE,SUPPORT_FORMING,False,2,NOT_EVALUATED,0,0.0,0.0,0.0
S6_ENTRY_E1_TIMING,2024-11-08,300303,聚飞光电,s6setup-481bd3cc8486c5ed323e,WATCH_CANDIDATE,SUPPORT_CONFIRMED,True,3,RELIABLE,250,0.464,0.144,0.444728
S6_ENTRY_E1_TIMING,2024-11-08,300394,天孚通信,s6setup-bd38c99a8f41f1f6d00a,WATCH_CANDIDATE,NOT_APPLICABLE,False,0,NOT_EVALUATED,0,0.0,0.0,0.0
S6_ENTRY_E1_TIMING,2024-11-08,300397,天和防务,s6setup-5c56c4f571876e4504e9,KEY_CANDIDATE,SUPPORT_CONFIRMED,True,4,RELIABLE,250,0.46,0.164,0.409887
S6_ENTRY_E1_TIMING,2024-11-08,300563,神宇股份,s6setup-3b141611a0adf956336b,WATCH_CANDIDATE,NOT_APPLICABLE,False,0,NOT_EVALUATED,0,0.0,0.0,0.0
S6_ENTRY_E1_TIMING,2024-11-08,600601,方正科技,s6setup-a3a1e64d42ee99d21b57,KEY_CANDIDATE,SUPPORT_CONFIRMED,True,3,RELIABLE,250,0.58,0.188,0.475082
S6_ENTRY_E1_TIMING,2024-11-08,600990,四创电子,s6setup-bc80c558b01b30a21e16,WATCH_CANDIDATE,SUPPORT_CONFIRMED,True,4,NOT_EVALUATED,0,0.0,0.0,0.0
S6_ENTRY_E1_TIMING,2024-11-08,603893,瑞芯微,s6setup-a63db8c9eb7d11d047d3,KEY_CANDIDATE,SUPPORT_CONFIRMED,True,3,RELIABLE,250,0.284,0.124,0.142901
S6_ENTRY_E1_TIMING,2024-11-08,688252,天德钰,s6setup-99a79916c8c7e6f3c311,KEY_CANDIDATE,SUPPORT_CONFIRMED,True,4,NOT_EVALUATED,0,0.0,0.0,0.0
S6_ENTRY_E1_TIMING,2024-11-11,002130,沃尔核材,s6setup-3dc4536bdb7bfa83e949,WATCH_CANDIDATE,SUPPORT_CONFIRMED,True,4,NOT_EVALUATED,0,0.0,0.0,0.0
S6_ENTRY_E1_TIMING,2024-11-11,300061,旗天科技,s6setup-da799d9c466c9a1bd1c9,KEY_CANDIDATE,SUPPORT_CONFIRMED,True,5,RELIABLE,250,0.596,0.28,0.67784
S6_ENTRY_E1_TIMING,2024-11-11,300067,安诺其,s6setup-27e1e1132118e57a2304,WATCH_CANDIDATE,NOT_APPLICABLE,False,0,NOT_EVALUATED,0,0.0,0.0,0.0
S6_ENTRY_E1_TIMING,2024-11-11,300284,苏交科,s6setup-c755ba4efb03e1e282b2,KEY_CANDIDATE,SUPPORT_CONFIRMED,True,5,RELIABLE,250,0.352,0.184,0.442142
S6_ENTRY_E1_TIMING,2024-11-11,300394,天孚通信,s6setup-8ead4a2d70dd6c4cbec2,WATCH_CANDIDATE,NOT_APPLICABLE,False,0,NOT_EVALUATED,0,0.0,0.0,0.0
S6_ENTRY_E1_TIMING,2024-11-11,600601,方正科技,s6setup-69badbc1a77b36f76c90,WATCH_CANDIDATE,NOT_APPLICABLE,False,0,NOT_EVALUATED,0,0.0,0.0,0.0
S6_ENTRY_E1_TIMING,2024-11-11,600990,四创电子,s6setup-f60a3a82f18a788290ae,KEY_CANDIDATE,SUPPORT_CONFIRMED,True,5,RELIABLE,250,0.568,0.244,0.597218
S6_ENTRY_E1_TIMING,2024-11-11,603486,科沃斯,s6setup-6898d3a1d4a6f35be2f0,WATCH_CANDIDATE,SUPPORT_CONFIRMED,True,5,RELIABLE,250,0.412,0.28,0.201893
S6_ENTRY_E1_TIMING,2024-11-11,603893,瑞芯微,s6setup-a63db8c9eb7d11d047d3,WATCH_CANDIDATE,NOT_APPLICABLE,False,0,NOT_EVALUATED,0,0.0,0.0,0.0
S6_ENTRY_E1_TIMING,2024-11-12,300046,台基股份,s6setup-80d778573b45a6448eaf,KEY_CANDIDATE,SUPPORT_CONFIRMED,True,5,RELIABLE,250,0.344,0.152,0.093026
S6_ENTRY_E1_TIMING,2024-11-12,300102,乾照光电,s6setup-5c64756c89da797ce137,KEY_CANDIDATE,SUPPORT_CONFIRMED,True,3,NOT_EVALUATED,0,0.0,0.0,0.0
S6_ENTRY_E1_TIMING,2024-11-12,300292,吴通控股,s6setup-01f82f10d02fa98a0dc6,WATCH_CANDIDATE,SUPPORT_FORMING,False,2,NOT_EVALUATED,0,0.0,0.0,0.0
S6_ENTRY_E1_TIMING,2024-11-12,300397,天和防务,s6setup-d1889779ea60fdef1231,WATCH_CANDIDATE,SUPPORT_CONFIRMED,True,3,NOT_EVALUATED,0,0.0,0.0,0.0
S6_ENTRY_E1_TIMING,2024-11-12,603893,瑞芯微,s6setup-a63db8c9eb7d11d047d3,WATCH_CANDIDATE,NOT_APPLICABLE,False,0,NOT_EVALUATED,0,0.0,0.0,0.0
S6_ENTRY_E1_TIMING,2024-11-13,300008,天海防务,s6setup-6690c342fe613eb7b44d,WATCH_CANDIDATE,SUPPORT_CONFIRMED,True,5,RELIABLE,250,0.572,0.184,0.276564
S6_ENTRY_E1_TIMING,2024-11-13,300046,台基股份,s6setup-80d778573b45a6448eaf,KEY_CANDIDATE,SUPPORT_CONFIRMED,True,4,RELIABLE,250,0.312,0.156,0.060582
S6_ENTRY_E1_TIMING,2024-11-13,300085,银之杰,s6setup-e42a370d8980d8402bcb,WATCH_CANDIDATE,SUPPORT_FORMING,False,2,NOT_EVALUATED,0,0.0,0.0,0.0
S6_ENTRY_E1_TIMING,2024-11-13,300102,乾照光电,s6setup-5c64756c89da797ce137,KEY_CANDIDATE,SUPPORT_CONFIRMED,True,5,RELIABLE,250,0.316,0.208,0.250992
S6_ENTRY_E1_TIMING,2024-11-13,300292,吴通控股,s6setup-9c48f58a27fc6f188c7b,WATCH_CANDIDATE,NOT_APPLICABLE,False,0,NOT_EVALUATED,0,0.0,0.0,0.0
S6_ENTRY_E1_TIMING,2024-11-13,300424,航新科技,s6setup-be858b46ff0d049233b9,WATCH_CANDIDATE,SUPPORT_FORMING,False,3,NOT_EVALUATED,0,0.0,0.0,0.0
S6_ENTRY_E1_TIMING,2024-11-13,300570,太辰光,s6setup-38a6a6d341095f048664,WATCH_CANDIDATE,SUPPORT_CONFIRMED,True,5,RELIABLE,250,0.308,0.16,0.121177
S6_ENTRY_E1_TIMING,2024-11-13,301091,深城交,s6setup-1fdb4e96ccfdd131bd2a,WATCH_CANDIDATE,NOT_APPLICABLE,False,0,NOT_EVALUATED,0,0.0,0.0,0.0
S6_ENTRY_E1_TIMING,2024-11-13,603893,瑞芯微,s6setup-a63db8c9eb7d11d047d3,KEY_CANDIDATE,SUPPORT_CONFIRMED,True,5,RELIABLE,250,0.432,0.152,0.266686
S6_ENTRY_E1_TIMING,2024-11-14,000829,天音控股,s6setup-085cfe806f3931768d77,KEY_CANDIDATE,SUPPORT_CONFIRMED,True,3,RELIABLE,250,0.536,0.172,0.623547
S6_ENTRY_E1_TIMING,2024-11-14,300256,星星科技,s6setup-f5234fdcb28fc48d4666,WATCH_CANDIDATE,NOT_APPLICABLE,False,0,NOT_EVALUATED,0,0.0,0.0,0.0
S6_ENTRY_E1_TIMING,2024-11-14,600843,上工申贝,s6setup-85db4a2ab7750e044af3,KEY_CANDIDATE,SUPPORT_CONFIRMED,True,3,NOT_EVALUATED,0,0.0,0.0,0.0
S6_ENTRY_E1_TIMING,2024-11-15,000829,天音控股,s6setup-085cfe806f3931768d77,KEY_CANDIDATE,SUPPORT_CONFIRMED,True,3,RELIABLE,250,0.612,0.208,0.600701
S6_ENTRY_E1_TIMING,2024-11-15,300256,星星科技,s6setup-f5234fdcb28fc48d4666,WATCH_CANDIDATE,NOT_APPLICABLE,False,0,NOT_EVALUATED,0,0.0,0.0,0.0
S6_ENTRY_E1_TIMING,2024-11-15,300322,硕贝德,s6setup-3e5c7024c90b1574be62,WATCH_CANDIDATE,NOT_APPLICABLE,False,0,NOT_EVALUATED,0,0.0,0.0,0.0
S6_ENTRY_E1_TIMING,2024-11-15,300776,帝尔激光,s6setup-c76fc897bc2b7cd6f146,WATCH_CANDIDATE,SUPPORT_FORMING,False,2,NOT_EVALUATED,0,0.0,0.0,0.0
S6_ENTRY_E1_TIMING,2024-11-18,002281,光迅科技,s6setup-b8d2a449d0045b5a5ce1,WATCH_CANDIDATE,SUPPORT_FORMING,False,2,NOT_EVALUATED,0,0.0,0.0,0.0
S6_ENTRY_E1_TIMING,2024-11-18,300776,帝尔激光,s6setup-8c07e4dcf09a7e8c17bc,WATCH_CANDIDATE,SUPPORT_FORMING,False,2,NOT_EVALUATED,0,0.0,0.0,0.0
S6_ENTRY_E1_TIMING,2024-11-19,002273,水晶光电,s6setup-5be11763ef3d6bd00c66,WATCH_CANDIDATE,NOT_APPLICABLE,False,0,NOT_EVALUATED,0,0.0,0.0,0.0
S6_ENTRY_E1_TIMING,2024-11-19,002281,光迅科技,s6setup-b8d2a449d0045b5a5ce1,KEY_CANDIDATE,SUPPORT_CONFIRMED,True,5,NOT_EVALUATED,0,0.0,0.0,0.0
S6_ENTRY_E1_TIMING,2024-11-19,300059,东方财富,s6setup-f33f2ffc7cab91125159,WATCH_CANDIDATE,SUPPORT_CONFIRMED,True,5,NOT_EVALUATED,0,0.0,0.0,0.0
S6_ENTRY_E1_TIMING,2024-11-19,600879,航天电子,s6setup-9543c99369764b5ccdd8,WATCH_CANDIDATE,SUPPORT_FORMING,False,4,NOT_EVALUATED,0,0.0,0.0,0.0
S6_ENTRY_E1_TIMING,2024-11-19,603920,世运电路,s6setup-d587b9f81f181660d2f5,WATCH_CANDIDATE,NOT_APPLICABLE,False,0,NOT_EVALUATED,0,0.0,0.0,0.0
S6_ENTRY_E1_TIMING,2024-11-20,002273,水晶光电,s6setup-5be11763ef3d6bd00c66,WATCH_CANDIDATE,SUPPORT_CONFIRMED,True,4,NOT_EVALUATED,0,0.0,0.0,0.0
S6_ENTRY_E1_TIMING,2024-11-20,002281,光迅科技,s6setup-e1af045107ab081f5b6e,KEY_CANDIDATE,SUPPORT_CONFIRMED,True,5,NOT_EVALUATED,0,0.0,0.0,0.0
S6_ENTRY_E1_TIMING,2024-11-20,300059,东方财富,s6setup-f33f2ffc7cab91125159,WATCH_CANDIDATE,SUPPORT_CONFIRMED,True,3,NOT_EVALUATED,0,0.0,0.0,0.0
S6_ENTRY_E1_TIMING,2024-11-20,603920,世运电路,s6setup-d587b9f81f181660d2f5,WATCH_CANDIDATE,NOT_APPLICABLE,False,0,NOT_EVALUATED,0,0.0,0.0,0.0
S6_ENTRY_E1_TIMING,2024-11-20,688015,交控科技,s6setup-379b47d4a8f9a2b84d9b,WATCH_CANDIDATE,NOT_APPLICABLE,False,0,NOT_EVALUATED,0,0.0,0.0,0.0
S6_ENTRY_E1_TIMING,2024-11-20,688256,寒武纪,s6setup-8a4e7f4aa3a11b6e31f8,WATCH_CANDIDATE,NOT_APPLICABLE,False,0,NOT_EVALUATED,0,0.0,0.0,0.0
S6_ENTRY_E1_TIMING,2024-11-21,002273,水晶光电,s6setup-52ee156bbd13078c93bf,WATCH_CANDIDATE,SUPPORT_CONFIRMED,True,3,NOT_EVALUATED,0,0.0,0.0,0.0
S6_ENTRY_E1_TIMING,2024-11-21,002281,光迅科技,s6setup-245f99defd9d51049930,KEY_CANDIDATE,SUPPORT_CONFIRMED,True,3,NOT_EVALUATED,0,0.0,0.0,0.0
S6_ENTRY_E1_TIMING,2024-11-21,603920,世运电路,s6setup-d587b9f81f181660d2f5,WATCH_CANDIDATE,SUPPORT_CONFIRMED,True,4,NOT_EVALUATED,0,0.0,0.0,0.0
S6_ENTRY_E1_TIMING,2024-11-21,688015,交控科技,s6setup-379b47d4a8f9a2b84d9b,WATCH_CANDIDATE,SUPPORT_CONFIRMED,True,4,NOT_EVALUATED,0,0.0,0.0,0.0
S6_ENTRY_E1_TIMING,2024-11-22,300857,协创数据,s6setup-42f12e312df88455db31,KEY_CANDIDATE,SUPPORT_CONFIRMED,True,3,RELIABLE,250,0.452,0.26,0.594326
S6_ENTRY_E1_TIMING,2024-11-22,603099,长白山,s6setup-f5596be19bb7272c4656,KEY_CANDIDATE,SUPPORT_CONFIRMED,True,3,RELIABLE,250,0.532,0.316,0.960564
S6_ENTRY_E1_TIMING,2024-11-25,002979,雷赛智能,s6setup-313394d2517122d09fe9,WATCH_CANDIDATE,SUPPORT_FORMING,False,4,RELIABLE,250,0.404,0.236,0.802762
S6_ENTRY_E1_TIMING,2024-11-25,600010,包钢股份,s6setup-dbea198c47162c06a439,KEY_CANDIDATE,SUPPORT_CONFIRMED,True,5,RELIABLE,250,0.344,0.172,0.243594
S6_ENTRY_E1_TIMING,2024-11-25,603099,长白山,s6setup-7b16baa68ddbd2d18b34,KEY_CANDIDATE,SUPPORT_CONFIRMED,True,5,RELIABLE,250,0.652,0.316,1.140405
S6_ENTRY_E1_TIMING,2024-11-25,688418,震有科技,s6setup-c900465decb008272a75,WATCH_CANDIDATE,NOT_APPLICABLE,False,0,NOT_EVALUATED,0,0.0,0.0,0.0
S6_ENTRY_E1_TIMING,2024-11-26,603099,长白山,s6setup-7b16baa68ddbd2d18b34,WATCH_CANDIDATE,NOT_APPLICABLE,False,0,NOT_EVALUATED,0,0.0,0.0,0.0
S6_ENTRY_E1_TIMING,2024-11-26,688418,震有科技,s6setup-76ad98e4224f639a066d,WATCH_CANDIDATE,NOT_APPLICABLE,False,0,NOT_EVALUATED,0,0.0,0.0,0.0
S6_ENTRY_E1_TIMING,2024-12-02,688027,国盾量子,s6setup-cc6c31f79103fda91a9f,WATCH_CANDIDATE,NOT_APPLICABLE,False,0,NOT_EVALUATED,0,0.0,0.0,0.0
S6_ENTRY_E1_TIMING,2024-12-02,688116,天奈科技,s6setup-ae1919e95f7b3d37f2ad,WATCH_CANDIDATE,NOT_APPLICABLE,False,0,NOT_EVALUATED,0,0.0,0.0,0.0
S6_ENTRY_E1_TIMING,2024-12-03,688027,国盾量子,s6setup-cc6c31f79103fda91a9f,WATCH_CANDIDATE,NOT_APPLICABLE,False,0,NOT_EVALUATED,0,0.0,0.0,0.0
S6_ENTRY_E1_TIMING,2024-12-03,688299,长阳科技,s6setup-43afa70145b72df89eb9,WATCH_CANDIDATE,SUPPORT_CONFIRMED,True,3,NOT_EVALUATED,0,0.0,0.0,0.0
S6_ENTRY_E1_TIMING,2024-12-04,300622,博士眼镜,s6setup-0016297a5a560bad3b35,WATCH_CANDIDATE,NOT_APPLICABLE,False,0,NOT_EVALUATED,0,0.0,0.0,0.0
S6_ENTRY_E1_TIMING,2024-12-04,688116,天奈科技,s6setup-ae1919e95f7b3d37f2ad,KEY_CANDIDATE,SUPPORT_CONFIRMED,True,4,RELIABLE,250,0.476,0.164,0.536223
S6_ENTRY_E1_TIMING,2024-12-04,688299,长阳科技,s6setup-43afa70145b72df89eb9,WATCH_CANDIDATE,SUPPORT_CONFIRMED,True,3,NOT_EVALUATED,0,0.0,0.0,0.0
S6_ENTRY_E1_TIMING,2024-12-05,002241,歌尔股份,s6setup-c8f06de1d14a601c92f2,WATCH_CANDIDATE,NOT_APPLICABLE,False,0,NOT_EVALUATED,0,0.0,0.0,0.0
S6_ENTRY_E1_TIMING,2024-12-05,300622,博士眼镜,s6setup-0016297a5a560bad3b35,WATCH_CANDIDATE,SUPPORT_CONFIRMED,True,5,NOT_EVALUATED,0,0.0,0.0,0.0
S6_ENTRY_E1_TIMING,2024-12-05,688027,国盾量子,s6setup-cc6c31f79103fda91a9f,WATCH_CANDIDATE,SUPPORT_CONFIRMED,True,3,NOT_EVALUATED,0,0.0,0.0,0.0
S6_ENTRY_E1_TIMING,2024-12-06,300131,英唐智控,s6setup-8d7f3cd60a44c38e966c,WATCH_CANDIDATE,SUPPORT_CONFIRMED,True,3,NOT_EVALUATED,0,0.0,0.0,0.0
S6_ENTRY_E1_TIMING,2024-12-06,688047,龙芯中科,s6setup-14e014135a88f7a17339,WATCH_CANDIDATE,NOT_APPLICABLE,False,0,NOT_EVALUATED,0,0.0,0.0,0.0
S6_ENTRY_E1_TIMING,2024-12-09,002245,蔚蓝锂芯,s6setup-7cfb7c6ade0dd98f80b1,KEY_CANDIDATE,SUPPORT_CONFIRMED,True,3,RELIABLE,250,0.276,0.168,0.3448
S6_ENTRY_E1_TIMING,2024-12-09,600104,上汽集团,s6setup-16907d8b1e8abc6aa0b4,KEY_CANDIDATE,SUPPORT_CONFIRMED,True,4,NOT_EVALUATED,0,0.0,0.0,0.0
S6_ENTRY_E1_TIMING,2024-12-10,002245,蔚蓝锂芯,s6setup-bb09aca5ea8ef855f0f4,KEY_CANDIDATE,SUPPORT_CONFIRMED,True,3,NOT_EVALUATED,0,0.0,0.0,0.0
S6_ENTRY_E1_TIMING,2024-12-11,002194,武汉凡谷,s6setup-3612f5ac72a5762c6014,KEY_CANDIDATE,SUPPORT_CONFIRMED,True,3,RELIABLE,250,0.212,0.176,0.11653
S6_ENTRY_E1_TIMING,2024-12-11,600776,东方通信,s6setup-2d0fcc865c125bc42520,WATCH_CANDIDATE,NOT_APPLICABLE,False,0,NOT_EVALUATED,0,0.0,0.0,0.0
S6_ENTRY_E1_TIMING,2024-12-11,601360,三六零,s6setup-6271e09715fb99b07d7c,KEY_CANDIDATE,SUPPORT_CONFIRMED,True,4,RELIABLE,250,0.344,0.188,0.50159
S6_ENTRY_E1_TIMING,2024-12-12,600776,东方通信,s6setup-2d0fcc865c125bc42520,WATCH_CANDIDATE,NOT_APPLICABLE,False,0,NOT_EVALUATED,0,0.0,0.0,0.0
S6_ENTRY_E1_TIMING,2024-12-12,601615,明阳智能,s6setup-8d97ee6c589ea1ecf708,WATCH_CANDIDATE,WAITING_BREAKOUT,False,0,RELIABLE,250,0.26,0.26,-0.143846
S6_ENTRY_E1_TIMING,2024-12-12,603078,江化微,s6setup-5e35a695f2bd5244a9c7,KEY_CANDIDATE,SUPPORT_CONFIRMED,True,4,RELIABLE,250,0.176,0.112,-0.113366
S6_ENTRY_E1_TIMING,2024-12-13,300377,赢时胜,s6setup-861e18604179a7947c08,WATCH_CANDIDATE,SUPPORT_CONFIRMED,True,3,NOT_EVALUATED,0,0.0,0.0,0.0
S6_ENTRY_E1_TIMING,2024-12-13,601615,明阳智能,s6setup-8d97ee6c589ea1ecf708,WATCH_CANDIDATE,SUPPORT_CONFIRMED,True,3,RELIABLE,250,0.624,0.316,0.32582
S6_ENTRY_E1_TIMING,2024-12-16,300694,蠡湖股份,s6setup-16fbe563d003ec7102ed,WATCH_CANDIDATE,NOT_APPLICABLE,False,0,NOT_EVALUATED,0,0.0,0.0,0.0
S6_ENTRY_E1_TIMING,2024-12-16,600292,电投水电,s6setup-6e3280140834bf327467,WATCH_CANDIDATE,SUPPORT_FORMING,False,2,NOT_EVALUATED,0,0.0,0.0,0.0
S6_ENTRY_E1_TIMING,2024-12-17,300694,蠡湖股份,s6setup-16fbe563d003ec7102ed,WATCH_CANDIDATE,NOT_APPLICABLE,False,0,NOT_EVALUATED,0,0.0,0.0,0.0
S6_ENTRY_E1_TIMING,2024-12-18,600601,方正科技,s6setup-c456d52e3d99d7b05be2,WATCH_CANDIDATE,SUPPORT_CONFIRMED,True,5,NOT_EVALUATED,0,0.0,0.0,0.0
S6_ENTRY_E1_TIMING,2024-12-19,300370,安控科技,s6setup-407f2bb2aee712d9378a,WATCH_CANDIDATE,SUPPORT_CONFIRMED,True,5,NOT_EVALUATED,0,0.0,0.0,0.0
S6_ENTRY_E1_TIMING,2024-12-19,300459,汤姆猫,s6setup-dbc04670d4bf601779fa,WATCH_CANDIDATE,SUPPORT_CONFIRMED,True,5,NOT_EVALUATED,0,0.0,0.0,0.0
S6_ENTRY_E1_TIMING,2024-12-20,300182,捷成股份,s6setup-d2c15ade4641dee97cba,WATCH_CANDIDATE,NOT_APPLICABLE,False,0,NOT_EVALUATED,0,0.0,0.0,0.0
S6_ENTRY_E1_TIMING,2024-12-20,300459,汤姆猫,s6setup-dbc04670d4bf601779fa,KEY_CANDIDATE,SUPPORT_CONFIRMED,True,3,NOT_EVALUATED,0,0.0,0.0,0.0
S6_ENTRY_E1_TIMING,2024-12-20,300660,江苏雷利,s6setup-04ef634a8a882f10d1b6,WATCH_CANDIDATE,NOT_APPLICABLE,False,0,NOT_EVALUATED,0,0.0,0.0,0.0
S6_ENTRY_E1_TIMING,2024-12-20,600864,哈投股份,s6setup-2dcaee0f6253a30902e6,WATCH_CANDIDATE,SUPPORT_CONFIRMED,True,5,NOT_EVALUATED,0,0.0,0.0,0.0
S6_ENTRY_E1_TIMING,2024-12-23,300660,江苏雷利,s6setup-04ef634a8a882f10d1b6,WATCH_CANDIDATE,SUPPORT_CONFIRMED,True,3,NOT_EVALUATED,0,0.0,0.0,0.0
S6_ENTRY_E1_TIMING,2024-12-24,002139,拓邦股份,s6setup-fd1e90188568d41c4d76,KEY_CANDIDATE,SUPPORT_CONFIRMED,True,5,NOT_EVALUATED,0,0.0,0.0,0.0
S6_ENTRY_E1_TIMING,2024-12-24,002979,雷赛智能,s6setup-19de00fa889a1c2ce895,WATCH_CANDIDATE,NOT_APPLICABLE,False,0,NOT_EVALUATED,0,0.0,0.0,0.0
S6_ENTRY_E1_TIMING,2024-12-24,300660,江苏雷利,s6setup-04ef634a8a882f10d1b6,WATCH_CANDIDATE,NOT_APPLICABLE,False,0,NOT_EVALUATED,0,0.0,0.0,0.0
S6_ENTRY_E1_TIMING,2024-12-25,002139,拓邦股份,s6setup-fd1e90188568d41c4d76,KEY_CANDIDATE,SUPPORT_CONFIRMED,True,3,NOT_EVALUATED,0,0.0,0.0,0.0
S6_ENTRY_E1_TIMING,2024-12-25,300276,三丰智能,s6setup-6def61aaa26d7a0e6f00,WATCH_CANDIDATE,SUPPORT_CONFIRMED,True,5,NOT_EVALUATED,0,0.0,0.0,0.0
S6_ENTRY_E1_TIMING,2024-12-25,300660,江苏雷利,s6setup-82318e9097d5e2ae5a75,KEY_CANDIDATE,SUPPORT_CONFIRMED,True,4,NOT_EVALUATED,0,0.0,0.0,0.0
S6_ENTRY_E1_TIMING,2024-12-26,002139,拓邦股份,s6setup-fd1e90188568d41c4d76,WATCH_CANDIDATE,SUPPORT_FORMING,False,4,NOT_EVALUATED,0,0.0,0.0,0.0
S6_ENTRY_E1_TIMING,2024-12-26,300276,三丰智能,s6setup-6def61aaa26d7a0e6f00,WATCH_CANDIDATE,SUPPORT_CONFIRMED,True,5,NOT_EVALUATED,0,0.0,0.0,0.0
S6_ENTRY_E1_TIMING,2024-12-26,300503,昊志机电,s6setup-4be758aa7cd2b076adfe,WATCH_CANDIDATE,SUPPORT_CONFIRMED,True,5,NOT_EVALUATED,0,0.0,0.0,0.0
S6_ENTRY_E1_TIMING,2024-12-27,002139,拓邦股份,s6setup-fd1e90188568d41c4d76,WATCH_CANDIDATE,WAITING_BREAKOUT,False,0,NOT_EVALUATED,0,0.0,0.0,0.0
S6_ENTRY_E1_TIMING,2024-12-27,300403,汉宇集团,s6setup-16b388b01bcdba9acf84,WATCH_CANDIDATE,SUPPORT_CONFIRMED,True,3,NOT_EVALUATED,0,0.0,0.0,0.0
S6_ENTRY_E1_TIMING,2024-12-27,300660,江苏雷利,s6setup-04ef634a8a882f10d1b6,WATCH_CANDIDATE,SUPPORT_CONFIRMED,True,3,NOT_EVALUATED,0,0.0,0.0,0.0
S6_ENTRY_E1_TIMING,2024-12-27,688787,海天瑞声,s6setup-d3019118655a97c1c18a,WATCH_CANDIDATE,SUPPORT_CONFIRMED,True,3,NOT_EVALUATED,0,0.0,0.0,0.0
S6_ENTRY_E1_TIMING,2024-12-30,688205,德科立,s6setup-97ceb9eb89758d0cd3b1,WATCH_CANDIDATE,NOT_APPLICABLE,False,0,NOT_EVALUATED,0,0.0,0.0,0.0
S6_ENTRY_E1_TIMING,2024-12-30,688787,海天瑞声,s6setup-7432ad1cb6aa3d94c1cc,WATCH_CANDIDATE,SUPPORT_CONFIRMED,True,3,NOT_EVALUATED,0,0.0,0.0,0.0
S6_ENTRY_E1_TIMING,2025-01-03,688205,德科立,s6setup-65fe963253d88d0a6493,WATCH_CANDIDATE,SUPPORT_FORMING,False,2,NOT_EVALUATED,0,0.0,0.0,0.0
S6_ENTRY_E1_TIMING,2025-01-14,300153,科泰电源,s6setup-0a4db8a473032dbd1ffb,WATCH_CANDIDATE,SUPPORT_CONFIRMED,True,5,NOT_EVALUATED,0,0.0,0.0,0.0
S6_ENTRY_E1_TIMING,2025-01-14,300913,兆龙互连,s6setup-e8eb38b1be1b6db794ca,WATCH_CANDIDATE,SUPPORT_CONFIRMED,True,5,NOT_EVALUATED,0,0.0,0.0,0.0
S6_ENTRY_E1_TIMING,2025-01-14,603236,移远通信,s6setup-c798af28efd589de84d8,WATCH_CANDIDATE,NOT_APPLICABLE,False,0,NOT_EVALUATED,0,0.0,0.0,0.0
S6_ENTRY_E1_TIMING,2025-01-15,300383,光环新网,s6setup-055f624a2e78d5a0096b,WATCH_CANDIDATE,NOT_APPLICABLE,False,0,NOT_EVALUATED,0,0.0,0.0,0.0
S6_ENTRY_E1_TIMING,2025-01-16,002837,英维克,s6setup-d237c63e5ef4128ba007,WATCH_CANDIDATE,SUPPORT_CONFIRMED,True,3,RELIABLE,250,0.416,0.18,0.591901
S6_ENTRY_E1_TIMING,2025-01-17,002837,英维克,s6setup-db6b8624ef8fbb8c39bb,WATCH_CANDIDATE,SUPPORT_CONFIRMED,True,5,RELIABLE,250,0.42,0.176,0.610813
S6_ENTRY_E1_TIMING,2025-01-17,300548,长芯博创,s6setup-c5c467da96963d5f8101,WATCH_CANDIDATE,NOT_APPLICABLE,False,0,NOT_EVALUATED,0,0.0,0.0,0.0
S6_ENTRY_E1_TIMING,2025-01-17,688300,联瑞新材,s6setup-cf361e9a86cd625db123,WATCH_CANDIDATE,NOT_APPLICABLE,False,0,NOT_EVALUATED,0,0.0,0.0,0.0
S6_ENTRY_E1_TIMING,2025-01-20,002837,英维克,s6setup-c5404b55eadcccdf475a,WATCH_CANDIDATE,NOT_APPLICABLE,False,0,NOT_EVALUATED,0,0.0,0.0,0.0
S6_ENTRY_E1_TIMING,2025-01-20,002916,深南电路,s6setup-d5115329e96a644ef467,WATCH_CANDIDATE,NOT_APPLICABLE,False,0,NOT_EVALUATED,0,0.0,0.0,0.0
S6_ENTRY_E1_TIMING,2025-01-21,002837,英维克,s6setup-f67c342e5e1c5b0460b4,WATCH_CANDIDATE,NOT_APPLICABLE,False,0,NOT_EVALUATED,0,0.0,0.0,0.0
S6_ENTRY_E1_TIMING,2025-01-22,300708,聚灿光电,s6setup-0a630f7143c7c44f29df,KEY_CANDIDATE,SUPPORT_CONFIRMED,True,3,RELIABLE,250,0.296,0.12,0.164026
S6_ENTRY_E1_TIMING,2025-01-23,300708,聚灿光电,s6setup-819b55c44b879628da21,WATCH_CANDIDATE,NOT_APPLICABLE,False,0,NOT_EVALUATED,0,0.0,0.0,0.0
S6_ENTRY_E1_TIMING,2025-02-06,002779,中坚科技,s6setup-eaeec946631a8c7068b1,WATCH_CANDIDATE,NOT_APPLICABLE,False,0,NOT_EVALUATED,0,0.0,0.0,0.0
S6_ENTRY_E1_TIMING,2025-02-06,688571,杭华股份,s6setup-124316f9ae6e7421f426,WATCH_CANDIDATE,NOT_APPLICABLE,False,0,NOT_EVALUATED,0,0.0,0.0,0.0
S6_ENTRY_E1_TIMING,2025-02-07,300684,中石科技,s6setup-28fe5a89fa9261a77ef7,WATCH_CANDIDATE,SUPPORT_CONFIRMED,True,4,NOT_EVALUATED,0,0.0,0.0,0.0
S6_ENTRY_E1_TIMING,2025-02-10,002119,康强电子,s6setup-0128d555faa09eeebb8f,WATCH_CANDIDATE,NOT_APPLICABLE,False,0,NOT_EVALUATED,0,0.0,0.0,0.0
S6_ENTRY_E1_TIMING,2025-02-10,300684,中石科技,s6setup-e1ffb4c368f38b7370dd,WATCH_CANDIDATE,SUPPORT_CONFIRMED,True,3,NOT_EVALUATED,0,0.0,0.0,0.0
S6_ENTRY_E1_TIMING,2025-02-11,002119,康强电子,s6setup-ee83bf34d16fd61dbe6e,WATCH_CANDIDATE,SUPPORT_CONFIRMED,True,3,RELIABLE,250,0.544,0.172,0.69125
S6_ENTRY_E1_TIMING,2025-02-11,600601,方正科技,s6setup-f532cfcef1961d07d7a5,KEY_CANDIDATE,SUPPORT_CONFIRMED,True,3,NOT_EVALUATED,0,0.0,0.0,0.0
S6_ENTRY_E1_TIMING,2025-02-11,603015,弘讯科技,s6setup-84ab2f527131a37304df,WATCH_CANDIDATE,NOT_APPLICABLE,False,0,NOT_EVALUATED,0,0.0,0.0,0.0
S6_ENTRY_E1_TIMING,2025-02-12,600601,方正科技,s6setup-f532cfcef1961d07d7a5,WATCH_CANDIDATE,NOT_APPLICABLE,False,0,NOT_EVALUATED,0,0.0,0.0,0.0
S6_ENTRY_E1_TIMING,2025-02-12,603986,兆易创新,s6setup-7a6580f669fe0713c9ea,WATCH_CANDIDATE,WAITING_BREAKOUT,False,0,NOT_EVALUATED,0,0.0,0.0,0.0
S6_ENTRY_E1_TIMING,2025-02-13,002779,中坚科技,s6setup-a87bc4274e1797816b7e,WATCH_CANDIDATE,NOT_APPLICABLE,False,0,NOT_EVALUATED,0,0.0,0.0,0.0
S6_ENTRY_E1_TIMING,2025-02-13,600183,生益科技,s6setup-cddc9fa2ae414bb11d69,WATCH_CANDIDATE,SUPPORT_CONFIRMED,True,3,RELIABLE,250,0.632,0.196,0.730417
S6_ENTRY_E1_TIMING,2025-02-13,688288,鸿泉技术,s6setup-218c603583976a102055,WATCH_CANDIDATE,NOT_APPLICABLE,False,0,NOT_EVALUATED,0,0.0,0.0,0.0
S6_ENTRY_E1_TIMING,2025-02-14,002779,中坚科技,s6setup-18aae797240da13c306a,WATCH_CANDIDATE,NOT_APPLICABLE,False,0,NOT_EVALUATED,0,0.0,0.0,0.0
S6_ENTRY_E1_TIMING,2025-02-14,300433,蓝思科技,s6setup-1cb2d12993de1176da44,WATCH_CANDIDATE,NOT_APPLICABLE,False,0,NOT_EVALUATED,0,0.0,0.0,0.0
S6_ENTRY_E1_TIMING,2025-02-17,002779,中坚科技,s6setup-18aae797240da13c306a,WATCH_CANDIDATE,NOT_APPLICABLE,False,0,NOT_EVALUATED,0,0.0,0.0,0.0
S6_ENTRY_E1_TIMING,2025-02-17,300433,蓝思科技,s6setup-65f64be8e941ebd44b99,WATCH_CANDIDATE,NOT_APPLICABLE,False,0,NOT_EVALUATED,0,0.0,0.0,0.0
S6_ENTRY_E1_TIMING,2025-02-17,301000,肇民科技,s6setup-918da66ce65af122abad,WATCH_CANDIDATE,NOT_APPLICABLE,False,0,NOT_EVALUATED,0,0.0,0.0,0.0
S6_ENTRY_E1_TIMING,2025-02-18,300433,蓝思科技,s6setup-65f64be8e941ebd44b99,WATCH_CANDIDATE,NOT_APPLICABLE,False,0,NOT_EVALUATED,0,0.0,0.0,0.0
S6_ENTRY_E1_TIMING,2025-02-18,301000,肇民科技,s6setup-918da66ce65af122abad,WATCH_CANDIDATE,SUPPORT_CONFIRMED,True,3,NOT_EVALUATED,0,0.0,0.0,0.0
S6_ENTRY_E1_TIMING,2025-02-18,603809,豪能股份,s6setup-b711397711c1038bd559,WATCH_CANDIDATE,NOT_APPLICABLE,False,0,NOT_EVALUATED,0,0.0,0.0,0.0
S6_ENTRY_E1_TIMING,2025-02-18,688160,步科股份,s6setup-bb256764512af0a8dbea,WATCH_CANDIDATE,NOT_APPLICABLE,False,0,NOT_EVALUATED,0,0.0,0.0,0.0
S6_ENTRY_E1_TIMING,2025-02-19,300613,富瀚微,s6setup-a6e1ba2cf256a30223eb,WATCH_CANDIDATE,SUPPORT_CONFIRMED,True,5,NOT_EVALUATED,0,0.0,0.0,0.0
S6_ENTRY_E1_TIMING,2025-02-19,301000,肇民科技,s6setup-918da66ce65af122abad,WATCH_CANDIDATE,NOT_APPLICABLE,False,0,NOT_EVALUATED,0,0.0,0.0,0.0
S6_ENTRY_E1_TIMING,2025-02-19,603809,豪能股份,s6setup-51dd18023b551d7f64d7,WATCH_CANDIDATE,NOT_APPLICABLE,False,0,NOT_EVALUATED,0,0.0,0.0,0.0
S6_ENTRY_E1_TIMING,2025-02-19,688160,步科股份,s6setup-bb256764512af0a8dbea,WATCH_CANDIDATE,NOT_APPLICABLE,False,0,NOT_EVALUATED,0,0.0,0.0,0.0
S6_ENTRY_E1_TIMING,2025-02-20,300433,蓝思科技,s6setup-1cb2d12993de1176da44,WATCH_CANDIDATE,NOT_APPLICABLE,False,0,NOT_EVALUATED,0,0.0,0.0,0.0
S6_ENTRY_E1_TIMING,2025-02-20,300613,富瀚微,s6setup-ccef6534bb60e0821650,WATCH_CANDIDATE,NOT_APPLICABLE,False,0,NOT_EVALUATED,0,0.0,0.0,0.0
S6_ENTRY_E1_TIMING,2025-02-20,603809,豪能股份,s6setup-b711397711c1038bd559,WATCH_CANDIDATE,NOT_APPLICABLE,False,0,NOT_EVALUATED,0,0.0,0.0,0.0
S6_ENTRY_E1_TIMING,2025-02-21,603236,移远通信,s6setup-0ea4f7f9586e556c39d6,WATCH_CANDIDATE,SUPPORT_CONFIRMED,True,5,NOT_EVALUATED,0,0.0,0.0,0.0
S6_ENTRY_E1_TIMING,2025-02-21,603809,豪能股份,s6setup-b711397711c1038bd559,WATCH_CANDIDATE,SUPPORT_CONFIRMED,True,4,NOT_EVALUATED,0,0.0,0.0,0.0
S6_ENTRY_E1_TIMING,2025-02-24,300433,蓝思科技,s6setup-1cb2d12993de1176da44,WATCH_CANDIDATE,NOT_APPLICABLE,False,0,NOT_EVALUATED,0,0.0,0.0,0.0
S6_ENTRY_E1_TIMING,2025-02-25,300433,蓝思科技,s6setup-1cb2d12993de1176da44,WATCH_CANDIDATE,SUPPORT_FORMING,False,2,RELIABLE,250,0.78,0.22,0.833686
S6_ENTRY_E1_TIMING,2025-02-25,300634,彩讯股份,s6setup-ed8712b062c23b890d99,KEY_CANDIDATE,SUPPORT_CONFIRMED,True,3,RELIABLE,250,0.464,0.216,0.423574
S6_ENTRY_E1_TIMING,2025-02-25,300925,法本信息,s6setup-38cff9e0e7e0419fec38,WATCH_CANDIDATE,NOT_APPLICABLE,False,0,NOT_EVALUATED,0,0.0,0.0,0.0
S6_ENTRY_E1_TIMING,2025-02-26,002517,恺英网络,s6setup-09f68dca72be920caa28,WATCH_CANDIDATE,NOT_APPLICABLE,False,0,NOT_EVALUATED,0,0.0,0.0,0.0
S6_ENTRY_E1_TIMING,2025-02-26,300229,拓尔思,s6setup-8351a4c7023572b12be5,KEY_CANDIDATE,SUPPORT_CONFIRMED,True,5,RELIABLE,250,0.436,0.168,0.247772
S6_ENTRY_E1_TIMING,2025-02-26,300634,彩讯股份,s6setup-d887655c5a20d3bbae0d,KEY_CANDIDATE,SUPPORT_CONFIRMED,True,5,RELIABLE,250,0.488,0.22,0.481014
S6_ENTRY_E1_TIMING,2025-02-26,300925,法本信息,s6setup-38cff9e0e7e0419fec38,WATCH_CANDIDATE,SUPPORT_CONFIRMED,True,3,RELIABLE,250,0.372,0.368,0.058981
S6_ENTRY_E1_TIMING,2025-02-26,600186,莲花控股,s6setup-4d929ef3b104891ee150,WATCH_CANDIDATE,NOT_APPLICABLE,False,0,NOT_EVALUATED,0,0.0,0.0,0.0
S6_ENTRY_E1_TIMING,2025-02-26,688178,万德斯,s6setup-a82e2950ef5eb410c141,WATCH_CANDIDATE,NOT_APPLICABLE,False,0,NOT_EVALUATED,0,0.0,0.0,0.0
S6_ENTRY_E1_TIMING,2025-02-27,002517,恺英网络,s6setup-7c5bd582e895de16e58c,WATCH_CANDIDATE,NOT_APPLICABLE,False,0,NOT_EVALUATED,0,0.0,0.0,0.0
S6_ENTRY_E1_TIMING,2025-02-27,600186,莲花控股,s6setup-4d929ef3b104891ee150,KEY_CANDIDATE,SUPPORT_CONFIRMED,True,3,NOT_EVALUATED,0,0.0,0.0,0.0
S6_ENTRY_E1_TIMING,2025-02-27,688178,万德斯,s6setup-a82e2950ef5eb410c141,WATCH_CANDIDATE,NOT_APPLICABLE,False,0,NOT_EVALUATED,0,0.0,0.0,0.0
S6_ENTRY_E1_TIMING,2025-02-28,600120,浙江东方,s6setup-b1c1dcfaa4a6e6244291,WATCH_CANDIDATE,SUPPORT_CONFIRMED,True,3,NOT_EVALUATED,0,0.0,0.0,0.0
S6_ENTRY_E1_TIMING,2025-02-28,600186,莲花控股,s6setup-4d929ef3b104891ee150,KEY_CANDIDATE,SUPPORT_CONFIRMED,True,3,NOT_EVALUATED,0,0.0,0.0,0.0
S6_ENTRY_E1_TIMING,2025-03-03,600186,莲花控股,s6setup-1705233833b71d9111cb,KEY_CANDIDATE,SUPPORT_CONFIRMED,True,4,NOT_EVALUATED,0,0.0,0.0,0.0
S6_ENTRY_E1_TIMING,2025-03-03,688225,亚信安全,s6setup-b7da79bddadf3235431b,WATCH_CANDIDATE,SUPPORT_FORMING,False,3,NOT_EVALUATED,0,0.0,0.0,0.0
S6_ENTRY_E1_TIMING,2025-03-04,002036,联创电子,s6setup-cfc0e0c32a83cacd1e5f,WATCH_CANDIDATE,SUPPORT_CONFIRMED,True,5,NOT_EVALUATED,0,0.0,0.0,0.0
S6_ENTRY_E1_TIMING,2025-03-04,603005,晶方科技,s6setup-87b9f7f054113f42440d,WATCH_CANDIDATE,SUPPORT_CONFIRMED,True,5,NOT_EVALUATED,0,0.0,0.0,0.0
S6_ENTRY_E1_TIMING,2025-03-04,603486,科沃斯,s6setup-1329ee6d6176dab5aff4,WATCH_CANDIDATE,NOT_APPLICABLE,False,0,NOT_EVALUATED,0,0.0,0.0,0.0
S6_ENTRY_E1_TIMING,2025-03-04,688135,利扬芯片,s6setup-e4c6a22c1b5169163ff6,WATCH_CANDIDATE,SUPPORT_CONFIRMED,True,5,NOT_EVALUATED,0,0.0,0.0,0.0
S6_ENTRY_E1_TIMING,2025-03-04,688225,亚信安全,s6setup-d497a32a40f10abe4f15,WATCH_CANDIDATE,NOT_APPLICABLE,False,0,NOT_EVALUATED,0,0.0,0.0,0.0
S6_ENTRY_E1_TIMING,2025-03-04,688685,迈信林,s6setup-dcd16c635329d8c8710e,WATCH_CANDIDATE,NOT_APPLICABLE,False,0,NOT_EVALUATED,0,0.0,0.0,0.0
S6_ENTRY_E1_TIMING,2025-03-05,002036,联创电子,s6setup-cfc0e0c32a83cacd1e5f,WATCH_CANDIDATE,SUPPORT_CONFIRMED,True,5,NOT_EVALUATED,0,0.0,0.0,0.0
S6_ENTRY_E1_TIMING,2025-03-05,603005,晶方科技,s6setup-fb99a9ea9bf6c482cf37,WATCH_CANDIDATE,SUPPORT_CONFIRMED,True,4,NOT_EVALUATED,0,0.0,0.0,0.0
S6_ENTRY_E1_TIMING,2025-03-05,688225,亚信安全,s6setup-d497a32a40f10abe4f15,WATCH_CANDIDATE,SUPPORT_CONFIRMED,True,3,NOT_EVALUATED,0,0.0,0.0,0.0
S6_ENTRY_E1_TIMING,2025-03-05,688466,金科环境,s6setup-62f194e30b1b2d2fada4,WATCH_CANDIDATE,SUPPORT_CONFIRMED,True,4,NOT_EVALUATED,0,0.0,0.0,0.0
S6_ENTRY_E1_TIMING,2025-03-06,002036,联创电子,s6setup-cfc0e0c32a83cacd1e5f,WATCH_CANDIDATE,SUPPORT_CONFIRMED,True,4,NOT_EVALUATED,0,0.0,0.0,0.0
S6_ENTRY_E1_TIMING,2025-03-06,300307,慈星股份,s6setup-5578ad8289ff4165fed9,KEY_CANDIDATE,SUPPORT_CONFIRMED,True,5,RELIABLE,250,0.64,0.12,0.374724
S6_ENTRY_E1_TIMING,2025-03-06,300603,立昂技术,s6setup-e4b882cc76f264f60fa3,WATCH_CANDIDATE,SUPPORT_CONFIRMED,True,5,NOT_EVALUATED,0,0.0,0.0,0.0
S6_ENTRY_E1_TIMING,2025-03-06,300672,国科微,s6setup-53bbe2b1467590242655,WATCH_CANDIDATE,SUPPORT_CONFIRMED,True,3,NOT_EVALUATED,0,0.0,0.0,0.0
S6_ENTRY_E1_TIMING,2025-03-06,603501,豪威集团,s6setup-3d291caa03eb71207405,WATCH_CANDIDATE,NOT_APPLICABLE,False,0,NOT_EVALUATED,0,0.0,0.0,0.0
S6_ENTRY_E1_TIMING,2025-03-06,688048,长光华芯,s6setup-7a7cabda6a8687592f97,WATCH_CANDIDATE,SUPPORT_CONFIRMED,True,5,NOT_EVALUATED,0,0.0,0.0,0.0
S6_ENTRY_E1_TIMING,2025-03-06,688225,亚信安全,s6setup-d497a32a40f10abe4f15,WATCH_CANDIDATE,NOT_APPLICABLE,False,0,NOT_EVALUATED,0,0.0,0.0,0.0
S6_ENTRY_E1_TIMING,2025-03-06,688468,科美诊断,s6setup-5d40eefc6fbb0f7a552a,WATCH_CANDIDATE,NOT_APPLICABLE,False,0,NOT_EVALUATED,0,0.0,0.0,0.0
S6_ENTRY_E1_TIMING,2025-03-07,002518,科士达,s6setup-efe52db6cbf333d06fe7,WATCH_CANDIDATE,SUPPORT_CONFIRMED,True,3,NOT_EVALUATED,0,0.0,0.0,0.0
S6_ENTRY_E1_TIMING,2025-03-07,300603,立昂技术,s6setup-e4b882cc76f264f60fa3,WATCH_CANDIDATE,SUPPORT_CONFIRMED,True,3,NOT_EVALUATED,0,0.0,0.0,0.0
S6_ENTRY_E1_TIMING,2025-03-07,300672,国科微,s6setup-53bbe2b1467590242655,KEY_CANDIDATE,SUPPORT_CONFIRMED,True,3,RELIABLE,250,0.46,0.296,0.38433
S6_ENTRY_E1_TIMING,2025-03-07,600050,中国联通,s6setup-db2f19295490f4aaa303,KEY_CANDIDATE,SUPPORT_CONFIRMED,True,3,NOT_EVALUATED,0,0.0,0.0,0.0
S6_ENTRY_E1_TIMING,2025-03-07,600143,金发科技,s6setup-e813f922d445d7fff884,KEY_CANDIDATE,SUPPORT_CONFIRMED,True,3,RELIABLE,250,0.348,0.216,0.526496
S6_ENTRY_E1_TIMING,2025-03-07,600850,电科数字,s6setup-5bb2edf1d6217631e0ae,WATCH_CANDIDATE,SUPPORT_CONFIRMED,True,3,NOT_EVALUATED,0,0.0,0.0,0.0
S6_ENTRY_E1_TIMING,2025-03-07,601728,中国电信,s6setup-c1daba4df39d22dd0650,WATCH_CANDIDATE,SUPPORT_CONFIRMED,True,3,RELIABLE,250,0.604,0.268,0.703488
S6_ENTRY_E1_TIMING,2025-03-07,603501,豪威集团,s6setup-e9dfe6dc7b1f76c08f27,KEY_CANDIDATE,SUPPORT_CONFIRMED,True,3,RELIABLE,250,0.376,0.164,0.608259
S6_ENTRY_E1_TIMING,2025-03-07,688225,亚信安全,s6setup-6c0295ad1ca057113cb8,KEY_CANDIDATE,SUPPORT_CONFIRMED,True,3,NOT_EVALUATED,0,0.0,0.0,0.0
S6_ENTRY_E1_TIMING,2025-03-07,688400,凌云光,s6setup-a10c49ad4f4a9fbf2286,KEY_CANDIDATE,SUPPORT_CONFIRMED,True,3,NOT_EVALUATED,0,0.0,0.0,0.0
S6_ENTRY_E1_TIMING,2025-03-07,688466,金科环境,s6setup-6265561dc48fb2874b9e,KEY_CANDIDATE,SUPPORT_CONFIRMED,True,3,NOT_EVALUATED,0,0.0,0.0,0.0
S6_ENTRY_E1_TIMING,2025-03-07,688468,科美诊断,s6setup-abdc2d85fb6ae0c66461,KEY_CANDIDATE,SUPPORT_CONFIRMED,True,3,NOT_EVALUATED,0,0.0,0.0,0.0
S6_ENTRY_E1_TIMING,2025-03-10,000948,南天信息,s6setup-bf5fe9b2633a0e197b51,WATCH_CANDIDATE,SUPPORT_CONFIRMED,True,3,NOT_EVALUATED,0,0.0,0.0,0.0
S6_ENTRY_E1_TIMING,2025-03-10,002334,英威腾,s6setup-9573a2607c2d6860603b,WATCH_CANDIDATE,SUPPORT_CONFIRMED,True,3,NOT_EVALUATED,0,0.0,0.0,0.0
S6_ENTRY_E1_TIMING,2025-03-10,002518,科士达,s6setup-f206f39667a370bf3be5,WATCH_CANDIDATE,SUPPORT_CONFIRMED,True,5,NOT_EVALUATED,0,0.0,0.0,0.0
S6_ENTRY_E1_TIMING,2025-03-10,002536,飞龙股份,s6setup-f1e5726770c12a03fc53,WATCH_CANDIDATE,SUPPORT_CONFIRMED,True,5,NOT_EVALUATED,0,0.0,0.0,0.0
S6_ENTRY_E1_TIMING,2025-03-10,002664,信质集团,s6setup-5aabe4ff777a59307a84,WATCH_CANDIDATE,SUPPORT_CONFIRMED,True,3,RELIABLE,250,0.26,0.216,0.362154
S6_ENTRY_E1_TIMING,2025-03-10,002837,英维克,s6setup-1282cc1d601a891eee3b,WATCH_CANDIDATE,NOT_APPLICABLE,False,0,NOT_EVALUATED,0,0.0,0.0,0.0
S6_ENTRY_E1_TIMING,2025-03-10,300124,汇川技术,s6setup-37ab076fbd8d138d9531,WATCH_CANDIDATE,NOT_APPLICABLE,False,0,NOT_EVALUATED,0,0.0,0.0,0.0
S6_ENTRY_E1_TIMING,2025-03-10,301018,申菱环境,s6setup-7de0bc422549ebd1bf4f,KEY_CANDIDATE,SUPPORT_CONFIRMED,True,5,RELIABLE,250,0.5,0.228,0.640548
S6_ENTRY_E1_TIMING,2025-03-10,301101,明月镜片,s6setup-0ba7938bc0abd5c5e782,WATCH_CANDIDATE,NOT_APPLICABLE,False,0,NOT_EVALUATED,0,0.0,0.0,0.0
S6_ENTRY_E1_TIMING,2025-03-10,600143,金发科技,s6setup-e813f922d445d7fff884,KEY_CANDIDATE,SUPPORT_CONFIRMED,True,3,RELIABLE,250,0.404,0.272,0.566216
S6_ENTRY_E1_TIMING,2025-03-10,601777,千里科技,s6setup-569de22093b0693f5a7b,WATCH_CANDIDATE,SUPPORT_CONFIRMED,True,4,NOT_EVALUATED,0,0.0,0.0,0.0
S6_ENTRY_E1_TIMING,2025-03-10,603501,豪威集团,s6setup-3d291caa03eb71207405,KEY_CANDIDATE,SUPPORT_CONFIRMED,True,5,RELIABLE,250,0.412,0.184,0.488478
S6_ENTRY_E1_TIMING,2025-03-10,688272,富吉瑞,s6setup-fb7127c3a9b03473442b,KEY_CANDIDATE,SUPPORT_CONFIRMED,True,4,NOT_EVALUATED,0,0.0,0.0,0.0
S6_ENTRY_E1_TIMING,2025-03-10,688400,凌云光,s6setup-a10c49ad4f4a9fbf2286,WATCH_CANDIDATE,NOT_APPLICABLE,False,0,NOT_EVALUATED,0,0.0,0.0,0.0
S6_ENTRY_E1_TIMING,2025-03-10,688466,金科环境,s6setup-62f194e30b1b2d2fada4,KEY_CANDIDATE,SUPPORT_CONFIRMED,True,5,NOT_EVALUATED,0,0.0,0.0,0.0
S6_ENTRY_E1_TIMING,2025-03-11,000948,南天信息,s6setup-bf5fe9b2633a0e197b51,WATCH_CANDIDATE,NOT_APPLICABLE,False,0,NOT_EVALUATED,0,0.0,0.0,0.0
S6_ENTRY_E1_TIMING,2025-03-11,002518,科士达,s6setup-2ce17238c2c01e4fa623,WATCH_CANDIDATE,SUPPORT_CONFIRMED,True,5,NOT_EVALUATED,0,0.0,0.0,0.0
S6_ENTRY_E1_TIMING,2025-03-11,002536,飞龙股份,s6setup-cfe55e9a48cfc111937a,WATCH_CANDIDATE,NOT_APPLICABLE,False,0,NOT_EVALUATED,0,0.0,0.0,0.0
S6_ENTRY_E1_TIMING,2025-03-11,002837,英维克,s6setup-eafbd7beab4fe5429946,WATCH_CANDIDATE,NOT_APPLICABLE,False,0,NOT_EVALUATED,0,0.0,0.0,0.0
S6_ENTRY_E1_TIMING,2025-03-11,300124,汇川技术,s6setup-a3ddd2294c9714599d13,WATCH_CANDIDATE,SUPPORT_CONFIRMED,True,4,RELIABLE,250,0.348,0.22,0.444183
S6_ENTRY_E1_TIMING,2025-03-11,300276,三丰智能,s6setup-cfdfc980247dba9596c3,WATCH_CANDIDATE,NOT_APPLICABLE,False,0,NOT_EVALUATED,0,0.0,0.0,0.0
S6_ENTRY_E1_TIMING,2025-03-11,300383,光环新网,s6setup-44e0c9033a1d6e65cc28,KEY_CANDIDATE,SUPPORT_CONFIRMED,True,5,NOT_EVALUATED,0,0.0,0.0,0.0
S6_ENTRY_E1_TIMING,2025-03-11,300672,国科微,s6setup-53bbe2b1467590242655,WATCH_CANDIDATE,SUPPORT_FORMING,False,4,NOT_EVALUATED,0,0.0,0.0,0.0
S6_ENTRY_E1_TIMING,2025-03-11,301018,申菱环境,s6setup-2ae58d8f9f65aa0ad013,KEY_CANDIDATE,SUPPORT_CONFIRMED,True,5,RELIABLE,250,0.536,0.232,0.669266
S6_ENTRY_E1_TIMING,2025-03-11,301101,明月镜片,s6setup-d02b318eb42f11265766,WATCH_CANDIDATE,NOT_APPLICABLE,False,0,NOT_EVALUATED,0,0.0,0.0,0.0
S6_ENTRY_E1_TIMING,2025-03-11,301238,瑞泰新材,s6setup-38d6d5119bdaf06abb39,WATCH_CANDIDATE,SUPPORT_FORMING,False,3,NOT_EVALUATED,0,0.0,0.0,0.0
S6_ENTRY_E1_TIMING,2025-03-11,600143,金发科技,s6setup-ce8fa1a557656f1f9aa3,WATCH_CANDIDATE,SUPPORT_FORMING,False,4,NOT_EVALUATED,0,0.0,0.0,0.0
S6_ENTRY_E1_TIMING,2025-03-11,603915,国茂股份,s6setup-a268ff9470f36410b3b1,WATCH_CANDIDATE,NOT_APPLICABLE,False,0,NOT_EVALUATED,0,0.0,0.0,0.0
S6_ENTRY_E1_TIMING,2025-03-11,688041,海光信息,s6setup-9a7648a71876120ebaaf,WATCH_CANDIDATE,NOT_APPLICABLE,False,0,NOT_EVALUATED,0,0.0,0.0,0.0
S6_ENTRY_E1_TIMING,2025-03-11,688213,思特威,s6setup-cfd64463a895f91c7e92,WATCH_CANDIDATE,NOT_APPLICABLE,False,0,NOT_EVALUATED,0,0.0,0.0,0.0
S6_ENTRY_E1_TIMING,2025-03-11,688400,凌云光,s6setup-e30b6543c9a4f715fb66,WATCH_CANDIDATE,NOT_APPLICABLE,False,0,NOT_EVALUATED,0,0.0,0.0,0.0
S6_ENTRY_E1_TIMING,2025-03-11,688466,金科环境,s6setup-74bacd272ba85bd07fb0,KEY_CANDIDATE,SUPPORT_CONFIRMED,True,3,NOT_EVALUATED,0,0.0,0.0,0.0
S6_ENTRY_E1_TIMING,2025-03-12,002152,广电运通,s6setup-1a652941f4d2ba4d952d,KEY_CANDIDATE,SUPPORT_CONFIRMED,True,4,NOT_EVALUATED,0,0.0,0.0,0.0
S6_ENTRY_E1_TIMING,2025-03-12,002334,英威腾,s6setup-9573a2607c2d6860603b,WATCH_CANDIDATE,NOT_APPLICABLE,False,0,NOT_EVALUATED,0,0.0,0.0,0.0
S6_ENTRY_E1_TIMING,2025-03-12,002402,和而泰,s6setup-f5a9455758a7c2d37c34,WATCH_CANDIDATE,NOT_APPLICABLE,False,0,NOT_EVALUATED,0,0.0,0.0,0.0
S6_ENTRY_E1_TIMING,2025-03-12,002536,飞龙股份,s6setup-9dd30987d243c86137a3,WATCH_CANDIDATE,SUPPORT_CONFIRMED,True,4,NOT_EVALUATED,0,0.0,0.0,0.0
S6_ENTRY_E1_TIMING,2025-03-12,300065,海兰信,s6setup-7ad83946d6b5e7a18b02,KEY_CANDIDATE,SUPPORT_CONFIRMED,True,4,NOT_EVALUATED,0,0.0,0.0,0.0
S6_ENTRY_E1_TIMING,2025-03-12,300276,三丰智能,s6setup-a2e8f236483f82aaa623,KEY_CANDIDATE,SUPPORT_CONFIRMED,True,3,RELIABLE,250,0.452,0.248,0.991104
S6_ENTRY_E1_TIMING,2025-03-12,300307,慈星股份,s6setup-c4931d99b7cb67258402,WATCH_CANDIDATE,SUPPORT_CONFIRMED,True,4,NOT_EVALUATED,0,0.0,0.0,0.0
S6_ENTRY_E1_TIMING,2025-03-12,300602,飞荣达,s6setup-70826988a04612db155f,WATCH_CANDIDATE,NOT_APPLICABLE,False,0,NOT_EVALUATED,0,0.0,0.0,0.0
S6_ENTRY_E1_TIMING,2025-03-12,300846,首都在线,s6setup-e638d1e29bfa0e8b492d,KEY_CANDIDATE,SUPPORT_CONFIRMED,True,4,NOT_EVALUATED,0,0.0,0.0,0.0
S6_ENTRY_E1_TIMING,2025-03-12,600143,金发科技,s6setup-32ff951c8a2e04623c92,WATCH_CANDIDATE,SUPPORT_CONFIRMED,True,3,NOT_EVALUATED,0,0.0,0.0,0.0
S6_ENTRY_E1_TIMING,2025-03-12,688213,思特威,s6setup-e587c432324694e3816e,WATCH_CANDIDATE,SUPPORT_CONFIRMED,True,4,NOT_EVALUATED,0,0.0,0.0,0.0
S6_ENTRY_E1_TIMING,2025-03-12,688400,凌云光,s6setup-e30b6543c9a4f715fb66,KEY_CANDIDATE,SUPPORT_CONFIRMED,True,3,RELIABLE,250,0.516,0.256,0.930479
S6_ENTRY_E1_TIMING,2025-03-12,688722,同益中,s6setup-7d4617d1763b1294ea24,WATCH_CANDIDATE,SUPPORT_CONFIRMED,True,3,NOT_EVALUATED,0,0.0,0.0,0.0
S6_ENTRY_E1_TIMING,2025-03-13,002152,广电运通,s6setup-1a652941f4d2ba4d952d,KEY_CANDIDATE,SUPPORT_CONFIRMED,True,3,NOT_EVALUATED,0,0.0,0.0,0.0
S6_ENTRY_E1_TIMING,2025-03-13,002334,英威腾,s6setup-9573a2607c2d6860603b,WATCH_CANDIDATE,SUPPORT_CONFIRMED,True,3,NOT_EVALUATED,0,0.0,0.0,0.0
S6_ENTRY_E1_TIMING,2025-03-13,002517,恺英网络,s6setup-efbec065a0e63a0e65f3,KEY_CANDIDATE,SUPPORT_CONFIRMED,True,5,RELIABLE,250,0.548,0.16,0.752833
S6_ENTRY_E1_TIMING,2025-03-13,300124,汇川技术,s6setup-5f1e06d6e268d09e8023,WATCH_CANDIDATE,SUPPORT_FORMING,False,2,NOT_EVALUATED,0,0.0,0.0,0.0
S6_ENTRY_E1_TIMING,2025-03-13,300383,光环新网,s6setup-44e0c9033a1d6e65cc28,KEY_CANDIDATE,SUPPORT_CONFIRMED,True,3,NOT_EVALUATED,0,0.0,0.0,0.0
S6_ENTRY_E1_TIMING,2025-03-13,688041,海光信息,s6setup-39e835b206d36a70c71e,WATCH_CANDIDATE,SUPPORT_FORMING,False,2,NOT_EVALUATED,0,0.0,0.0,0.0
S6_ENTRY_E1_TIMING,2025-03-13,688116,天奈科技,s6setup-f3f4c3e098a92dd7a8a7,WATCH_CANDIDATE,SUPPORT_CONFIRMED,True,4,NOT_EVALUATED,0,0.0,0.0,0.0
S6_ENTRY_E1_TIMING,2025-03-13,688466,金科环境,s6setup-729dc03dd333692f47b0,WATCH_CANDIDATE,SUPPORT_FORMING,False,2,NOT_EVALUATED,0,0.0,0.0,0.0
S6_ENTRY_E1_TIMING,2025-03-13,688611,杭州柯林,s6setup-26e7e31a7ac13a6c69e4,WATCH_CANDIDATE,SUPPORT_FORMING,False,2,NOT_EVALUATED,0,0.0,0.0,0.0
S6_ENTRY_E1_TIMING,2025-03-13,689009,九号公司,s6setup-02d7326cfc51e8d6b2de,WATCH_CANDIDATE,SUPPORT_CONFIRMED,True,5,NOT_EVALUATED,0,0.0,0.0,0.0
S6_ENTRY_E1_TIMING,2025-03-14,001309,德明利,s6setup-65cc2cee22d5d9c46cf7,WATCH_CANDIDATE,SUPPORT_CONFIRMED,True,5,NOT_EVALUATED,0,0.0,0.0,0.0
S6_ENTRY_E1_TIMING,2025-03-14,002139,拓邦股份,s6setup-a395f4053d44b2b95a38,WATCH_CANDIDATE,SUPPORT_CONFIRMED,True,5,NOT_EVALUATED,0,0.0,0.0,0.0
S6_ENTRY_E1_TIMING,2025-03-14,002602,世纪华通,s6setup-8a6a27bd74f29483a17c,WATCH_CANDIDATE,NOT_APPLICABLE,False,0,NOT_EVALUATED,0,0.0,0.0,0.0
S6_ENTRY_E1_TIMING,2025-03-14,301165,锐捷网络,s6setup-660eb4bcfb0bb97473c2,WATCH_CANDIDATE,NOT_APPLICABLE,False,0,NOT_EVALUATED,0,0.0,0.0,0.0
S6_ENTRY_E1_TIMING,2025-03-14,301308,江波龙,s6setup-10c6f89509a55b7c641f,WATCH_CANDIDATE,SUPPORT_CONFIRMED,True,5,NOT_EVALUATED,0,0.0,0.0,0.0
S6_ENTRY_E1_TIMING,2025-03-14,688103,国力电子,s6setup-460d5619c1ccd0b42ede,WATCH_CANDIDATE,NOT_APPLICABLE,False,0,NOT_EVALUATED,0,0.0,0.0,0.0
S6_ENTRY_E1_TIMING,2025-03-14,688116,天奈科技,s6setup-f3f4c3e098a92dd7a8a7,WATCH_CANDIDATE,SUPPORT_CONFIRMED,True,5,NOT_EVALUATED,0,0.0,0.0,0.0
S6_ENTRY_E1_TIMING,2025-03-14,688466,金科环境,s6setup-9cbc88c67d20123c55a0,WATCH_CANDIDATE,NOT_APPLICABLE,False,0,NOT_EVALUATED,0,0.0,0.0,0.0
S6_ENTRY_E1_TIMING,2025-03-17,300007,汉威科技,s6setup-c6f59562fc29e1b7aa0f,WATCH_CANDIDATE,NOT_APPLICABLE,False,0,NOT_EVALUATED,0,0.0,0.0,0.0
S6_ENTRY_E1_TIMING,2025-03-17,300035,中科电气,s6setup-3851eef3d0ecff5bba32,WATCH_CANDIDATE,NOT_APPLICABLE,False,0,NOT_EVALUATED,0,0.0,0.0,0.0
S6_ENTRY_E1_TIMING,2025-03-17,300473,德尔股份,s6setup-4269b9bb4f194278f827,WATCH_CANDIDATE,SUPPORT_CONFIRMED,True,4,NOT_EVALUATED,0,0.0,0.0,0.0
S6_ENTRY_E1_TIMING,2025-03-17,300503,昊志机电,s6setup-b365884df694ce2f0407,WATCH_CANDIDATE,SUPPORT_CONFIRMED,True,5,NOT_EVALUATED,0,0.0,0.0,0.0
S6_ENTRY_E1_TIMING,2025-03-17,300687,赛意信息,s6setup-babc61c53c3fbd5dbdd9,KEY_CANDIDATE,SUPPORT_CONFIRMED,True,3,NOT_EVALUATED,0,0.0,0.0,0.0
S6_ENTRY_E1_TIMING,2025-03-17,301308,江波龙,s6setup-76e7dc0279f16bacf0cd,WATCH_CANDIDATE,NOT_APPLICABLE,False,0,NOT_EVALUATED,0,0.0,0.0,0.0
S6_ENTRY_E1_TIMING,2025-03-17,603496,恒为科技,s6setup-57487f4860bdd0246506,KEY_CANDIDATE,SUPPORT_CONFIRMED,True,5,NOT_EVALUATED,0,0.0,0.0,0.0
S6_ENTRY_E1_TIMING,2025-03-17,688103,国力电子,s6setup-62e204826e22d40919f8,KEY_CANDIDATE,SUPPORT_CONFIRMED,True,4,NOT_EVALUATED,0,0.0,0.0,0.0
S6_ENTRY_E1_TIMING,2025-03-17,688116,天奈科技,s6setup-f3f4c3e098a92dd7a8a7,WATCH_CANDIDATE,SUPPORT_CONFIRMED,True,3,NOT_EVALUATED,0,0.0,0.0,0.0
S6_ENTRY_E1_TIMING,2025-03-17,688428,诺诚健华,s6setup-ec7b7291a38d04bcf218,KEY_CANDIDATE,SUPPORT_CONFIRMED,True,5,NOT_EVALUATED,0,0.0,0.0,0.0
S6_ENTRY_E1_TIMING,2025-03-18,002414,高德红外,s6setup-9eb0785d7e71d7a4ffb1,WATCH_CANDIDATE,SUPPORT_FORMING,False,2,RELIABLE,250,0.404,0.344,0.106151
S6_ENTRY_E1_TIMING,2025-03-18,300473,德尔股份,s6setup-18307867e16b3953aa40,WATCH_CANDIDATE,SUPPORT_CONFIRMED,True,4,NOT_EVALUATED,0,0.0,0.0,0.0
S6_ENTRY_E1_TIMING,2025-03-18,301308,江波龙,s6setup-76e7dc0279f16bacf0cd,WATCH_CANDIDATE,SUPPORT_CONFIRMED,True,3,NOT_EVALUATED,0,0.0,0.0,0.0
S6_ENTRY_E1_TIMING,2025-03-18,603496,恒为科技,s6setup-e9040e7f92b0891f1911,WATCH_CANDIDATE,SUPPORT_CONFIRMED,True,3,NOT_EVALUATED,0,0.0,0.0,0.0
S6_ENTRY_E1_TIMING,2025-03-18,688070,纵横股份,s6setup-414023d3ba4d311ce03e,WATCH_CANDIDATE,SUPPORT_CONFIRMED,True,5,NOT_EVALUATED,0,0.0,0.0,0.0
S6_ENTRY_E1_TIMING,2025-03-18,688103,国力电子,s6setup-460d5619c1ccd0b42ede,WATCH_CANDIDATE,SUPPORT_CONFIRMED,True,4,NOT_EVALUATED,0,0.0,0.0,0.0
S6_ENTRY_E1_TIMING,2025-03-18,688114,华大智造,s6setup-0cd9198cac2957d72afb,WATCH_CANDIDATE,SUPPORT_CONFIRMED,True,3,NOT_EVALUATED,0,0.0,0.0,0.0
S6_ENTRY_E1_TIMING,2025-03-18,688116,天奈科技,s6setup-f3f4c3e098a92dd7a8a7,KEY_CANDIDATE,SUPPORT_CONFIRMED,True,3,RELIABLE,250,0.4,0.272,0.75583
S6_ENTRY_E1_TIMING,2025-03-18,688428,诺诚健华,s6setup-7fc4a65be0b689d9920c,KEY_CANDIDATE,SUPPORT_CONFIRMED,True,5,NOT_EVALUATED,0,0.0,0.0,0.0
S6_ENTRY_E1_TIMING,2025-03-18,688611,杭州柯林,s6setup-a7e02101c7f032c59cc9,WATCH_CANDIDATE,SUPPORT_CONFIRMED,True,5,NOT_EVALUATED,0,0.0,0.0,0.0
S6_ENTRY_E1_TIMING,2025-03-19,002414,高德红外,s6setup-e79fa17af18d8e91488d,WATCH_CANDIDATE,SUPPORT_FORMING,False,2,NOT_EVALUATED,0,0.0,0.0,0.0
S6_ENTRY_E1_TIMING,2025-03-19,002582,好想你,s6setup-a64be5b2f42331849268,WATCH_CANDIDATE,SUPPORT_CONFIRMED,True,3,NOT_EVALUATED,0,0.0,0.0,0.0
S6_ENTRY_E1_TIMING,2025-03-19,300473,德尔股份,s6setup-18307867e16b3953aa40,WATCH_CANDIDATE,SUPPORT_CONFIRMED,True,3,NOT_EVALUATED,0,0.0,0.0,0.0
S6_ENTRY_E1_TIMING,2025-03-19,300870,欧陆通,s6setup-22eb66334993fd01e02f,WATCH_CANDIDATE,SUPPORT_CONFIRMED,True,3,NOT_EVALUATED,0,0.0,0.0,0.0
S6_ENTRY_E1_TIMING,2025-03-19,600114,东睦股份,s6setup-a49725eba065cb5dc455,WATCH_CANDIDATE,SUPPORT_CONFIRMED,True,3,NOT_EVALUATED,0,0.0,0.0,0.0
S6_ENTRY_E1_TIMING,2025-03-19,603496,恒为科技,s6setup-e9040e7f92b0891f1911,KEY_CANDIDATE,SUPPORT_CONFIRMED,True,5,RELIABLE,250,0.308,0.168,0.233341
S6_ENTRY_E1_TIMING,2025-03-19,603583,捷昌驱动,s6setup-2b680aec3ac2ae09d9cb,WATCH_CANDIDATE,SUPPORT_CONFIRMED,True,5,NOT_EVALUATED,0,0.0,0.0,0.0
S6_ENTRY_E1_TIMING,2025-03-19,603887,城地香江,s6setup-1d43275aa4335d06764a,WATCH_CANDIDATE,NOT_APPLICABLE,False,0,NOT_EVALUATED,0,0.0,0.0,0.0
S6_ENTRY_E1_TIMING,2025-03-19,688081,兴图新科,s6setup-e68d61bcf0d2acd44105,WATCH_CANDIDATE,NOT_APPLICABLE,False,0,NOT_EVALUATED,0,0.0,0.0,0.0
S6_ENTRY_E1_TIMING,2025-03-19,688103,国力电子,s6setup-460d5619c1ccd0b42ede,KEY_CANDIDATE,SUPPORT_CONFIRMED,True,3,NOT_EVALUATED,0,0.0,0.0,0.0
S6_ENTRY_E1_TIMING,2025-03-19,688114,华大智造,s6setup-0cd9198cac2957d72afb,WATCH_CANDIDATE,NOT_APPLICABLE,False,0,NOT_EVALUATED,0,0.0,0.0,0.0
S6_ENTRY_E1_TIMING,2025-03-19,688266,泽璟制药,s6setup-eb2c77ff2d313ed90396,WATCH_CANDIDATE,NOT_APPLICABLE,False,0,NOT_EVALUATED,0,0.0,0.0,0.0
S6_ENTRY_E1_TIMING,2025-03-19,688428,诺诚健华,s6setup-fb0c092ba8b95d201733,KEY_CANDIDATE,SUPPORT_CONFIRMED,True,3,NOT_EVALUATED,0,0.0,0.0,0.0
S6_ENTRY_E1_TIMING,2025-03-20,300183,东软载波,s6setup-314c58c296b156d1537c,KEY_CANDIDATE,SUPPORT_CONFIRMED,True,4,NOT_EVALUATED,0,0.0,0.0,0.0
S6_ENTRY_E1_TIMING,2025-03-20,300738,奥飞数据,s6setup-d192d8a6fa45f6875f3a,KEY_CANDIDATE,SUPPORT_CONFIRMED,True,3,NOT_EVALUATED,0,0.0,0.0,0.0
S6_ENTRY_E1_TIMING,2025-03-20,300777,中简科技,s6setup-ea5a0a3dcfe8be19d0c6,WATCH_CANDIDATE,SUPPORT_FORMING,False,2,NOT_EVALUATED,0,0.0,0.0,0.0
S6_ENTRY_E1_TIMING,2025-03-20,300870,欧陆通,s6setup-560e869d0aba56ceeec8,WATCH_CANDIDATE,NOT_APPLICABLE,False,0,NOT_EVALUATED,0,0.0,0.0,0.0
S6_ENTRY_E1_TIMING,2025-03-20,603887,城地香江,s6setup-1d43275aa4335d06764a,WATCH_CANDIDATE,SUPPORT_FORMING,False,2,NOT_EVALUATED,0,0.0,0.0,0.0
S6_ENTRY_E1_TIMING,2025-03-20,688266,泽璟制药,s6setup-6efad0bc55ebf522decc,WATCH_CANDIDATE,NOT_APPLICABLE,False,0,NOT_EVALUATED,0,0.0,0.0,0.0
S6_ENTRY_E1_TIMING,2025-03-20,688428,诺诚健华,s6setup-76060df902c86edffba2,KEY_CANDIDATE,SUPPORT_CONFIRMED,True,3,NOT_EVALUATED,0,0.0,0.0,0.0
S6_ENTRY_E1_TIMING,2025-03-21,300777,中简科技,s6setup-87dda88ed4214ac5df61,WATCH_CANDIDATE,SUPPORT_FORMING,False,4,NOT_EVALUATED,0,0.0,0.0,0.0
S6_ENTRY_E1_TIMING,2025-03-21,688266,泽璟制药,s6setup-01498b9e96072f6812f1,WATCH_CANDIDATE,NOT_APPLICABLE,False,0,NOT_EVALUATED,0,0.0,0.0,0.0
S6_ENTRY_E1_TIMING,2025-03-24,601881,XD中国银,s6setup-da407f8d08dd81c247b6,WATCH_CANDIDATE,NOT_APPLICABLE,False,0,NOT_EVALUATED,0,0.0,0.0,0.0
S6_ENTRY_E1_TIMING,2025-03-24,688266,泽璟制药,s6setup-01498b9e96072f6812f1,WATCH_CANDIDATE,SUPPORT_FORMING,False,2,NOT_EVALUATED,0,0.0,0.0,0.0
S6_ENTRY_E1_TIMING,2025-03-25,300035,中科电气,s6setup-3c5e0aed12a341c184e7,WATCH_CANDIDATE,SUPPORT_CONFIRMED,True,5,NOT_EVALUATED,0,0.0,0.0,0.0
S6_ENTRY_E1_TIMING,2025-03-25,300469,信息发展,s6setup-b1cf7e1a90a3897814cc,WATCH_CANDIDATE,SUPPORT_CONFIRMED,True,3,NOT_EVALUATED,0,0.0,0.0,0.0
S6_ENTRY_E1_TIMING,2025-03-25,688700,东威科技,s6setup-612c755c54dd8f6408e8,WATCH_CANDIDATE,SUPPORT_CONFIRMED,True,5,NOT_EVALUATED,0,0.0,0.0,0.0
S6_ENTRY_E1_TIMING,2025-03-26,300035,中科电气,s6setup-3c5e0aed12a341c184e7,WATCH_CANDIDATE,SUPPORT_CONFIRMED,True,3,NOT_EVALUATED,0,0.0,0.0,0.0
S6_ENTRY_E1_TIMING,2025-03-27,689009,九号公司,s6setup-86f7690a6c97e1935a47,WATCH_CANDIDATE,NOT_APPLICABLE,False,0,NOT_EVALUATED,0,0.0,0.0,0.0
S6_ENTRY_E1_TIMING,2025-03-28,300258,精锻科技,s6setup-067f3d614b1a9b2ca067,WATCH_CANDIDATE,SUPPORT_CONFIRMED,True,4,NOT_EVALUATED,0,0.0,0.0,0.0
S6_ENTRY_E1_TIMING,2025-03-28,689009,九号公司,s6setup-5f57b574130e3f4093b4,WATCH_CANDIDATE,NOT_APPLICABLE,False,0,NOT_EVALUATED,0,0.0,0.0,0.0
S6_ENTRY_E1_TIMING,2025-03-31,689009,九号公司,s6setup-02d7326cfc51e8d6b2de,WATCH_CANDIDATE,NOT_APPLICABLE,False,0,NOT_EVALUATED,0,0.0,0.0,0.0
S6_ENTRY_E1_TIMING,2025-04-01,688521,芯原股份,s6setup-919c1bd1592da18d9049,WATCH_CANDIDATE,SUPPORT_CONFIRMED,True,3,NOT_EVALUATED,0,0.0,0.0,0.0
S6_ENTRY_E1_TIMING,2025-04-02,603678,火炬电子,s6setup-54b2a559c7ad59b371ae,WATCH_CANDIDATE,SUPPORT_CONFIRMED,True,3,NOT_EVALUATED,0,0.0,0.0,0.0
S6_ENTRY_E1_TIMING,2025-04-03,000997,新 大 陆,s6setup-1e2d25294585f6e19ab8,WATCH_CANDIDATE,SUPPORT_CONFIRMED,True,3,RELIABLE,250,0.64,0.272,0.671898
S6_ENTRY_E1_TIMING,2025-04-03,603678,火炬电子,s6setup-ff30d4f93e8b818443fb,WATCH_CANDIDATE,SUPPORT_CONFIRMED,True,4,RELIABLE,250,0.656,0.164,0.655121
S6_ENTRY_E1_TIMING,2025-04-14,688178,万德斯,s6setup-2e2e62f8c57148f33f36,WATCH_CANDIDATE,SUPPORT_CONFIRMED,True,4,NOT_EVALUATED,0,0.0,0.0,0.0
S6_ENTRY_E1_TIMING,2025-04-15,688178,万德斯,s6setup-d6572d299243798c5c79,WATCH_CANDIDATE,SUPPORT_CONFIRMED,True,5,NOT_EVALUATED,0,0.0,0.0,0.0
S6_ENTRY_E1_TIMING,2025-04-21,688186,广大特材,s6setup-981db2cb4cbb2d4ee947,WATCH_CANDIDATE,NOT_APPLICABLE,False,0,NOT_EVALUATED,0,0.0,0.0,0.0
S6_ENTRY_E1_TIMING,2025-04-21,688776,国光电气,s6setup-b862b5109c23c838ff8a,WATCH_CANDIDATE,SUPPORT_CONFIRMED,True,5,NOT_EVALUATED,0,0.0,0.0,0.0
S6_ENTRY_E1_TIMING,2025-04-22,000876,新 希 望,s6setup-76e1598d90c3acec1fdc,WATCH_CANDIDATE,SUPPORT_CONFIRMED,True,3,NOT_EVALUATED,0,0.0,0.0,0.0
S6_ENTRY_E1_TIMING,2025-04-23,688580,伟思医疗,s6setup-641baa10d8724eb28812,WATCH_CANDIDATE,SUPPORT_CONFIRMED,True,4,NOT_EVALUATED,0,0.0,0.0,0.0
S6_ENTRY_E1_TIMING,2025-04-24,605499,东鹏饮料,s6setup-2b970302ad49532611b6,WATCH_CANDIDATE,SUPPORT_CONFIRMED,True,5,NOT_EVALUATED,0,0.0,0.0,0.0
S6_ENTRY_E1_TIMING,2025-04-24,688065,凯赛生物,s6setup-69910d5c6bd94a133606,WATCH_CANDIDATE,NOT_APPLICABLE,False,0,NOT_EVALUATED,0,0.0,0.0,0.0
S6_ENTRY_E1_TIMING,2025-04-25,688065,凯赛生物,s6setup-69910d5c6bd94a133606,WATCH_CANDIDATE,NOT_APPLICABLE,False,0,NOT_EVALUATED,0,0.0,0.0,0.0
S6_ENTRY_E1_TIMING,2025-05-06,300723,一品红,s6setup-9e030ba86f6a41585748,KEY_CANDIDATE,SUPPORT_CONFIRMED,True,4,RELIABLE,250,0.48,0.172,0.516653
S6_ENTRY_E1_TIMING,2025-05-06,688600,皖仪科技,s6setup-8f1482991fd6d89ad23a,WATCH_CANDIDATE,NOT_APPLICABLE,False,0,NOT_EVALUATED,0,0.0,0.0,0.0
S6_ENTRY_E1_TIMING,2025-05-07,300723,一品红,s6setup-9e030ba86f6a41585748,KEY_CANDIDATE,SUPPORT_CONFIRMED,True,3,NOT_EVALUATED,0,0.0,0.0,0.0
S6_ENTRY_E1_TIMING,2025-05-07,688600,皖仪科技,s6setup-c7c68dc7bdbd306bc2fc,WATCH_CANDIDATE,NOT_APPLICABLE,False,0,NOT_EVALUATED,0,0.0,0.0,0.0
S6_ENTRY_E1_TIMING,2025-05-08,688600,皖仪科技,s6setup-c7c68dc7bdbd306bc2fc,WATCH_CANDIDATE,SUPPORT_CONFIRMED,True,4,NOT_EVALUATED,0,0.0,0.0,0.0
S6_ENTRY_E1_TIMING,2025-05-09,001212,中旗新材,s6setup-3d692b717827051456f1,WATCH_CANDIDATE,SUPPORT_CONFIRMED,True,3,NOT_EVALUATED,0,0.0,0.0,0.0
S6_ENTRY_E1_TIMING,2025-05-13,688117,圣诺生物,s6setup-45220c57334d58bf17cd,WATCH_CANDIDATE,SUPPORT_CONFIRMED,True,4,NOT_EVALUATED,0,0.0,0.0,0.0
S6_ENTRY_E1_TIMING,2025-05-13,688501,青达环保,s6setup-dfe520807e0db502e5f0,WATCH_CANDIDATE,NOT_APPLICABLE,False,0,NOT_EVALUATED,0,0.0,0.0,0.0
S6_ENTRY_E1_TIMING,2025-05-14,688501,青达环保,s6setup-dfe520807e0db502e5f0,WATCH_CANDIDATE,SUPPORT_CONFIRMED,True,3,NOT_EVALUATED,0,0.0,0.0,0.0
S6_ENTRY_E1_TIMING,2025-05-15,688501,青达环保,s6setup-dfe520807e0db502e5f0,WATCH_CANDIDATE,SUPPORT_CONFIRMED,True,3,NOT_EVALUATED,0,0.0,0.0,0.0
S6_ENTRY_E1_TIMING,2025-05-16,688501,青达环保,s6setup-0f91ffcd59c0cb319b88,WATCH_CANDIDATE,SUPPORT_CONFIRMED,True,5,NOT_EVALUATED,0,0.0,0.0,0.0
S6_ENTRY_E1_TIMING,2025-05-19,300353,东土科技,s6setup-ca9f5bb3325d84899bbd,WATCH_CANDIDATE,NOT_APPLICABLE,False,0,NOT_EVALUATED,0,0.0,0.0,0.0
S6_ENTRY_E1_TIMING,2025-05-19,688093,世华科技,s6setup-41bcdfb7e197b5fb367a,WATCH_CANDIDATE,SUPPORT_FORMING,False,4,NOT_EVALUATED,0,0.0,0.0,0.0
S6_ENTRY_E1_TIMING,2025-05-19,688501,青达环保,s6setup-aa7d8acf4755c3e308ec,WATCH_CANDIDATE,SUPPORT_CONFIRMED,True,4,NOT_EVALUATED,0,0.0,0.0,0.0
S6_ENTRY_E1_TIMING,2025-05-19,688767,博拓生物,s6setup-bf70062bec795b360945,WATCH_CANDIDATE,SUPPORT_FORMING,False,4,NOT_EVALUATED,0,0.0,0.0,0.0
S6_ENTRY_E1_TIMING,2025-05-20,688501,青达环保,s6setup-66bdac291b9f5e54849d,WATCH_CANDIDATE,NOT_APPLICABLE,False,0,NOT_EVALUATED,0,0.0,0.0,0.0
S6_ENTRY_E1_TIMING,2025-05-21,688128,中国电研,s6setup-558ca6606b8a183fe613,WATCH_CANDIDATE,WAITING_BREAKOUT,False,0,NOT_EVALUATED,0,0.0,0.0,0.0
S6_ENTRY_E1_TIMING,2025-05-21,688233,神工股份,s6setup-361ea9d5d896aa6aeacd,WATCH_CANDIDATE,SUPPORT_CONFIRMED,True,3,NOT_EVALUATED,0,0.0,0.0,0.0
S6_ENTRY_E1_TIMING,2025-05-21,688313,仕佳光子,s6setup-14605b552daa7ebd2184,WATCH_CANDIDATE,NOT_APPLICABLE,False,0,NOT_EVALUATED,0,0.0,0.0,0.0
S6_ENTRY_E1_TIMING,2025-05-21,688501,青达环保,s6setup-1a854159058baa7ac0fc,WATCH_CANDIDATE,SUPPORT_CONFIRMED,True,3,NOT_EVALUATED,0,0.0,0.0,0.0
S6_ENTRY_E1_TIMING,2025-05-21,688722,同益中,s6setup-cdbc5becdb2b0aec2a55,WATCH_CANDIDATE,SUPPORT_FORMING,False,2,NOT_EVALUATED,0,0.0,0.0,0.0
S6_ENTRY_E1_TIMING,2025-05-22,688128,中国电研,s6setup-7b3723d2f89fd4ca149b,WATCH_CANDIDATE,WAITING_BREAKOUT,False,0,NOT_EVALUATED,0,0.0,0.0,0.0
S6_ENTRY_E1_TIMING,2025-05-22,688313,仕佳光子,s6setup-14605b552daa7ebd2184,KEY_CANDIDATE,SUPPORT_CONFIRMED,True,3,NOT_EVALUATED,0,0.0,0.0,0.0
S6_ENTRY_E1_TIMING,2025-05-22,688501,青达环保,s6setup-51231e8f904ec57ab00c,WATCH_CANDIDATE,NOT_APPLICABLE,False,0,NOT_EVALUATED,0,0.0,0.0,0.0
S6_ENTRY_E1_TIMING,2025-05-23,688313,仕佳光子,s6setup-14605b552daa7ebd2184,WATCH_CANDIDATE,SUPPORT_FORMING,False,2,NOT_EVALUATED,0,0.0,0.0,0.0
S6_ENTRY_E1_TIMING,2025-05-26,603809,豪能股份,s6setup-415457793a9556486569,WATCH_CANDIDATE,SUPPORT_CONFIRMED,True,3,RELIABLE,250,0.576,0.244,0.768518
S6_ENTRY_E1_TIMING,2025-05-26,688128,中国电研,s6setup-7b3723d2f89fd4ca149b,WATCH_CANDIDATE,SUPPORT_FORMING,False,3,NOT_EVALUATED,0,0.0,0.0,0.0
S6_ENTRY_E1_TIMING,2025-05-26,688313,仕佳光子,s6setup-14605b552daa7ebd2184,WATCH_CANDIDATE,SUPPORT_FORMING,False,3,NOT_EVALUATED,0,0.0,0.0,0.0
S6_ENTRY_E1_TIMING,2025-05-27,688128,中国电研,s6setup-f2a5c66ddcf54c6ffda1,KEY_CANDIDATE,SUPPORT_CONFIRMED,True,5,NOT_EVALUATED,0,0.0,0.0,0.0
S6_ENTRY_E1_TIMING,2025-05-27,688667,菱电电控,s6setup-03808ad7ef803f59220a,WATCH_CANDIDATE,NOT_APPLICABLE,False,0,NOT_EVALUATED,0,0.0,0.0,0.0
S6_ENTRY_E1_TIMING,2025-05-28,600592,龙溪股份,s6setup-24cc6f1502a0a5d823a2,WATCH_CANDIDATE,SUPPORT_CONFIRMED,True,5,NOT_EVALUATED,0,0.0,0.0,0.0
S6_ENTRY_E1_TIMING,2025-05-28,688313,仕佳光子,s6setup-14605b552daa7ebd2184,KEY_CANDIDATE,SUPPORT_CONFIRMED,True,5,NOT_EVALUATED,0,0.0,0.0,0.0
S6_ENTRY_E1_TIMING,2025-05-28,688667,菱电电控,s6setup-038a552984e465159848,KEY_CANDIDATE,SUPPORT_CONFIRMED,True,5,NOT_EVALUATED,0,0.0,0.0,0.0
S6_ENTRY_E1_TIMING,2025-05-29,688297,中无人机,s6setup-e5b01dcbb14d34ef0d8f,KEY_CANDIDATE,SUPPORT_CONFIRMED,True,5,RELIABLE,250,0.348,0.164,0.24198
S6_ENTRY_E1_TIMING,2025-05-29,688767,博拓生物,s6setup-6a74d2b8bd7ebd939b5d,WATCH_CANDIDATE,NOT_APPLICABLE,False,0,NOT_EVALUATED,0,0.0,0.0,0.0
S6_ENTRY_E1_TIMING,2025-05-30,300047,天源迪科,s6setup-205764369053b53f46ce,WATCH_CANDIDATE,SUPPORT_CONFIRMED,True,3,NOT_EVALUATED,0,0.0,0.0,0.0
S6_ENTRY_E1_TIMING,2025-05-30,688117,圣诺生物,s6setup-04791a11266fccefb339,WATCH_CANDIDATE,NOT_APPLICABLE,False,0,NOT_EVALUATED,0,0.0,0.0,0.0
S6_ENTRY_E1_TIMING,2025-05-30,688297,中无人机,s6setup-e5b01dcbb14d34ef0d8f,WATCH_CANDIDATE,SUPPORT_FORMING,False,4,RELIABLE,250,0.332,0.156,0.317916
S6_ENTRY_E1_TIMING,2025-05-30,688767,博拓生物,s6setup-6a74d2b8bd7ebd939b5d,WATCH_CANDIDATE,SUPPORT_CONFIRMED,True,4,NOT_EVALUATED,0,0.0,0.0,0.0
S6_ENTRY_E1_TIMING,2025-06-03,002891,中宠股份,s6setup-23f11bf3513b19a47d73,WATCH_CANDIDATE,NOT_APPLICABLE,False,0,NOT_EVALUATED,0,0.0,0.0,0.0
S6_ENTRY_E1_TIMING,2025-06-03,688767,博拓生物,s6setup-998e226009a9574861d5,WATCH_CANDIDATE,NOT_APPLICABLE,False,0,NOT_EVALUATED,0,0.0,0.0,0.0
S6_ENTRY_E1_TIMING,2025-06-04,688767,博拓生物,s6setup-f6bc69faac31187db8e1,WATCH_CANDIDATE,NOT_APPLICABLE,False,0,NOT_EVALUATED,0,0.0,0.0,0.0
S6_ENTRY_E1_TIMING,2025-06-05,000722,湖南发展,s6setup-73ae5bb71010ee426865,WATCH_CANDIDATE,SUPPORT_CONFIRMED,True,3,NOT_EVALUATED,0,0.0,0.0,0.0
S6_ENTRY_E1_TIMING,2025-06-05,002074,国轩高科,s6setup-b0a14cf7e8cfe9e8e6dc,WATCH_CANDIDATE,SUPPORT_CONFIRMED,True,3,NOT_EVALUATED,0,0.0,0.0,0.0
S6_ENTRY_E1_TIMING,2025-06-05,688171,纬德信息,s6setup-bb31e32885ee84db11ea,WATCH_CANDIDATE,SUPPORT_CONFIRMED,True,5,NOT_EVALUATED,0,0.0,0.0,0.0
S6_ENTRY_E1_TIMING,2025-06-06,688171,纬德信息,s6setup-bb2b504a5c6f62af5e75,WATCH_CANDIDATE,SUPPORT_CONFIRMED,True,4,NOT_EVALUATED,0,0.0,0.0,0.0
S6_ENTRY_E1_TIMING,2025-06-09,000859,国风新材,s6setup-1f3480720eb9c5570b71,KEY_CANDIDATE,SUPPORT_CONFIRMED,True,5,RELIABLE,250,0.588,0.24,0.797594
S6_ENTRY_E1_TIMING,2025-06-10,002584,西陇科学,s6setup-0e3885c48e6091598fec,WATCH_CANDIDATE,SUPPORT_CONFIRMED,True,5,NOT_EVALUATED,0,0.0,0.0,0.0
S6_ENTRY_E1_TIMING,2025-06-10,600105,永鼎股份,s6setup-5b27f659dd0e230e2a52,WATCH_CANDIDATE,SUPPORT_CONFIRMED,True,3,NOT_EVALUATED,0,0.0,0.0,0.0
S6_ENTRY_E1_TIMING,2025-06-10,600550,保变电气,s6setup-b495a3465d15fcca0340,WATCH_CANDIDATE,SUPPORT_FORMING,False,2,RELIABLE,250,0.384,0.144,0.291555
S6_ENTRY_E1_TIMING,2025-06-11,600105,永鼎股份,s6setup-c3731ceba7c31c7b38ea,WATCH_CANDIDATE,SUPPORT_CONFIRMED,True,3,NOT_EVALUATED,0,0.0,0.0,0.0
S6_ENTRY_E1_TIMING,2025-06-11,601601,中国太保,s6setup-b986c4e469da63b62700,WATCH_CANDIDATE,NOT_APPLICABLE,False,0,NOT_EVALUATED,0,0.0,0.0,0.0
S6_ENTRY_E1_TIMING,2025-06-12,600105,永鼎股份,s6setup-c3731ceba7c31c7b38ea,WATCH_CANDIDATE,NOT_APPLICABLE,False,0,NOT_EVALUATED,0,0.0,0.0,0.0
S6_ENTRY_E1_TIMING,2025-06-12,688211,中科微至,s6setup-5fd917843eae226689bc,KEY_CANDIDATE,SUPPORT_CONFIRMED,True,5,NOT_EVALUATED,0,0.0,0.0,0.0
S6_ENTRY_E1_TIMING,2025-06-13,002174,游族网络,s6setup-efb966241fd1357193be,WATCH_CANDIDATE,SUPPORT_FORMING,False,2,NOT_EVALUATED,0,0.0,0.0,0.0
S6_ENTRY_E1_TIMING,2025-06-13,688550,瑞联新材,s6setup-5add3dc797a3d7edb0a4,WATCH_CANDIDATE,SUPPORT_FORMING,False,3,NOT_EVALUATED,0,0.0,0.0,0.0
S6_ENTRY_E1_TIMING,2025-06-16,002174,游族网络,s6setup-fcdaa609d9c430fa4491,WATCH_CANDIDATE,SUPPORT_CONFIRMED,True,4,NOT_EVALUATED,0,0.0,0.0,0.0
S6_ENTRY_E1_TIMING,2025-06-16,002215,诺 普 信,s6setup-3ec37812310d180bb5c5,KEY_CANDIDATE,SUPPORT_CONFIRMED,True,4,NOT_EVALUATED,0,0.0,0.0,0.0
S6_ENTRY_E1_TIMING,2025-06-17,600105,永鼎股份,s6setup-c3731ceba7c31c7b38ea,WATCH_CANDIDATE,SUPPORT_CONFIRMED,True,3,RELIABLE,250,0.592,0.284,1.083548
S6_ENTRY_E1_TIMING,2025-06-17,688206,概伦电子,s6setup-1a641d1ac9caf0d71300,WATCH_CANDIDATE,SUPPORT_CONFIRMED,True,4,NOT_EVALUATED,0,0.0,0.0,0.0
S6_ENTRY_E1_TIMING,2025-06-17,688379,华光新材,s6setup-1523b1c327b833a3721c,WATCH_CANDIDATE,SUPPORT_CONFIRMED,True,5,NOT_EVALUATED,0,0.0,0.0,0.0
S6_ENTRY_E1_TIMING,2025-06-19,688103,国力电子,s6setup-172a1bad3022718fff73,WATCH_CANDIDATE,SUPPORT_FORMING,False,2,NOT_EVALUATED,0,0.0,0.0,0.0
S6_ENTRY_E1_TIMING,2025-06-20,688600,皖仪科技,s6setup-18bd9a0c8b00652bf1e3,WATCH_CANDIDATE,SUPPORT_FORMING,False,2,NOT_EVALUATED,0,0.0,0.0,0.0
S6_ENTRY_E1_TIMING,2025-06-23,688196,卓越新能,s6setup-a789564ce640373e5994,WATCH_CANDIDATE,SUPPORT_CONFIRMED,True,4,NOT_EVALUATED,0,0.0,0.0,0.0
S6_ENTRY_E1_TIMING,2025-06-24,688196,卓越新能,s6setup-ecd0280fa2ab38bb0d88,WATCH_CANDIDATE,SUPPORT_FORMING,False,4,NOT_EVALUATED,0,0.0,0.0,0.0
S6_ENTRY_E1_TIMING,2025-06-24,688266,泽璟制药,s6setup-2c0916c727d49ac27651,WATCH_CANDIDATE,SUPPORT_CONFIRMED,True,4,NOT_EVALUATED,0,0.0,0.0,0.0
S6_ENTRY_E1_TIMING,2025-06-24,688600,皖仪科技,s6setup-b1b55f6d7c48197fe892,WATCH_CANDIDATE,NOT_APPLICABLE,False,0,NOT_EVALUATED,0,0.0,0.0,0.0
S6_ENTRY_E1_TIMING,2025-06-25,300204,舒泰神,s6setup-9c182d59a5d74d9b9c2f,WATCH_CANDIDATE,NOT_APPLICABLE,False,0,NOT_EVALUATED,0,0.0,0.0,0.0
S6_ENTRY_E1_TIMING,2025-06-25,688215,瑞晟智能,s6setup-2787916ddcfc6dd462ce,WATCH_CANDIDATE,NOT_APPLICABLE,False,0,NOT_EVALUATED,0,0.0,0.0,0.0
S6_ENTRY_E1_TIMING,2025-06-26,300204,舒泰神,s6setup-9c182d59a5d74d9b9c2f,WATCH_CANDIDATE,SUPPORT_FORMING,False,4,NOT_EVALUATED,0,0.0,0.0,0.0
S6_ENTRY_E1_TIMING,2025-06-26,688235,百济神州,s6setup-9c2a00b496c3276ebfcc,WATCH_CANDIDATE,SUPPORT_CONFIRMED,True,4,NOT_EVALUATED,0,0.0,0.0,0.0
S6_ENTRY_E1_TIMING,2025-06-27,300199,翰宇药业,s6setup-98b6d5982ad98654f26b,KEY_CANDIDATE,SUPPORT_CONFIRMED,True,3,RELIABLE,250,0.476,0.284,0.996784
S6_ENTRY_E1_TIMING,2025-06-27,300204,舒泰神,s6setup-9c182d59a5d74d9b9c2f,WATCH_CANDIDATE,NOT_APPLICABLE,False,0,NOT_EVALUATED,0,0.0,0.0,0.0
S6_ENTRY_E1_TIMING,2025-06-27,300299,富春股份,s6setup-fe57ace2f3bd9f89704c,KEY_CANDIDATE,SUPPORT_CONFIRMED,True,5,RELIABLE,250,0.316,0.276,0.24163
S6_ENTRY_E1_TIMING,2025-06-27,600353,旭光电子,s6setup-515d78758d504540b297,WATCH_CANDIDATE,SUPPORT_CONFIRMED,True,5,RELIABLE,250,0.432,0.244,0.625331
S6_ENTRY_E1_TIMING,2025-06-27,688196,卓越新能,s6setup-a789564ce640373e5994,KEY_CANDIDATE,SUPPORT_CONFIRMED,True,5,NOT_EVALUATED,0,0.0,0.0,0.0
S6_ENTRY_E1_TIMING,2025-06-30,300043,星辉娱乐,s6setup-f6a7f5890555cf3a6d76,WATCH_CANDIDATE,SUPPORT_CONFIRMED,True,5,NOT_EVALUATED,0,0.0,0.0,0.0
S6_ENTRY_E1_TIMING,2025-06-30,300199,翰宇药业,s6setup-95eb8d6782437a290e25,WATCH_CANDIDATE,SUPPORT_CONFIRMED,True,5,NOT_EVALUATED,0,0.0,0.0,0.0
S6_ENTRY_E1_TIMING,2025-06-30,300204,舒泰神,s6setup-9c182d59a5d74d9b9c2f,WATCH_CANDIDATE,NOT_APPLICABLE,False,0,NOT_EVALUATED,0,0.0,0.0,0.0
S6_ENTRY_E1_TIMING,2025-06-30,600353,旭光电子,s6setup-ed62b8948c41e192b4a6,WATCH_CANDIDATE,NOT_APPLICABLE,False,0,NOT_EVALUATED,0,0.0,0.0,0.0
S6_ENTRY_E1_TIMING,2025-06-30,600392,盛和资源,s6setup-ce4b7ca71cf102533f26,WATCH_CANDIDATE,SUPPORT_CONFIRMED,True,5,NOT_EVALUATED,0,0.0,0.0,0.0
S6_ENTRY_E1_TIMING,2025-07-01,000766,通化金马,s6setup-59623e563d0da8f46a90,KEY_CANDIDATE,SUPPORT_CONFIRMED,True,3,NOT_EVALUATED,0,0.0,0.0,0.0
S6_ENTRY_E1_TIMING,2025-07-01,002317,众生药业,s6setup-7cf3aadef71694a02d4f,WATCH_CANDIDATE,SUPPORT_CONFIRMED,True,5,RELIABLE,250,0.368,0.228,0.436167
S6_ENTRY_E1_TIMING,2025-07-01,300299,富春股份,s6setup-fe57ace2f3bd9f89704c,KEY_CANDIDATE,SUPPORT_CONFIRMED,True,3,RELIABLE,250,0.3,0.292,0.178442
S6_ENTRY_E1_TIMING,2025-07-02,300299,富春股份,s6setup-fe57ace2f3bd9f89704c,KEY_CANDIDATE,SUPPORT_CONFIRMED,True,4,RELIABLE,250,0.304,0.296,0.225126
S6_ENTRY_E1_TIMING,2025-07-03,002550,千红制药,s6setup-f1c97bd07e9e81b642cd,WATCH_CANDIDATE,NOT_APPLICABLE,False,0,NOT_EVALUATED,0,0.0,0.0,0.0
S6_ENTRY_E1_TIMING,2025-07-03,300299,富春股份,s6setup-fe57ace2f3bd9f89704c,KEY_CANDIDATE,SUPPORT_CONFIRMED,True,3,RELIABLE,250,0.252,0.212,0.437008
S6_ENTRY_E1_TIMING,2025-07-03,688619,罗普特,s6setup-735ca3a91750dc4692c1,WATCH_CANDIDATE,NOT_APPLICABLE,False,0,NOT_EVALUATED,0,0.0,0.0,0.0
S6_ENTRY_E1_TIMING,2025-07-04,300180,华峰超纤,s6setup-3df680df65206ff003c0,WATCH_CANDIDATE,SUPPORT_CONFIRMED,True,4,NOT_EVALUATED,0,0.0,0.0,0.0
S6_ENTRY_E1_TIMING,2025-07-04,688619,罗普特,s6setup-735ca3a91750dc4692c1,WATCH_CANDIDATE,SUPPORT_FORMING,False,2,NOT_EVALUATED,0,0.0,0.0,0.0
S6_ENTRY_E1_TIMING,2025-07-07,300386,飞天诚信,s6setup-3cbfa8d687c8a76f1b76,WATCH_CANDIDATE,NOT_APPLICABLE,False,0,NOT_EVALUATED,0,0.0,0.0,0.0
S6_ENTRY_E1_TIMING,2025-07-07,300457,赢合科技,s6setup-299bd8ef7828db0ae0df,KEY_CANDIDATE,SUPPORT_CONFIRMED,True,5,NOT_EVALUATED,0,0.0,0.0,0.0
S6_ENTRY_E1_TIMING,2025-07-07,300468,四方精创,s6setup-b5f3c1335eb3444dbfc4,WATCH_CANDIDATE,NOT_APPLICABLE,False,0,NOT_EVALUATED,0,0.0,0.0,0.0
S6_ENTRY_E1_TIMING,2025-07-07,688183,生益电子,s6setup-3a152a7ec1bfaca2be54,WATCH_CANDIDATE,NOT_APPLICABLE,False,0,NOT_EVALUATED,0,0.0,0.0,0.0
S6_ENTRY_E1_TIMING,2025-07-07,688619,罗普特,s6setup-d13a6c535c5f05eb28f3,WATCH_CANDIDATE,SUPPORT_FORMING,False,4,NOT_EVALUATED,0,0.0,0.0,0.0
S6_ENTRY_E1_TIMING,2025-07-08,300386,飞天诚信,s6setup-3cbfa8d687c8a76f1b76,WATCH_CANDIDATE,NOT_APPLICABLE,False,0,NOT_EVALUATED,0,0.0,0.0,0.0
S6_ENTRY_E1_TIMING,2025-07-08,300457,赢合科技,s6setup-299bd8ef7828db0ae0df,KEY_CANDIDATE,SUPPORT_CONFIRMED,True,5,NOT_EVALUATED,0,0.0,0.0,0.0
S6_ENTRY_E1_TIMING,2025-07-08,300468,四方精创,s6setup-b5f3c1335eb3444dbfc4,WATCH_CANDIDATE,NOT_APPLICABLE,False,0,NOT_EVALUATED,0,0.0,0.0,0.0
S6_ENTRY_E1_TIMING,2025-07-08,300698,万马科技,s6setup-6668ff7ac7cef8a955df,WATCH_CANDIDATE,SUPPORT_CONFIRMED,True,5,NOT_EVALUATED,0,0.0,0.0,0.0
S6_ENTRY_E1_TIMING,2025-07-08,688183,生益电子,s6setup-3a152a7ec1bfaca2be54,WATCH_CANDIDATE,NOT_APPLICABLE,False,0,NOT_EVALUATED,0,0.0,0.0,0.0
S6_ENTRY_E1_TIMING,2025-07-08,688619,罗普特,s6setup-d13a6c535c5f05eb28f3,KEY_CANDIDATE,SUPPORT_CONFIRMED,True,4,NOT_EVALUATED,0,0.0,0.0,0.0
S6_ENTRY_E1_TIMING,2025-07-09,300386,飞天诚信,s6setup-3cbfa8d687c8a76f1b76,WATCH_CANDIDATE,SUPPORT_CONFIRMED,True,3,NOT_EVALUATED,0,0.0,0.0,0.0
S6_ENTRY_E1_TIMING,2025-07-09,300450,先导智能,s6setup-adf6c601c300982c2d25,WATCH_CANDIDATE,SUPPORT_CONFIRMED,True,3,NOT_EVALUATED,0,0.0,0.0,0.0
S6_ENTRY_E1_TIMING,2025-07-09,300468,四方精创,s6setup-b5f3c1335eb3444dbfc4,WATCH_CANDIDATE,SUPPORT_CONFIRMED,True,3,NOT_EVALUATED,0,0.0,0.0,0.0
S6_ENTRY_E1_TIMING,2025-07-09,300773,拉卡拉,s6setup-0015f29d48d62fab711c,KEY_CANDIDATE,SUPPORT_CONFIRMED,True,3,RELIABLE,250,0.416,0.16,0.508554
S6_ENTRY_E1_TIMING,2025-07-09,600178,东安动力,s6setup-d813adf2283cf382647f,WATCH_CANDIDATE,SUPPORT_CONFIRMED,True,3,NOT_EVALUATED,0,0.0,0.0,0.0
S6_ENTRY_E1_TIMING,2025-07-09,688183,生益电子,s6setup-3a152a7ec1bfaca2be54,KEY_CANDIDATE,SUPPORT_CONFIRMED,True,3,NOT_EVALUATED,0,0.0,0.0,0.0
S6_ENTRY_E1_TIMING,2025-07-10,688143,长盈通,s6setup-b2682305a9609112432f,WATCH_CANDIDATE,SUPPORT_CONFIRMED,True,4,NOT_EVALUATED,0,0.0,0.0,0.0
S6_ENTRY_E1_TIMING,2025-07-10,688183,生益电子,s6setup-3a152a7ec1bfaca2be54,WATCH_CANDIDATE,NOT_APPLICABLE,False,0,NOT_EVALUATED,0,0.0,0.0,0.0
S6_ENTRY_E1_TIMING,2025-07-10,688267,中触媒,s6setup-6cd374be7a0320858639,WATCH_CANDIDATE,NOT_APPLICABLE,False,0,NOT_EVALUATED,0,0.0,0.0,0.0
S6_ENTRY_E1_TIMING,2025-07-10,688297,中无人机,s6setup-5cee559a66fa7937a45f,WATCH_CANDIDATE,NOT_APPLICABLE,False,0,NOT_EVALUATED,0,0.0,0.0,0.0
S6_ENTRY_E1_TIMING,2025-07-11,002074,国轩高科,s6setup-2ca32ff829370255b97d,WATCH_CANDIDATE,SUPPORT_CONFIRMED,True,5,NOT_EVALUATED,0,0.0,0.0,0.0
S6_ENTRY_E1_TIMING,2025-07-11,600178,东安动力,s6setup-b14ad88c96db773f63b3,WATCH_CANDIDATE,SUPPORT_CONFIRMED,True,5,NOT_EVALUATED,0,0.0,0.0,0.0
S6_ENTRY_E1_TIMING,2025-07-11,688498,源杰科技,s6setup-7dac45509423022383a9,WATCH_CANDIDATE,NOT_APPLICABLE,False,0,NOT_EVALUATED,0,0.0,0.0,0.0
S6_ENTRY_E1_TIMING,2025-07-11,688499,利元亨,s6setup-74f372bf66beabfdd5b9,KEY_CANDIDATE,SUPPORT_CONFIRMED,True,3,RELIABLE,250,0.452,0.332,0.921481
S6_ENTRY_E1_TIMING,2025-07-14,000519,中兵红箭,s6setup-d125da2ab6d89687d74c,WATCH_CANDIDATE,SUPPORT_CONFIRMED,True,3,NOT_EVALUATED,0,0.0,0.0,0.0
S6_ENTRY_E1_TIMING,2025-07-14,002125,湘潭电化,s6setup-7e75682ebabd402c55ab,WATCH_CANDIDATE,SUPPORT_CONFIRMED,True,4,NOT_EVALUATED,0,0.0,0.0,0.0
S6_ENTRY_E1_TIMING,2025-07-14,600178,东安动力,s6setup-3fb1d338d8940b3e806e,WATCH_CANDIDATE,SUPPORT_CONFIRMED,True,3,NOT_EVALUATED,0,0.0,0.0,0.0
S6_ENTRY_E1_TIMING,2025-07-14,688498,源杰科技,s6setup-e7988503288262c6e9da,WATCH_CANDIDATE,SUPPORT_CONFIRMED,True,5,RELIABLE,250,0.624,0.216,0.907772
S6_ENTRY_E1_TIMING,2025-07-14,688499,利元亨,s6setup-7df94c56685a2b5bee69,KEY_CANDIDATE,SUPPORT_CONFIRMED,True,4,NOT_EVALUATED,0,0.0,0.0,0.0
S6_ENTRY_E1_TIMING,2025-07-15,000519,中兵红箭,s6setup-d125da2ab6d89687d74c,WATCH_CANDIDATE,SUPPORT_CONFIRMED,True,3,NOT_EVALUATED,0,0.0,0.0,0.0
S6_ENTRY_E1_TIMING,2025-07-15,301205,联特科技,s6setup-60999f27e1235d996029,WATCH_CANDIDATE,SUPPORT_CONFIRMED,True,4,NOT_EVALUATED,0,0.0,0.0,0.0
S6_ENTRY_E1_TIMING,2025-07-15,688267,中触媒,s6setup-875f4b92169e442ea23e,WATCH_CANDIDATE,NOT_APPLICABLE,False,0,NOT_EVALUATED,0,0.0,0.0,0.0
S6_ENTRY_E1_TIMING,2025-07-15,688498,源杰科技,s6setup-335aa82abdabfb8430e2,WATCH_CANDIDATE,NOT_APPLICABLE,False,0,NOT_EVALUATED,0,0.0,0.0,0.0
S6_ENTRY_E1_TIMING,2025-07-15,688499,利元亨,s6setup-9425b6f1af2efec011d4,WATCH_CANDIDATE,NOT_APPLICABLE,False,0,NOT_EVALUATED,0,0.0,0.0,0.0
S6_ENTRY_E1_TIMING,2025-07-16,002210,飞马国际,s6setup-3c527aa803492bc46e6e,WATCH_CANDIDATE,SUPPORT_CONFIRMED,True,3,NOT_EVALUATED,0,0.0,0.0,0.0
S6_ENTRY_E1_TIMING,2025-07-16,600666,奥瑞德,s6setup-4a1258ac2843d19b3f32,WATCH_CANDIDATE,SUPPORT_FORMING,False,2,NOT_EVALUATED,0,0.0,0.0,0.0
S6_ENTRY_E1_TIMING,2025-07-16,688499,利元亨,s6setup-7df94c56685a2b5bee69,KEY_CANDIDATE,SUPPORT_CONFIRMED,True,3,NOT_EVALUATED,0,0.0,0.0,0.0
S6_ENTRY_E1_TIMING,2025-07-17,002549,凯美特气,s6setup-94d323a8e87e2f5f2975,WATCH_CANDIDATE,SUPPORT_FORMING,False,4,NOT_EVALUATED,0,0.0,0.0,0.0
S6_ENTRY_E1_TIMING,2025-07-17,300293,蓝英装备,s6setup-2c01acb7c2b4c647169a,WATCH_CANDIDATE,NOT_APPLICABLE,False,0,NOT_EVALUATED,0,0.0,0.0,0.0
S6_ENTRY_E1_TIMING,2025-07-17,600570,恒生电子,s6setup-e582264ca0749f43de5d,WATCH_CANDIDATE,NOT_APPLICABLE,False,0,NOT_EVALUATED,0,0.0,0.0,0.0
S6_ENTRY_E1_TIMING,2025-07-17,600666,奥瑞德,s6setup-4a1258ac2843d19b3f32,KEY_CANDIDATE,SUPPORT_CONFIRMED,True,5,RELIABLE,250,0.552,0.236,0.825125
S6_ENTRY_E1_TIMING,2025-07-17,600967,内蒙一机,s6setup-617a61badb000ef99227,WATCH_CANDIDATE,NOT_APPLICABLE,False,0,NOT_EVALUATED,0,0.0,0.0,0.0
S6_ENTRY_E1_TIMING,2025-07-17,688398,赛特新材,s6setup-a2064b7c632da1883039,KEY_CANDIDATE,SUPPORT_CONFIRMED,True,5,NOT_EVALUATED,0,0.0,0.0,0.0
S6_ENTRY_E1_TIMING,2025-07-18,002549,凯美特气,s6setup-94d323a8e87e2f5f2975,WATCH_CANDIDATE,NOT_APPLICABLE,False,0,NOT_EVALUATED,0,0.0,0.0,0.0
S6_ENTRY_E1_TIMING,2025-07-18,600095,湘财股份,s6setup-e1d85bbb7310d7c7de05,WATCH_CANDIDATE,NOT_APPLICABLE,False,0,NOT_EVALUATED,0,0.0,0.0,0.0
S6_ENTRY_E1_TIMING,2025-07-18,601162,天风证券,s6setup-d38b0f68ca0e92fc6098,WATCH_CANDIDATE,SUPPORT_CONFIRMED,True,3,NOT_EVALUATED,0,0.0,0.0,0.0
S6_ENTRY_E1_TIMING,2025-07-18,688191,智洋创新,s6setup-c322353cc4fe738b3788,WATCH_CANDIDATE,NOT_APPLICABLE,False,0,NOT_EVALUATED,0,0.0,0.0,0.0
S6_ENTRY_E1_TIMING,2025-07-18,688398,赛特新材,s6setup-12dfd70fe13ef9e04d00,WATCH_CANDIDATE,NOT_APPLICABLE,False,0,NOT_EVALUATED,0,0.0,0.0,0.0
S6_ENTRY_E1_TIMING,2025-07-21,002189,中光学,s6setup-04e5a63a128999110382,WATCH_CANDIDATE,NOT_APPLICABLE,False,0,NOT_EVALUATED,0,0.0,0.0,0.0
S6_ENTRY_E1_TIMING,2025-07-21,600095,湘财股份,s6setup-24ebde40885e351460b5,KEY_CANDIDATE,SUPPORT_CONFIRMED,True,5,NOT_EVALUATED,0,0.0,0.0,0.0
S6_ENTRY_E1_TIMING,2025-07-21,601162,天风证券,s6setup-d38b0f68ca0e92fc6098,WATCH_CANDIDATE,SUPPORT_CONFIRMED,True,5,NOT_EVALUATED,0,0.0,0.0,0.0
S6_ENTRY_E1_TIMING,2025-07-21,688398,赛特新材,s6setup-12dfd70fe13ef9e04d00,KEY_CANDIDATE,SUPPORT_CONFIRMED,True,3,NOT_EVALUATED,0,0.0,0.0,0.0
S6_ENTRY_E1_TIMING,2025-07-22,600095,湘财股份,s6setup-e1d85bbb7310d7c7de05,WATCH_CANDIDATE,NOT_APPLICABLE,False,0,NOT_EVALUATED,0,0.0,0.0,0.0
S6_ENTRY_E1_TIMING,2025-07-22,601162,天风证券,s6setup-d38b0f68ca0e92fc6098,WATCH_CANDIDATE,SUPPORT_FORMING,False,4,NOT_EVALUATED,0,0.0,0.0,0.0
S6_ENTRY_E1_TIMING,2025-07-23,300533,冰川网络,s6setup-d305e702383d30689c52,WATCH_CANDIDATE,SUPPORT_FORMING,False,3,NOT_EVALUATED,0,0.0,0.0,0.0
S6_ENTRY_E1_TIMING,2025-07-23,688260,昀冢科技,s6setup-d870080aa7f4b73ebf0d,WATCH_CANDIDATE,NOT_APPLICABLE,False,0,NOT_EVALUATED,0,0.0,0.0,0.0
S6_ENTRY_E1_TIMING,2025-07-24,002048,宁波华翔,s6setup-f5421e73dd4081027fbf,WATCH_CANDIDATE,SUPPORT_CONFIRMED,True,4,RELIABLE,250,0.772,0.204,0.710349
S6_ENTRY_E1_TIMING,2025-07-24,002342,巨力索具,s6setup-9d1b0130a0ec33cd3b7d,KEY_CANDIDATE,SUPPORT_CONFIRMED,True,5,NOT_EVALUATED,0,0.0,0.0,0.0
S6_ENTRY_E1_TIMING,2025-07-24,688260,昀冢科技,s6setup-50c8b1672d9f17e4bc47,WATCH_CANDIDATE,WAITING_BREAKOUT,False,0,NOT_EVALUATED,0,0.0,0.0,0.0
S6_ENTRY_E1_TIMING,2025-07-25,301389,隆扬电子,s6setup-5a07dec4b31cd092b84c,KEY_CANDIDATE,SUPPORT_CONFIRMED,True,3,NOT_EVALUATED,0,0.0,0.0,0.0
S6_ENTRY_E1_TIMING,2025-07-25,603228,景旺电子,s6setup-e4aabaeb4a177d943648,WATCH_CANDIDATE,NOT_APPLICABLE,False,0,NOT_EVALUATED,0,0.0,0.0,0.0
S6_ENTRY_E1_TIMING,2025-07-28,002342,巨力索具,s6setup-9d1b0130a0ec33cd3b7d,WATCH_CANDIDATE,SUPPORT_FORMING,False,4,NOT_EVALUATED,0,0.0,0.0,0.0
S6_ENTRY_E1_TIMING,2025-07-28,002636,金安国纪,s6setup-b227bd5020185bae3e64,WATCH_CANDIDATE,NOT_APPLICABLE,False,0,NOT_EVALUATED,0,0.0,0.0,0.0
S6_ENTRY_E1_TIMING,2025-07-28,688382,益方生物,s6setup-60835cee0f3698187eeb,WATCH_CANDIDATE,SUPPORT_CONFIRMED,True,5,NOT_EVALUATED,0,0.0,0.0,0.0
S6_ENTRY_E1_TIMING,2025-07-28,688663,新风光,s6setup-21392e3a9f8d76d3f882,WATCH_CANDIDATE,SUPPORT_CONFIRMED,True,5,NOT_EVALUATED,0,0.0,0.0,0.0
S6_ENTRY_E1_TIMING,2025-07-29,000989,九芝堂,s6setup-d71494a0ad33658203ce,WATCH_CANDIDATE,SUPPORT_FORMING,False,4,NOT_EVALUATED,0,0.0,0.0,0.0
S6_ENTRY_E1_TIMING,2025-07-29,600267,海正药业,s6setup-26c625d3baf9fe440cdf,WATCH_CANDIDATE,SUPPORT_FORMING,False,4,NOT_EVALUATED,0,0.0,0.0,0.0
S6_ENTRY_E1_TIMING,2025-07-29,600698,湖南天雁,s6setup-4f3f2cc081b7d9f2d7f2,WATCH_CANDIDATE,NOT_APPLICABLE,False,0,NOT_EVALUATED,0,0.0,0.0,0.0
S6_ENTRY_E1_TIMING,2025-07-29,688117,圣诺生物,s6setup-f6f7025a60edbf05d598,WATCH_CANDIDATE,NOT_APPLICABLE,False,0,NOT_EVALUATED,0,0.0,0.0,0.0
S6_ENTRY_E1_TIMING,2025-07-29,688382,益方生物,s6setup-60835cee0f3698187eeb,WATCH_CANDIDATE,NOT_APPLICABLE,False,0,NOT_EVALUATED,0,0.0,0.0,0.0
S6_ENTRY_E1_TIMING,2025-07-30,002716,湖南白银,s6setup-eec3a4d42e6b845df250,WATCH_CANDIDATE,SUPPORT_CONFIRMED,True,3,NOT_EVALUATED,0,0.0,0.0,0.0
S6_ENTRY_E1_TIMING,2025-07-30,688117,圣诺生物,s6setup-f6f7025a60edbf05d598,WATCH_CANDIDATE,NOT_APPLICABLE,False,0,NOT_EVALUATED,0,0.0,0.0,0.0
S6_ENTRY_E1_TIMING,2025-07-30,688265,南模生物,s6setup-280cc84c2c7d58f57f2b,WATCH_CANDIDATE,SUPPORT_CONFIRMED,True,3,NOT_EVALUATED,0,0.0,0.0,0.0
S6_ENTRY_E1_TIMING,2025-07-30,688382,益方生物,s6setup-60835cee0f3698187eeb,WATCH_CANDIDATE,SUPPORT_CONFIRMED,True,3,RELIABLE,250,0.804,0.252,0.927518
S6_ENTRY_E1_TIMING,2025-07-30,688428,诺诚健华,s6setup-d952d452209891ee0557,WATCH_CANDIDATE,SUPPORT_CONFIRMED,True,3,NOT_EVALUATED,0,0.0,0.0,0.0
S6_ENTRY_E1_TIMING,2025-07-31,601519,大智慧,s6setup-a60ecf27e93ba5fe66e2,WATCH_CANDIDATE,SUPPORT_FORMING,False,2,NOT_EVALUATED,0,0.0,0.0,0.0
S6_ENTRY_E1_TIMING,2025-07-31,688143,长盈通,s6setup-188a77f6c471cdcc4c16,WATCH_CANDIDATE,SUPPORT_CONFIRMED,True,4,NOT_EVALUATED,0,0.0,0.0,0.0
S6_ENTRY_E1_TIMING,2025-07-31,688265,南模生物,s6setup-d8fb30d6f0a575a4fe36,WATCH_CANDIDATE,SUPPORT_FORMING,False,2,NOT_EVALUATED,0,0.0,0.0,0.0
S6_ENTRY_E1_TIMING,2025-08-01,000989,九芝堂,s6setup-d71494a0ad33658203ce,WATCH_CANDIDATE,SUPPORT_FORMING,False,4,NOT_EVALUATED,0,0.0,0.0,0.0
S6_ENTRY_E1_TIMING,2025-08-01,002121,科陆电子,s6setup-7c504b256b2719dc9fca,WATCH_CANDIDATE,NOT_APPLICABLE,False,0,NOT_EVALUATED,0,0.0,0.0,0.0
S6_ENTRY_E1_TIMING,2025-08-01,688307,中润光学,s6setup-810023653f14ef16bf66,WATCH_CANDIDATE,NOT_APPLICABLE,False,0,NOT_EVALUATED,0,0.0,0.0,0.0
S6_ENTRY_E1_TIMING,2025-08-04,000989,九芝堂,s6setup-d71494a0ad33658203ce,WATCH_CANDIDATE,SUPPORT_FORMING,False,3,NOT_EVALUATED,0,0.0,0.0,0.0
S6_ENTRY_E1_TIMING,2025-08-04,002167,东方锆业,s6setup-2db78dd56c59ceb70947,WATCH_CANDIDATE,NOT_APPLICABLE,False,0,NOT_EVALUATED,0,0.0,0.0,0.0
S6_ENTRY_E1_TIMING,2025-08-04,002550,千红制药,s6setup-1d8cce98bcfe1a142389,WATCH_CANDIDATE,SUPPORT_CONFIRMED,True,5,NOT_EVALUATED,0,0.0,0.0,0.0
S6_ENTRY_E1_TIMING,2025-08-04,002716,湖南白银,s6setup-f3c82aa895561e3aa7ff,READY_CANDIDATE,SUPPORT_CONFIRMED,True,5,NOT_EVALUATED,0,0.0,0.0,0.0
S6_ENTRY_E1_TIMING,2025-08-04,688117,圣诺生物,s6setup-43d0b6c04e4fe7863f8f,WATCH_CANDIDATE,SUPPORT_FORMING,False,4,NOT_EVALUATED,0,0.0,0.0,0.0
S6_ENTRY_E1_TIMING,2025-08-04,688307,中润光学,s6setup-4dd4473fe082601640c3,WATCH_CANDIDATE,NOT_APPLICABLE,False,0,NOT_EVALUATED,0,0.0,0.0,0.0
S6_ENTRY_E1_TIMING,2025-08-05,002550,千红制药,s6setup-1d8cce98bcfe1a142389,WATCH_CANDIDATE,SUPPORT_CONFIRMED,True,3,NOT_EVALUATED,0,0.0,0.0,0.0
S6_ENTRY_E1_TIMING,2025-08-05,600751,海航科技,s6setup-c9a7c7446fa693b596db,WATCH_CANDIDATE,NOT_APPLICABLE,False,0,NOT_EVALUATED,0,0.0,0.0,0.0
S6_ENTRY_E1_TIMING,2025-08-05,601208,东材科技,s6setup-943aee4145a0956ad753,WATCH_CANDIDATE,NOT_APPLICABLE,False,0,NOT_EVALUATED,0,0.0,0.0,0.0
S6_ENTRY_E1_TIMING,2025-08-05,601868,中国能建,s6setup-dd77d6e41b8afc91a237,WATCH_CANDIDATE,SUPPORT_CONFIRMED,True,5,NOT_EVALUATED,0,0.0,0.0,0.0
S6_ENTRY_E1_TIMING,2025-08-05,688202,美迪西,s6setup-4a027ef3cdd811824e39,WATCH_CANDIDATE,NOT_APPLICABLE,False,0,NOT_EVALUATED,0,0.0,0.0,0.0
S6_ENTRY_E1_TIMING,2025-08-05,688360,德马科技,s6setup-a7c795d7a40c684cc76a,WATCH_CANDIDATE,NOT_APPLICABLE,False,0,NOT_EVALUATED,0,0.0,0.0,0.0
S6_ENTRY_E1_TIMING,2025-08-06,000932,华菱钢铁,s6setup-e112473ba7fccbb736ed,WATCH_CANDIDATE,NOT_APPLICABLE,False,0,NOT_EVALUATED,0,0.0,0.0,0.0
S6_ENTRY_E1_TIMING,2025-08-06,002167,东方锆业,s6setup-85f6927b89a425123231,WATCH_CANDIDATE,SUPPORT_CONFIRMED,True,3,NOT_EVALUATED,0,0.0,0.0,0.0
S6_ENTRY_E1_TIMING,2025-08-06,002266,浙富控股,s6setup-4cab1a9a8619d98012cf,WATCH_CANDIDATE,SUPPORT_CONFIRMED,True,5,NOT_EVALUATED,0,0.0,0.0,0.0
S6_ENTRY_E1_TIMING,2025-08-06,300748,金力永磁,s6setup-eec7e79d4070d31833e4,WATCH_CANDIDATE,NOT_APPLICABLE,False,0,NOT_EVALUATED,0,0.0,0.0,0.0
S6_ENTRY_E1_TIMING,2025-08-06,600875,东方电气,s6setup-93eb128ab6ce4fc6345b,WATCH_CANDIDATE,SUPPORT_CONFIRMED,True,4,NOT_EVALUATED,0,0.0,0.0,0.0
S6_ENTRY_E1_TIMING,2025-08-06,601208,东材科技,s6setup-943aee4145a0956ad753,WATCH_CANDIDATE,NOT_APPLICABLE,False,0,NOT_EVALUATED,0,0.0,0.0,0.0
S6_ENTRY_E1_TIMING,2025-08-06,688202,美迪西,s6setup-4a027ef3cdd811824e39,KEY_CANDIDATE,SUPPORT_CONFIRMED,True,3,NOT_EVALUATED,0,0.0,0.0,0.0
S6_ENTRY_E1_TIMING,2025-08-06,688321,微芯生物,s6setup-5377fd2a99f58cc9c3ef,WATCH_CANDIDATE,SUPPORT_CONFIRMED,True,3,NOT_EVALUATED,0,0.0,0.0,0.0
S6_ENTRY_E1_TIMING,2025-08-06,688718,唯赛勃,s6setup-587e5aa084c9ac94571a,KEY_CANDIDATE,SUPPORT_CONFIRMED,True,3,NOT_EVALUATED,0,0.0,0.0,0.0
S6_ENTRY_E1_TIMING,2025-08-07,000758,中色股份,s6setup-993b4afe570f8c7d2858,WATCH_CANDIDATE,NOT_APPLICABLE,False,0,NOT_EVALUATED,0,0.0,0.0,0.0
S6_ENTRY_E1_TIMING,2025-08-07,002167,东方锆业,s6setup-ba567dd5684552a75a60,WATCH_CANDIDATE,NOT_APPLICABLE,False,0,NOT_EVALUATED,0,0.0,0.0,0.0
S6_ENTRY_E1_TIMING,2025-08-07,300476,胜宏科技,s6setup-3a514f007a046a076145,WATCH_CANDIDATE,NOT_APPLICABLE,False,0,NOT_EVALUATED,0,0.0,0.0,0.0
S6_ENTRY_E1_TIMING,2025-08-07,300748,金力永磁,s6setup-328e9be037b690700a4d,WATCH_CANDIDATE,NOT_APPLICABLE,False,0,NOT_EVALUATED,0,0.0,0.0,0.0
S6_ENTRY_E1_TIMING,2025-08-07,600259,中稀有色,s6setup-6269b43b909404dd33ac,WATCH_CANDIDATE,WAITING_BREAKOUT,False,0,NOT_EVALUATED,0,0.0,0.0,0.0
S6_ENTRY_E1_TIMING,2025-08-07,600528,中铁工业,s6setup-683dc450a5cedcef3079,WATCH_CANDIDATE,SUPPORT_CONFIRMED,True,3,NOT_EVALUATED,0,0.0,0.0,0.0
S6_ENTRY_E1_TIMING,2025-08-07,600751,海航科技,s6setup-c9a7c7446fa693b596db,WATCH_CANDIDATE,NOT_APPLICABLE,False,0,NOT_EVALUATED,0,0.0,0.0,0.0
S6_ENTRY_E1_TIMING,2025-08-07,600801,华新建材,s6setup-19ce1de975b65f1252f1,KEY_CANDIDATE,SUPPORT_CONFIRMED,True,4,NOT_EVALUATED,0,0.0,0.0,0.0
S6_ENTRY_E1_TIMING,2025-08-08,000932,华菱钢铁,s6setup-e112473ba7fccbb736ed,WATCH_CANDIDATE,NOT_APPLICABLE,False,0,NOT_EVALUATED,0,0.0,0.0,0.0
S6_ENTRY_E1_TIMING,2025-08-08,002320,海峡股份,s6setup-f5a15e8088587ad71f14,WATCH_CANDIDATE,SUPPORT_CONFIRMED,True,5,NOT_EVALUATED,0,0.0,0.0,0.0
S6_ENTRY_E1_TIMING,2025-08-08,002497,雅化集团,s6setup-cf20e1fed216940f1881,WATCH_CANDIDATE,NOT_APPLICABLE,False,0,NOT_EVALUATED,0,0.0,0.0,0.0
S6_ENTRY_E1_TIMING,2025-08-08,002736,国信证券,s6setup-80f9b3481d3dc454be12,KEY_CANDIDATE,SUPPORT_CONFIRMED,True,4,RELIABLE,250,0.652,0.292,1.132282
S6_ENTRY_E1_TIMING,2025-08-08,600875,东方电气,s6setup-93eb128ab6ce4fc6345b,KEY_CANDIDATE,SUPPORT_CONFIRMED,True,5,RELIABLE,250,0.192,0.144,-0.110142
S6_ENTRY_E1_TIMING,2025-08-08,601696,中银证券,s6setup-43ca95e27d2be3639d49,WATCH_CANDIDATE,SUPPORT_FORMING,False,4,NOT_EVALUATED,0,0.0,0.0,0.0
S6_ENTRY_E1_TIMING,2025-08-08,688156,路德科技,s6setup-e7a7fa42e720b4bdcd48,WATCH_CANDIDATE,NOT_APPLICABLE,False,0,NOT_EVALUATED,0,0.0,0.0,0.0
S6_ENTRY_E1_TIMING,2025-08-08,688619,罗普特,s6setup-7c01ea40d583d6ba5ac5,WATCH_CANDIDATE,NOT_APPLICABLE,False,0,NOT_EVALUATED,0,0.0,0.0,0.0
S6_ENTRY_E1_TIMING,2025-08-08,688718,唯赛勃,s6setup-587e5aa084c9ac94571a,WATCH_CANDIDATE,SUPPORT_FORMING,False,4,NOT_EVALUATED,0,0.0,0.0,0.0
S6_ENTRY_E1_TIMING,2025-08-11,002320,海峡股份,s6setup-75a051b002ec2857a2d9,WATCH_CANDIDATE,NOT_APPLICABLE,False,0,NOT_EVALUATED,0,0.0,0.0,0.0
S6_ENTRY_E1_TIMING,2025-08-11,002384,东山精密,s6setup-54711404d4e96e1c7c62,WATCH_CANDIDATE,SUPPORT_CONFIRMED,True,5,NOT_EVALUATED,0,0.0,0.0,0.0
S6_ENTRY_E1_TIMING,2025-08-11,600418,江淮汽车,s6setup-1bc395233ee8e4509cec,WATCH_CANDIDATE,SUPPORT_FORMING,False,4,NOT_EVALUATED,0,0.0,0.0,0.0
S6_ENTRY_E1_TIMING,2025-08-11,600875,东方电气,s6setup-fdc17521e378be474b4a,KEY_CANDIDATE,SUPPORT_CONFIRMED,True,4,RELIABLE,250,0.136,0.136,-0.238427
S6_ENTRY_E1_TIMING,2025-08-11,601208,东材科技,s6setup-36f0f2909d391d6e38bc,WATCH_CANDIDATE,SUPPORT_CONFIRMED,True,5,NOT_EVALUATED,0,0.0,0.0,0.0
S6_ENTRY_E1_TIMING,2025-08-11,601696,中银证券,s6setup-43ca95e27d2be3639d49,WATCH_CANDIDATE,SUPPORT_CONFIRMED,True,3,NOT_EVALUATED,0,0.0,0.0,0.0
S6_ENTRY_E1_TIMING,2025-08-11,688051,佳华科技,s6setup-104981bd2fba18d90be6,WATCH_CANDIDATE,NOT_APPLICABLE,False,0,NOT_EVALUATED,0,0.0,0.0,0.0
S6_ENTRY_E1_TIMING,2025-08-11,688156,路德科技,s6setup-c91f1dc33af262dcbd9e,WATCH_CANDIDATE,NOT_APPLICABLE,False,0,NOT_EVALUATED,0,0.0,0.0,0.0
S6_ENTRY_E1_TIMING,2025-08-11,688619,罗普特,s6setup-e1c90a5393f6e38a6a7d,WATCH_CANDIDATE,SUPPORT_CONFIRMED,True,5,NOT_EVALUATED,0,0.0,0.0,0.0
S6_ENTRY_E1_TIMING,2025-08-11,688718,唯赛勃,s6setup-587e5aa084c9ac94571a,WATCH_CANDIDATE,NOT_APPLICABLE,False,0,NOT_EVALUATED,0,0.0,0.0,0.0
S6_ENTRY_E1_TIMING,2025-08-12,002736,国信证券,s6setup-f4cdd39f619657adc0b6,WATCH_CANDIDATE,SUPPORT_CONFIRMED,True,3,RELIABLE,250,0.74,0.316,1.105256
S6_ENTRY_E1_TIMING,2025-08-12,300395,菲利华,s6setup-57bcd605c67faf9172c7,WATCH_CANDIDATE,SUPPORT_FORMING,False,4,NOT_EVALUATED,0,0.0,0.0,0.0
S6_ENTRY_E1_TIMING,2025-08-12,601208,东材科技,s6setup-66ff23da83b73dbac3e3,WATCH_CANDIDATE,SUPPORT_CONFIRMED,True,3,NOT_EVALUATED,0,0.0,0.0,0.0
S6_ENTRY_E1_TIMING,2025-08-12,601696,中银证券,s6setup-43ca95e27d2be3639d49,WATCH_CANDIDATE,NOT_APPLICABLE,False,0,NOT_EVALUATED,0,0.0,0.0,0.0
S6_ENTRY_E1_TIMING,2025-08-12,603444,吉比特,s6setup-5495057d612d3532c841,WATCH_CANDIDATE,NOT_APPLICABLE,False,0,NOT_EVALUATED,0,0.0,0.0,0.0
S6_ENTRY_E1_TIMING,2025-08-12,603486,科沃斯,s6setup-47bc24e67bfced45806f,WATCH_CANDIDATE,SUPPORT_CONFIRMED,True,3,RELIABLE,250,0.732,0.216,0.903778
S6_ENTRY_E1_TIMING,2025-08-12,603993,洛阳钼业,s6setup-b480475ca9ae290a0c96,WATCH_CANDIDATE,NOT_APPLICABLE,False,0,NOT_EVALUATED,0,0.0,0.0,0.0
S6_ENTRY_E1_TIMING,2025-08-12,688051,佳华科技,s6setup-3ce14f1cd14688c5860b,WATCH_CANDIDATE,NOT_APPLICABLE,False,0,NOT_EVALUATED,0,0.0,0.0,0.0
S6_ENTRY_E1_TIMING,2025-08-12,688619,罗普特,s6setup-e1c90a5393f6e38a6a7d,WATCH_CANDIDATE,NOT_APPLICABLE,False,0,NOT_EVALUATED,0,0.0,0.0,0.0
S6_ENTRY_E1_TIMING,2025-08-12,688718,唯赛勃,s6setup-587e5aa084c9ac94571a,WATCH_CANDIDATE,SUPPORT_CONFIRMED,True,3,NOT_EVALUATED,0,0.0,0.0,0.0
S6_ENTRY_E1_TIMING,2025-08-13,300149,睿智医药,s6setup-14e2fd006350f69eb194,WATCH_CANDIDATE,SUPPORT_CONFIRMED,True,5,NOT_EVALUATED,0,0.0,0.0,0.0
S6_ENTRY_E1_TIMING,2025-08-13,301205,联特科技,s6setup-808964121f9c9756fb5d,WATCH_CANDIDATE,NOT_APPLICABLE,False,0,NOT_EVALUATED,0,0.0,0.0,0.0
S6_ENTRY_E1_TIMING,2025-08-13,600010,包钢股份,s6setup-4fe377f3079b4d40efa0,KEY_CANDIDATE,SUPPORT_CONFIRMED,True,3,RELIABLE,250,0.336,0.204,0.458559
S6_ENTRY_E1_TIMING,2025-08-13,601696,中银证券,s6setup-7b9444423ee5055c15dd,WATCH_CANDIDATE,NOT_APPLICABLE,False,0,NOT_EVALUATED,0,0.0,0.0,0.0
S6_ENTRY_E1_TIMING,2025-08-13,603444,吉比特,s6setup-5495057d612d3532c841,WATCH_CANDIDATE,NOT_APPLICABLE,False,0,NOT_EVALUATED,0,0.0,0.0,0.0
S6_ENTRY_E1_TIMING,2025-08-13,603486,科沃斯,s6setup-470f43d1726fab973716,WATCH_CANDIDATE,SUPPORT_CONFIRMED,True,5,RELIABLE,250,0.828,0.24,0.898273
S6_ENTRY_E1_TIMING,2025-08-13,688062,迈威生物,s6setup-f58a2dbfae45133fcf4f,WATCH_CANDIDATE,NOT_APPLICABLE,False,0,NOT_EVALUATED,0,0.0,0.0,0.0
S6_ENTRY_E1_TIMING,2025-08-13,688166,博瑞医药,s6setup-5b3367285908984eeb2d,WATCH_CANDIDATE,NOT_APPLICABLE,False,0,NOT_EVALUATED,0,0.0,0.0,0.0
S6_ENTRY_E1_TIMING,2025-08-13,688278,特宝生物,s6setup-a8fa994084285c828d33,WATCH_CANDIDATE,SUPPORT_CONFIRMED,True,5,NOT_EVALUATED,0,0.0,0.0,0.0
S6_ENTRY_E1_TIMING,2025-08-14,300149,睿智医药,s6setup-14e2fd006350f69eb194,WATCH_CANDIDATE,SUPPORT_CONFIRMED,True,3,NOT_EVALUATED,0,0.0,0.0,0.0
S6_ENTRY_E1_TIMING,2025-08-14,300835,龙磁科技,s6setup-e47593b0fd6194b50ca0,WATCH_CANDIDATE,SUPPORT_CONFIRMED,True,3,RELIABLE,250,0.6,0.28,0.670112
S6_ENTRY_E1_TIMING,2025-08-14,600111,北方稀土,s6setup-d0cb7bb1e73364345296,KEY_CANDIDATE,SUPPORT_CONFIRMED,True,5,NOT_EVALUATED,0,0.0,0.0,0.0
S6_ENTRY_E1_TIMING,2025-08-14,603486,科沃斯,s6setup-470f43d1726fab973716,WATCH_CANDIDATE,SUPPORT_CONFIRMED,True,3,RELIABLE,250,0.756,0.188,0.872798
S6_ENTRY_E1_TIMING,2025-08-15,002437,誉衡药业,s6setup-5442f11c5e91b7c56495,WATCH_CANDIDATE,NOT_APPLICABLE,False,0,NOT_EVALUATED,0,0.0,0.0,0.0
S6_ENTRY_E1_TIMING,2025-08-15,002468,申通快递,s6setup-66821b502a63d7b903c1,KEY_CANDIDATE,SUPPORT_CONFIRMED,True,5,NOT_EVALUATED,0,0.0,0.0,0.0
S6_ENTRY_E1_TIMING,2025-08-15,300835,龙磁科技,s6setup-b89e78056c5700207419,WATCH_CANDIDATE,SUPPORT_FORMING,False,4,RELIABLE,250,0.804,0.264,0.912034
S6_ENTRY_E1_TIMING,2025-08-15,600111,北方稀土,s6setup-ee7524a4bbf0748140c0,WATCH_CANDIDATE,SUPPORT_CONFIRMED,True,5,RELIABLE,250,0.692,0.264,0.726109
S6_ENTRY_E1_TIMING,2025-08-15,603367,辰欣药业,s6setup-6768125f8d087509f817,WATCH_CANDIDATE,SUPPORT_CONFIRMED,True,5,NOT_EVALUATED,0,0.0,0.0,0.0
S6_ENTRY_E1_TIMING,2025-08-15,603486,科沃斯,s6setup-470f43d1726fab973716,WATCH_CANDIDATE,NOT_APPLICABLE,False,0,NOT_EVALUATED,0,0.0,0.0,0.0
S6_ENTRY_E1_TIMING,2025-08-15,688166,博瑞医药,s6setup-43f97e3badd8202b13e5,WATCH_CANDIDATE,SUPPORT_CONFIRMED,True,4,RELIABLE,250,0.784,0.272,1.20515
S6_ENTRY_E1_TIMING,2025-08-15,688278,特宝生物,s6setup-02bdc87ef3d89554e3b1,WATCH_CANDIDATE,SUPPORT_FORMING,False,3,NOT_EVALUATED,0,0.0,0.0,0.0
S6_ENTRY_E1_TIMING,2025-08-18,002370,亚太药业,s6setup-fe289e76158a79f63716,WATCH_CANDIDATE,NOT_APPLICABLE,False,0,NOT_EVALUATED,0,0.0,0.0,0.0
S6_ENTRY_E1_TIMING,2025-08-18,002570,贝因美,s6setup-fb7486452e9473d13c9e,WATCH_CANDIDATE,SUPPORT_CONFIRMED,True,5,NOT_EVALUATED,0,0.0,0.0,0.0
S6_ENTRY_E1_TIMING,2025-08-18,300624,万兴科技,s6setup-c22cd4b2e561cbf60d9f,WATCH_CANDIDATE,SUPPORT_CONFIRMED,True,5,NOT_EVALUATED,0,0.0,0.0,0.0
S6_ENTRY_E1_TIMING,2025-08-18,301171,易点天下,s6setup-cfd4132eac82cffd3d85,WATCH_CANDIDATE,NOT_APPLICABLE,False,0,NOT_EVALUATED,0,0.0,0.0,0.0
S6_ENTRY_E1_TIMING,2025-08-18,600010,包钢股份,s6setup-4fe377f3079b4d40efa0,WATCH_CANDIDATE,NOT_APPLICABLE,False,0,NOT_EVALUATED,0,0.0,0.0,0.0
S6_ENTRY_E1_TIMING,2025-08-18,603200,上海洗霸,s6setup-b77ecfed67879a74832d,WATCH_CANDIDATE,SUPPORT_CONFIRMED,True,5,NOT_EVALUATED,0,0.0,0.0,0.0
S6_ENTRY_E1_TIMING,2025-08-18,603486,科沃斯,s6setup-470f43d1726fab973716,WATCH_CANDIDATE,NOT_APPLICABLE,False,0,NOT_EVALUATED,0,0.0,0.0,0.0
S6_ENTRY_E1_TIMING,2025-08-18,688118,普元信息,s6setup-5432c73552dd1d9dabb9,KEY_CANDIDATE,SUPPORT_CONFIRMED,True,4,NOT_EVALUATED,0,0.0,0.0,0.0
S6_ENTRY_E1_TIMING,2025-08-18,688163,赛伦生物,s6setup-5ed925011de066dfabcf,WATCH_CANDIDATE,NOT_APPLICABLE,False,0,NOT_EVALUATED,0,0.0,0.0,0.0
S6_ENTRY_E1_TIMING,2025-08-18,688166,博瑞医药,s6setup-ea5cc446b042bb37d50c,WATCH_CANDIDATE,NOT_APPLICABLE,False,0,NOT_EVALUATED,0,0.0,0.0,0.0
S6_ENTRY_E1_TIMING,2025-08-19,002468,申通快递,s6setup-66821b502a63d7b903c1,WATCH_CANDIDATE,NOT_APPLICABLE,False,0,NOT_EVALUATED,0,0.0,0.0,0.0
S6_ENTRY_E1_TIMING,2025-08-19,002570,贝因美,s6setup-09685ae07a1322de6348,WATCH_CANDIDATE,NOT_APPLICABLE,False,0,NOT_EVALUATED,0,0.0,0.0,0.0
S6_ENTRY_E1_TIMING,2025-08-19,603367,辰欣药业,s6setup-4fb3b799ff588c2f84cc,WATCH_CANDIDATE,NOT_APPLICABLE,False,0,NOT_EVALUATED,0,0.0,0.0,0.0
S6_ENTRY_E1_TIMING,2025-08-19,688166,博瑞医药,s6setup-ea5cc446b042bb37d50c,WATCH_CANDIDATE,SUPPORT_FORMING,False,2,NOT_EVALUATED,0,0.0,0.0,0.0
S6_ENTRY_E1_TIMING,2025-08-19,688171,纬德信息,s6setup-13e1106ba97e88d232a2,WATCH_CANDIDATE,NOT_APPLICABLE,False,0,NOT_EVALUATED,0,0.0,0.0,0.0
S6_ENTRY_E1_TIMING,2025-08-20,300581,晨曦航空,s6setup-8764343d809f6e381476,WATCH_CANDIDATE,SUPPORT_CONFIRMED,True,4,NOT_EVALUATED,0,0.0,0.0,0.0
S6_ENTRY_E1_TIMING,2025-08-20,603367,辰欣药业,s6setup-4fb3b799ff588c2f84cc,WATCH_CANDIDATE,SUPPORT_FORMING,False,2,NOT_EVALUATED,0,0.0,0.0,0.0
S6_ENTRY_E1_TIMING,2025-08-20,688166,博瑞医药,s6setup-5b3367285908984eeb2d,WATCH_CANDIDATE,SUPPORT_FORMING,False,3,NOT_EVALUATED,0,0.0,0.0,0.0
S6_ENTRY_E1_TIMING,2025-08-20,688171,纬德信息,s6setup-31a941667c3af445228c,WATCH_CANDIDATE,SUPPORT_CONFIRMED,True,4,NOT_EVALUATED,0,0.0,0.0,0.0
S6_ENTRY_E1_TIMING,2025-08-20,688466,金科环境,s6setup-bd351bf55507977990c2,WATCH_CANDIDATE,SUPPORT_CONFIRMED,True,5,NOT_EVALUATED,0,0.0,0.0,0.0
S6_ENTRY_E1_TIMING,2025-08-21,300009,安科生物,s6setup-7c0a2e31b657333f72d7,WATCH_CANDIDATE,NOT_APPLICABLE,False,0,NOT_EVALUATED,0,0.0,0.0,0.0
S6_ENTRY_E1_TIMING,2025-08-21,300644,南京聚隆,s6setup-0ad2951473f2b0d260d8,WATCH_CANDIDATE,SUPPORT_CONFIRMED,True,3,NOT_EVALUATED,0,0.0,0.0,0.0
S6_ENTRY_E1_TIMING,2025-08-21,688171,纬德信息,s6setup-21a71258455e9c272f77,WATCH_CANDIDATE,NOT_APPLICABLE,False,0,NOT_EVALUATED,0,0.0,0.0,0.0
S6_ENTRY_E1_TIMING,2025-08-21,688507,索辰科技,s6setup-987937c145bed8deb782,KEY_CANDIDATE,SUPPORT_CONFIRMED,True,3,NOT_EVALUATED,0,0.0,0.0,0.0
S6_ENTRY_E1_TIMING,2025-08-22,300009,安科生物,s6setup-b0925db5e4e62724fea7,WATCH_CANDIDATE,SUPPORT_FORMING,False,3,NOT_EVALUATED,0,0.0,0.0,0.0
S6_ENTRY_E1_TIMING,2025-08-22,300600,国瑞科技,s6setup-505fdc69398e03985840,WATCH_CANDIDATE,SUPPORT_FORMING,False,3,NOT_EVALUATED,0,0.0,0.0,0.0
S6_ENTRY_E1_TIMING,2025-08-22,300677,英科医疗,s6setup-643de4ab37ff183c8d60,WATCH_CANDIDATE,NOT_APPLICABLE,False,0,NOT_EVALUATED,0,0.0,0.0,0.0
S6_ENTRY_E1_TIMING,2025-08-22,301389,隆扬电子,s6setup-a6837231cfdf54aa08e7,KEY_CANDIDATE,SUPPORT_CONFIRMED,True,5,NOT_EVALUATED,0,0.0,0.0,0.0
S6_ENTRY_E1_TIMING,2025-08-22,600184,光电股份,s6setup-a7c11205c842d67862c0,WATCH_CANDIDATE,SUPPORT_FORMING,False,4,NOT_EVALUATED,0,0.0,0.0,0.0
S6_ENTRY_E1_TIMING,2025-08-22,600629,华建集团,s6setup-9b4aa7e551d0adac65f9,WATCH_CANDIDATE,SUPPORT_CONFIRMED,True,5,NOT_EVALUATED,0,0.0,0.0,0.0
S6_ENTRY_E1_TIMING,2025-08-25,002317,众生药业,s6setup-dd1f38847239157305df,WATCH_CANDIDATE,SUPPORT_CONFIRMED,True,5,NOT_EVALUATED,0,0.0,0.0,0.0
S6_ENTRY_E1_TIMING,2025-08-25,300009,安科生物,s6setup-202be4c3970aed5518b3,WATCH_CANDIDATE,SUPPORT_CONFIRMED,True,5,NOT_EVALUATED,0,0.0,0.0,0.0
S6_ENTRY_E1_TIMING,2025-08-25,300600,国瑞科技,s6setup-505fdc69398e03985840,WATCH_CANDIDATE,SUPPORT_FORMING,False,3,NOT_EVALUATED,0,0.0,0.0,0.0
S6_ENTRY_E1_TIMING,2025-08-25,300677,英科医疗,s6setup-df4ae981180f5c5a8c07,WATCH_CANDIDATE,NOT_APPLICABLE,False,0,NOT_EVALUATED,0,0.0,0.0,0.0
S6_ENTRY_E1_TIMING,2025-08-25,300706,阿石创,s6setup-4a4c09b4357671ae65c4,WATCH_CANDIDATE,SUPPORT_CONFIRMED,True,4,NOT_EVALUATED,0,0.0,0.0,0.0
S6_ENTRY_E1_TIMING,2025-08-25,300841,康华生物,s6setup-85b7e487b3678d3e645e,KEY_CANDIDATE,SUPPORT_CONFIRMED,True,4,NOT_EVALUATED,0,0.0,0.0,0.0
S6_ENTRY_E1_TIMING,2025-08-25,300875,捷强装备,s6setup-54b2ea3088df36967b33,WATCH_CANDIDATE,NOT_APPLICABLE,False,0,NOT_EVALUATED,0,0.0,0.0,0.0
S6_ENTRY_E1_TIMING,2025-08-25,300885,海昌新材,s6setup-91a7df50d36c56618b19,KEY_CANDIDATE,SUPPORT_CONFIRMED,True,5,NOT_EVALUATED,0,0.0,0.0,0.0
S6_ENTRY_E1_TIMING,2025-08-25,301389,隆扬电子,s6setup-c4db0ea54a9916e2ca2f,WATCH_CANDIDATE,NOT_APPLICABLE,False,0,NOT_EVALUATED,0,0.0,0.0,0.0
S6_ENTRY_E1_TIMING,2025-08-25,688551,科威尔,s6setup-bddb947dce9126d52aeb,KEY_CANDIDATE,SUPPORT_CONFIRMED,True,4,NOT_EVALUATED,0,0.0,0.0,0.0
S6_ENTRY_E1_TIMING,2025-08-25,688580,伟思医疗,s6setup-226dc50c5699e0586f0a,WATCH_CANDIDATE,NOT_APPLICABLE,False,0,NOT_EVALUATED,0,0.0,0.0,0.0
S6_ENTRY_E1_TIMING,2025-08-26,002020,京新药业,s6setup-735a7477be0fea18fc9c,WATCH_CANDIDATE,NOT_APPLICABLE,False,0,NOT_EVALUATED,0,0.0,0.0,0.0
S6_ENTRY_E1_TIMING,2025-08-26,300009,安科生物,s6setup-993ceb978dfc476a231f,WATCH_CANDIDATE,SUPPORT_CONFIRMED,True,3,NOT_EVALUATED,0,0.0,0.0,0.0
S6_ENTRY_E1_TIMING,2025-08-26,300841,康华生物,s6setup-85b7e487b3678d3e645e,KEY_CANDIDATE,SUPPORT_CONFIRMED,True,3,NOT_EVALUATED,0,0.0,0.0,0.0
S6_ENTRY_E1_TIMING,2025-08-26,300875,捷强装备,s6setup-97303033618698e750c3,KEY_CANDIDATE,SUPPORT_CONFIRMED,True,3,NOT_EVALUATED,0,0.0,0.0,0.0
S6_ENTRY_E1_TIMING,2025-08-26,301357,北方长龙,s6setup-ef0e9918778ead33c400,WATCH_CANDIDATE,SUPPORT_CONFIRMED,True,4,NOT_EVALUATED,0,0.0,0.0,0.0
S6_ENTRY_E1_TIMING,2025-08-26,301389,隆扬电子,s6setup-412d7a24e21a48d36b65,KEY_CANDIDATE,SUPPORT_CONFIRMED,True,3,NOT_EVALUATED,0,0.0,0.0,0.0
S6_ENTRY_E1_TIMING,2025-08-26,688258,卓易信息,s6setup-27ba67f0c9d04314e9b1,WATCH_CANDIDATE,SUPPORT_FORMING,False,4,NOT_EVALUATED,0,0.0,0.0,0.0
S6_ENTRY_E1_TIMING,2025-08-26,688403,汇成股份,s6setup-228e8589ec4fb8ab919f,WATCH_CANDIDATE,NOT_APPLICABLE,False,0,NOT_EVALUATED,0,0.0,0.0,0.0
S6_ENTRY_E1_TIMING,2025-08-26,688580,伟思医疗,s6setup-b85e5d261c56c40edb68,WATCH_CANDIDATE,SUPPORT_CONFIRMED,True,3,NOT_EVALUATED,0,0.0,0.0,0.0
S6_ENTRY_E1_TIMING,2025-08-27,000901,航天科技,s6setup-91fdaaeb5fd78ee71f25,WATCH_CANDIDATE,SUPPORT_CONFIRMED,True,3,NOT_EVALUATED,0,0.0,0.0,0.0
S6_ENTRY_E1_TIMING,2025-08-27,300322,硕贝德,s6setup-e9a0df59c2144700236e,KEY_CANDIDATE,SUPPORT_CONFIRMED,True,3,NOT_EVALUATED,0,0.0,0.0,0.0
S6_ENTRY_E1_TIMING,2025-08-27,688403,汇成股份,s6setup-228e8589ec4fb8ab919f,WATCH_CANDIDATE,SUPPORT_FORMING,False,2,NOT_EVALUATED,0,0.0,0.0,0.0
S6_ENTRY_E1_TIMING,2025-08-28,000901,航天科技,s6setup-91fdaaeb5fd78ee71f25,WATCH_CANDIDATE,SUPPORT_FORMING,False,4,RELIABLE,250,0.4,0.264,0.682872
S6_ENTRY_E1_TIMING,2025-08-28,002173,创新医疗,s6setup-34f9db971598aff4b345,WATCH_CANDIDATE,SUPPORT_FORMING,False,4,NOT_EVALUATED,0,0.0,0.0,0.0
S6_ENTRY_E1_TIMING,2025-08-28,002670,国盛证券,s6setup-13ae253b04326b17a3fa,WATCH_CANDIDATE,SUPPORT_FORMING,False,4,NOT_EVALUATED,0,0.0,0.0,0.0
S6_ENTRY_E1_TIMING,2025-08-28,301357,北方长龙,s6setup-08c6aa33048d16225b93,WATCH_CANDIDATE,NOT_APPLICABLE,False,0,NOT_EVALUATED,0,0.0,0.0,0.0
S6_ENTRY_E1_TIMING,2025-08-28,688403,汇成股份,s6setup-228e8589ec4fb8ab919f,WATCH_CANDIDATE,SUPPORT_CONFIRMED,True,5,NOT_EVALUATED,0,0.0,0.0,0.0
S6_ENTRY_E1_TIMING,2025-08-29,002342,巨力索具,s6setup-f1bd8e60b4e063aa9cd2,WATCH_CANDIDATE,NOT_APPLICABLE,False,0,NOT_EVALUATED,0,0.0,0.0,0.0
S6_ENTRY_E1_TIMING,2025-08-29,002670,国盛证券,s6setup-13ae253b04326b17a3fa,WATCH_CANDIDATE,SUPPORT_CONFIRMED,True,4,NOT_EVALUATED,0,0.0,0.0,0.0
S6_ENTRY_E1_TIMING,2025-08-29,300400,劲拓股份,s6setup-93472d59cb6a2b06e093,WATCH_CANDIDATE,NOT_APPLICABLE,False,0,NOT_EVALUATED,0,0.0,0.0,0.0
S6_ENTRY_E1_TIMING,2025-08-29,301095,广立微,s6setup-ec4268cdb3ff4d155204,WATCH_CANDIDATE,NOT_APPLICABLE,False,0,NOT_EVALUATED,0,0.0,0.0,0.0
S6_ENTRY_E1_TIMING,2025-08-29,688403,汇成股份,s6setup-228e8589ec4fb8ab919f,WATCH_CANDIDATE,NOT_APPLICABLE,False,0,NOT_EVALUATED,0,0.0,0.0,0.0
S6_ENTRY_E1_TIMING,2025-09-01,000561,烽火电子,s6setup-4e4bdb4f02b2642cc0dd,KEY_CANDIDATE,SUPPORT_CONFIRMED,True,3,NOT_EVALUATED,0,0.0,0.0,0.0
S6_ENTRY_E1_TIMING,2025-09-01,000901,航天科技,s6setup-91fdaaeb5fd78ee71f25,WATCH_CANDIDATE,SUPPORT_CONFIRMED,True,3,NOT_EVALUATED,0,0.0,0.0,0.0
S6_ENTRY_E1_TIMING,2025-09-01,002670,国盛证券,s6setup-13ae253b04326b17a3fa,WATCH_CANDIDATE,SUPPORT_CONFIRMED,True,4,NOT_EVALUATED,0,0.0,0.0,0.0
S6_ENTRY_E1_TIMING,2025-09-01,300400,劲拓股份,s6setup-93472d59cb6a2b06e093,KEY_CANDIDATE,SUPPORT_CONFIRMED,True,4,RELIABLE,250,0.652,0.256,0.902242
S6_ENTRY_E1_TIMING,2025-09-01,301095,广立微,s6setup-ec4268cdb3ff4d155204,KEY_CANDIDATE,SUPPORT_CONFIRMED,True,5,RELIABLE,250,0.656,0.256,1.114578
S6_ENTRY_E1_TIMING,2025-09-01,600143,金发科技,s6setup-edfdf6faacd2275dbc44,WATCH_CANDIDATE,SUPPORT_CONFIRMED,True,3,NOT_EVALUATED,0,0.0,0.0,0.0
S6_ENTRY_E1_TIMING,2025-09-02,301095,广立微,s6setup-ec4268cdb3ff4d155204,WATCH_CANDIDATE,SUPPORT_FORMING,False,2,NOT_EVALUATED,0,0.0,0.0,0.0
S6_ENTRY_E1_TIMING,2025-09-02,600208,衢州发展,s6setup-58ca7e3a74ab63f1ed03,WATCH_CANDIDATE,SUPPORT_CONFIRMED,True,3,NOT_EVALUATED,0,0.0,0.0,0.0
S6_ENTRY_E1_TIMING,2025-09-02,688146,中船特气,s6setup-c824dd1450fd60c3bd7e,WATCH_CANDIDATE,SUPPORT_FORMING,False,2,NOT_EVALUATED,0,0.0,0.0,0.0
S6_ENTRY_E1_TIMING,2025-09-03,301217,铜冠铜箔,s6setup-de70759c7759d1a5514d,WATCH_CANDIDATE,SUPPORT_FORMING,False,4,NOT_EVALUATED,0,0.0,0.0,0.0
S6_ENTRY_E1_TIMING,2025-09-03,600208,衢州发展,s6setup-0ae7fb503de1b253a957,WATCH_CANDIDATE,SUPPORT_CONFIRMED,True,4,RELIABLE,250,0.452,0.332,1.148813
S6_ENTRY_E1_TIMING,2025-09-03,688146,中船特气,s6setup-c824dd1450fd60c3bd7e,WATCH_CANDIDATE,SUPPORT_FORMING,False,3,NOT_EVALUATED,0,0.0,0.0,0.0
S6_ENTRY_E1_TIMING,2025-09-03,688767,博拓生物,s6setup-14642204952b1afeca0e,KEY_CANDIDATE,SUPPORT_CONFIRMED,True,3,NOT_EVALUATED,0,0.0,0.0,0.0
S6_ENTRY_E1_TIMING,2025-09-04,688370,丛麟科技,s6setup-217f312a9e7738e5738e,WATCH_CANDIDATE,SUPPORT_CONFIRMED,True,3,NOT_EVALUATED,0,0.0,0.0,0.0
S6_ENTRY_E1_TIMING,2025-09-05,688621,阳光诺和,s6setup-e257d4b49d88615d8254,WATCH_CANDIDATE,SUPPORT_FORMING,False,4,NOT_EVALUATED,0,0.0,0.0,0.0
S6_ENTRY_E1_TIMING,2025-09-09,002249,大洋电机,s6setup-9fc5786185f683e6c331,WATCH_CANDIDATE,SUPPORT_CONFIRMED,True,4,NOT_EVALUATED,0,0.0,0.0,0.0
S6_ENTRY_E1_TIMING,2025-09-09,002428,云南锗业,s6setup-dc2887ba620b0c0442bf,WATCH_CANDIDATE,SUPPORT_CONFIRMED,True,3,NOT_EVALUATED,0,0.0,0.0,0.0
S6_ENTRY_E1_TIMING,2025-09-09,002518,科士达,s6setup-519086fb04a79bcf4f92,WATCH_CANDIDATE,SUPPORT_CONFIRMED,True,4,NOT_EVALUATED,0,0.0,0.0,0.0
S6_ENTRY_E1_TIMING,2025-09-09,002664,信质集团,s6setup-24cdf0717c0aac441538,WATCH_CANDIDATE,NOT_APPLICABLE,False,0,NOT_EVALUATED,0,0.0,0.0,0.0
S6_ENTRY_E1_TIMING,2025-09-09,600113,浙江东日,s6setup-916872a47211c5f1a806,WATCH_CANDIDATE,NOT_APPLICABLE,False,0,NOT_EVALUATED,0,0.0,0.0,0.0
S6_ENTRY_E1_TIMING,2025-09-09,600728,佳都科技,s6setup-a9f50975f20ed58922b0,WATCH_CANDIDATE,SUPPORT_CONFIRMED,True,5,NOT_EVALUATED,0,0.0,0.0,0.0
S6_ENTRY_E1_TIMING,2025-09-09,688099,晶晨股份,s6setup-04b43703d8c20e8af02d,WATCH_CANDIDATE,SUPPORT_CONFIRMED,True,3,NOT_EVALUATED,0,0.0,0.0,0.0
S6_ENTRY_E1_TIMING,2025-09-09,688260,昀冢科技,s6setup-d3f9e34eee55f308d761,KEY_CANDIDATE,SUPPORT_CONFIRMED,True,3,NOT_EVALUATED,0,0.0,0.0,0.0
S6_ENTRY_E1_TIMING,2025-09-09,688621,阳光诺和,s6setup-e257d4b49d88615d8254,WATCH_CANDIDATE,SUPPORT_CONFIRMED,True,3,NOT_EVALUATED,0,0.0,0.0,0.0
S6_ENTRY_E1_TIMING,2025-09-10,002428,云南锗业,s6setup-dc2887ba620b0c0442bf,WATCH_CANDIDATE,SUPPORT_CONFIRMED,True,3,NOT_EVALUATED,0,0.0,0.0,0.0
S6_ENTRY_E1_TIMING,2025-09-10,300740,水羊股份,s6setup-90152e3f07386ecbf73a,WATCH_CANDIDATE,SUPPORT_CONFIRMED,True,4,NOT_EVALUATED,0,0.0,0.0,0.0
S6_ENTRY_E1_TIMING,2025-09-10,300811,铂科新材,s6setup-acc775790aca3c3a5d2d,WATCH_CANDIDATE,SUPPORT_CONFIRMED,True,4,NOT_EVALUATED,0,0.0,0.0,0.0
S6_ENTRY_E1_TIMING,2025-09-10,600111,北方稀土,s6setup-24ec443b7db1f38c8092,WATCH_CANDIDATE,SUPPORT_CONFIRMED,True,3,NOT_EVALUATED,0,0.0,0.0,0.0
S6_ENTRY_E1_TIMING,2025-09-10,600113,浙江东日,s6setup-916872a47211c5f1a806,WATCH_CANDIDATE,NOT_APPLICABLE,False,0,NOT_EVALUATED,0,0.0,0.0,0.0
S6_ENTRY_E1_TIMING,2025-09-11,000063,中兴通讯,s6setup-2a2011176a13f3224d4c,WATCH_CANDIDATE,SUPPORT_CONFIRMED,True,5,NOT_EVALUATED,0,0.0,0.0,0.0
S6_ENTRY_E1_TIMING,2025-09-11,000887,中鼎股份,s6setup-713d8c6af9bd6e72126e,WATCH_CANDIDATE,NOT_APPLICABLE,False,0,NOT_EVALUATED,0,0.0,0.0,0.0
S6_ENTRY_E1_TIMING,2025-09-11,002402,和而泰,s6setup-54aa95c9f92ab1eac954,WATCH_CANDIDATE,SUPPORT_CONFIRMED,True,5,RELIABLE,250,0.688,0.416,1.158414
S6_ENTRY_E1_TIMING,2025-09-11,002428,云南锗业,s6setup-b916abb1b1f46de52429,WATCH_CANDIDATE,SUPPORT_CONFIRMED,True,5,RELIABLE,250,0.468,0.264,0.976654
S6_ENTRY_E1_TIMING,2025-09-11,002600,领益智造,s6setup-a55089e1a7af6bc6423f,WATCH_CANDIDATE,NOT_APPLICABLE,False,0,NOT_EVALUATED,0,0.0,0.0,0.0
S6_ENTRY_E1_TIMING,2025-09-11,002837,英维克,s6setup-1e83c9645327965425f1,WATCH_CANDIDATE,NOT_APPLICABLE,False,0,NOT_EVALUATED,0,0.0,0.0,0.0
S6_ENTRY_E1_TIMING,2025-09-11,300113,顺网科技,s6setup-2c76e99aa1035f5e855a,KEY_CANDIDATE,SUPPORT_CONFIRMED,True,5,RELIABLE,250,0.48,0.264,0.748314
S6_ENTRY_E1_TIMING,2025-09-11,300222,科大智能,s6setup-6f0d1255bc10d57b5fc4,WATCH_CANDIDATE,NOT_APPLICABLE,False,0,NOT_EVALUATED,0,0.0,0.0,0.0
S6_ENTRY_E1_TIMING,2025-09-11,300496,中科创达,s6setup-7e2225ba9bc99627057c,WATCH_CANDIDATE,SUPPORT_FORMING,False,4,NOT_EVALUATED,0,0.0,0.0,0.0
S6_ENTRY_E1_TIMING,2025-09-11,300503,昊志机电,s6setup-dee8f20edaf2344d5bc5,WATCH_CANDIDATE,NOT_APPLICABLE,False,0,NOT_EVALUATED,0,0.0,0.0,0.0
S6_ENTRY_E1_TIMING,2025-09-11,300604,长川科技,s6setup-c2d763f154d5a3e7bd51,WATCH_CANDIDATE,NOT_APPLICABLE,False,0,NOT_EVALUATED,0,0.0,0.0,0.0
S6_ENTRY_E1_TIMING,2025-09-11,300748,金力永磁,s6setup-318e120c4e48ebd32066,WATCH_CANDIDATE,SUPPORT_CONFIRMED,True,5,NOT_EVALUATED,0,0.0,0.0,0.0
S6_ENTRY_E1_TIMING,2025-09-11,300843,胜蓝股份,s6setup-effbbcfbd9f6a9ade213,KEY_CANDIDATE,SUPPORT_CONFIRMED,True,5,RELIABLE,250,0.536,0.26,0.696793
S6_ENTRY_E1_TIMING,2025-09-11,301165,锐捷网络,s6setup-bbe02001b6d47dcd3cec,KEY_CANDIDATE,SUPPORT_CONFIRMED,True,5,RELIABLE,250,0.516,0.328,1.218615
S6_ENTRY_E1_TIMING,2025-09-11,301183,东田微,s6setup-68177011c742dd19c388,WATCH_CANDIDATE,NOT_APPLICABLE,False,0,NOT_EVALUATED,0,0.0,0.0,0.0
S6_ENTRY_E1_TIMING,2025-09-11,600111,北方稀土,s6setup-337d1b5067eb226db598,WATCH_CANDIDATE,SUPPORT_CONFIRMED,True,5,NOT_EVALUATED,0,0.0,0.0,0.0
S6_ENTRY_E1_TIMING,2025-09-11,600113,浙江东日,s6setup-916872a47211c5f1a806,WATCH_CANDIDATE,NOT_APPLICABLE,False,0,NOT_EVALUATED,0,0.0,0.0,0.0
S6_ENTRY_E1_TIMING,2025-09-11,600160,巨化股份,s6setup-2cb9d15ec58e0a22e661,WATCH_CANDIDATE,NOT_APPLICABLE,False,0,NOT_EVALUATED,0,0.0,0.0,0.0
S6_ENTRY_E1_TIMING,2025-09-11,600660,福耀玻璃,s6setup-8285309b61cb1f1643c8,WATCH_CANDIDATE,NOT_APPLICABLE,False,0,NOT_EVALUATED,0,0.0,0.0,0.0
S6_ENTRY_E1_TIMING,2025-09-11,688020,方邦股份,s6setup-4a801fc3f2fc18be9e5e,WATCH_CANDIDATE,NOT_APPLICABLE,False,0,NOT_EVALUATED,0,0.0,0.0,0.0
S6_ENTRY_E1_TIMING,2025-09-11,688372,伟测科技,s6setup-222f95ff4fd43da40b08,WATCH_CANDIDATE,SUPPORT_FORMING,False,4,NOT_EVALUATED,0,0.0,0.0,0.0
S6_ENTRY_E1_TIMING,2025-09-11,688588,凌志软件,s6setup-655b9cae242f4439872d,KEY_CANDIDATE,SUPPORT_CONFIRMED,True,5,NOT_EVALUATED,0,0.0,0.0,0.0
S6_ENTRY_E1_TIMING,2025-09-11,688612,威迈斯,s6setup-4284ff150498708639c9,WATCH_CANDIDATE,SUPPORT_CONFIRMED,True,5,NOT_EVALUATED,0,0.0,0.0,0.0
S6_ENTRY_E1_TIMING,2025-09-11,688629,华丰科技,s6setup-b6a5bde1aef90947efae,WATCH_CANDIDATE,NOT_APPLICABLE,False,0,NOT_EVALUATED,0,0.0,0.0,0.0
S6_ENTRY_E1_TIMING,2025-09-12,000063,中兴通讯,s6setup-2a2011176a13f3224d4c,WATCH_CANDIDATE,SUPPORT_CONFIRMED,True,4,NOT_EVALUATED,0,0.0,0.0,0.0
S6_ENTRY_E1_TIMING,2025-09-12,002212,天融信,s6setup-a8f6370a9b42a2234e28,KEY_CANDIDATE,SUPPORT_CONFIRMED,True,4,RELIABLE,250,0.248,0.224,0.123066
S6_ENTRY_E1_TIMING,2025-09-12,002378,章源钨业,s6setup-c4520a011b1400a27c31,KEY_CANDIDATE,SUPPORT_CONFIRMED,True,5,RELIABLE,250,0.52,0.34,1.130258
S6_ENTRY_E1_TIMING,2025-09-12,002402,和而泰,s6setup-653d0556fe8b29b42e88,WATCH_CANDIDATE,NOT_APPLICABLE,False,0,NOT_EVALUATED,0,0.0,0.0,0.0
S6_ENTRY_E1_TIMING,2025-09-12,002428,云南锗业,s6setup-f7b90b3340153eac10f2,WATCH_CANDIDATE,NOT_APPLICABLE,False,0,NOT_EVALUATED,0,0.0,0.0,0.0
S6_ENTRY_E1_TIMING,2025-09-12,002600,领益智造,s6setup-a55089e1a7af6bc6423f,KEY_CANDIDATE,SUPPORT_CONFIRMED,True,3,NOT_EVALUATED,0,0.0,0.0,0.0
S6_ENTRY_E1_TIMING,2025-09-12,002664,信质集团,s6setup-45ba32e65109520f608d,WATCH_CANDIDATE,SUPPORT_CONFIRMED,True,3,RELIABLE,250,0.76,0.368,1.31473
S6_ENTRY_E1_TIMING,2025-09-12,300496,中科创达,s6setup-73d07e00f41a126beb7d,WATCH_CANDIDATE,SUPPORT_CONFIRMED,True,4,NOT_EVALUATED,0,0.0,0.0,0.0
S6_ENTRY_E1_TIMING,2025-09-12,300503,昊志机电,s6setup-e3bb9aaec454e28f57b7,WATCH_CANDIDATE,NOT_APPLICABLE,False,0,NOT_EVALUATED,0,0.0,0.0,0.0
S6_ENTRY_E1_TIMING,2025-09-12,301165,锐捷网络,s6setup-bbe02001b6d47dcd3cec,WATCH_CANDIDATE,NOT_APPLICABLE,False,0,NOT_EVALUATED,0,0.0,0.0,0.0
S6_ENTRY_E1_TIMING,2025-09-12,301183,东田微,s6setup-68177011c742dd19c388,WATCH_CANDIDATE,NOT_APPLICABLE,False,0,NOT_EVALUATED,0,0.0,0.0,0.0
S6_ENTRY_E1_TIMING,2025-09-12,600111,北方稀土,s6setup-0c186be8dd4f4f83177e,WATCH_CANDIDATE,NOT_APPLICABLE,False,0,NOT_EVALUATED,0,0.0,0.0,0.0
S6_ENTRY_E1_TIMING,2025-09-12,600660,福耀玻璃,s6setup-8285309b61cb1f1643c8,WATCH_CANDIDATE,SUPPORT_CONFIRMED,True,3,NOT_EVALUATED,0,0.0,0.0,0.0
S6_ENTRY_E1_TIMING,2025-09-12,603319,美湖股份,s6setup-53b07e70702ac2bdc128,WATCH_CANDIDATE,NOT_APPLICABLE,False,0,NOT_EVALUATED,0,0.0,0.0,0.0
S6_ENTRY_E1_TIMING,2025-09-12,688099,晶晨股份,s6setup-b92348116496ea5d1a8a,WATCH_CANDIDATE,SUPPORT_CONFIRMED,True,3,RELIABLE,250,0.612,0.196,0.719937
S6_ENTRY_E1_TIMING,2025-09-15,002062,宏润建设,s6setup-84f992301aabeed207c7,WATCH_CANDIDATE,NOT_APPLICABLE,False,0,NOT_EVALUATED,0,0.0,0.0,0.0
S6_ENTRY_E1_TIMING,2025-09-15,002402,和而泰,s6setup-653d0556fe8b29b42e88,WATCH_CANDIDATE,SUPPORT_CONFIRMED,True,3,RELIABLE,250,0.608,0.384,1.492006
S6_ENTRY_E1_TIMING,2025-09-15,002428,云南锗业,s6setup-f7b90b3340153eac10f2,WATCH_CANDIDATE,SUPPORT_CONFIRMED,True,3,NOT_EVALUATED,0,0.0,0.0,0.0
S6_ENTRY_E1_TIMING,2025-09-15,002600,领益智造,s6setup-15c1604499c396f1967b,KEY_CANDIDATE,SUPPORT_CONFIRMED,True,5,NOT_EVALUATED,0,0.0,0.0,0.0
S6_ENTRY_E1_TIMING,2025-09-15,002664,信质集团,s6setup-d344bac6191c1cf69595,WATCH_CANDIDATE,NOT_APPLICABLE,False,0,NOT_EVALUATED,0,0.0,0.0,0.0
S6_ENTRY_E1_TIMING,2025-09-15,300465,高伟达,s6setup-61c5d78719f9d5af5af6,KEY_CANDIDATE,SUPPORT_CONFIRMED,True,3,NOT_EVALUATED,0,0.0,0.0,0.0
S6_ENTRY_E1_TIMING,2025-09-15,300503,昊志机电,s6setup-e3bb9aaec454e28f57b7,WATCH_CANDIDATE,NOT_APPLICABLE,False,0,NOT_EVALUATED,0,0.0,0.0,0.0
S6_ENTRY_E1_TIMING,2025-09-15,300604,长川科技,s6setup-fbd5a788ad18d78c7821,WATCH_CANDIDATE,NOT_APPLICABLE,False,0,NOT_EVALUATED,0,0.0,0.0,0.0
S6_ENTRY_E1_TIMING,2025-09-15,301183,东田微,s6setup-a0f79c4d75be782ec826,KEY_CANDIDATE,SUPPORT_CONFIRMED,True,3,NOT_EVALUATED,0,0.0,0.0,0.0
S6_ENTRY_E1_TIMING,2025-09-15,600111,北方稀土,s6setup-0c186be8dd4f4f83177e,WATCH_CANDIDATE,SUPPORT_CONFIRMED,True,3,NOT_EVALUATED,0,0.0,0.0,0.0
S6_ENTRY_E1_TIMING,2025-09-15,600660,福耀玻璃,s6setup-11d9dcd7650cc1ca2b80,WATCH_CANDIDATE,SUPPORT_CONFIRMED,True,5,NOT_EVALUATED,0,0.0,0.0,0.0
S6_ENTRY_E1_TIMING,2025-09-15,688261,东微半导,s6setup-eefefb1710023049dce6,WATCH_CANDIDATE,SUPPORT_CONFIRMED,True,5,NOT_EVALUATED,0,0.0,0.0,0.0
S6_ENTRY_E1_TIMING,2025-09-15,688371,菲沃泰,s6setup-78606e8efa5d728c4c39,WATCH_CANDIDATE,NOT_APPLICABLE,False,0,NOT_EVALUATED,0,0.0,0.0,0.0
S6_ENTRY_E1_TIMING,2025-09-15,688480,赛恩斯,s6setup-85cd93587da6d8b0a5fd,WATCH_CANDIDATE,SUPPORT_CONFIRMED,True,5,NOT_EVALUATED,0,0.0,0.0,0.0
S6_ENTRY_E1_TIMING,2025-09-16,002062,宏润建设,s6setup-84f992301aabeed207c7,WATCH_CANDIDATE,NOT_APPLICABLE,False,0,NOT_EVALUATED,0,0.0,0.0,0.0
S6_ENTRY_E1_TIMING,2025-09-16,002145,钛能化学,s6setup-e61dd12f1f218d763053,WATCH_CANDIDATE,WAITING_BREAKOUT,False,0,RELIABLE,250,0.596,0.348,0.393874
S6_ENTRY_E1_TIMING,2025-09-16,300465,高伟达,s6setup-61c5d78719f9d5af5af6,KEY_CANDIDATE,SUPPORT_CONFIRMED,True,5,RELIABLE,250,0.6,0.364,0.983019
S6_ENTRY_E1_TIMING,2025-09-16,300604,长川科技,s6setup-541f126d80173b7eb722,KEY_CANDIDATE,SUPPORT_CONFIRMED,True,3,RELIABLE,250,0.6,0.208,0.816155
S6_ENTRY_E1_TIMING,2025-09-16,600105,永鼎股份,s6setup-efdebdc927d1177541a4,WATCH_CANDIDATE,SUPPORT_CONFIRMED,True,5,RELIABLE,250,0.768,0.36,1.379823
S6_ENTRY_E1_TIMING,2025-09-16,600660,福耀玻璃,s6setup-d910168be31bbf8c8b92,WATCH_CANDIDATE,NOT_APPLICABLE,False,0,NOT_EVALUATED,0,0.0,0.0,0.0
S6_ENTRY_E1_TIMING,2025-09-16,688063,派能科技,s6setup-6fd60e456ad516bcb45b,KEY_CANDIDATE,SUPPORT_CONFIRMED,True,3,RELIABLE,250,0.488,0.2,0.813409
S6_ENTRY_E1_TIMING,2025-09-16,688222,成都先导,s6setup-6fb055c09204cc538110,KEY_CANDIDATE,SUPPORT_CONFIRMED,True,5,NOT_EVALUATED,0,0.0,0.0,0.0
S6_ENTRY_E1_TIMING,2025-09-16,688261,东微半导,s6setup-457afb98aab7503e7344,KEY_CANDIDATE,SUPPORT_CONFIRMED,True,3,RELIABLE,250,0.472,0.224,0.782292
S6_ENTRY_E1_TIMING,2025-09-16,688371,菲沃泰,s6setup-78606e8efa5d728c4c39,WATCH_CANDIDATE,NOT_APPLICABLE,False,0,NOT_EVALUATED,0,0.0,0.0,0.0
S6_ENTRY_E1_TIMING,2025-09-17,002484,江海股份,s6setup-edd02d178efbc752c41c,WATCH_CANDIDATE,SUPPORT_CONFIRMED,True,4,NOT_EVALUATED,0,0.0,0.0,0.0
S6_ENTRY_E1_TIMING,2025-09-17,300465,高伟达,s6setup-61c5d78719f9d5af5af6,KEY_CANDIDATE,SUPPORT_CONFIRMED,True,3,RELIABLE,250,0.428,0.26,0.991996
S6_ENTRY_E1_TIMING,2025-09-17,600660,福耀玻璃,s6setup-8f823c12a7c6507cfb0b,WATCH_CANDIDATE,NOT_APPLICABLE,False,0,NOT_EVALUATED,0,0.0,0.0,0.0
S6_ENTRY_E1_TIMING,2025-09-17,688063,派能科技,s6setup-a6e76f7fe1203a8e778a,KEY_CANDIDATE,SUPPORT_CONFIRMED,True,5,NOT_EVALUATED,0,0.0,0.0,0.0
S6_ENTRY_E1_TIMING,2025-09-17,688141,杰华特,s6setup-7e5b679759f4559a4557,WATCH_CANDIDATE,NOT_APPLICABLE,False,0,NOT_EVALUATED,0,0.0,0.0,0.0
S6_ENTRY_E1_TIMING,2025-09-17,688261,东微半导,s6setup-587e3b000ff4e253cc89,WATCH_CANDIDATE,NOT_APPLICABLE,False,0,NOT_EVALUATED,0,0.0,0.0,0.0
S6_ENTRY_E1_TIMING,2025-09-18,002484,江海股份,s6setup-edd02d178efbc752c41c,WATCH_CANDIDATE,SUPPORT_FORMING,False,2,NOT_EVALUATED,0,0.0,0.0,0.0
S6_ENTRY_E1_TIMING,2025-09-18,300394,天孚通信,s6setup-8617597dc0fa1383b10d,KEY_CANDIDATE,SUPPORT_CONFIRMED,True,3,NOT_EVALUATED,0,0.0,0.0,0.0
S6_ENTRY_E1_TIMING,2025-09-18,300465,高伟达,s6setup-f5b3da7578ea5fcbc3c4,WATCH_CANDIDATE,SUPPORT_FORMING,False,3,NOT_EVALUATED,0,0.0,0.0,0.0
S6_ENTRY_E1_TIMING,2025-09-18,301486,致尚科技,s6setup-a791e260f9aac882d8f0,WATCH_CANDIDATE,SUPPORT_CONFIRMED,True,4,NOT_EVALUATED,0,0.0,0.0,0.0
S6_ENTRY_E1_TIMING,2025-09-18,601877,正泰电器,s6setup-bb0a6512ba296ba29adf,KEY_CANDIDATE,SUPPORT_CONFIRMED,True,3,NOT_EVALUATED,0,0.0,0.0,0.0
S6_ENTRY_E1_TIMING,2025-09-18,688063,派能科技,s6setup-6fd60e456ad516bcb45b,WATCH_CANDIDATE,SUPPORT_FORMING,False,2,NOT_EVALUATED,0,0.0,0.0,0.0
S6_ENTRY_E1_TIMING,2025-09-18,688331,荣昌生物,s6setup-e9466fad676b2c9b8c72,WATCH_CANDIDATE,NOT_APPLICABLE,False,0,NOT_EVALUATED,0,0.0,0.0,0.0
S6_ENTRY_E1_TIMING,2025-09-19,000962,东方钽业,s6setup-9e5c6168d65ef4ca8426,WATCH_CANDIDATE,SUPPORT_CONFIRMED,True,5,NOT_EVALUATED,0,0.0,0.0,0.0
S6_ENTRY_E1_TIMING,2025-09-19,002484,江海股份,s6setup-edd02d178efbc752c41c,WATCH_CANDIDATE,SUPPORT_FORMING,False,2,NOT_EVALUATED,0,0.0,0.0,0.0
S6_ENTRY_E1_TIMING,2025-09-19,300394,天孚通信,s6setup-ae4b243983b20bc0b5f9,KEY_CANDIDATE,SUPPORT_CONFIRMED,True,4,RELIABLE,250,0.496,0.372,0.87111
S6_ENTRY_E1_TIMING,2025-09-19,601877,正泰电器,s6setup-621fba1ef2b07aedcb06,KEY_CANDIDATE,SUPPORT_CONFIRMED,True,5,NOT_EVALUATED,0,0.0,0.0,0.0
S6_ENTRY_E1_TIMING,2025-09-19,688183,生益电子,s6setup-c454dce9dae0a5eac1f5,WATCH_CANDIDATE,NOT_APPLICABLE,False,0,NOT_EVALUATED,0,0.0,0.0,0.0
S6_ENTRY_E1_TIMING,2025-09-19,688235,百济神州,s6setup-769745a929022e58a476,WATCH_CANDIDATE,SUPPORT_FORMING,False,2,NOT_EVALUATED,0,0.0,0.0,0.0
S6_ENTRY_E1_TIMING,2025-09-19,688331,荣昌生物,s6setup-e053c4492bbcb3016b5a,WATCH_CANDIDATE,NOT_APPLICABLE,False,0,NOT_EVALUATED,0,0.0,0.0,0.0
S6_ENTRY_E1_TIMING,2025-09-22,300035,中科电气,s6setup-e1fa5ddd63e54797f3ee,KEY_CANDIDATE,SUPPORT_CONFIRMED,True,5,RELIABLE,250,0.52,0.316,1.149919
S6_ENTRY_E1_TIMING,2025-09-22,300394,天孚通信,s6setup-ae4b243983b20bc0b5f9,KEY_CANDIDATE,SUPPORT_CONFIRMED,True,4,RELIABLE,250,0.42,0.332,0.917566
S6_ENTRY_E1_TIMING,2025-09-22,300415,伊之密,s6setup-182e4147b9219916f379,WATCH_CANDIDATE,SUPPORT_FORMING,False,2,NOT_EVALUATED,0,0.0,0.0,0.0
S6_ENTRY_E1_TIMING,2025-09-22,300990,同飞股份,s6setup-f8900fead8840a342b0e,WATCH_CANDIDATE,SUPPORT_CONFIRMED,True,5,NOT_EVALUATED,0,0.0,0.0,0.0
S6_ENTRY_E1_TIMING,2025-09-22,603612,索通发展,s6setup-e2176f4c641347e3af3a,WATCH_CANDIDATE,SUPPORT_CONFIRMED,True,4,NOT_EVALUATED,0,0.0,0.0,0.0
S6_ENTRY_E1_TIMING,2025-09-22,688063,派能科技,s6setup-c2fd1a235da71c264e7e,KEY_CANDIDATE,SUPPORT_CONFIRMED,True,5,NOT_EVALUATED,0,0.0,0.0,0.0
S6_ENTRY_E1_TIMING,2025-09-22,688141,杰华特,s6setup-1533be6620f7e49b28f6,KEY_CANDIDATE,SUPPORT_CONFIRMED,True,5,RELIABLE,250,0.556,0.18,0.751832
S6_ENTRY_E1_TIMING,2025-09-22,688183,生益电子,s6setup-8ad879673856045750cb,WATCH_CANDIDATE,NOT_APPLICABLE,False,0,NOT_EVALUATED,0,0.0,0.0,0.0
S6_ENTRY_E1_TIMING,2025-09-22,688235,百济神州,s6setup-bea30948481b1e887e0f,WATCH_CANDIDATE,SUPPORT_FORMING,False,4,NOT_EVALUATED,0,0.0,0.0,0.0
S6_ENTRY_E1_TIMING,2025-09-22,688499,利元亨,s6setup-3fd254de526a65ccefaf,WATCH_CANDIDATE,SUPPORT_FORMING,False,4,NOT_EVALUATED,0,0.0,0.0,0.0
S6_ENTRY_E1_TIMING,2025-09-23,002484,江海股份,s6setup-edd02d178efbc752c41c,WATCH_CANDIDATE,SUPPORT_CONFIRMED,True,4,NOT_EVALUATED,0,0.0,0.0,0.0
S6_ENTRY_E1_TIMING,2025-09-23,300035,中科电气,s6setup-0997d5202e9b69bb5081,WATCH_CANDIDATE,NOT_APPLICABLE,False,0,NOT_EVALUATED,0,0.0,0.0,0.0
S6_ENTRY_E1_TIMING,2025-09-23,300394,天孚通信,s6setup-cac8a1d8746ec62e8f7e,KEY_CANDIDATE,SUPPORT_CONFIRMED,True,4,RELIABLE,250,0.492,0.368,1.035328
S6_ENTRY_E1_TIMING,2025-09-23,300990,同飞股份,s6setup-f4d7e7ab7d7a245c87eb,WATCH_CANDIDATE,NOT_APPLICABLE,False,0,NOT_EVALUATED,0,0.0,0.0,0.0
S6_ENTRY_E1_TIMING,2025-09-23,688013,天臣医疗,s6setup-d80f2ced0e3cb981c9af,WATCH_CANDIDATE,NOT_APPLICABLE,False,0,NOT_EVALUATED,0,0.0,0.0,0.0
S6_ENTRY_E1_TIMING,2025-09-23,688141,杰华特,s6setup-1533be6620f7e49b28f6,WATCH_CANDIDATE,SUPPORT_FORMING,False,4,RELIABLE,250,0.636,0.208,0.787012
S6_ENTRY_E1_TIMING,2025-09-23,688183,生益电子,s6setup-6e322181eb4a62bec9dd,WATCH_CANDIDATE,NOT_APPLICABLE,False,0,NOT_EVALUATED,0,0.0,0.0,0.0
S6_ENTRY_E1_TIMING,2025-09-23,688331,荣昌生物,s6setup-767c1a94d9d24c05438b,WATCH_CANDIDATE,SUPPORT_CONFIRMED,True,3,NOT_EVALUATED,0,0.0,0.0,0.0
S6_ENTRY_E1_TIMING,2025-09-23,688499,利元亨,s6setup-3fd254de526a65ccefaf,WATCH_CANDIDATE,SUPPORT_FORMING,False,4,NOT_EVALUATED,0,0.0,0.0,0.0
S6_ENTRY_E1_TIMING,2025-09-24,002074,国轩高科,s6setup-ddd242a85968b864c223,WATCH_CANDIDATE,SUPPORT_FORMING,False,4,NOT_EVALUATED,0,0.0,0.0,0.0
S6_ENTRY_E1_TIMING,2025-09-24,300790,宇瞳光学,s6setup-9b48a0dfdfd7ea144be2,WATCH_CANDIDATE,SUPPORT_CONFIRMED,True,5,NOT_EVALUATED,0,0.0,0.0,0.0
S6_ENTRY_E1_TIMING,2025-09-24,688183,生益电子,s6setup-3ab98ba4e6aa6ee621c4,WATCH_CANDIDATE,NOT_APPLICABLE,False,0,NOT_EVALUATED,0,0.0,0.0,0.0
S6_ENTRY_E1_TIMING,2025-09-24,688235,百济神州,s6setup-6364bf1d4be532256cf2,KEY_CANDIDATE,SUPPORT_CONFIRMED,True,5,NOT_EVALUATED,0,0.0,0.0,0.0
S6_ENTRY_E1_TIMING,2025-09-24,688331,荣昌生物,s6setup-8c876f4b12b2d5d5fd20,WATCH_CANDIDATE,SUPPORT_CONFIRMED,True,5,NOT_EVALUATED,0,0.0,0.0,0.0
S6_ENTRY_E1_TIMING,2025-09-24,688388,嘉元科技,s6setup-374aba872fa4f996a037,WATCH_CANDIDATE,NOT_APPLICABLE,False,0,NOT_EVALUATED,0,0.0,0.0,0.0
S6_ENTRY_E1_TIMING,2025-09-24,688779,五矿新能,s6setup-17d26768cf8c49e6074e,WATCH_CANDIDATE,SUPPORT_CONFIRMED,True,5,NOT_EVALUATED,0,0.0,0.0,0.0
S6_ENTRY_E1_TIMING,2025-09-25,000426,兴业银锡,s6setup-fb9f1459e01656d3a6f2,WATCH_CANDIDATE,NOT_APPLICABLE,False,0,NOT_EVALUATED,0,0.0,0.0,0.0
S6_ENTRY_E1_TIMING,2025-09-25,000796,凯撒旅业,s6setup-bba77eab5c130632d0e3,WATCH_CANDIDATE,SUPPORT_CONFIRMED,True,5,NOT_EVALUATED,0,0.0,0.0,0.0
S6_ENTRY_E1_TIMING,2025-09-25,002074,国轩高科,s6setup-ddd242a85968b864c223,WATCH_CANDIDATE,NOT_APPLICABLE,False,0,NOT_EVALUATED,0,0.0,0.0,0.0
S6_ENTRY_E1_TIMING,2025-09-25,002407,多氟多,s6setup-5b781edcd82a9664c916,KEY_CANDIDATE,SUPPORT_CONFIRMED,True,3,NOT_EVALUATED,0,0.0,0.0,0.0
S6_ENTRY_E1_TIMING,2025-09-25,300035,中科电气,s6setup-05c1b4d829f66812bd4e,WATCH_CANDIDATE,SUPPORT_CONFIRMED,True,3,NOT_EVALUATED,0,0.0,0.0,0.0
S6_ENTRY_E1_TIMING,2025-09-25,300568,星源材质,s6setup-264b4fa1922eeea044ab,READY_CANDIDATE,SUPPORT_CONFIRMED,True,3,NOT_EVALUATED,0,0.0,0.0,0.0
S6_ENTRY_E1_TIMING,2025-09-25,300619,金银河,s6setup-922230b3e37111fd7d82,WATCH_CANDIDATE,SUPPORT_CONFIRMED,True,3,NOT_EVALUATED,0,0.0,0.0,0.0
S6_ENTRY_E1_TIMING,2025-09-25,300772,运达股份,s6setup-7ab0e59e9fb2a5694aa0,WATCH_CANDIDATE,NOT_APPLICABLE,False,0,NOT_EVALUATED,0,0.0,0.0,0.0
S6_ENTRY_E1_TIMING,2025-09-25,600276,恒瑞医药,s6setup-a62f87e4b34911f97b44,WATCH_CANDIDATE,SUPPORT_CONFIRMED,True,4,NOT_EVALUATED,0,0.0,0.0,0.0
S6_ENTRY_E1_TIMING,2025-09-25,600362,江西铜业,s6setup-45ac314161c5cdbd49ed,WATCH_CANDIDATE,SUPPORT_CONFIRMED,True,4,NOT_EVALUATED,0,0.0,0.0,0.0
S6_ENTRY_E1_TIMING,2025-09-25,603319,美湖股份,s6setup-33a8d4b25d72b3dc0baa,WATCH_CANDIDATE,SUPPORT_CONFIRMED,True,4,NOT_EVALUATED,0,0.0,0.0,0.0
S6_ENTRY_E1_TIMING,2025-09-25,688116,天奈科技,s6setup-cecb0529ee0f187d6279,WATCH_CANDIDATE,SUPPORT_CONFIRMED,True,3,RELIABLE,250,0.884,0.356,1.315826
S6_ENTRY_E1_TIMING,2025-09-25,688235,百济神州,s6setup-4e007621adf207db42e2,KEY_CANDIDATE,SUPPORT_CONFIRMED,True,4,NOT_EVALUATED,0,0.0,0.0,0.0
S6_ENTRY_E1_TIMING,2025-09-25,688331,荣昌生物,s6setup-a010857fd580d388330c,WATCH_CANDIDATE,NOT_APPLICABLE,False,0,NOT_EVALUATED,0,0.0,0.0,0.0
S6_ENTRY_E1_TIMING,2025-09-25,688388,嘉元科技,s6setup-711c59be807f5bfa2e8a,WATCH_CANDIDATE,NOT_APPLICABLE,False,0,NOT_EVALUATED,0,0.0,0.0,0.0
S6_ENTRY_E1_TIMING,2025-09-25,688779,五矿新能,s6setup-affd795824619560ce8c,KEY_CANDIDATE,SUPPORT_CONFIRMED,True,5,NOT_EVALUATED,0,0.0,0.0,0.0
S6_ENTRY_E1_TIMING,2025-09-26,300953,震裕科技,s6setup-1e6cb85e40e24aac5c88,WATCH_CANDIDATE,SUPPORT_CONFIRMED,True,3,RELIABLE,250,0.724,0.252,1.07563
S6_ENTRY_E1_TIMING,2025-09-26,603119,浙江荣泰,s6setup-796cb0a388ba90add440,WATCH_CANDIDATE,NOT_APPLICABLE,False,0,NOT_EVALUATED,0,0.0,0.0,0.0
S6_ENTRY_E1_TIMING,2025-09-26,603319,美湖股份,s6setup-33a8d4b25d72b3dc0baa,WATCH_CANDIDATE,NOT_APPLICABLE,False,0,NOT_EVALUATED,0,0.0,0.0,0.0
S6_ENTRY_E1_TIMING,2025-09-26,688017,绿的谐波,s6setup-ccd52baaab642b15b1c7,WATCH_CANDIDATE,NOT_APPLICABLE,False,0,NOT_EVALUATED,0,0.0,0.0,0.0
S6_ENTRY_E1_TIMING,2025-09-26,688116,天奈科技,s6setup-cecb0529ee0f187d6279,WATCH_CANDIDATE,NOT_APPLICABLE,False,0,NOT_EVALUATED,0,0.0,0.0,0.0
S6_ENTRY_E1_TIMING,2025-09-26,688131,皓元医药,s6setup-de8a35130200259e121c,WATCH_CANDIDATE,SUPPORT_CONFIRMED,True,4,RELIABLE,250,0.916,0.352,1.39934
S6_ENTRY_E1_TIMING,2025-09-26,688388,嘉元科技,s6setup-34da95e8348a8043649f,WATCH_CANDIDATE,SUPPORT_CONFIRMED,True,3,RELIABLE,250,0.78,0.304,1.333526
S6_ENTRY_E1_TIMING,2025-09-26,688779,五矿新能,s6setup-affd795824619560ce8c,WATCH_CANDIDATE,SUPPORT_CONFIRMED,True,3,NOT_EVALUATED,0,0.0,0.0,0.0
S6_ENTRY_E1_TIMING,2025-09-29,002074,国轩高科,s6setup-4e0d8a63acdc01f12ff1,WATCH_CANDIDATE,SUPPORT_CONFIRMED,True,5,NOT_EVALUATED,0,0.0,0.0,0.0
S6_ENTRY_E1_TIMING,2025-09-29,002779,中坚科技,s6setup-5b9954ffa38d55aae644,WATCH_CANDIDATE,NOT_APPLICABLE,False,0,NOT_EVALUATED,0,0.0,0.0,0.0
S6_ENTRY_E1_TIMING,2025-09-29,003021,兆威机电,s6setup-77c168047de37b309dbb,WATCH_CANDIDATE,SUPPORT_CONFIRMED,True,5,NOT_EVALUATED,0,0.0,0.0,0.0
S6_ENTRY_E1_TIMING,2025-09-29,301150,中一科技,s6setup-b8ad5334d77d0885e535,KEY_CANDIDATE,SUPPORT_CONFIRMED,True,5,NOT_EVALUATED,0,0.0,0.0,0.0
S6_ENTRY_E1_TIMING,2025-09-29,601069,西部黄金,s6setup-6100ae38d450adf8a83d,WATCH_CANDIDATE,NOT_APPLICABLE,False,0,NOT_EVALUATED,0,0.0,0.0,0.0
S6_ENTRY_E1_TIMING,2025-09-29,603319,美湖股份,s6setup-8e5ebc79909a2668e31d,WATCH_CANDIDATE,NOT_APPLICABLE,False,0,NOT_EVALUATED,0,0.0,0.0,0.0
S6_ENTRY_E1_TIMING,2025-09-29,688017,绿的谐波,s6setup-ccd52baaab642b15b1c7,WATCH_CANDIDATE,NOT_APPLICABLE,False,0,NOT_EVALUATED,0,0.0,0.0,0.0
S6_ENTRY_E1_TIMING,2025-09-29,688779,五矿新能,s6setup-329719f11f68a21d977c,WATCH_CANDIDATE,NOT_APPLICABLE,False,0,NOT_EVALUATED,0,0.0,0.0,0.0
S6_ENTRY_E1_TIMING,2025-09-30,002074,国轩高科,s6setup-22f3945be4f6dee4012f,WATCH_CANDIDATE,SUPPORT_CONFIRMED,True,5,NOT_EVALUATED,0,0.0,0.0,0.0
S6_ENTRY_E1_TIMING,2025-09-30,002176,江特电机,s6setup-6b6ff969af11dd8937ab,WATCH_CANDIDATE,SUPPORT_CONFIRMED,True,5,RELIABLE,250,0.708,0.332,0.834443
S6_ENTRY_E1_TIMING,2025-09-30,002183,怡 亚 通,s6setup-c1dded25a893939cb221,KEY_CANDIDATE,SUPPORT_CONFIRMED,True,5,NOT_EVALUATED,0,0.0,0.0,0.0
S6_ENTRY_E1_TIMING,2025-09-30,002624,完美世界,s6setup-f9859bec5b06a4db59b1,WATCH_CANDIDATE,WAITING_BREAKOUT,False,0,RELIABLE,250,0.584,0.444,0.345941
S6_ENTRY_E1_TIMING,2025-09-30,002779,中坚科技,s6setup-5b9954ffa38d55aae644,WATCH_CANDIDATE,SUPPORT_CONFIRMED,True,3,NOT_EVALUATED,0,0.0,0.0,0.0
S6_ENTRY_E1_TIMING,2025-09-30,002916,深南电路,s6setup-c757cc2e63e23d207547,WATCH_CANDIDATE,SUPPORT_CONFIRMED,True,3,RELIABLE,250,0.792,0.328,1.144382
S6_ENTRY_E1_TIMING,2025-09-30,300007,汉威科技,s6setup-4f7fa1af5e31b7da1c19,WATCH_CANDIDATE,NOT_APPLICABLE,False,0,NOT_EVALUATED,0,0.0,0.0,0.0
S6_ENTRY_E1_TIMING,2025-09-30,300331,苏大维格,s6setup-5fbf8ac3bf6446ab47a8,WATCH_CANDIDATE,SUPPORT_CONFIRMED,True,4,NOT_EVALUATED,0,0.0,0.0,0.0
S6_ENTRY_E1_TIMING,2025-09-30,300469,信息发展,s6setup-9b076a7334c850f93fd0,WATCH_CANDIDATE,SUPPORT_FORMING,False,3,NOT_EVALUATED,0,0.0,0.0,0.0
S6_ENTRY_E1_TIMING,2025-09-30,600489,中金黄金,s6setup-6df7b0e8295664e5943a,WATCH_CANDIDATE,NOT_APPLICABLE,False,0,NOT_EVALUATED,0,0.0,0.0,0.0
S6_ENTRY_E1_TIMING,2025-09-30,601138,工业富联,s6setup-549b8b40985a235e30cd,WATCH_CANDIDATE,NOT_APPLICABLE,False,0,NOT_EVALUATED,0,0.0,0.0,0.0
S6_ENTRY_E1_TIMING,2025-09-30,601208,东材科技,s6setup-81cc4960a1a3257ec94d,WATCH_CANDIDATE,SUPPORT_CONFIRMED,True,3,NOT_EVALUATED,0,0.0,0.0,0.0
S6_ENTRY_E1_TIMING,2025-09-30,601872,招商轮船,s6setup-279667d2b1b01bdb0a95,WATCH_CANDIDATE,SUPPORT_CONFIRMED,True,5,NOT_EVALUATED,0,0.0,0.0,0.0
S6_ENTRY_E1_TIMING,2025-09-30,603119,浙江荣泰,s6setup-2374b9d39f87fc8f74cb,WATCH_CANDIDATE,SUPPORT_CONFIRMED,True,4,RELIABLE,250,0.804,0.416,1.304871
S6_ENTRY_E1_TIMING,2025-09-30,603179,新泉股份,s6setup-6762e812ce871789c37b,WATCH_CANDIDATE,NOT_APPLICABLE,False,0,NOT_EVALUATED,0,0.0,0.0,0.0
S6_ENTRY_E1_TIMING,2025-09-30,603319,美湖股份,s6setup-8e5ebc79909a2668e31d,WATCH_CANDIDATE,SUPPORT_CONFIRMED,True,4,NOT_EVALUATED,0,0.0,0.0,0.0
S6_ENTRY_E1_TIMING,2025-09-30,688779,五矿新能,s6setup-83acccd9d7560dd2a726,WATCH_CANDIDATE,NOT_APPLICABLE,False,0,NOT_EVALUATED,0,0.0,0.0,0.0
S6_ENTRY_E1_TIMING,2025-10-09,002008,大族激光,s6setup-c41cf311890f660da644,WATCH_CANDIDATE,SUPPORT_CONFIRMED,True,3,NOT_EVALUATED,0,0.0,0.0,0.0
S6_ENTRY_E1_TIMING,2025-10-09,002164,宁波东力,s6setup-6ea15fe5658413a537eb,WATCH_CANDIDATE,NOT_APPLICABLE,False,0,NOT_EVALUATED,0,0.0,0.0,0.0
S6_ENTRY_E1_TIMING,2025-10-09,002176,江特电机,s6setup-6b6ff969af11dd8937ab,WATCH_CANDIDATE,NOT_APPLICABLE,False,0,NOT_EVALUATED,0,0.0,0.0,0.0
S6_ENTRY_E1_TIMING,2025-10-09,002182,宝武镁业,s6setup-cf3d675d3aee8f032232,WATCH_CANDIDATE,NOT_APPLICABLE,False,0,NOT_EVALUATED,0,0.0,0.0,0.0
S6_ENTRY_E1_TIMING,2025-10-09,002183,怡 亚 通,s6setup-c1dded25a893939cb221,WATCH_CANDIDATE,NOT_APPLICABLE,False,0,NOT_EVALUATED,0,0.0,0.0,0.0
S6_ENTRY_E1_TIMING,2025-10-09,002436,兴森科技,s6setup-d8d831c89fa9b91181f2,WATCH_CANDIDATE,SUPPORT_CONFIRMED,True,4,NOT_EVALUATED,0,0.0,0.0,0.0
S6_ENTRY_E1_TIMING,2025-10-09,002624,完美世界,s6setup-f9859bec5b06a4db59b1,WATCH_CANDIDATE,SUPPORT_FORMING,False,2,NOT_EVALUATED,0,0.0,0.0,0.0
S6_ENTRY_E1_TIMING,2025-10-09,002683,广东宏大,s6setup-f2b2b481551a05209173,WATCH_CANDIDATE,WAITING_BREAKOUT,False,0,NOT_EVALUATED,0,0.0,0.0,0.0
S6_ENTRY_E1_TIMING,2025-10-09,003021,兆威机电,s6setup-8fc5eb945042a136f608,WATCH_CANDIDATE,SUPPORT_CONFIRMED,True,5,NOT_EVALUATED,0,0.0,0.0,0.0
S6_ENTRY_E1_TIMING,2025-10-09,300007,汉威科技,s6setup-eba4cf7be83b461c8a78,WATCH_CANDIDATE,SUPPORT_FORMING,False,2,NOT_EVALUATED,0,0.0,0.0,0.0
S6_ENTRY_E1_TIMING,2025-10-09,300660,江苏雷利,s6setup-0e6ccbcbcebf1b5b283a,WATCH_CANDIDATE,SUPPORT_CONFIRMED,True,5,NOT_EVALUATED,0,0.0,0.0,0.0
S6_ENTRY_E1_TIMING,2025-10-09,300680,隆盛科技,s6setup-31e9deb4faca4adbd7fb,WATCH_CANDIDATE,SUPPORT_FORMING,False,2,NOT_EVALUATED,0,0.0,0.0,0.0
S6_ENTRY_E1_TIMING,2025-10-09,600114,东睦股份,s6setup-188dd61e30dad51706d0,WATCH_CANDIDATE,SUPPORT_CONFIRMED,True,3,NOT_EVALUATED,0,0.0,0.0,0.0
S6_ENTRY_E1_TIMING,2025-10-09,601138,工业富联,s6setup-549b8b40985a235e30cd,WATCH_CANDIDATE,NOT_APPLICABLE,False,0,NOT_EVALUATED,0,0.0,0.0,0.0
S6_ENTRY_E1_TIMING,2025-10-09,603119,浙江荣泰,s6setup-c5ff5044c6a383480dae,WATCH_CANDIDATE,SUPPORT_CONFIRMED,True,3,NOT_EVALUATED,0,0.0,0.0,0.0
S6_ENTRY_E1_TIMING,2025-10-09,603308,应流股份,s6setup-eb3d08c4e6d4e02cf9b9,WATCH_CANDIDATE,NOT_APPLICABLE,False,0,NOT_EVALUATED,0,0.0,0.0,0.0
S6_ENTRY_E1_TIMING,2025-10-09,688017,绿的谐波,s6setup-9fc8b9246cea1f486934,WATCH_CANDIDATE,SUPPORT_CONFIRMED,True,4,RELIABLE,250,0.832,0.268,0.976542
S6_ENTRY_E1_TIMING,2025-10-09,688141,杰华特,s6setup-a002f9a0d0eff15e47b7,WATCH_CANDIDATE,SUPPORT_CONFIRMED,True,4,NOT_EVALUATED,0,0.0,0.0,0.0
S6_ENTRY_E1_TIMING,2025-10-09,688167,炬光科技,s6setup-5108d3f94d5e98e23292,WATCH_CANDIDATE,SUPPORT_CONFIRMED,True,5,NOT_EVALUATED,0,0.0,0.0,0.0
S6_ENTRY_E1_TIMING,2025-10-09,688234,天岳先进,s6setup-ca55c52aa162f3095096,WATCH_CANDIDATE,SUPPORT_CONFIRMED,True,5,NOT_EVALUATED,0,0.0,0.0,0.0
S6_ENTRY_E1_TIMING,2025-10-10,002176,江特电机,s6setup-b1b5adfd7a0f4fe905f7,WATCH_CANDIDATE,SUPPORT_CONFIRMED,True,3,RELIABLE,250,0.568,0.252,0.975332
S6_ENTRY_E1_TIMING,2025-10-10,002335,科华数据,s6setup-80810a7e40509e905d2e,WATCH_CANDIDATE,SUPPORT_FORMING,False,2,NOT_EVALUATED,0,0.0,0.0,0.0
S6_ENTRY_E1_TIMING,2025-10-10,002463,沪电股份,s6setup-2e48c0ac952559a9f304,WATCH_CANDIDATE,SUPPORT_FORMING,False,2,NOT_EVALUATED,0,0.0,0.0,0.0
S6_ENTRY_E1_TIMING,2025-10-10,002683,广东宏大,s6setup-f2b2b481551a05209173,WATCH_CANDIDATE,SUPPORT_CONFIRMED,True,4,NOT_EVALUATED,0,0.0,0.0,0.0
S6_ENTRY_E1_TIMING,2025-10-10,300660,江苏雷利,s6setup-0e6ccbcbcebf1b5b283a,WATCH_CANDIDATE,SUPPORT_CONFIRMED,True,3,NOT_EVALUATED,0,0.0,0.0,0.0
S6_ENTRY_E1_TIMING,2025-10-10,300680,隆盛科技,s6setup-31e9deb4faca4adbd7fb,KEY_CANDIDATE,SUPPORT_CONFIRMED,True,3,NOT_EVALUATED,0,0.0,0.0,0.0
S6_ENTRY_E1_TIMING,2025-10-10,300953,震裕科技,s6setup-58797812908225647959,WATCH_CANDIDATE,NOT_APPLICABLE,False,0,NOT_EVALUATED,0,0.0,0.0,0.0
S6_ENTRY_E1_TIMING,2025-10-10,600114,东睦股份,s6setup-4ff0c1cc1b101a9b9057,WATCH_CANDIDATE,SUPPORT_CONFIRMED,True,4,NOT_EVALUATED,0,0.0,0.0,0.0
S6_ENTRY_E1_TIMING,2025-10-10,600143,金发科技,s6setup-64401623e5c8301b2bfd,WATCH_CANDIDATE,SUPPORT_CONFIRMED,True,3,NOT_EVALUATED,0,0.0,0.0,0.0
S6_ENTRY_E1_TIMING,2025-10-10,601138,工业富联,s6setup-549b8b40985a235e30cd,WATCH_CANDIDATE,NOT_APPLICABLE,False,0,NOT_EVALUATED,0,0.0,0.0,0.0
S6_ENTRY_E1_TIMING,2025-10-10,603308,应流股份,s6setup-6bf102eefcbf962310f2,WATCH_CANDIDATE,NOT_APPLICABLE,False,0,NOT_EVALUATED,0,0.0,0.0,0.0
S6_ENTRY_E1_TIMING,2025-10-10,688017,绿的谐波,s6setup-7a3c8cafe5d006caa7a2,WATCH_CANDIDATE,SUPPORT_FORMING,False,2,RELIABLE,250,0.608,0.28,0.828969
S6_ENTRY_E1_TIMING,2025-10-10,688141,杰华特,s6setup-c717c93a011d4cfbfb0e,WATCH_CANDIDATE,NOT_APPLICABLE,False,0,NOT_EVALUATED,0,0.0,0.0,0.0
S6_ENTRY_E1_TIMING,2025-10-13,688141,杰华特,s6setup-3cd169f2df8338164e66,WATCH_CANDIDATE,NOT_APPLICABLE,False,0,NOT_EVALUATED,0,0.0,0.0,0.0
S6_ENTRY_E1_TIMING,2025-10-16,002518,科士达,s6setup-738120e21d1a406dc0b5,WATCH_CANDIDATE,NOT_APPLICABLE,False,0,NOT_EVALUATED,0,0.0,0.0,0.0
S6_ENTRY_E1_TIMING,2025-10-17,002210,飞马国际,s6setup-7157d5833e9cba4d9d1b,KEY_CANDIDATE,SUPPORT_CONFIRMED,True,3,RELIABLE,250,0.624,0.264,1.10197
S6_ENTRY_E1_TIMING,2025-10-17,300073,当升科技,s6setup-20517d0e7a512fd83e92,KEY_CANDIDATE,SUPPORT_CONFIRMED,True,3,RELIABLE,250,0.528,0.32,1.336592
S6_ENTRY_E1_TIMING,2025-10-20,002249,大洋电机,s6setup-a65b62c2e98f9ab6f8f2,KEY_CANDIDATE,SUPPORT_CONFIRMED,True,5,NOT_EVALUATED,0,0.0,0.0,0.0
S6_ENTRY_E1_TIMING,2025-10-20,300073,当升科技,s6setup-6aaf4bd6d838fdf1316e,WATCH_CANDIDATE,NOT_APPLICABLE,False,0,NOT_EVALUATED,0,0.0,0.0,0.0
S6_ENTRY_E1_TIMING,2025-10-20,300507,苏奥传感,s6setup-3aa58fbead45c91c50b2,WATCH_CANDIDATE,SUPPORT_FORMING,False,2,NOT_EVALUATED,0,0.0,0.0,0.0
S6_ENTRY_E1_TIMING,2025-10-21,002249,大洋电机,s6setup-223a945d2479dceaccc4,WATCH_CANDIDATE,NOT_APPLICABLE,False,0,NOT_EVALUATED,0,0.0,0.0,0.0
S6_ENTRY_E1_TIMING,2025-10-21,002709,天赐材料,s6setup-0c843cc5db500181bac6,WATCH_CANDIDATE,SUPPORT_CONFIRMED,True,4,NOT_EVALUATED,0,0.0,0.0,0.0
S6_ENTRY_E1_TIMING,2025-10-21,300073,当升科技,s6setup-b462b4d77066b05af091,KEY_CANDIDATE,SUPPORT_CONFIRMED,True,3,RELIABLE,250,0.54,0.328,1.243601
S6_ENTRY_E1_TIMING,2025-10-21,300507,苏奥传感,s6setup-f26a8499b91549be5903,WATCH_CANDIDATE,SUPPORT_FORMING,False,4,NOT_EVALUATED,0,0.0,0.0,0.0
S6_ENTRY_E1_TIMING,2025-10-21,300604,长川科技,s6setup-de80a953d02eacc30e5d,WATCH_CANDIDATE,SUPPORT_FORMING,False,4,NOT_EVALUATED,0,0.0,0.0,0.0
S6_ENTRY_E1_TIMING,2025-10-21,603786,科博达,s6setup-0b0ba46814574b34fc35,KEY_CANDIDATE,SUPPORT_CONFIRMED,True,5,NOT_EVALUATED,0,0.0,0.0,0.0
S6_ENTRY_E1_TIMING,2025-10-21,688019,安集科技,s6setup-940f40f9768978882465,WATCH_CANDIDATE,NOT_APPLICABLE,False,0,NOT_EVALUATED,0,0.0,0.0,0.0
S6_ENTRY_E1_TIMING,2025-10-21,688072,拓荆科技,s6setup-5aacc296dcfaa98adfe0,WATCH_CANDIDATE,SUPPORT_CONFIRMED,True,4,NOT_EVALUATED,0,0.0,0.0,0.0
S6_ENTRY_E1_TIMING,2025-10-21,688082,盛美上海,s6setup-55d47d00c93b356eb6e2,KEY_CANDIDATE,SUPPORT_CONFIRMED,True,5,NOT_EVALUATED,0,0.0,0.0,0.0
S6_ENTRY_E1_TIMING,2025-10-21,688469,芯联集成,s6setup-4f26f5b925788d16026b,WATCH_CANDIDATE,SUPPORT_CONFIRMED,True,5,NOT_EVALUATED,0,0.0,0.0,0.0
S6_ENTRY_E1_TIMING,2025-10-21,688531,日联科技,s6setup-85c520ba0ce20277c4eb,WATCH_CANDIDATE,NOT_APPLICABLE,False,0,NOT_EVALUATED,0,0.0,0.0,0.0
S6_ENTRY_E1_TIMING,2025-10-22,002150,正泰电源,s6setup-a0fd6d6bec6aad7bcb7a,WATCH_CANDIDATE,SUPPORT_CONFIRMED,True,3,NOT_EVALUATED,0,0.0,0.0,0.0
S6_ENTRY_E1_TIMING,2025-10-22,002475,立讯精密,s6setup-278336658c72358f4295,WATCH_CANDIDATE,SUPPORT_CONFIRMED,True,3,NOT_EVALUATED,0,0.0,0.0,0.0
S6_ENTRY_E1_TIMING,2025-10-22,300073,当升科技,s6setup-b462b4d77066b05af091,WATCH_CANDIDATE,SUPPORT_FORMING,False,2,RELIABLE,250,0.528,0.36,1.082864
S6_ENTRY_E1_TIMING,2025-10-22,300604,长川科技,s6setup-de80a953d02eacc30e5d,WATCH_CANDIDATE,SUPPORT_CONFIRMED,True,5,NOT_EVALUATED,0,0.0,0.0,0.0
S6_ENTRY_E1_TIMING,2025-10-22,688072,拓荆科技,s6setup-cc4286b155eba87be70b,WATCH_CANDIDATE,SUPPORT_CONFIRMED,True,5,NOT_EVALUATED,0,0.0,0.0,0.0
S6_ENTRY_E1_TIMING,2025-10-22,688082,盛美上海,s6setup-55d47d00c93b356eb6e2,KEY_CANDIDATE,SUPPORT_CONFIRMED,True,3,NOT_EVALUATED,0,0.0,0.0,0.0
S6_ENTRY_E1_TIMING,2025-10-22,688388,嘉元科技,s6setup-87f0014e99781db37a79,WATCH_CANDIDATE,SUPPORT_CONFIRMED,True,4,RELIABLE,250,0.86,0.32,1.281506
S6_ENTRY_E1_TIMING,2025-10-22,688469,芯联集成,s6setup-4f26f5b925788d16026b,WATCH_CANDIDATE,SUPPORT_FORMING,False,3,NOT_EVALUATED,0,0.0,0.0,0.0
S6_ENTRY_E1_TIMING,2025-10-22,688531,日联科技,s6setup-c97604de9a5761e502f9,WATCH_CANDIDATE,SUPPORT_CONFIRMED,True,3,NOT_EVALUATED,0,0.0,0.0,0.0
S6_ENTRY_E1_TIMING,2025-10-23,002150,正泰电源,s6setup-cddeebd3a9b6141abbcd,WATCH_CANDIDATE,NOT_APPLICABLE,False,0,NOT_EVALUATED,0,0.0,0.0,0.0
S6_ENTRY_E1_TIMING,2025-10-23,300539,横河精密,s6setup-99d7bb8dad8b230a03d0,WATCH_CANDIDATE,SUPPORT_FORMING,False,2,NOT_EVALUATED,0,0.0,0.0,0.0
S6_ENTRY_E1_TIMING,2025-10-23,601168,西部矿业,s6setup-fcdecb9da0a8c656bf74,WATCH_CANDIDATE,WAITING_BREAKOUT,False,0,NOT_EVALUATED,0,0.0,0.0,0.0
S6_ENTRY_E1_TIMING,2025-10-23,688072,拓荆科技,s6setup-c76fb55067ee7b53a9ad,WATCH_CANDIDATE,NOT_APPLICABLE,False,0,NOT_EVALUATED,0,0.0,0.0,0.0
S6_ENTRY_E1_TIMING,2025-10-23,688123,聚辰股份,s6setup-5100f9abeba05aecb98d,WATCH_CANDIDATE,SUPPORT_CONFIRMED,True,4,RELIABLE,250,0.612,0.208,0.865093
S6_ENTRY_E1_TIMING,2025-10-23,688525,佰维存储,s6setup-2ea1587f9593e4876763,WATCH_CANDIDATE,SUPPORT_FORMING,False,4,NOT_EVALUATED,0,0.0,0.0,0.0
S6_ENTRY_E1_TIMING,2025-10-24,000630,铜陵有色,s6setup-60d6fd6b2c2cbebf8e4f,WATCH_CANDIDATE,NOT_APPLICABLE,False,0,NOT_EVALUATED,0,0.0,0.0,0.0
S6_ENTRY_E1_TIMING,2025-10-24,000878,云南铜业,s6setup-b188f38397ff23ca20f3,WATCH_CANDIDATE,NOT_APPLICABLE,False,0,NOT_EVALUATED,0,0.0,0.0,0.0
S6_ENTRY_E1_TIMING,2025-10-24,002156,通富微电,s6setup-8f05572f8470a60dffd7,WATCH_CANDIDATE,NOT_APPLICABLE,False,0,NOT_EVALUATED,0,0.0,0.0,0.0
S6_ENTRY_E1_TIMING,2025-10-24,300274,阳光电源,s6setup-97855adfeab9799975d5,WATCH_CANDIDATE,NOT_APPLICABLE,False,0,NOT_EVALUATED,0,0.0,0.0,0.0
S6_ENTRY_E1_TIMING,2025-10-24,300539,横河精密,s6setup-a5a86bfd984507ceb868,WATCH_CANDIDATE,SUPPORT_FORMING,False,2,NOT_EVALUATED,0,0.0,0.0,0.0
S6_ENTRY_E1_TIMING,2025-10-24,300604,长川科技,s6setup-4151d272f01653b16d89,WATCH_CANDIDATE,SUPPORT_CONFIRMED,True,5,NOT_EVALUATED,0,0.0,0.0,0.0
S6_ENTRY_E1_TIMING,2025-10-24,600362,江西铜业,s6setup-5f9d2b49198822facc04,WATCH_CANDIDATE,SUPPORT_CONFIRMED,True,5,NOT_EVALUATED,0,0.0,0.0,0.0
S6_ENTRY_E1_TIMING,2025-10-24,601168,西部矿业,s6setup-963e885d502821cc389e,WATCH_CANDIDATE,NOT_APPLICABLE,False,0,NOT_EVALUATED,0,0.0,0.0,0.0
S6_ENTRY_E1_TIMING,2025-10-24,601218,吉鑫科技,s6setup-931daa23d1fa27a6c286,WATCH_CANDIDATE,SUPPORT_CONFIRMED,True,3,NOT_EVALUATED,0,0.0,0.0,0.0
S6_ENTRY_E1_TIMING,2025-10-24,603993,洛阳钼业,s6setup-abf04063308da2e9d179,WATCH_CANDIDATE,NOT_APPLICABLE,False,0,NOT_EVALUATED,0,0.0,0.0,0.0
S6_ENTRY_E1_TIMING,2025-10-24,605358,立昂微,s6setup-1552d32801806320da78,WATCH_CANDIDATE,SUPPORT_CONFIRMED,True,5,NOT_EVALUATED,0,0.0,0.0,0.0
S6_ENTRY_E1_TIMING,2025-10-24,688249,晶合集成,s6setup-0ad33087d3f08f6f45e1,WATCH_CANDIDATE,NOT_APPLICABLE,False,0,NOT_EVALUATED,0,0.0,0.0,0.0
S6_ENTRY_E1_TIMING,2025-10-24,688469,芯联集成,s6setup-e22e593f68a130238a02,WATCH_CANDIDATE,NOT_APPLICABLE,False,0,NOT_EVALUATED,0,0.0,0.0,0.0
S6_ENTRY_E1_TIMING,2025-10-27,000063,中兴通讯,s6setup-9c59ec914cec250db2fc,WATCH_CANDIDATE,NOT_APPLICABLE,False,0,NOT_EVALUATED,0,0.0,0.0,0.0
S6_ENTRY_E1_TIMING,2025-10-27,000630,铜陵有色,s6setup-8932d40eff99a7ea0742,WATCH_CANDIDATE,NOT_APPLICABLE,False,0,NOT_EVALUATED,0,0.0,0.0,0.0
S6_ENTRY_E1_TIMING,2025-10-27,000878,云南铜业,s6setup-c4676972ef6a87215a47,WATCH_CANDIDATE,NOT_APPLICABLE,False,0,NOT_EVALUATED,0,0.0,0.0,0.0
S6_ENTRY_E1_TIMING,2025-10-27,002156,通富微电,s6setup-e176d00e2386a8951895,WATCH_CANDIDATE,NOT_APPLICABLE,False,0,NOT_EVALUATED,0,0.0,0.0,0.0
S6_ENTRY_E1_TIMING,2025-10-27,002460,赣锋锂业,s6setup-732d9e80f8d3fe7bd051,WATCH_CANDIDATE,NOT_APPLICABLE,False,0,NOT_EVALUATED,0,0.0,0.0,0.0
S6_ENTRY_E1_TIMING,2025-10-27,300666,江丰电子,s6setup-36c375b3c156d1fb248e,WATCH_CANDIDATE,SUPPORT_CONFIRMED,True,5,NOT_EVALUATED,0,0.0,0.0,0.0
S6_ENTRY_E1_TIMING,2025-10-27,600577,精达股份,s6setup-03e742594afed14a3aac,WATCH_CANDIDATE,SUPPORT_CONFIRMED,True,5,NOT_EVALUATED,0,0.0,0.0,0.0
S6_ENTRY_E1_TIMING,2025-10-27,601688,华泰证券,s6setup-e282d3272c07f66093d1,WATCH_CANDIDATE,WAITING_BREAKOUT,False,0,NOT_EVALUATED,0,0.0,0.0,0.0
S6_ENTRY_E1_TIMING,2025-10-27,603650,彤程新材,s6setup-e4e5d9e7c533b0bf2f40,WATCH_CANDIDATE,SUPPORT_CONFIRMED,True,4,NOT_EVALUATED,0,0.0,0.0,0.0
S6_ENTRY_E1_TIMING,2025-10-27,603799,华友钴业,s6setup-15630377163f6c48d79f,WATCH_CANDIDATE,NOT_APPLICABLE,False,0,NOT_EVALUATED,0,0.0,0.0,0.0
S6_ENTRY_E1_TIMING,2025-10-27,605358,立昂微,s6setup-1552d32801806320da78,WATCH_CANDIDATE,NOT_APPLICABLE,False,0,NOT_EVALUATED,0,0.0,0.0,0.0
S6_ENTRY_E1_TIMING,2025-10-27,688128,中国电研,s6setup-9f464a7256484e45a2c5,WATCH_CANDIDATE,NOT_APPLICABLE,False,0,NOT_EVALUATED,0,0.0,0.0,0.0
S6_ENTRY_E1_TIMING,2025-10-27,688409,富创精密,s6setup-2fea69aad44dbce802b3,WATCH_CANDIDATE,SUPPORT_CONFIRMED,True,5,NOT_EVALUATED,0,0.0,0.0,0.0
S6_ENTRY_E1_TIMING,2025-10-27,688469,芯联集成,s6setup-0ebcda22e5fa9f307ed4,WATCH_CANDIDATE,NOT_APPLICABLE,False,0,NOT_EVALUATED,0,0.0,0.0,0.0
S6_ENTRY_E1_TIMING,2025-10-28,002460,赣锋锂业,s6setup-12759454df13e708e003,KEY_CANDIDATE,SUPPORT_CONFIRMED,True,3,RELIABLE,250,0.564,0.288,1.062652
S6_ENTRY_E1_TIMING,2025-10-28,300001,特锐德,s6setup-8e6c71012fb3d3d76322,WATCH_CANDIDATE,SUPPORT_CONFIRMED,True,3,NOT_EVALUATED,0,0.0,0.0,0.0
S6_ENTRY_E1_TIMING,2025-10-28,300274,阳光电源,s6setup-97855adfeab9799975d5,WATCH_CANDIDATE,NOT_APPLICABLE,False,0,NOT_EVALUATED,0,0.0,0.0,0.0
S6_ENTRY_E1_TIMING,2025-10-28,600089,特变电工,s6setup-425269feeefcb6ffd33a,WATCH_CANDIDATE,SUPPORT_CONFIRMED,True,3,NOT_EVALUATED,0,0.0,0.0,0.0
S6_ENTRY_E1_TIMING,2025-10-28,600490,鹏欣资源,s6setup-a8f6e5e527714bb7679c,WATCH_CANDIDATE,SUPPORT_CONFIRMED,True,3,NOT_EVALUATED,0,0.0,0.0,0.0
S6_ENTRY_E1_TIMING,2025-10-28,688361,中科飞测,s6setup-5ac0c6968f6c8479695f,KEY_CANDIDATE,SUPPORT_CONFIRMED,True,4,RELIABLE,250,0.508,0.252,0.659656
S6_ENTRY_E1_TIMING,2025-10-28,688377,迪威尔,s6setup-ced7925d6efb35e890a4,WATCH_CANDIDATE,NOT_APPLICABLE,False,0,NOT_EVALUATED,0,0.0,0.0,0.0
S6_ENTRY_E1_TIMING,2025-10-28,688409,富创精密,s6setup-45795528ad6336fc4943,WATCH_CANDIDATE,SUPPORT_CONFIRMED,True,3,NOT_EVALUATED,0,0.0,0.0,0.0
S6_ENTRY_E1_TIMING,2025-10-29,002922,伊戈尔,s6setup-5c9ccba6d50768351f6a,WATCH_CANDIDATE,NOT_APPLICABLE,False,0,NOT_EVALUATED,0,0.0,0.0,0.0
S6_ENTRY_E1_TIMING,2025-10-29,300073,当升科技,s6setup-20517d0e7a512fd83e92,WATCH_CANDIDATE,NOT_APPLICABLE,False,0,NOT_EVALUATED,0,0.0,0.0,0.0
S6_ENTRY_E1_TIMING,2025-10-29,300127,银河磁体,s6setup-dc92fe3a0f3482c354f1,WATCH_CANDIDATE,SUPPORT_CONFIRMED,True,5,NOT_EVALUATED,0,0.0,0.0,0.0
S6_ENTRY_E1_TIMING,2025-10-29,600490,鹏欣资源,s6setup-5ca17db33f87b3b76412,WATCH_CANDIDATE,SUPPORT_CONFIRMED,True,5,NOT_EVALUATED,0,0.0,0.0,0.0
S6_ENTRY_E1_TIMING,2025-10-29,601218,吉鑫科技,s6setup-607d41629cbe3613d06c,WATCH_CANDIDATE,NOT_APPLICABLE,False,0,NOT_EVALUATED,0,0.0,0.0,0.0
S6_ENTRY_E1_TIMING,2025-10-29,601899,紫金矿业,s6setup-a90fde919ab2ebf75565,WATCH_CANDIDATE,NOT_APPLICABLE,False,0,NOT_EVALUATED,0,0.0,0.0,0.0
S6_ENTRY_E1_TIMING,2025-10-29,688109,品茗科技,s6setup-edf8e39b0ada683384e2,WATCH_CANDIDATE,NOT_APPLICABLE,False,0,NOT_EVALUATED,0,0.0,0.0,0.0
S6_ENTRY_E1_TIMING,2025-10-30,002941,新疆交建,s6setup-a39177bc86e1234db634,KEY_CANDIDATE,SUPPORT_CONFIRMED,True,3,RELIABLE,250,0.504,0.26,1.296858
S6_ENTRY_E1_TIMING,2025-10-30,600490,鹏欣资源,s6setup-ae5446c6b89c90cbe792,KEY_CANDIDATE,SUPPORT_CONFIRMED,True,3,NOT_EVALUATED,0,0.0,0.0,0.0
S6_ENTRY_E1_TIMING,2025-10-30,601899,紫金矿业,s6setup-832812ec0a63395fcd77,WATCH_CANDIDATE,NOT_APPLICABLE,False,0,NOT_EVALUATED,0,0.0,0.0,0.0
S6_ENTRY_E1_TIMING,2025-10-30,688249,晶合集成,s6setup-8f4f7a006aabcd4114df,KEY_CANDIDATE,SUPPORT_CONFIRMED,True,3,RELIABLE,250,0.464,0.264,0.982879
S6_ENTRY_E1_TIMING,2025-10-30,688377,迪威尔,s6setup-8afc0648c4d2f961429c,WATCH_CANDIDATE,SUPPORT_CONFIRMED,True,3,NOT_EVALUATED,0,0.0,0.0,0.0
S6_ENTRY_E1_TIMING,2025-10-30,688480,赛恩斯,s6setup-1ee9a9afea96750fe1f1,KEY_CANDIDATE,SUPPORT_CONFIRMED,True,3,NOT_EVALUATED,0,0.0,0.0,0.0
S6_ENTRY_E1_TIMING,2025-10-31,002941,新疆交建,s6setup-533e5bd7f8f75b92e0be,KEY_CANDIDATE,SUPPORT_CONFIRMED,True,4,NOT_EVALUATED,0,0.0,0.0,0.0
S6_ENTRY_E1_TIMING,2025-10-31,600490,鹏欣资源,s6setup-6f74b0323bd14cc4c0e3,KEY_CANDIDATE,SUPPORT_CONFIRMED,True,3,NOT_EVALUATED,0,0.0,0.0,0.0
S6_ENTRY_E1_TIMING,2025-10-31,601212,白银有色,s6setup-403eb70203523a546ba4,KEY_CANDIDATE,SUPPORT_CONFIRMED,True,3,RELIABLE,250,0.328,0.3,0.728874
S6_ENTRY_E1_TIMING,2025-10-31,601899,紫金矿业,s6setup-4558a4761f57a6ac7229,KEY_CANDIDATE,SUPPORT_CONFIRMED,True,3,RELIABLE,250,0.516,0.256,1.154809
S6_ENTRY_E1_TIMING,2025-10-31,688480,赛恩斯,s6setup-1ee9a9afea96750fe1f1,WATCH_CANDIDATE,SUPPORT_FORMING,False,3,NOT_EVALUATED,0,0.0,0.0,0.0
S6_ENTRY_E1_TIMING,2025-11-03,000980,众泰汽车,s6setup-0d0158e532de8c412535,WATCH_CANDIDATE,NOT_APPLICABLE,False,0,NOT_EVALUATED,0,0.0,0.0,0.0
S6_ENTRY_E1_TIMING,2025-11-03,002941,新疆交建,s6setup-95b0f66b91a78501b282,KEY_CANDIDATE,SUPPORT_CONFIRMED,True,3,RELIABLE,250,0.5,0.26,1.289776
S6_ENTRY_E1_TIMING,2025-11-05,300179,四方达,s6setup-9558daf0ee21fcc071b8,WATCH_CANDIDATE,SUPPORT_CONFIRMED,True,5,NOT_EVALUATED,0,0.0,0.0,0.0
S6_ENTRY_E1_TIMING,2025-11-05,601288,农业银行,s6setup-41ce0257d5e0dfa67f84,WATCH_CANDIDATE,SUPPORT_CONFIRMED,True,5,NOT_EVALUATED,0,0.0,0.0,0.0
S6_ENTRY_E1_TIMING,2025-11-05,688377,迪威尔,s6setup-ced7925d6efb35e890a4,WATCH_CANDIDATE,SUPPORT_FORMING,False,4,NOT_EVALUATED,0,0.0,0.0,0.0
S6_ENTRY_E1_TIMING,2025-11-05,688663,新风光,s6setup-5d882ee7449828261d7b,WATCH_CANDIDATE,NOT_APPLICABLE,False,0,NOT_EVALUATED,0,0.0,0.0,0.0
S6_ENTRY_E1_TIMING,2025-11-06,002171,楚江新材,s6setup-e055314d6892b431c9f1,WATCH_CANDIDATE,SUPPORT_FORMING,False,4,NOT_EVALUATED,0,0.0,0.0,0.0
S6_ENTRY_E1_TIMING,2025-11-06,300179,四方达,s6setup-26d0c32d83cb8c011635,WATCH_CANDIDATE,SUPPORT_CONFIRMED,True,3,NOT_EVALUATED,0,0.0,0.0,0.0
S6_ENTRY_E1_TIMING,2025-11-06,601288,农业银行,s6setup-1f36b9c74bc2cefe8a1e,WATCH_CANDIDATE,SUPPORT_CONFIRMED,True,4,NOT_EVALUATED,0,0.0,0.0,0.0
S6_ENTRY_E1_TIMING,2025-11-06,688377,迪威尔,s6setup-ced7925d6efb35e890a4,KEY_CANDIDATE,SUPPORT_CONFIRMED,True,3,NOT_EVALUATED,0,0.0,0.0,0.0
S6_ENTRY_E1_TIMING,2025-11-06,688585,上纬新材,s6setup-9a9bc7c3d2a7db553a40,WATCH_CANDIDATE,SUPPORT_CONFIRMED,True,5,NOT_EVALUATED,0,0.0,0.0,0.0
S6_ENTRY_E1_TIMING,2025-11-07,300179,四方达,s6setup-e0c1e5ba70b875138868,WATCH_CANDIDATE,NOT_APPLICABLE,False,0,NOT_EVALUATED,0,0.0,0.0,0.0
S6_ENTRY_E1_TIMING,2025-11-07,688377,迪威尔,s6setup-ced7925d6efb35e890a4,KEY_CANDIDATE,SUPPORT_CONFIRMED,True,3,NOT_EVALUATED,0,0.0,0.0,0.0
S6_ENTRY_E1_TIMING,2025-11-10,001287,中电港,s6setup-8400bd32af8d497f3733,WATCH_CANDIDATE,SUPPORT_CONFIRMED,True,3,NOT_EVALUATED,0,0.0,0.0,0.0
S6_ENTRY_E1_TIMING,2025-11-10,300308,中际旭创,s6setup-988348ddc9d2061c5eda,WATCH_CANDIDATE,SUPPORT_CONFIRMED,True,4,RELIABLE,250,0.58,0.268,1.087159
S6_ENTRY_E1_TIMING,2025-11-10,301200,大族数控,s6setup-5c258545cef2aab3123a,WATCH_CANDIDATE,NOT_APPLICABLE,False,0,NOT_EVALUATED,0,0.0,0.0,0.0
S6_ENTRY_E1_TIMING,2025-11-10,601608,中信重工,s6setup-1d95ad7f92b55763e0a8,WATCH_CANDIDATE,SUPPORT_CONFIRMED,True,4,NOT_EVALUATED,0,0.0,0.0,0.0
S6_ENTRY_E1_TIMING,2025-11-10,688377,迪威尔,s6setup-ced7925d6efb35e890a4,WATCH_CANDIDATE,NOT_APPLICABLE,False,0,NOT_EVALUATED,0,0.0,0.0,0.0
S6_ENTRY_E1_TIMING,2025-11-11,001287,中电港,s6setup-0ef40d7278ce749ab26a,KEY_CANDIDATE,SUPPORT_CONFIRMED,True,4,NOT_EVALUATED,0,0.0,0.0,0.0
S6_ENTRY_E1_TIMING,2025-11-11,002171,楚江新材,s6setup-d1f1a0f12a210c1396a4,WATCH_CANDIDATE,NOT_APPLICABLE,False,0,NOT_EVALUATED,0,0.0,0.0,0.0
S6_ENTRY_E1_TIMING,2025-11-11,301200,大族数控,s6setup-2c4bbb328f5078d10720,WATCH_CANDIDATE,SUPPORT_CONFIRMED,True,3,NOT_EVALUATED,0,0.0,0.0,0.0
S6_ENTRY_E1_TIMING,2025-11-11,601608,中信重工,s6setup-4de2643acc860e8c8db9,KEY_CANDIDATE,SUPPORT_CONFIRMED,True,3,NOT_EVALUATED,0,0.0,0.0,0.0
S6_ENTRY_E1_TIMING,2025-11-12,300136,信维通信,s6setup-4117735c3afe45d20380,WATCH_CANDIDATE,SUPPORT_CONFIRMED,True,4,NOT_EVALUATED,0,0.0,0.0,0.0
S6_ENTRY_E1_TIMING,2025-11-12,301200,大族数控,s6setup-245cc89f55559d51894e,WATCH_CANDIDATE,SUPPORT_CONFIRMED,True,5,NOT_EVALUATED,0,0.0,0.0,0.0
S6_ENTRY_E1_TIMING,2025-11-13,301200,大族数控,s6setup-2e81c84853c18b705a82,WATCH_CANDIDATE,SUPPORT_CONFIRMED,True,3,RELIABLE,250,0.48,0.268,0.956962
S6_ENTRY_E1_TIMING,2025-11-13,600021,上海电力,s6setup-c43b5710ab76eac9ed6c,WATCH_CANDIDATE,SUPPORT_CONFIRMED,True,3,NOT_EVALUATED,0,0.0,0.0,0.0
S6_ENTRY_E1_TIMING,2025-11-13,600549,厦门钨业,s6setup-12d2a0ea20e38cbc1534,WATCH_CANDIDATE,SUPPORT_CONFIRMED,True,4,NOT_EVALUATED,0,0.0,0.0,0.0
S6_ENTRY_E1_TIMING,2025-11-13,600595,中孚实业,s6setup-d9c8c9a667f9d8ffe73e,WATCH_CANDIDATE,NOT_APPLICABLE,False,0,NOT_EVALUATED,0,0.0,0.0,0.0
S6_ENTRY_E1_TIMING,2025-11-13,601611,中国核建,s6setup-523a09f50b44b3299369,WATCH_CANDIDATE,SUPPORT_FORMING,False,4,NOT_EVALUATED,0,0.0,0.0,0.0
S6_ENTRY_E1_TIMING,2025-11-13,603301,振德医疗,s6setup-1865ba63164b49b9d9b6,WATCH_CANDIDATE,SUPPORT_CONFIRMED,True,3,NOT_EVALUATED,0,0.0,0.0,0.0
S6_ENTRY_E1_TIMING,2025-11-14,600595,中孚实业,s6setup-100f5c3cd4f69e5ae4f6,WATCH_CANDIDATE,SUPPORT_CONFIRMED,True,3,NOT_EVALUATED,0,0.0,0.0,0.0
S6_ENTRY_E1_TIMING,2025-11-14,603301,振德医疗,s6setup-380658457793e1170035,WATCH_CANDIDATE,SUPPORT_CONFIRMED,True,5,NOT_EVALUATED,0,0.0,0.0,0.0
S6_ENTRY_E1_TIMING,2025-11-17,000892,欢瑞世纪,s6setup-1c1f7a036cb2a694a431,WATCH_CANDIDATE,SUPPORT_CONFIRMED,True,5,NOT_EVALUATED,0,0.0,0.0,0.0
S6_ENTRY_E1_TIMING,2025-11-17,300454,深信服,s6setup-478345d5e6f6770a72b4,WATCH_CANDIDATE,SUPPORT_FORMING,False,4,NOT_EVALUATED,0,0.0,0.0,0.0
S6_ENTRY_E1_TIMING,2025-11-17,300520,科大国创,s6setup-db0db0e777752f50b52f,WATCH_CANDIDATE,SUPPORT_FORMING,False,4,NOT_EVALUATED,0,0.0,0.0,0.0
S6_ENTRY_E1_TIMING,2025-11-17,600515,海南机场,s6setup-7520b9018ef27977fe3b,WATCH_CANDIDATE,SUPPORT_CONFIRMED,True,3,NOT_EVALUATED,0,0.0,0.0,0.0
S6_ENTRY_E1_TIMING,2025-11-18,300454,深信服,s6setup-cd40f11933069d604ab4,WATCH_CANDIDATE,SUPPORT_CONFIRMED,True,4,NOT_EVALUATED,0,0.0,0.0,0.0
S6_ENTRY_E1_TIMING,2025-11-18,300814,中富电路,s6setup-c8e2a112f1ee166b60ab,WATCH_CANDIDATE,SUPPORT_CONFIRMED,True,3,NOT_EVALUATED,0,0.0,0.0,0.0
S6_ENTRY_E1_TIMING,2025-11-18,601898,中煤能源,s6setup-76f1f31a0b4983585ccc,WATCH_CANDIDATE,SUPPORT_CONFIRMED,True,3,NOT_EVALUATED,0,0.0,0.0,0.0
S6_ENTRY_E1_TIMING,2025-11-19,601898,中煤能源,s6setup-76f1f31a0b4983585ccc,WATCH_CANDIDATE,NOT_APPLICABLE,False,0,NOT_EVALUATED,0,0.0,0.0,0.0
S6_ENTRY_E1_TIMING,2025-11-20,002028,思源电气,s6setup-015b9fc1c4e7060fe9ee,WATCH_CANDIDATE,SUPPORT_FORMING,False,2,NOT_EVALUATED,0,0.0,0.0,0.0
S6_ENTRY_E1_TIMING,2025-11-20,600219,南山铝业,s6setup-459331fdc8307de59b61,WATCH_CANDIDATE,SUPPORT_CONFIRMED,True,3,NOT_EVALUATED,0,0.0,0.0,0.0
S6_ENTRY_E1_TIMING,2025-11-20,603516,淳中科技,s6setup-d0e6944fe48379037e2f,WATCH_CANDIDATE,SUPPORT_CONFIRMED,True,4,NOT_EVALUATED,0,0.0,0.0,0.0
S6_ENTRY_E1_TIMING,2025-11-25,000338,潍柴动力,s6setup-7540ae0a7a3f5ceb9f3a,WATCH_CANDIDATE,SUPPORT_CONFIRMED,True,5,NOT_EVALUATED,0,0.0,0.0,0.0
S6_ENTRY_E1_TIMING,2025-11-25,002028,思源电气,s6setup-41b6ce58c8d1e6c622c3,WATCH_CANDIDATE,SUPPORT_CONFIRMED,True,5,NOT_EVALUATED,0,0.0,0.0,0.0
S6_ENTRY_E1_TIMING,2025-11-25,688585,上纬新材,s6setup-d64d85a6021fcaaaa11a,WATCH_CANDIDATE,NOT_APPLICABLE,False,0,NOT_EVALUATED,0,0.0,0.0,0.0
S6_ENTRY_E1_TIMING,2025-11-28,000830,鲁西化工,s6setup-6fb24fe91307e74ac3cb,WATCH_CANDIDATE,SUPPORT_CONFIRMED,True,5,NOT_EVALUATED,0,0.0,0.0,0.0
S6_ENTRY_E1_TIMING,2025-11-28,600737,中粮糖业,s6setup-3bee24a85bdaab6ae92d,WATCH_CANDIDATE,SUPPORT_FORMING,False,4,NOT_EVALUATED,0,0.0,0.0,0.0
S6_ENTRY_E1_TIMING,2025-12-01,000830,鲁西化工,s6setup-6fb24fe91307e74ac3cb,WATCH_CANDIDATE,SUPPORT_CONFIRMED,True,5,NOT_EVALUATED,0,0.0,0.0,0.0
S6_ENTRY_E1_TIMING,2025-12-01,002426,胜利精密,s6setup-6d3fcdb0125fc5a3bb2e,WATCH_CANDIDATE,SUPPORT_CONFIRMED,True,5,NOT_EVALUATED,0,0.0,0.0,0.0
S6_ENTRY_E1_TIMING,2025-12-01,002497,雅化集团,s6setup-b61ee20491e865eaa98a,WATCH_CANDIDATE,NOT_APPLICABLE,False,0,NOT_EVALUATED,0,0.0,0.0,0.0
S6_ENTRY_E1_TIMING,2025-12-01,600737,中粮糖业,s6setup-4874f73198b3cb2bf11a,WATCH_CANDIDATE,SUPPORT_CONFIRMED,True,4,NOT_EVALUATED,0,0.0,0.0,0.0
S6_ENTRY_E1_TIMING,2025-12-01,600815,厦工股份,s6setup-abddcf8ce10784f22653,WATCH_CANDIDATE,NOT_APPLICABLE,False,0,NOT_EVALUATED,0,0.0,0.0,0.0
S6_ENTRY_E1_TIMING,2025-12-01,601969,海南矿业,s6setup-ca9797effd3ab4993fd5,WATCH_CANDIDATE,SUPPORT_CONFIRMED,True,4,NOT_EVALUATED,0,0.0,0.0,0.0
S6_ENTRY_E1_TIMING,2025-12-02,002108,沧州明珠,s6setup-99d281ed96633fc2934b,WATCH_CANDIDATE,NOT_APPLICABLE,False,0,NOT_EVALUATED,0,0.0,0.0,0.0
S6_ENTRY_E1_TIMING,2025-12-02,002426,胜利精密,s6setup-6d3fcdb0125fc5a3bb2e,WATCH_CANDIDATE,SUPPORT_CONFIRMED,True,4,NOT_EVALUATED,0,0.0,0.0,0.0
S6_ENTRY_E1_TIMING,2025-12-02,601888,XD中国中,s6setup-afe12cc74c60779ff82e,WATCH_CANDIDATE,NOT_APPLICABLE,False,0,NOT_EVALUATED,0,0.0,0.0,0.0
S6_ENTRY_E1_TIMING,2025-12-03,000833,粤桂股份,s6setup-c7e1dcf42328ff372e2a,WATCH_CANDIDATE,SUPPORT_CONFIRMED,True,3,NOT_EVALUATED,0,0.0,0.0,0.0
S6_ENTRY_E1_TIMING,2025-12-04,300390,天华新能,s6setup-febba4e8286185632756,WATCH_CANDIDATE,SUPPORT_FORMING,False,2,NOT_EVALUATED,0,0.0,0.0,0.0
S6_ENTRY_E1_TIMING,2025-12-16,605255,天普股份,s6setup-e48de09982940e62af28,WATCH_CANDIDATE,NOT_APPLICABLE,False,0,NOT_EVALUATED,0,0.0,0.0,0.0
S6_ENTRY_E1_TIMING,2025-12-17,605255,天普股份,s6setup-f0c8e486ddf086ee9ca7,WATCH_CANDIDATE,NOT_APPLICABLE,False,0,NOT_EVALUATED,0,0.0,0.0,0.0
S6_ENTRY_E1_TIMING,2025-12-18,000510,新金路,s6setup-e0e5cd45beeb94e21841,WATCH_CANDIDATE,NOT_APPLICABLE,False,0,NOT_EVALUATED,0,0.0,0.0,0.0
S6_ENTRY_E1_TIMING,2025-12-18,605255,天普股份,s6setup-e48de09982940e62af28,WATCH_CANDIDATE,NOT_APPLICABLE,False,0,NOT_EVALUATED,0,0.0,0.0,0.0
S6_ENTRY_E1_TIMING,2025-12-18,688110,东芯股份,s6setup-a7bdb0fc119a26842f6a,WATCH_CANDIDATE,SUPPORT_CONFIRMED,True,5,NOT_EVALUATED,0,0.0,0.0,0.0
S6_ENTRY_E1_TIMING,2025-12-19,300131,英唐智控,s6setup-447cb6fa7b373adb8810,WATCH_CANDIDATE,SUPPORT_CONFIRMED,True,3,NOT_EVALUATED,0,0.0,0.0,0.0
S6_ENTRY_E1_TIMING,2025-12-19,300620,光库科技,s6setup-6da27825b7ecf0774d0d,WATCH_CANDIDATE,SUPPORT_CONFIRMED,True,3,NOT_EVALUATED,0,0.0,0.0,0.0
S6_ENTRY_E1_TIMING,2025-12-19,600595,中孚实业,s6setup-def073ea22e01988a3cf,WATCH_CANDIDATE,NOT_APPLICABLE,False,0,NOT_EVALUATED,0,0.0,0.0,0.0
S6_ENTRY_E1_TIMING,2025-12-19,605255,天普股份,s6setup-f0c8e486ddf086ee9ca7,WATCH_CANDIDATE,NOT_APPLICABLE,False,0,NOT_EVALUATED,0,0.0,0.0,0.0
S6_ENTRY_E1_TIMING,2025-12-23,002029,七 匹 狼,s6setup-0eba66d04ba807005d51,WATCH_CANDIDATE,SUPPORT_CONFIRMED,True,3,NOT_EVALUATED,0,0.0,0.0,0.0
S6_ENTRY_E1_TIMING,2025-12-23,605255,天普股份,s6setup-f0c8e486ddf086ee9ca7,WATCH_CANDIDATE,SUPPORT_CONFIRMED,True,4,NOT_EVALUATED,0,0.0,0.0,0.0
S6_ENTRY_E1_TIMING,2025-12-24,300502,新易盛,s6setup-0380d67ff019d0cabadd,WATCH_CANDIDATE,SUPPORT_CONFIRMED,True,3,NOT_EVALUATED,0,0.0,0.0,0.0
S6_ENTRY_E1_TIMING,2025-12-24,605255,天普股份,s6setup-f0c8e486ddf086ee9ca7,WATCH_CANDIDATE,NOT_APPLICABLE,False,0,NOT_EVALUATED,0,0.0,0.0,0.0
S6_ENTRY_E1_TIMING,2025-12-24,688231,隆达股份,s6setup-631aceb90dcce648d738,WATCH_CANDIDATE,NOT_APPLICABLE,False,0,NOT_EVALUATED,0,0.0,0.0,0.0
S6_ENTRY_E1_TIMING,2025-12-25,300502,新易盛,s6setup-d0756c36d764792175ea,WATCH_CANDIDATE,NOT_APPLICABLE,False,0,NOT_EVALUATED,0,0.0,0.0,0.0
S6_ENTRY_E1_TIMING,2025-12-25,688313,仕佳光子,s6setup-b3e21472ed237276500b,WATCH_CANDIDATE,SUPPORT_FORMING,False,4,NOT_EVALUATED,0,0.0,0.0,0.0
S6_ENTRY_E1_TIMING,2025-12-26,001267,汇绿生态,s6setup-83b4984040abb1e38d25,WATCH_CANDIDATE,SUPPORT_CONFIRMED,True,5,NOT_EVALUATED,0,0.0,0.0,0.0
S6_ENTRY_E1_TIMING,2025-12-26,300502,新易盛,s6setup-e9c5dc29a23bf65f1cc5,WATCH_CANDIDATE,NOT_APPLICABLE,False,0,NOT_EVALUATED,0,0.0,0.0,0.0
S6_ENTRY_E1_TIMING,2025-12-26,300751,迈为股份,s6setup-de4002f9b5390100f0b3,WATCH_CANDIDATE,NOT_APPLICABLE,False,0,NOT_EVALUATED,0,0.0,0.0,0.0
S6_ENTRY_E1_TIMING,2025-12-29,001267,汇绿生态,s6setup-223e50ba051c0a8871db,KEY_CANDIDATE,SUPPORT_CONFIRMED,True,4,RELIABLE,250,0.504,0.416,0.78432
S6_ENTRY_E1_TIMING,2025-12-29,300502,新易盛,s6setup-ca599d86b768b8b09c65,WATCH_CANDIDATE,NOT_APPLICABLE,False,0,NOT_EVALUATED,0,0.0,0.0,0.0
S6_ENTRY_E1_TIMING,2025-12-29,688167,炬光科技,s6setup-29ed83eec61eb5f8a012,WATCH_CANDIDATE,SUPPORT_FORMING,False,4,NOT_EVALUATED,0,0.0,0.0,0.0
S6_ENTRY_E1_TIMING,2025-12-30,001267,汇绿生态,s6setup-c72ee24097cfb90caf7f,KEY_CANDIDATE,SUPPORT_CONFIRMED,True,4,RELIABLE,250,0.62,0.532,0.689859
S6_ENTRY_E1_TIMING,2025-12-30,002353,杰瑞股份,s6setup-e96d08e08af4d241ee72,KEY_CANDIDATE,SUPPORT_CONFIRMED,True,3,RELIABLE,250,0.58,0.224,0.999266
S6_ENTRY_E1_TIMING,2025-12-30,300502,新易盛,s6setup-48005534497e2d6e8304,WATCH_CANDIDATE,NOT_APPLICABLE,False,0,NOT_EVALUATED,0,0.0,0.0,0.0
S6_ENTRY_E1_TIMING,2025-12-31,003031,中瓷电子,s6setup-143692decf1688b7f3f7,WATCH_CANDIDATE,SUPPORT_FORMING,False,2,NOT_EVALUATED,0,0.0,0.0,0.0
S6_ENTRY_E1_TIMING,2025-12-31,688167,炬光科技,s6setup-badd66725cdae56586ed,WATCH_CANDIDATE,SUPPORT_CONFIRMED,True,3,NOT_EVALUATED,0,0.0,0.0,0.0
S6_ENTRY_E2_PROBABILITY_RR,2024-03-18,300210,森远股份,s6setup-86918b98cb309eb4bbcc,WATCH_CANDIDATE,SUPPORT_CONFIRMED,True,5,NOT_EVALUATED,0,0.0,0.0,0.0
S6_ENTRY_E2_PROBABILITY_RR,2024-03-19,300210,森远股份,s6setup-179339c621cd4c0f40fb,WATCH_CANDIDATE,SUPPORT_CONFIRMED,True,4,NOT_EVALUATED,0,0.0,0.0,0.0
S6_ENTRY_E2_PROBABILITY_RR,2024-03-21,601127,赛力斯,s6setup-d3a8809dcb194c286c7f,KEY_CANDIDATE,NOT_APPLICABLE,False,0,NOT_EVALUATED,0,0.0,0.0,0.0
S6_ENTRY_E2_PROBABILITY_RR,2024-03-22,300210,森远股份,s6setup-34ead3d1be0fa4bc244f,WATCH_CANDIDATE,SUPPORT_FORMING,False,4,NOT_EVALUATED,0,0.0,0.0,0.0
S6_ENTRY_E2_PROBABILITY_RR,2024-03-22,601127,赛力斯,s6setup-3fb8101e69f6778c6f0d,WATCH_CANDIDATE,NOT_APPLICABLE,False,0,NOT_EVALUATED,0,0.0,0.0,0.0
S6_ENTRY_E2_PROBABILITY_RR,2024-03-25,002463,沪电股份,s6setup-d6af2725e1ec60f512e7,WATCH_CANDIDATE,SUPPORT_FORMING,False,2,NOT_EVALUATED,0,0.0,0.0,0.0
S6_ENTRY_E2_PROBABILITY_RR,2024-03-25,601127,赛力斯,s6setup-437d28e1721ada013542,WATCH_CANDIDATE,SUPPORT_FORMING,False,2,NOT_EVALUATED,0,0.0,0.0,0.0
S6_ENTRY_E2_PROBABILITY_RR,2024-03-25,688278,特宝生物,s6setup-f06222f7a04b3347b3a9,WATCH_CANDIDATE,SUPPORT_FORMING,False,3,NOT_EVALUATED,0,0.0,0.0,0.0
S6_ENTRY_E2_PROBABILITY_RR,2024-03-26,688278,特宝生物,s6setup-f06222f7a04b3347b3a9,WATCH_CANDIDATE,SUPPORT_CONFIRMED,True,4,NOT_EVALUATED,0,0.0,0.0,0.0
S6_ENTRY_E2_PROBABILITY_RR,2024-03-28,000630,铜陵有色,s6setup-c91fd7b614b740b9d6bf,WATCH_CANDIDATE,NOT_APPLICABLE,False,0,NOT_EVALUATED,0,0.0,0.0,0.0
S6_ENTRY_E2_PROBABILITY_RR,2024-03-29,000630,铜陵有色,s6setup-c91fd7b614b740b9d6bf,WATCH_CANDIDATE,NOT_APPLICABLE,False,0,NOT_EVALUATED,0,0.0,0.0,0.0
S6_ENTRY_E2_PROBABILITY_RR,2024-03-29,300781,因赛集团,s6setup-6d464b8c5b5936e80a75,WATCH_CANDIDATE,SUPPORT_CONFIRMED,True,3,RELIABLE,250,0.504,0.248,0.544333
S6_ENTRY_E2_PROBABILITY_RR,2024-04-01,300781,因赛集团,s6setup-6d464b8c5b5936e80a75,WATCH_CANDIDATE,SUPPORT_CONFIRMED,True,5,RELIABLE,250,0.532,0.252,0.564237
S6_ENTRY_E2_PROBABILITY_RR,2024-04-01,601168,西部矿业,s6setup-a8d44e8860c7bc613f58,KEY_CANDIDATE,NOT_APPLICABLE,False,0,NOT_EVALUATED,0,0.0,0.0,0.0
S6_ENTRY_E2_PROBABILITY_RR,2024-04-12,600160,巨化股份,s6setup-b4db41ce30d046a12733,WATCH_CANDIDATE,SUPPORT_CONFIRMED,True,3,NOT_EVALUATED,0,0.0,0.0,0.0
S6_ENTRY_E2_PROBABILITY_RR,2024-04-15,600160,巨化股份,s6setup-b4db41ce30d046a12733,WATCH_CANDIDATE,SUPPORT_CONFIRMED,True,5,NOT_EVALUATED,0,0.0,0.0,0.0
S6_ENTRY_E2_PROBABILITY_RR,2024-05-06,000426,兴业银锡,s6setup-d2447255d82b4e7de908,WATCH_CANDIDATE,SUPPORT_FORMING,False,4,NOT_EVALUATED,0,0.0,0.0,0.0
S6_ENTRY_E2_PROBABILITY_RR,2024-05-13,000777,中核科技,s6setup-e8d29abdf82f10859d35,WATCH_CANDIDATE,SUPPORT_CONFIRMED,True,3,RELIABLE,250,0.492,0.236,0.74735
S6_ENTRY_E2_PROBABILITY_RR,2024-05-14,000777,中核科技,s6setup-2d242922bc99ecab9776,WATCH_CANDIDATE,SUPPORT_CONFIRMED,True,4,NOT_EVALUATED,0,0.0,0.0,0.0
S6_ENTRY_E2_PROBABILITY_RR,2024-05-15,600160,巨化股份,s6setup-f9df34d7948c1f03a54a,WATCH_CANDIDATE,NOT_APPLICABLE,False,0,NOT_EVALUATED,0,0.0,0.0,0.0
S6_ENTRY_E2_PROBABILITY_RR,2024-05-17,300067,安诺其,s6setup-be0b960820e1965a8848,WATCH_CANDIDATE,SUPPORT_FORMING,False,3,NOT_EVALUATED,0,0.0,0.0,0.0
S6_ENTRY_E2_PROBABILITY_RR,2024-05-30,000933,神火股份,s6setup-7e67e50667dcc64f113d,WATCH_CANDIDATE,NOT_APPLICABLE,False,0,NOT_EVALUATED,0,0.0,0.0,0.0
S6_ENTRY_E2_PROBABILITY_RR,2024-05-31,000933,神火股份,s6setup-7e67e50667dcc64f113d,WATCH_CANDIDATE,SUPPORT_FORMING,False,2,NOT_EVALUATED,0,0.0,0.0,0.0
S6_ENTRY_E2_PROBABILITY_RR,2024-06-25,600312,平高电气,s6setup-c72bafc2d96134d3950c,WATCH_CANDIDATE,NOT_APPLICABLE,False,0,NOT_EVALUATED,0,0.0,0.0,0.0
S6_ENTRY_E2_PROBABILITY_RR,2024-06-26,600312,平高电气,s6setup-0c6f98c23df38c4e22a8,WATCH_CANDIDATE,SUPPORT_CONFIRMED,True,5,NOT_EVALUATED,0,0.0,0.0,0.0
S6_ENTRY_E2_PROBABILITY_RR,2024-06-27,300552,万集科技,s6setup-05e745ce4e00e98baaf2,WATCH_CANDIDATE,NOT_APPLICABLE,False,0,NOT_EVALUATED,0,0.0,0.0,0.0
S6_ENTRY_E2_PROBABILITY_RR,2024-06-27,601138,工业富联,s6setup-30949657f005e4e7ad28,WATCH_CANDIDATE,NOT_APPLICABLE,False,0,NOT_EVALUATED,0,0.0,0.0,0.0
S6_ENTRY_E2_PROBABILITY_RR,2024-06-28,601138,工业富联,s6setup-30949657f005e4e7ad28,WATCH_CANDIDATE,SUPPORT_CONFIRMED,True,5,NOT_EVALUATED,0,0.0,0.0,0.0
S6_ENTRY_E2_PROBABILITY_RR,2024-07-01,601138,工业富联,s6setup-30949657f005e4e7ad28,WATCH_CANDIDATE,NOT_APPLICABLE,False,0,NOT_EVALUATED,0,0.0,0.0,0.0
S6_ENTRY_E2_PROBABILITY_RR,2024-07-02,601138,工业富联,s6setup-30949657f005e4e7ad28,WATCH_CANDIDATE,SUPPORT_CONFIRMED,True,3,NOT_EVALUATED,0,0.0,0.0,0.0
S6_ENTRY_E2_PROBABILITY_RR,2024-07-03,002463,沪电股份,s6setup-36dae2d212a409c0fe1f,WATCH_CANDIDATE,SUPPORT_CONFIRMED,True,4,RELIABLE,250,0.48,0.152,0.59275
S6_ENTRY_E2_PROBABILITY_RR,2024-07-04,002463,沪电股份,s6setup-36dae2d212a409c0fe1f,WATCH_CANDIDATE,SUPPORT_CONFIRMED,True,4,RELIABLE,250,0.596,0.172,0.620979
S6_ENTRY_E2_PROBABILITY_RR,2024-07-05,002463,沪电股份,s6setup-5a1263c01542aa63ccf8,WATCH_CANDIDATE,NOT_APPLICABLE,False,0,NOT_EVALUATED,0,0.0,0.0,0.0
S6_ENTRY_E2_PROBABILITY_RR,2024-07-08,002463,沪电股份,s6setup-36dae2d212a409c0fe1f,WATCH_CANDIDATE,SUPPORT_CONFIRMED,True,3,NOT_EVALUATED,0,0.0,0.0,0.0
S6_ENTRY_E2_PROBABILITY_RR,2024-07-15,600312,平高电气,s6setup-e9a560efcad557642ac1,WATCH_CANDIDATE,NOT_APPLICABLE,False,0,NOT_EVALUATED,0,0.0,0.0,0.0
S6_ENTRY_E2_PROBABILITY_RR,2024-09-19,600418,江淮汽车,s6setup-9856079f5e2d0d43fc87,WATCH_CANDIDATE,NOT_APPLICABLE,False,0,NOT_EVALUATED,0,0.0,0.0,0.0
S6_ENTRY_E2_PROBABILITY_RR,2024-10-23,002142,宁波银行,s6setup-97cfe18a693f17ebc4f6,WATCH_CANDIDATE,NOT_APPLICABLE,False,0,NOT_EVALUATED,0,0.0,0.0,0.0
S6_ENTRY_E2_PROBABILITY_RR,2024-10-24,002142,宁波银行,s6setup-1e29f4e0d840d2523b33,WATCH_CANDIDATE,SUPPORT_CONFIRMED,True,3,RELIABLE,250,0.32,0.092,0.044683
S6_ENTRY_E2_PROBABILITY_RR,2024-10-25,002142,宁波银行,s6setup-502a5dcb540786350afb,WATCH_CANDIDATE,SUPPORT_CONFIRMED,True,5,NOT_EVALUATED,0,0.0,0.0,0.0
S6_ENTRY_E2_PROBABILITY_RR,2024-10-25,300925,法本信息,s6setup-d30fce650daba787ff76,WATCH_CANDIDATE,SUPPORT_CONFIRMED,True,3,NOT_EVALUATED,0,0.0,0.0,0.0
S6_ENTRY_E2_PROBABILITY_RR,2024-10-25,601186,中国铁建,s6setup-af11af9996de7f907a8d,WATCH_CANDIDATE,NOT_APPLICABLE,False,0,NOT_EVALUATED,0,0.0,0.0,0.0
S6_ENTRY_E2_PROBABILITY_RR,2024-10-25,601318,中国平安,s6setup-dd9d59b135b21a91db46,WATCH_CANDIDATE,SUPPORT_CONFIRMED,True,3,RELIABLE,250,0.392,0.152,0.459398
S6_ENTRY_E2_PROBABILITY_RR,2024-10-25,601336,新华保险,s6setup-ae409aecc4671570a769,KEY_CANDIDATE,NOT_APPLICABLE,False,0,NOT_EVALUATED,0,0.0,0.0,0.0
S6_ENTRY_E2_PROBABILITY_RR,2024-10-25,688090,瑞松科技,s6setup-f5b842b9eed62e75172e,WATCH_CANDIDATE,SUPPORT_FORMING,False,4,NOT_EVALUATED,0,0.0,0.0,0.0
S6_ENTRY_E2_PROBABILITY_RR,2024-10-28,002371,北方华创,s6setup-f52b8d8051a025bd2150,WATCH_CANDIDATE,NOT_APPLICABLE,False,0,NOT_EVALUATED,0,0.0,0.0,0.0
S6_ENTRY_E2_PROBABILITY_RR,2024-10-28,300293,蓝英装备,s6setup-9bd84923404891e10b11,WATCH_CANDIDATE,NOT_APPLICABLE,False,0,NOT_EVALUATED,0,0.0,0.0,0.0
S6_ENTRY_E2_PROBABILITY_RR,2024-10-28,300709,精研科技,s6setup-5b2041e9a58ee0c21425,WATCH_CANDIDATE,NOT_APPLICABLE,False,0,NOT_EVALUATED,0,0.0,0.0,0.0
S6_ENTRY_E2_PROBABILITY_RR,2024-10-28,300750,宁德时代,s6setup-9e65aa9fcaf21c87e545,WATCH_CANDIDATE,SUPPORT_CONFIRMED,True,4,RELIABLE,250,0.248,0.16,0.083074
S6_ENTRY_E2_PROBABILITY_RR,2024-10-28,601186,中国铁建,s6setup-af11af9996de7f907a8d,KEY_CANDIDATE,SUPPORT_FORMING,False,3,NOT_EVALUATED,0,0.0,0.0,0.0
S6_ENTRY_E2_PROBABILITY_RR,2024-10-28,601318,中国平安,s6setup-98c0b474d9979a45cc3c,WATCH_CANDIDATE,NOT_APPLICABLE,False,0,NOT_EVALUATED,0,0.0,0.0,0.0
S6_ENTRY_E2_PROBABILITY_RR,2024-10-28,688658,悦康药业,s6setup-1597925ea0841ae92584,KEY_CANDIDATE,SUPPORT_CONFIRMED,True,5,NOT_EVALUATED,0,0.0,0.0,0.0
S6_ENTRY_E2_PROBABILITY_RR,2024-10-29,300293,蓝英装备,s6setup-2f57feeea609bcb0e16b,WATCH_CANDIDATE,SUPPORT_CONFIRMED,True,3,NOT_EVALUATED,0,0.0,0.0,0.0
S6_ENTRY_E2_PROBABILITY_RR,2024-10-29,300433,蓝思科技,s6setup-ce55436529fac87c0148,WATCH_CANDIDATE,NOT_APPLICABLE,False,0,NOT_EVALUATED,0,0.0,0.0,0.0
S6_ENTRY_E2_PROBABILITY_RR,2024-10-29,300709,精研科技,s6setup-1a47687228730efc7c66,WATCH_CANDIDATE,SUPPORT_CONFIRMED,True,5,NOT_EVALUATED,0,0.0,0.0,0.0
S6_ENTRY_E2_PROBABILITY_RR,2024-10-29,601336,新华保险,s6setup-96f5e92fb6957b29f889,KEY_CANDIDATE,SUPPORT_CONFIRMED,True,4,RELIABLE,250,0.392,0.208,0.182098
S6_ENTRY_E2_PROBABILITY_RR,2024-10-29,688658,悦康药业,s6setup-1597925ea0841ae92584,KEY_CANDIDATE,SUPPORT_CONFIRMED,True,3,NOT_EVALUATED,0,0.0,0.0,0.0
S6_ENTRY_E2_PROBABILITY_RR,2024-10-30,300293,蓝英装备,s6setup-2f57feeea609bcb0e16b,WATCH_CANDIDATE,SUPPORT_FORMING,False,4,NOT_EVALUATED,0,0.0,0.0,0.0
S6_ENTRY_E2_PROBABILITY_RR,2024-10-30,300310,宜通世纪,s6setup-bad2851bb68ffb07f8d7,WATCH_CANDIDATE,NOT_APPLICABLE,False,0,NOT_EVALUATED,0,0.0,0.0,0.0
S6_ENTRY_E2_PROBABILITY_RR,2024-10-30,300433,蓝思科技,s6setup-ce55436529fac87c0148,WATCH_CANDIDATE,NOT_APPLICABLE,False,0,NOT_EVALUATED,0,0.0,0.0,0.0
S6_ENTRY_E2_PROBABILITY_RR,2024-10-30,688658,悦康药业,s6setup-1597925ea0841ae92584,KEY_CANDIDATE,SUPPORT_CONFIRMED,True,5,NOT_EVALUATED,0,0.0,0.0,0.0
S6_ENTRY_E2_PROBABILITY_RR,2024-10-31,000768,中航西飞,s6setup-bd4b5f1a5e26f455d992,KEY_CANDIDATE,SUPPORT_FORMING,False,2,NOT_EVALUATED,0,0.0,0.0,0.0
S6_ENTRY_E2_PROBABILITY_RR,2024-10-31,300139,晓程科技,s6setup-03ac53b95d0ed4d67393,KEY_CANDIDATE,SUPPORT_CONFIRMED,True,4,RELIABLE,250,0.544,0.168,0.618102
S6_ENTRY_E2_PROBABILITY_RR,2024-10-31,300293,蓝英装备,s6setup-2f57feeea609bcb0e16b,WATCH_CANDIDATE,SUPPORT_CONFIRMED,True,5,NOT_EVALUATED,0,0.0,0.0,0.0
S6_ENTRY_E2_PROBABILITY_RR,2024-10-31,300433,蓝思科技,s6setup-ce55436529fac87c0148,KEY_CANDIDATE,INVALID,False,0,NOT_EVALUATED,0,0.0,0.0,0.0
S6_ENTRY_E2_PROBABILITY_RR,2024-10-31,300469,信息发展,s6setup-972ecff6bc6b3c765fc4,WATCH_CANDIDATE,SUPPORT_CONFIRMED,True,3,NOT_EVALUATED,0,0.0,0.0,0.0
S6_ENTRY_E2_PROBABILITY_RR,2024-10-31,600415,小商品城,s6setup-972b529ace9e37bf0db0,WATCH_CANDIDATE,SUPPORT_CONFIRMED,True,4,NOT_EVALUATED,0,0.0,0.0,0.0
S6_ENTRY_E2_PROBABILITY_RR,2024-10-31,688658,悦康药业,s6setup-ad8817890ee0b72512c3,KEY_CANDIDATE,SUPPORT_CONFIRMED,True,3,NOT_EVALUATED,0,0.0,0.0,0.0
S6_ENTRY_E2_PROBABILITY_RR,2024-11-01,300139,晓程科技,s6setup-06fe080981f712a2689e,WATCH_CANDIDATE,SUPPORT_FORMING,False,2,NOT_EVALUATED,0,0.0,0.0,0.0
S6_ENTRY_E2_PROBABILITY_RR,2024-11-01,300293,蓝英装备,s6setup-2f57feeea609bcb0e16b,WATCH_CANDIDATE,SUPPORT_CONFIRMED,True,3,NOT_EVALUATED,0,0.0,0.0,0.0
S6_ENTRY_E2_PROBABILITY_RR,2024-11-01,600326,西藏天路,s6setup-f5d42d94a6ae9189bdc1,WATCH_CANDIDATE,SUPPORT_CONFIRMED,True,5,NOT_EVALUATED,0,0.0,0.0,0.0
S6_ENTRY_E2_PROBABILITY_RR,2024-11-04,300394,天孚通信,s6setup-a0e81f7cbc75b159986b,WATCH_CANDIDATE,NOT_APPLICABLE,False,0,NOT_EVALUATED,0,0.0,0.0,0.0
S6_ENTRY_E2_PROBABILITY_RR,2024-11-05,300394,天孚通信,s6setup-8ead4a2d70dd6c4cbec2,WATCH_CANDIDATE,NOT_APPLICABLE,False,0,NOT_EVALUATED,0,0.0,0.0,0.0
S6_ENTRY_E2_PROBABILITY_RR,2024-11-05,603606,东方电缆,s6setup-39fd8e4c4023e6fc31b9,WATCH_CANDIDATE,NOT_APPLICABLE,False,0,NOT_EVALUATED,0,0.0,0.0,0.0
S6_ENTRY_E2_PROBABILITY_RR,2024-11-06,002130,沃尔核材,s6setup-b3bfe3b0c2577df77662,WATCH_CANDIDATE,SUPPORT_FORMING,False,2,NOT_EVALUATED,0,0.0,0.0,0.0
S6_ENTRY_E2_PROBABILITY_RR,2024-11-06,603893,瑞芯微,s6setup-5b52a644932ad736476a,WATCH_CANDIDATE,WAITING_BREAKOUT,False,0,NOT_EVALUATED,0,0.0,0.0,0.0
S6_ENTRY_E2_PROBABILITY_RR,2024-11-07,002130,沃尔核材,s6setup-601520cd7eade1a86625,WATCH_CANDIDATE,SUPPORT_FORMING,False,3,NOT_EVALUATED,0,0.0,0.0,0.0
S6_ENTRY_E2_PROBABILITY_RR,2024-11-07,603893,瑞芯微,s6setup-5c8f844a5bd2c3275a12,WATCH_CANDIDATE,WAITING_BREAKOUT,False,0,NOT_EVALUATED,0,0.0,0.0,0.0
S6_ENTRY_E2_PROBABILITY_RR,2024-11-08,002130,沃尔核材,s6setup-0ea994a0114ea261040e,WATCH_CANDIDATE,SUPPORT_CONFIRMED,True,4,NOT_EVALUATED,0,0.0,0.0,0.0
S6_ENTRY_E2_PROBABILITY_RR,2024-11-08,002600,领益智造,s6setup-683787f79104f8ee2e19,KEY_CANDIDATE,SUPPORT_CONFIRMED,True,3,RELIABLE,250,0.564,0.22,0.599561
S6_ENTRY_E2_PROBABILITY_RR,2024-11-08,300067,安诺其,s6setup-00fcccb83fb3b2701a5b,KEY_CANDIDATE,SUPPORT_CONFIRMED,True,3,RELIABLE,250,0.4,0.24,0.626072
S6_ENTRY_E2_PROBABILITY_RR,2024-11-08,300192,科德教育,s6setup-18e91cf1670e563726d6,KEY_CANDIDATE,SUPPORT_FORMING,False,2,NOT_EVALUATED,0,0.0,0.0,0.0
S6_ENTRY_E2_PROBABILITY_RR,2024-11-08,300303,聚飞光电,s6setup-481bd3cc8486c5ed323e,WATCH_CANDIDATE,SUPPORT_CONFIRMED,True,3,RELIABLE,250,0.464,0.144,0.444728
S6_ENTRY_E2_PROBABILITY_RR,2024-11-08,300394,天孚通信,s6setup-bd38c99a8f41f1f6d00a,WATCH_CANDIDATE,NOT_APPLICABLE,False,0,NOT_EVALUATED,0,0.0,0.0,0.0
S6_ENTRY_E2_PROBABILITY_RR,2024-11-08,300397,天和防务,s6setup-5c56c4f571876e4504e9,KEY_CANDIDATE,SUPPORT_CONFIRMED,True,4,RELIABLE,250,0.46,0.164,0.409887
S6_ENTRY_E2_PROBABILITY_RR,2024-11-08,300563,神宇股份,s6setup-3b141611a0adf956336b,WATCH_CANDIDATE,NOT_APPLICABLE,False,0,NOT_EVALUATED,0,0.0,0.0,0.0
S6_ENTRY_E2_PROBABILITY_RR,2024-11-08,600601,方正科技,s6setup-a3a1e64d42ee99d21b57,KEY_CANDIDATE,SUPPORT_CONFIRMED,True,3,RELIABLE,250,0.58,0.188,0.475082
S6_ENTRY_E2_PROBABILITY_RR,2024-11-08,600990,四创电子,s6setup-bc80c558b01b30a21e16,WATCH_CANDIDATE,SUPPORT_CONFIRMED,True,4,NOT_EVALUATED,0,0.0,0.0,0.0
S6_ENTRY_E2_PROBABILITY_RR,2024-11-08,603893,瑞芯微,s6setup-a63db8c9eb7d11d047d3,KEY_CANDIDATE,SUPPORT_CONFIRMED,True,3,RELIABLE,250,0.284,0.124,0.142901
S6_ENTRY_E2_PROBABILITY_RR,2024-11-08,688252,天德钰,s6setup-99a79916c8c7e6f3c311,KEY_CANDIDATE,SUPPORT_CONFIRMED,True,4,NOT_EVALUATED,0,0.0,0.0,0.0
S6_ENTRY_E2_PROBABILITY_RR,2024-11-11,002130,沃尔核材,s6setup-3dc4536bdb7bfa83e949,WATCH_CANDIDATE,SUPPORT_CONFIRMED,True,4,NOT_EVALUATED,0,0.0,0.0,0.0
S6_ENTRY_E2_PROBABILITY_RR,2024-11-11,300061,旗天科技,s6setup-da799d9c466c9a1bd1c9,KEY_CANDIDATE,SUPPORT_CONFIRMED,True,5,RELIABLE,250,0.596,0.28,0.67784
S6_ENTRY_E2_PROBABILITY_RR,2024-11-11,300067,安诺其,s6setup-27e1e1132118e57a2304,KEY_CANDIDATE,NOT_APPLICABLE,False,0,NOT_EVALUATED,0,0.0,0.0,0.0
S6_ENTRY_E2_PROBABILITY_RR,2024-11-11,300284,苏交科,s6setup-c755ba4efb03e1e282b2,KEY_CANDIDATE,SUPPORT_CONFIRMED,True,5,RELIABLE,250,0.352,0.184,0.442142
S6_ENTRY_E2_PROBABILITY_RR,2024-11-11,300394,天孚通信,s6setup-8ead4a2d70dd6c4cbec2,WATCH_CANDIDATE,NOT_APPLICABLE,False,0,NOT_EVALUATED,0,0.0,0.0,0.0
S6_ENTRY_E2_PROBABILITY_RR,2024-11-11,600601,方正科技,s6setup-69badbc1a77b36f76c90,WATCH_CANDIDATE,NOT_APPLICABLE,False,0,NOT_EVALUATED,0,0.0,0.0,0.0
S6_ENTRY_E2_PROBABILITY_RR,2024-11-11,600990,四创电子,s6setup-f60a3a82f18a788290ae,KEY_CANDIDATE,SUPPORT_CONFIRMED,True,5,RELIABLE,250,0.568,0.244,0.597218
S6_ENTRY_E2_PROBABILITY_RR,2024-11-11,603486,科沃斯,s6setup-6898d3a1d4a6f35be2f0,WATCH_CANDIDATE,SUPPORT_CONFIRMED,True,5,RELIABLE,250,0.412,0.28,0.201893
S6_ENTRY_E2_PROBABILITY_RR,2024-11-11,603893,瑞芯微,s6setup-a63db8c9eb7d11d047d3,KEY_CANDIDATE,NOT_APPLICABLE,False,0,NOT_EVALUATED,0,0.0,0.0,0.0
S6_ENTRY_E2_PROBABILITY_RR,2024-11-12,300046,台基股份,s6setup-80d778573b45a6448eaf,WATCH_CANDIDATE,SUPPORT_CONFIRMED,True,5,RELIABLE,250,0.344,0.152,0.093026
S6_ENTRY_E2_PROBABILITY_RR,2024-11-12,300102,乾照光电,s6setup-5c64756c89da797ce137,KEY_CANDIDATE,SUPPORT_CONFIRMED,True,3,NOT_EVALUATED,0,0.0,0.0,0.0
S6_ENTRY_E2_PROBABILITY_RR,2024-11-12,300292,吴通控股,s6setup-01f82f10d02fa98a0dc6,KEY_CANDIDATE,SUPPORT_FORMING,False,2,NOT_EVALUATED,0,0.0,0.0,0.0
S6_ENTRY_E2_PROBABILITY_RR,2024-11-12,300397,天和防务,s6setup-d1889779ea60fdef1231,WATCH_CANDIDATE,SUPPORT_CONFIRMED,True,3,NOT_EVALUATED,0,0.0,0.0,0.0
S6_ENTRY_E2_PROBABILITY_RR,2024-11-12,603893,瑞芯微,s6setup-a63db8c9eb7d11d047d3,KEY_CANDIDATE,NOT_APPLICABLE,False,0,NOT_EVALUATED,0,0.0,0.0,0.0
S6_ENTRY_E2_PROBABILITY_RR,2024-11-13,300008,天海防务,s6setup-6690c342fe613eb7b44d,WATCH_CANDIDATE,SUPPORT_CONFIRMED,True,5,RELIABLE,250,0.572,0.184,0.276564
S6_ENTRY_E2_PROBABILITY_RR,2024-11-13,300046,台基股份,s6setup-80d778573b45a6448eaf,WATCH_CANDIDATE,SUPPORT_CONFIRMED,True,4,RELIABLE,250,0.312,0.156,0.060582
S6_ENTRY_E2_PROBABILITY_RR,2024-11-13,300085,银之杰,s6setup-e42a370d8980d8402bcb,WATCH_CANDIDATE,SUPPORT_FORMING,False,2,NOT_EVALUATED,0,0.0,0.0,0.0
S6_ENTRY_E2_PROBABILITY_RR,2024-11-13,300102,乾照光电,s6setup-5c64756c89da797ce137,KEY_CANDIDATE,SUPPORT_CONFIRMED,True,5,RELIABLE,250,0.316,0.208,0.250992
S6_ENTRY_E2_PROBABILITY_RR,2024-11-13,300292,吴通控股,s6setup-9c48f58a27fc6f188c7b,WATCH_CANDIDATE,NOT_APPLICABLE,False,0,NOT_EVALUATED,0,0.0,0.0,0.0
S6_ENTRY_E2_PROBABILITY_RR,2024-11-13,300424,航新科技,s6setup-be858b46ff0d049233b9,WATCH_CANDIDATE,SUPPORT_FORMING,False,3,NOT_EVALUATED,0,0.0,0.0,0.0
S6_ENTRY_E2_PROBABILITY_RR,2024-11-13,300570,太辰光,s6setup-38a6a6d341095f048664,WATCH_CANDIDATE,SUPPORT_CONFIRMED,True,5,RELIABLE,250,0.308,0.16,0.121177
S6_ENTRY_E2_PROBABILITY_RR,2024-11-13,301091,深城交,s6setup-1fdb4e96ccfdd131bd2a,KEY_CANDIDATE,NOT_APPLICABLE,False,0,NOT_EVALUATED,0,0.0,0.0,0.0
S6_ENTRY_E2_PROBABILITY_RR,2024-11-13,603893,瑞芯微,s6setup-a63db8c9eb7d11d047d3,KEY_CANDIDATE,SUPPORT_CONFIRMED,True,5,RELIABLE,250,0.432,0.152,0.266686
S6_ENTRY_E2_PROBABILITY_RR,2024-11-14,000829,天音控股,s6setup-085cfe806f3931768d77,KEY_CANDIDATE,SUPPORT_CONFIRMED,True,3,RELIABLE,250,0.536,0.172,0.623547
S6_ENTRY_E2_PROBABILITY_RR,2024-11-14,300256,星星科技,s6setup-f5234fdcb28fc48d4666,WATCH_CANDIDATE,NOT_APPLICABLE,False,0,NOT_EVALUATED,0,0.0,0.0,0.0
S6_ENTRY_E2_PROBABILITY_RR,2024-11-14,600843,上工申贝,s6setup-85db4a2ab7750e044af3,KEY_CANDIDATE,SUPPORT_CONFIRMED,True,3,NOT_EVALUATED,0,0.0,0.0,0.0
S6_ENTRY_E2_PROBABILITY_RR,2024-11-15,000829,天音控股,s6setup-085cfe806f3931768d77,KEY_CANDIDATE,SUPPORT_CONFIRMED,True,3,RELIABLE,250,0.612,0.208,0.600701
S6_ENTRY_E2_PROBABILITY_RR,2024-11-15,300256,星星科技,s6setup-f5234fdcb28fc48d4666,WATCH_CANDIDATE,NOT_APPLICABLE,False,0,NOT_EVALUATED,0,0.0,0.0,0.0
S6_ENTRY_E2_PROBABILITY_RR,2024-11-15,300322,硕贝德,s6setup-3e5c7024c90b1574be62,WATCH_CANDIDATE,NOT_APPLICABLE,False,0,NOT_EVALUATED,0,0.0,0.0,0.0
S6_ENTRY_E2_PROBABILITY_RR,2024-11-15,300776,帝尔激光,s6setup-c76fc897bc2b7cd6f146,KEY_CANDIDATE,SUPPORT_FORMING,False,2,NOT_EVALUATED,0,0.0,0.0,0.0
S6_ENTRY_E2_PROBABILITY_RR,2024-11-18,002281,光迅科技,s6setup-b8d2a449d0045b5a5ce1,WATCH_CANDIDATE,SUPPORT_FORMING,False,2,NOT_EVALUATED,0,0.0,0.0,0.0
S6_ENTRY_E2_PROBABILITY_RR,2024-11-18,300776,帝尔激光,s6setup-8c07e4dcf09a7e8c17bc,KEY_CANDIDATE,SUPPORT_FORMING,False,2,NOT_EVALUATED,0,0.0,0.0,0.0
S6_ENTRY_E2_PROBABILITY_RR,2024-11-19,002273,水晶光电,s6setup-5be11763ef3d6bd00c66,WATCH_CANDIDATE,NOT_APPLICABLE,False,0,NOT_EVALUATED,0,0.0,0.0,0.0
S6_ENTRY_E2_PROBABILITY_RR,2024-11-19,002281,光迅科技,s6setup-b8d2a449d0045b5a5ce1,KEY_CANDIDATE,SUPPORT_CONFIRMED,True,5,NOT_EVALUATED,0,0.0,0.0,0.0
S6_ENTRY_E2_PROBABILITY_RR,2024-11-19,300059,东方财富,s6setup-f33f2ffc7cab91125159,WATCH_CANDIDATE,SUPPORT_CONFIRMED,True,5,NOT_EVALUATED,0,0.0,0.0,0.0
S6_ENTRY_E2_PROBABILITY_RR,2024-11-19,600879,航天电子,s6setup-9543c99369764b5ccdd8,WATCH_CANDIDATE,SUPPORT_FORMING,False,4,NOT_EVALUATED,0,0.0,0.0,0.0
S6_ENTRY_E2_PROBABILITY_RR,2024-11-19,603920,世运电路,s6setup-d587b9f81f181660d2f5,WATCH_CANDIDATE,NOT_APPLICABLE,False,0,NOT_EVALUATED,0,0.0,0.0,0.0
S6_ENTRY_E2_PROBABILITY_RR,2024-11-20,002273,水晶光电,s6setup-5be11763ef3d6bd00c66,WATCH_CANDIDATE,SUPPORT_CONFIRMED,True,4,NOT_EVALUATED,0,0.0,0.0,0.0
S6_ENTRY_E2_PROBABILITY_RR,2024-11-20,002281,光迅科技,s6setup-e1af045107ab081f5b6e,KEY_CANDIDATE,SUPPORT_CONFIRMED,True,5,NOT_EVALUATED,0,0.0,0.0,0.0
S6_ENTRY_E2_PROBABILITY_RR,2024-11-20,300059,东方财富,s6setup-f33f2ffc7cab91125159,WATCH_CANDIDATE,SUPPORT_CONFIRMED,True,3,NOT_EVALUATED,0,0.0,0.0,0.0
S6_ENTRY_E2_PROBABILITY_RR,2024-11-20,603920,世运电路,s6setup-d587b9f81f181660d2f5,WATCH_CANDIDATE,NOT_APPLICABLE,False,0,NOT_EVALUATED,0,0.0,0.0,0.0
S6_ENTRY_E2_PROBABILITY_RR,2024-11-20,688015,交控科技,s6setup-379b47d4a8f9a2b84d9b,WATCH_CANDIDATE,NOT_APPLICABLE,False,0,NOT_EVALUATED,0,0.0,0.0,0.0
S6_ENTRY_E2_PROBABILITY_RR,2024-11-20,688256,寒武纪,s6setup-8a4e7f4aa3a11b6e31f8,WATCH_CANDIDATE,NOT_APPLICABLE,False,0,NOT_EVALUATED,0,0.0,0.0,0.0
S6_ENTRY_E2_PROBABILITY_RR,2024-11-21,002273,水晶光电,s6setup-52ee156bbd13078c93bf,WATCH_CANDIDATE,SUPPORT_CONFIRMED,True,3,NOT_EVALUATED,0,0.0,0.0,0.0
S6_ENTRY_E2_PROBABILITY_RR,2024-11-21,002281,光迅科技,s6setup-245f99defd9d51049930,KEY_CANDIDATE,SUPPORT_CONFIRMED,True,3,NOT_EVALUATED,0,0.0,0.0,0.0
S6_ENTRY_E2_PROBABILITY_RR,2024-11-21,603920,世运电路,s6setup-d587b9f81f181660d2f5,WATCH_CANDIDATE,SUPPORT_CONFIRMED,True,4,NOT_EVALUATED,0,0.0,0.0,0.0
S6_ENTRY_E2_PROBABILITY_RR,2024-11-21,688015,交控科技,s6setup-379b47d4a8f9a2b84d9b,WATCH_CANDIDATE,SUPPORT_CONFIRMED,True,4,NOT_EVALUATED,0,0.0,0.0,0.0
S6_ENTRY_E2_PROBABILITY_RR,2024-11-22,300857,协创数据,s6setup-42f12e312df88455db31,KEY_CANDIDATE,SUPPORT_CONFIRMED,True,3,RELIABLE,250,0.452,0.26,0.594326
S6_ENTRY_E2_PROBABILITY_RR,2024-11-22,603099,长白山,s6setup-f5596be19bb7272c4656,KEY_CANDIDATE,SUPPORT_CONFIRMED,True,3,RELIABLE,250,0.532,0.316,0.960564
S6_ENTRY_E2_PROBABILITY_RR,2024-11-25,002979,雷赛智能,s6setup-313394d2517122d09fe9,KEY_CANDIDATE,SUPPORT_FORMING,False,4,RELIABLE,250,0.404,0.236,0.802762
S6_ENTRY_E2_PROBABILITY_RR,2024-11-25,600010,包钢股份,s6setup-dbea198c47162c06a439,KEY_CANDIDATE,SUPPORT_CONFIRMED,True,5,RELIABLE,250,0.344,0.172,0.243594
S6_ENTRY_E2_PROBABILITY_RR,2024-11-25,603099,长白山,s6setup-7b16baa68ddbd2d18b34,KEY_CANDIDATE,SUPPORT_CONFIRMED,True,5,RELIABLE,250,0.652,0.316,1.140405
S6_ENTRY_E2_PROBABILITY_RR,2024-11-25,688418,震有科技,s6setup-c900465decb008272a75,KEY_CANDIDATE,NOT_APPLICABLE,False,0,NOT_EVALUATED,0,0.0,0.0,0.0
S6_ENTRY_E2_PROBABILITY_RR,2024-11-26,603099,长白山,s6setup-7b16baa68ddbd2d18b34,WATCH_CANDIDATE,NOT_APPLICABLE,False,0,NOT_EVALUATED,0,0.0,0.0,0.0
S6_ENTRY_E2_PROBABILITY_RR,2024-11-26,688418,震有科技,s6setup-76ad98e4224f639a066d,WATCH_CANDIDATE,NOT_APPLICABLE,False,0,NOT_EVALUATED,0,0.0,0.0,0.0
S6_ENTRY_E2_PROBABILITY_RR,2024-12-02,688027,国盾量子,s6setup-cc6c31f79103fda91a9f,WATCH_CANDIDATE,NOT_APPLICABLE,False,0,NOT_EVALUATED,0,0.0,0.0,0.0
S6_ENTRY_E2_PROBABILITY_RR,2024-12-02,688116,天奈科技,s6setup-ae1919e95f7b3d37f2ad,KEY_CANDIDATE,NOT_APPLICABLE,False,0,NOT_EVALUATED,0,0.0,0.0,0.0
S6_ENTRY_E2_PROBABILITY_RR,2024-12-03,688027,国盾量子,s6setup-cc6c31f79103fda91a9f,WATCH_CANDIDATE,NOT_APPLICABLE,False,0,NOT_EVALUATED,0,0.0,0.0,0.0
S6_ENTRY_E2_PROBABILITY_RR,2024-12-03,688299,长阳科技,s6setup-43afa70145b72df89eb9,WATCH_CANDIDATE,SUPPORT_CONFIRMED,True,3,NOT_EVALUATED,0,0.0,0.0,0.0
S6_ENTRY_E2_PROBABILITY_RR,2024-12-04,300622,博士眼镜,s6setup-0016297a5a560bad3b35,WATCH_CANDIDATE,NOT_APPLICABLE,False,0,NOT_EVALUATED,0,0.0,0.0,0.0
S6_ENTRY_E2_PROBABILITY_RR,2024-12-04,688116,天奈科技,s6setup-ae1919e95f7b3d37f2ad,KEY_CANDIDATE,SUPPORT_CONFIRMED,True,4,RELIABLE,250,0.476,0.164,0.536223
S6_ENTRY_E2_PROBABILITY_RR,2024-12-04,688299,长阳科技,s6setup-43afa70145b72df89eb9,WATCH_CANDIDATE,SUPPORT_CONFIRMED,True,3,NOT_EVALUATED,0,0.0,0.0,0.0
S6_ENTRY_E2_PROBABILITY_RR,2024-12-05,002241,歌尔股份,s6setup-c8f06de1d14a601c92f2,WATCH_CANDIDATE,NOT_APPLICABLE,False,0,NOT_EVALUATED,0,0.0,0.0,0.0
S6_ENTRY_E2_PROBABILITY_RR,2024-12-05,300622,博士眼镜,s6setup-0016297a5a560bad3b35,WATCH_CANDIDATE,SUPPORT_CONFIRMED,True,5,NOT_EVALUATED,0,0.0,0.0,0.0
S6_ENTRY_E2_PROBABILITY_RR,2024-12-05,688027,国盾量子,s6setup-cc6c31f79103fda91a9f,WATCH_CANDIDATE,SUPPORT_CONFIRMED,True,3,NOT_EVALUATED,0,0.0,0.0,0.0
S6_ENTRY_E2_PROBABILITY_RR,2024-12-06,300131,英唐智控,s6setup-8d7f3cd60a44c38e966c,WATCH_CANDIDATE,SUPPORT_CONFIRMED,True,3,NOT_EVALUATED,0,0.0,0.0,0.0
S6_ENTRY_E2_PROBABILITY_RR,2024-12-06,688047,龙芯中科,s6setup-14e014135a88f7a17339,WATCH_CANDIDATE,NOT_APPLICABLE,False,0,NOT_EVALUATED,0,0.0,0.0,0.0
S6_ENTRY_E2_PROBABILITY_RR,2024-12-09,002245,蔚蓝锂芯,s6setup-7cfb7c6ade0dd98f80b1,KEY_CANDIDATE,SUPPORT_CONFIRMED,True,3,RELIABLE,250,0.276,0.168,0.3448
S6_ENTRY_E2_PROBABILITY_RR,2024-12-09,600104,上汽集团,s6setup-16907d8b1e8abc6aa0b4,KEY_CANDIDATE,SUPPORT_CONFIRMED,True,4,NOT_EVALUATED,0,0.0,0.0,0.0
S6_ENTRY_E2_PROBABILITY_RR,2024-12-10,002245,蔚蓝锂芯,s6setup-bb09aca5ea8ef855f0f4,KEY_CANDIDATE,SUPPORT_CONFIRMED,True,3,NOT_EVALUATED,0,0.0,0.0,0.0
S6_ENTRY_E2_PROBABILITY_RR,2024-12-11,002194,武汉凡谷,s6setup-3612f5ac72a5762c6014,KEY_CANDIDATE,SUPPORT_CONFIRMED,True,3,RELIABLE,250,0.212,0.176,0.11653
S6_ENTRY_E2_PROBABILITY_RR,2024-12-11,600776,东方通信,s6setup-2d0fcc865c125bc42520,KEY_CANDIDATE,NOT_APPLICABLE,False,0,NOT_EVALUATED,0,0.0,0.0,0.0
S6_ENTRY_E2_PROBABILITY_RR,2024-12-11,601360,三六零,s6setup-6271e09715fb99b07d7c,KEY_CANDIDATE,SUPPORT_CONFIRMED,True,4,RELIABLE,250,0.344,0.188,0.50159
S6_ENTRY_E2_PROBABILITY_RR,2024-12-12,600776,东方通信,s6setup-2d0fcc865c125bc42520,KEY_CANDIDATE,NOT_APPLICABLE,False,0,NOT_EVALUATED,0,0.0,0.0,0.0
S6_ENTRY_E2_PROBABILITY_RR,2024-12-13,300377,赢时胜,s6setup-861e18604179a7947c08,WATCH_CANDIDATE,SUPPORT_CONFIRMED,True,3,NOT_EVALUATED,0,0.0,0.0,0.0
S6_ENTRY_E2_PROBABILITY_RR,2024-12-13,601615,明阳智能,s6setup-8d97ee6c589ea1ecf708,WATCH_CANDIDATE,SUPPORT_CONFIRMED,True,3,RELIABLE,250,0.624,0.316,0.32582
S6_ENTRY_E2_PROBABILITY_RR,2024-12-16,300694,蠡湖股份,s6setup-16fbe563d003ec7102ed,WATCH_CANDIDATE,NOT_APPLICABLE,False,0,NOT_EVALUATED,0,0.0,0.0,0.0
S6_ENTRY_E2_PROBABILITY_RR,2024-12-16,600292,电投水电,s6setup-6e3280140834bf327467,WATCH_CANDIDATE,SUPPORT_FORMING,False,2,NOT_EVALUATED,0,0.0,0.0,0.0
S6_ENTRY_E2_PROBABILITY_RR,2024-12-17,300694,蠡湖股份,s6setup-16fbe563d003ec7102ed,WATCH_CANDIDATE,NOT_APPLICABLE,False,0,NOT_EVALUATED,0,0.0,0.0,0.0
S6_ENTRY_E2_PROBABILITY_RR,2024-12-18,600601,方正科技,s6setup-c456d52e3d99d7b05be2,WATCH_CANDIDATE,SUPPORT_CONFIRMED,True,5,NOT_EVALUATED,0,0.0,0.0,0.0
S6_ENTRY_E2_PROBABILITY_RR,2024-12-19,300370,安控科技,s6setup-407f2bb2aee712d9378a,WATCH_CANDIDATE,SUPPORT_CONFIRMED,True,5,NOT_EVALUATED,0,0.0,0.0,0.0
S6_ENTRY_E2_PROBABILITY_RR,2024-12-19,300459,汤姆猫,s6setup-dbc04670d4bf601779fa,WATCH_CANDIDATE,SUPPORT_CONFIRMED,True,5,NOT_EVALUATED,0,0.0,0.0,0.0
S6_ENTRY_E2_PROBABILITY_RR,2024-12-20,300182,捷成股份,s6setup-d2c15ade4641dee97cba,WATCH_CANDIDATE,NOT_APPLICABLE,False,0,NOT_EVALUATED,0,0.0,0.0,0.0
S6_ENTRY_E2_PROBABILITY_RR,2024-12-20,300459,汤姆猫,s6setup-dbc04670d4bf601779fa,KEY_CANDIDATE,SUPPORT_CONFIRMED,True,3,NOT_EVALUATED,0,0.0,0.0,0.0
S6_ENTRY_E2_PROBABILITY_RR,2024-12-20,300660,江苏雷利,s6setup-04ef634a8a882f10d1b6,KEY_CANDIDATE,NOT_APPLICABLE,False,0,NOT_EVALUATED,0,0.0,0.0,0.0
S6_ENTRY_E2_PROBABILITY_RR,2024-12-20,600864,哈投股份,s6setup-2dcaee0f6253a30902e6,WATCH_CANDIDATE,SUPPORT_CONFIRMED,True,5,NOT_EVALUATED,0,0.0,0.0,0.0
S6_ENTRY_E2_PROBABILITY_RR,2024-12-23,300660,江苏雷利,s6setup-04ef634a8a882f10d1b6,WATCH_CANDIDATE,SUPPORT_CONFIRMED,True,3,NOT_EVALUATED,0,0.0,0.0,0.0
S6_ENTRY_E2_PROBABILITY_RR,2024-12-24,002139,拓邦股份,s6setup-fd1e90188568d41c4d76,KEY_CANDIDATE,SUPPORT_CONFIRMED,True,5,NOT_EVALUATED,0,0.0,0.0,0.0
S6_ENTRY_E2_PROBABILITY_RR,2024-12-24,002979,雷赛智能,s6setup-19de00fa889a1c2ce895,WATCH_CANDIDATE,NOT_APPLICABLE,False,0,NOT_EVALUATED,0,0.0,0.0,0.0
S6_ENTRY_E2_PROBABILITY_RR,2024-12-24,300660,江苏雷利,s6setup-04ef634a8a882f10d1b6,KEY_CANDIDATE,NOT_APPLICABLE,False,0,NOT_EVALUATED,0,0.0,0.0,0.0
S6_ENTRY_E2_PROBABILITY_RR,2024-12-25,002139,拓邦股份,s6setup-fd1e90188568d41c4d76,KEY_CANDIDATE,SUPPORT_CONFIRMED,True,3,NOT_EVALUATED,0,0.0,0.0,0.0
S6_ENTRY_E2_PROBABILITY_RR,2024-12-25,300276,三丰智能,s6setup-6def61aaa26d7a0e6f00,WATCH_CANDIDATE,SUPPORT_CONFIRMED,True,5,NOT_EVALUATED,0,0.0,0.0,0.0
S6_ENTRY_E2_PROBABILITY_RR,2024-12-25,300660,江苏雷利,s6setup-82318e9097d5e2ae5a75,KEY_CANDIDATE,SUPPORT_CONFIRMED,True,4,NOT_EVALUATED,0,0.0,0.0,0.0
S6_ENTRY_E2_PROBABILITY_RR,2024-12-26,002139,拓邦股份,s6setup-fd1e90188568d41c4d76,WATCH_CANDIDATE,SUPPORT_FORMING,False,4,NOT_EVALUATED,0,0.0,0.0,0.0
S6_ENTRY_E2_PROBABILITY_RR,2024-12-26,300276,三丰智能,s6setup-6def61aaa26d7a0e6f00,WATCH_CANDIDATE,SUPPORT_CONFIRMED,True,5,NOT_EVALUATED,0,0.0,0.0,0.0
S6_ENTRY_E2_PROBABILITY_RR,2024-12-26,300503,昊志机电,s6setup-4be758aa7cd2b076adfe,WATCH_CANDIDATE,SUPPORT_CONFIRMED,True,5,NOT_EVALUATED,0,0.0,0.0,0.0
S6_ENTRY_E2_PROBABILITY_RR,2024-12-27,002139,拓邦股份,s6setup-fd1e90188568d41c4d76,WATCH_CANDIDATE,WAITING_BREAKOUT,False,0,NOT_EVALUATED,0,0.0,0.0,0.0
S6_ENTRY_E2_PROBABILITY_RR,2024-12-27,300403,汉宇集团,s6setup-16b388b01bcdba9acf84,WATCH_CANDIDATE,SUPPORT_CONFIRMED,True,3,NOT_EVALUATED,0,0.0,0.0,0.0
S6_ENTRY_E2_PROBABILITY_RR,2024-12-27,300660,江苏雷利,s6setup-04ef634a8a882f10d1b6,WATCH_CANDIDATE,SUPPORT_CONFIRMED,True,3,NOT_EVALUATED,0,0.0,0.0,0.0
S6_ENTRY_E2_PROBABILITY_RR,2024-12-27,688787,海天瑞声,s6setup-d3019118655a97c1c18a,WATCH_CANDIDATE,SUPPORT_CONFIRMED,True,3,NOT_EVALUATED,0,0.0,0.0,0.0
S6_ENTRY_E2_PROBABILITY_RR,2024-12-30,688205,德科立,s6setup-97ceb9eb89758d0cd3b1,WATCH_CANDIDATE,NOT_APPLICABLE,False,0,NOT_EVALUATED,0,0.0,0.0,0.0
S6_ENTRY_E2_PROBABILITY_RR,2024-12-30,688787,海天瑞声,s6setup-7432ad1cb6aa3d94c1cc,WATCH_CANDIDATE,SUPPORT_CONFIRMED,True,3,NOT_EVALUATED,0,0.0,0.0,0.0
S6_ENTRY_E2_PROBABILITY_RR,2025-01-03,688205,德科立,s6setup-65fe963253d88d0a6493,WATCH_CANDIDATE,SUPPORT_FORMING,False,2,NOT_EVALUATED,0,0.0,0.0,0.0
S6_ENTRY_E2_PROBABILITY_RR,2025-01-14,300153,科泰电源,s6setup-0a4db8a473032dbd1ffb,WATCH_CANDIDATE,SUPPORT_CONFIRMED,True,5,NOT_EVALUATED,0,0.0,0.0,0.0
S6_ENTRY_E2_PROBABILITY_RR,2025-01-14,300913,兆龙互连,s6setup-e8eb38b1be1b6db794ca,WATCH_CANDIDATE,SUPPORT_CONFIRMED,True,5,NOT_EVALUATED,0,0.0,0.0,0.0
S6_ENTRY_E2_PROBABILITY_RR,2025-01-14,603236,移远通信,s6setup-c798af28efd589de84d8,WATCH_CANDIDATE,NOT_APPLICABLE,False,0,NOT_EVALUATED,0,0.0,0.0,0.0
S6_ENTRY_E2_PROBABILITY_RR,2025-01-15,300383,光环新网,s6setup-055f624a2e78d5a0096b,WATCH_CANDIDATE,NOT_APPLICABLE,False,0,NOT_EVALUATED,0,0.0,0.0,0.0
S6_ENTRY_E2_PROBABILITY_RR,2025-01-16,002837,英维克,s6setup-d237c63e5ef4128ba007,WATCH_CANDIDATE,SUPPORT_CONFIRMED,True,3,RELIABLE,250,0.416,0.18,0.591901
S6_ENTRY_E2_PROBABILITY_RR,2025-01-17,002837,英维克,s6setup-db6b8624ef8fbb8c39bb,WATCH_CANDIDATE,SUPPORT_CONFIRMED,True,5,RELIABLE,250,0.42,0.176,0.610813
S6_ENTRY_E2_PROBABILITY_RR,2025-01-17,300548,长芯博创,s6setup-c5c467da96963d5f8101,WATCH_CANDIDATE,NOT_APPLICABLE,False,0,NOT_EVALUATED,0,0.0,0.0,0.0
S6_ENTRY_E2_PROBABILITY_RR,2025-01-17,688300,联瑞新材,s6setup-cf361e9a86cd625db123,WATCH_CANDIDATE,NOT_APPLICABLE,False,0,NOT_EVALUATED,0,0.0,0.0,0.0
S6_ENTRY_E2_PROBABILITY_RR,2025-01-20,002837,英维克,s6setup-c5404b55eadcccdf475a,WATCH_CANDIDATE,NOT_APPLICABLE,False,0,NOT_EVALUATED,0,0.0,0.0,0.0
S6_ENTRY_E2_PROBABILITY_RR,2025-01-20,002916,深南电路,s6setup-d5115329e96a644ef467,WATCH_CANDIDATE,NOT_APPLICABLE,False,0,NOT_EVALUATED,0,0.0,0.0,0.0
S6_ENTRY_E2_PROBABILITY_RR,2025-01-21,002837,英维克,s6setup-f67c342e5e1c5b0460b4,WATCH_CANDIDATE,NOT_APPLICABLE,False,0,NOT_EVALUATED,0,0.0,0.0,0.0
S6_ENTRY_E2_PROBABILITY_RR,2025-01-22,300708,聚灿光电,s6setup-0a630f7143c7c44f29df,KEY_CANDIDATE,SUPPORT_CONFIRMED,True,3,RELIABLE,250,0.296,0.12,0.164026
S6_ENTRY_E2_PROBABILITY_RR,2025-01-23,300708,聚灿光电,s6setup-819b55c44b879628da21,WATCH_CANDIDATE,NOT_APPLICABLE,False,0,NOT_EVALUATED,0,0.0,0.0,0.0
S6_ENTRY_E2_PROBABILITY_RR,2025-02-06,002779,中坚科技,s6setup-eaeec946631a8c7068b1,WATCH_CANDIDATE,NOT_APPLICABLE,False,0,NOT_EVALUATED,0,0.0,0.0,0.0
S6_ENTRY_E2_PROBABILITY_RR,2025-02-06,688571,杭华股份,s6setup-124316f9ae6e7421f426,WATCH_CANDIDATE,NOT_APPLICABLE,False,0,NOT_EVALUATED,0,0.0,0.0,0.0
S6_ENTRY_E2_PROBABILITY_RR,2025-02-07,300684,中石科技,s6setup-28fe5a89fa9261a77ef7,WATCH_CANDIDATE,SUPPORT_CONFIRMED,True,4,NOT_EVALUATED,0,0.0,0.0,0.0
S6_ENTRY_E2_PROBABILITY_RR,2025-02-10,002119,康强电子,s6setup-0128d555faa09eeebb8f,WATCH_CANDIDATE,NOT_APPLICABLE,False,0,NOT_EVALUATED,0,0.0,0.0,0.0
S6_ENTRY_E2_PROBABILITY_RR,2025-02-10,300684,中石科技,s6setup-e1ffb4c368f38b7370dd,WATCH_CANDIDATE,SUPPORT_CONFIRMED,True,3,NOT_EVALUATED,0,0.0,0.0,0.0
S6_ENTRY_E2_PROBABILITY_RR,2025-02-11,002119,康强电子,s6setup-ee83bf34d16fd61dbe6e,WATCH_CANDIDATE,SUPPORT_CONFIRMED,True,3,RELIABLE,250,0.544,0.172,0.69125
S6_ENTRY_E2_PROBABILITY_RR,2025-02-11,600601,方正科技,s6setup-f532cfcef1961d07d7a5,KEY_CANDIDATE,SUPPORT_CONFIRMED,True,3,NOT_EVALUATED,0,0.0,0.0,0.0
S6_ENTRY_E2_PROBABILITY_RR,2025-02-11,603015,弘讯科技,s6setup-84ab2f527131a37304df,KEY_CANDIDATE,NOT_APPLICABLE,False,0,NOT_EVALUATED,0,0.0,0.0,0.0
S6_ENTRY_E2_PROBABILITY_RR,2025-02-12,600601,方正科技,s6setup-f532cfcef1961d07d7a5,KEY_CANDIDATE,NOT_APPLICABLE,False,0,NOT_EVALUATED,0,0.0,0.0,0.0
S6_ENTRY_E2_PROBABILITY_RR,2025-02-12,603986,兆易创新,s6setup-7a6580f669fe0713c9ea,WATCH_CANDIDATE,WAITING_BREAKOUT,False,0,NOT_EVALUATED,0,0.0,0.0,0.0
S6_ENTRY_E2_PROBABILITY_RR,2025-02-13,002779,中坚科技,s6setup-a87bc4274e1797816b7e,WATCH_CANDIDATE,NOT_APPLICABLE,False,0,NOT_EVALUATED,0,0.0,0.0,0.0
S6_ENTRY_E2_PROBABILITY_RR,2025-02-13,600183,生益科技,s6setup-cddc9fa2ae414bb11d69,WATCH_CANDIDATE,SUPPORT_CONFIRMED,True,3,RELIABLE,250,0.632,0.196,0.730417
S6_ENTRY_E2_PROBABILITY_RR,2025-02-13,688288,鸿泉技术,s6setup-218c603583976a102055,KEY_CANDIDATE,NOT_APPLICABLE,False,0,NOT_EVALUATED,0,0.0,0.0,0.0
S6_ENTRY_E2_PROBABILITY_RR,2025-02-14,002779,中坚科技,s6setup-18aae797240da13c306a,WATCH_CANDIDATE,NOT_APPLICABLE,False,0,NOT_EVALUATED,0,0.0,0.0,0.0
S6_ENTRY_E2_PROBABILITY_RR,2025-02-14,300433,蓝思科技,s6setup-1cb2d12993de1176da44,WATCH_CANDIDATE,NOT_APPLICABLE,False,0,NOT_EVALUATED,0,0.0,0.0,0.0
S6_ENTRY_E2_PROBABILITY_RR,2025-02-17,002779,中坚科技,s6setup-18aae797240da13c306a,WATCH_CANDIDATE,NOT_APPLICABLE,False,0,NOT_EVALUATED,0,0.0,0.0,0.0
S6_ENTRY_E2_PROBABILITY_RR,2025-02-17,300433,蓝思科技,s6setup-65f64be8e941ebd44b99,WATCH_CANDIDATE,NOT_APPLICABLE,False,0,NOT_EVALUATED,0,0.0,0.0,0.0
S6_ENTRY_E2_PROBABILITY_RR,2025-02-17,301000,肇民科技,s6setup-918da66ce65af122abad,WATCH_CANDIDATE,NOT_APPLICABLE,False,0,NOT_EVALUATED,0,0.0,0.0,0.0
S6_ENTRY_E2_PROBABILITY_RR,2025-02-18,300433,蓝思科技,s6setup-65f64be8e941ebd44b99,KEY_CANDIDATE,NOT_APPLICABLE,False,0,NOT_EVALUATED,0,0.0,0.0,0.0
S6_ENTRY_E2_PROBABILITY_RR,2025-02-18,301000,肇民科技,s6setup-918da66ce65af122abad,WATCH_CANDIDATE,SUPPORT_CONFIRMED,True,3,NOT_EVALUATED,0,0.0,0.0,0.0
S6_ENTRY_E2_PROBABILITY_RR,2025-02-18,603809,豪能股份,s6setup-b711397711c1038bd559,WATCH_CANDIDATE,NOT_APPLICABLE,False,0,NOT_EVALUATED,0,0.0,0.0,0.0
S6_ENTRY_E2_PROBABILITY_RR,2025-02-18,688160,步科股份,s6setup-bb256764512af0a8dbea,WATCH_CANDIDATE,NOT_APPLICABLE,False,0,NOT_EVALUATED,0,0.0,0.0,0.0
S6_ENTRY_E2_PROBABILITY_RR,2025-02-19,300613,富瀚微,s6setup-a6e1ba2cf256a30223eb,WATCH_CANDIDATE,SUPPORT_CONFIRMED,True,5,NOT_EVALUATED,0,0.0,0.0,0.0
S6_ENTRY_E2_PROBABILITY_RR,2025-02-19,301000,肇民科技,s6setup-918da66ce65af122abad,WATCH_CANDIDATE,NOT_APPLICABLE,False,0,NOT_EVALUATED,0,0.0,0.0,0.0
S6_ENTRY_E2_PROBABILITY_RR,2025-02-19,603809,豪能股份,s6setup-51dd18023b551d7f64d7,WATCH_CANDIDATE,NOT_APPLICABLE,False,0,NOT_EVALUATED,0,0.0,0.0,0.0
S6_ENTRY_E2_PROBABILITY_RR,2025-02-19,688160,步科股份,s6setup-bb256764512af0a8dbea,WATCH_CANDIDATE,NOT_APPLICABLE,False,0,NOT_EVALUATED,0,0.0,0.0,0.0
S6_ENTRY_E2_PROBABILITY_RR,2025-02-20,300433,蓝思科技,s6setup-1cb2d12993de1176da44,WATCH_CANDIDATE,NOT_APPLICABLE,False,0,NOT_EVALUATED,0,0.0,0.0,0.0
S6_ENTRY_E2_PROBABILITY_RR,2025-02-20,300613,富瀚微,s6setup-ccef6534bb60e0821650,WATCH_CANDIDATE,NOT_APPLICABLE,False,0,NOT_EVALUATED,0,0.0,0.0,0.0
S6_ENTRY_E2_PROBABILITY_RR,2025-02-20,603809,豪能股份,s6setup-b711397711c1038bd559,KEY_CANDIDATE,NOT_APPLICABLE,False,0,NOT_EVALUATED,0,0.0,0.0,0.0
S6_ENTRY_E2_PROBABILITY_RR,2025-02-21,603236,移远通信,s6setup-0ea4f7f9586e556c39d6,WATCH_CANDIDATE,SUPPORT_CONFIRMED,True,5,NOT_EVALUATED,0,0.0,0.0,0.0
S6_ENTRY_E2_PROBABILITY_RR,2025-02-21,603809,豪能股份,s6setup-b711397711c1038bd559,WATCH_CANDIDATE,SUPPORT_CONFIRMED,True,4,NOT_EVALUATED,0,0.0,0.0,0.0
S6_ENTRY_E2_PROBABILITY_RR,2025-02-24,300433,蓝思科技,s6setup-1cb2d12993de1176da44,WATCH_CANDIDATE,NOT_APPLICABLE,False,0,NOT_EVALUATED,0,0.0,0.0,0.0
S6_ENTRY_E2_PROBABILITY_RR,2025-02-25,300433,蓝思科技,s6setup-1cb2d12993de1176da44,WATCH_CANDIDATE,SUPPORT_FORMING,False,2,RELIABLE,250,0.78,0.22,0.833686
S6_ENTRY_E2_PROBABILITY_RR,2025-02-25,300634,彩讯股份,s6setup-ed8712b062c23b890d99,KEY_CANDIDATE,SUPPORT_CONFIRMED,True,3,RELIABLE,250,0.464,0.216,0.423574
S6_ENTRY_E2_PROBABILITY_RR,2025-02-25,300925,法本信息,s6setup-38cff9e0e7e0419fec38,WATCH_CANDIDATE,NOT_APPLICABLE,False,0,NOT_EVALUATED,0,0.0,0.0,0.0
S6_ENTRY_E2_PROBABILITY_RR,2025-02-26,002517,恺英网络,s6setup-09f68dca72be920caa28,KEY_CANDIDATE,NOT_APPLICABLE,False,0,NOT_EVALUATED,0,0.0,0.0,0.0
S6_ENTRY_E2_PROBABILITY_RR,2025-02-26,300229,拓尔思,s6setup-8351a4c7023572b12be5,KEY_CANDIDATE,SUPPORT_CONFIRMED,True,5,RELIABLE,250,0.436,0.168,0.247772
S6_ENTRY_E2_PROBABILITY_RR,2025-02-26,300634,彩讯股份,s6setup-d887655c5a20d3bbae0d,KEY_CANDIDATE,SUPPORT_CONFIRMED,True,5,RELIABLE,250,0.488,0.22,0.481014
S6_ENTRY_E2_PROBABILITY_RR,2025-02-26,300925,法本信息,s6setup-38cff9e0e7e0419fec38,WATCH_CANDIDATE,SUPPORT_CONFIRMED,True,3,RELIABLE,250,0.372,0.368,0.058981
S6_ENTRY_E2_PROBABILITY_RR,2025-02-26,600186,莲花控股,s6setup-4d929ef3b104891ee150,WATCH_CANDIDATE,NOT_APPLICABLE,False,0,NOT_EVALUATED,0,0.0,0.0,0.0
S6_ENTRY_E2_PROBABILITY_RR,2025-02-26,688178,万德斯,s6setup-a82e2950ef5eb410c141,KEY_CANDIDATE,NOT_APPLICABLE,False,0,NOT_EVALUATED,0,0.0,0.0,0.0
S6_ENTRY_E2_PROBABILITY_RR,2025-02-27,002517,恺英网络,s6setup-7c5bd582e895de16e58c,WATCH_CANDIDATE,NOT_APPLICABLE,False,0,NOT_EVALUATED,0,0.0,0.0,0.0
S6_ENTRY_E2_PROBABILITY_RR,2025-02-27,600186,莲花控股,s6setup-4d929ef3b104891ee150,KEY_CANDIDATE,SUPPORT_CONFIRMED,True,3,NOT_EVALUATED,0,0.0,0.0,0.0
S6_ENTRY_E2_PROBABILITY_RR,2025-02-27,688178,万德斯,s6setup-a82e2950ef5eb410c141,KEY_CANDIDATE,NOT_APPLICABLE,False,0,NOT_EVALUATED,0,0.0,0.0,0.0
S6_ENTRY_E2_PROBABILITY_RR,2025-02-28,600120,浙江东方,s6setup-b1c1dcfaa4a6e6244291,WATCH_CANDIDATE,SUPPORT_CONFIRMED,True,3,NOT_EVALUATED,0,0.0,0.0,0.0
S6_ENTRY_E2_PROBABILITY_RR,2025-02-28,600186,莲花控股,s6setup-4d929ef3b104891ee150,KEY_CANDIDATE,SUPPORT_CONFIRMED,True,3,NOT_EVALUATED,0,0.0,0.0,0.0
S6_ENTRY_E2_PROBABILITY_RR,2025-03-03,600186,莲花控股,s6setup-1705233833b71d9111cb,KEY_CANDIDATE,SUPPORT_CONFIRMED,True,4,NOT_EVALUATED,0,0.0,0.0,0.0
S6_ENTRY_E2_PROBABILITY_RR,2025-03-03,688225,亚信安全,s6setup-b7da79bddadf3235431b,KEY_CANDIDATE,SUPPORT_FORMING,False,3,NOT_EVALUATED,0,0.0,0.0,0.0
S6_ENTRY_E2_PROBABILITY_RR,2025-03-04,002036,联创电子,s6setup-cfc0e0c32a83cacd1e5f,WATCH_CANDIDATE,SUPPORT_CONFIRMED,True,5,NOT_EVALUATED,0,0.0,0.0,0.0
S6_ENTRY_E2_PROBABILITY_RR,2025-03-04,603005,晶方科技,s6setup-87b9f7f054113f42440d,WATCH_CANDIDATE,SUPPORT_CONFIRMED,True,5,NOT_EVALUATED,0,0.0,0.0,0.0
S6_ENTRY_E2_PROBABILITY_RR,2025-03-04,603486,科沃斯,s6setup-1329ee6d6176dab5aff4,WATCH_CANDIDATE,NOT_APPLICABLE,False,0,NOT_EVALUATED,0,0.0,0.0,0.0
S6_ENTRY_E2_PROBABILITY_RR,2025-03-04,688135,利扬芯片,s6setup-e4c6a22c1b5169163ff6,WATCH_CANDIDATE,SUPPORT_CONFIRMED,True,5,NOT_EVALUATED,0,0.0,0.0,0.0
S6_ENTRY_E2_PROBABILITY_RR,2025-03-04,688225,亚信安全,s6setup-d497a32a40f10abe4f15,KEY_CANDIDATE,NOT_APPLICABLE,False,0,NOT_EVALUATED,0,0.0,0.0,0.0
S6_ENTRY_E2_PROBABILITY_RR,2025-03-04,688685,迈信林,s6setup-dcd16c635329d8c8710e,KEY_CANDIDATE,NOT_APPLICABLE,False,0,NOT_EVALUATED,0,0.0,0.0,0.0
S6_ENTRY_E2_PROBABILITY_RR,2025-03-05,002036,联创电子,s6setup-cfc0e0c32a83cacd1e5f,WATCH_CANDIDATE,SUPPORT_CONFIRMED,True,5,NOT_EVALUATED,0,0.0,0.0,0.0
S6_ENTRY_E2_PROBABILITY_RR,2025-03-05,603005,晶方科技,s6setup-fb99a9ea9bf6c482cf37,WATCH_CANDIDATE,SUPPORT_CONFIRMED,True,4,NOT_EVALUATED,0,0.0,0.0,0.0
S6_ENTRY_E2_PROBABILITY_RR,2025-03-05,688225,亚信安全,s6setup-d497a32a40f10abe4f15,WATCH_CANDIDATE,SUPPORT_CONFIRMED,True,3,NOT_EVALUATED,0,0.0,0.0,0.0
S6_ENTRY_E2_PROBABILITY_RR,2025-03-05,688466,金科环境,s6setup-62f194e30b1b2d2fada4,WATCH_CANDIDATE,SUPPORT_CONFIRMED,True,4,NOT_EVALUATED,0,0.0,0.0,0.0
S6_ENTRY_E2_PROBABILITY_RR,2025-03-06,002036,联创电子,s6setup-cfc0e0c32a83cacd1e5f,WATCH_CANDIDATE,SUPPORT_CONFIRMED,True,4,NOT_EVALUATED,0,0.0,0.0,0.0
S6_ENTRY_E2_PROBABILITY_RR,2025-03-06,300307,慈星股份,s6setup-5578ad8289ff4165fed9,KEY_CANDIDATE,SUPPORT_CONFIRMED,True,5,RELIABLE,250,0.64,0.12,0.374724
S6_ENTRY_E2_PROBABILITY_RR,2025-03-06,300603,立昂技术,s6setup-e4b882cc76f264f60fa3,WATCH_CANDIDATE,SUPPORT_CONFIRMED,True,5,NOT_EVALUATED,0,0.0,0.0,0.0
S6_ENTRY_E2_PROBABILITY_RR,2025-03-06,300672,国科微,s6setup-53bbe2b1467590242655,WATCH_CANDIDATE,SUPPORT_CONFIRMED,True,3,NOT_EVALUATED,0,0.0,0.0,0.0
S6_ENTRY_E2_PROBABILITY_RR,2025-03-06,603501,豪威集团,s6setup-3d291caa03eb71207405,WATCH_CANDIDATE,NOT_APPLICABLE,False,0,NOT_EVALUATED,0,0.0,0.0,0.0
S6_ENTRY_E2_PROBABILITY_RR,2025-03-06,688048,长光华芯,s6setup-7a7cabda6a8687592f97,WATCH_CANDIDATE,SUPPORT_CONFIRMED,True,5,NOT_EVALUATED,0,0.0,0.0,0.0
S6_ENTRY_E2_PROBABILITY_RR,2025-03-06,688225,亚信安全,s6setup-d497a32a40f10abe4f15,WATCH_CANDIDATE,NOT_APPLICABLE,False,0,NOT_EVALUATED,0,0.0,0.0,0.0
S6_ENTRY_E2_PROBABILITY_RR,2025-03-06,688468,科美诊断,s6setup-5d40eefc6fbb0f7a552a,WATCH_CANDIDATE,NOT_APPLICABLE,False,0,NOT_EVALUATED,0,0.0,0.0,0.0
S6_ENTRY_E2_PROBABILITY_RR,2025-03-07,002518,科士达,s6setup-efe52db6cbf333d06fe7,WATCH_CANDIDATE,SUPPORT_CONFIRMED,True,3,NOT_EVALUATED,0,0.0,0.0,0.0
S6_ENTRY_E2_PROBABILITY_RR,2025-03-07,300603,立昂技术,s6setup-e4b882cc76f264f60fa3,WATCH_CANDIDATE,SUPPORT_CONFIRMED,True,3,NOT_EVALUATED,0,0.0,0.0,0.0
S6_ENTRY_E2_PROBABILITY_RR,2025-03-07,300672,国科微,s6setup-53bbe2b1467590242655,KEY_CANDIDATE,SUPPORT_CONFIRMED,True,3,RELIABLE,250,0.46,0.296,0.38433
S6_ENTRY_E2_PROBABILITY_RR,2025-03-07,600050,中国联通,s6setup-db2f19295490f4aaa303,KEY_CANDIDATE,SUPPORT_CONFIRMED,True,3,NOT_EVALUATED,0,0.0,0.0,0.0
S6_ENTRY_E2_PROBABILITY_RR,2025-03-07,600143,金发科技,s6setup-e813f922d445d7fff884,KEY_CANDIDATE,SUPPORT_CONFIRMED,True,3,RELIABLE,250,0.348,0.216,0.526496
S6_ENTRY_E2_PROBABILITY_RR,2025-03-07,600850,电科数字,s6setup-5bb2edf1d6217631e0ae,WATCH_CANDIDATE,SUPPORT_CONFIRMED,True,3,NOT_EVALUATED,0,0.0,0.0,0.0
S6_ENTRY_E2_PROBABILITY_RR,2025-03-07,601728,中国电信,s6setup-c1daba4df39d22dd0650,WATCH_CANDIDATE,SUPPORT_CONFIRMED,True,3,RELIABLE,250,0.604,0.268,0.703488
S6_ENTRY_E2_PROBABILITY_RR,2025-03-07,603501,豪威集团,s6setup-e9dfe6dc7b1f76c08f27,KEY_CANDIDATE,SUPPORT_CONFIRMED,True,3,RELIABLE,250,0.376,0.164,0.608259
S6_ENTRY_E2_PROBABILITY_RR,2025-03-07,688225,亚信安全,s6setup-6c0295ad1ca057113cb8,KEY_CANDIDATE,SUPPORT_CONFIRMED,True,3,NOT_EVALUATED,0,0.0,0.0,0.0
S6_ENTRY_E2_PROBABILITY_RR,2025-03-07,688400,凌云光,s6setup-a10c49ad4f4a9fbf2286,KEY_CANDIDATE,SUPPORT_CONFIRMED,True,3,NOT_EVALUATED,0,0.0,0.0,0.0
S6_ENTRY_E2_PROBABILITY_RR,2025-03-07,688466,金科环境,s6setup-6265561dc48fb2874b9e,KEY_CANDIDATE,SUPPORT_CONFIRMED,True,3,NOT_EVALUATED,0,0.0,0.0,0.0
S6_ENTRY_E2_PROBABILITY_RR,2025-03-07,688468,科美诊断,s6setup-abdc2d85fb6ae0c66461,KEY_CANDIDATE,SUPPORT_CONFIRMED,True,3,NOT_EVALUATED,0,0.0,0.0,0.0
S6_ENTRY_E2_PROBABILITY_RR,2025-03-10,000948,南天信息,s6setup-bf5fe9b2633a0e197b51,WATCH_CANDIDATE,SUPPORT_CONFIRMED,True,3,NOT_EVALUATED,0,0.0,0.0,0.0
S6_ENTRY_E2_PROBABILITY_RR,2025-03-10,002334,英威腾,s6setup-9573a2607c2d6860603b,WATCH_CANDIDATE,SUPPORT_CONFIRMED,True,3,NOT_EVALUATED,0,0.0,0.0,0.0
S6_ENTRY_E2_PROBABILITY_RR,2025-03-10,002518,科士达,s6setup-f206f39667a370bf3be5,WATCH_CANDIDATE,SUPPORT_CONFIRMED,True,5,NOT_EVALUATED,0,0.0,0.0,0.0
S6_ENTRY_E2_PROBABILITY_RR,2025-03-10,002536,飞龙股份,s6setup-f1e5726770c12a03fc53,WATCH_CANDIDATE,SUPPORT_CONFIRMED,True,5,NOT_EVALUATED,0,0.0,0.0,0.0
S6_ENTRY_E2_PROBABILITY_RR,2025-03-10,002664,信质集团,s6setup-5aabe4ff777a59307a84,WATCH_CANDIDATE,SUPPORT_CONFIRMED,True,3,RELIABLE,250,0.26,0.216,0.362154
S6_ENTRY_E2_PROBABILITY_RR,2025-03-10,002837,英维克,s6setup-1282cc1d601a891eee3b,WATCH_CANDIDATE,NOT_APPLICABLE,False,0,NOT_EVALUATED,0,0.0,0.0,0.0
S6_ENTRY_E2_PROBABILITY_RR,2025-03-10,300124,汇川技术,s6setup-37ab076fbd8d138d9531,WATCH_CANDIDATE,NOT_APPLICABLE,False,0,NOT_EVALUATED,0,0.0,0.0,0.0
S6_ENTRY_E2_PROBABILITY_RR,2025-03-10,301018,申菱环境,s6setup-7de0bc422549ebd1bf4f,KEY_CANDIDATE,SUPPORT_CONFIRMED,True,5,RELIABLE,250,0.5,0.228,0.640548
S6_ENTRY_E2_PROBABILITY_RR,2025-03-10,301101,明月镜片,s6setup-0ba7938bc0abd5c5e782,WATCH_CANDIDATE,NOT_APPLICABLE,False,0,NOT_EVALUATED,0,0.0,0.0,0.0
S6_ENTRY_E2_PROBABILITY_RR,2025-03-10,600143,金发科技,s6setup-e813f922d445d7fff884,KEY_CANDIDATE,SUPPORT_CONFIRMED,True,3,RELIABLE,250,0.404,0.272,0.566216
S6_ENTRY_E2_PROBABILITY_RR,2025-03-10,601777,千里科技,s6setup-569de22093b0693f5a7b,WATCH_CANDIDATE,SUPPORT_CONFIRMED,True,4,NOT_EVALUATED,0,0.0,0.0,0.0
S6_ENTRY_E2_PROBABILITY_RR,2025-03-10,603501,豪威集团,s6setup-3d291caa03eb71207405,KEY_CANDIDATE,SUPPORT_CONFIRMED,True,5,RELIABLE,250,0.412,0.184,0.488478
S6_ENTRY_E2_PROBABILITY_RR,2025-03-10,688272,富吉瑞,s6setup-fb7127c3a9b03473442b,KEY_CANDIDATE,SUPPORT_CONFIRMED,True,4,NOT_EVALUATED,0,0.0,0.0,0.0
S6_ENTRY_E2_PROBABILITY_RR,2025-03-10,688400,凌云光,s6setup-a10c49ad4f4a9fbf2286,KEY_CANDIDATE,NOT_APPLICABLE,False,0,NOT_EVALUATED,0,0.0,0.0,0.0
S6_ENTRY_E2_PROBABILITY_RR,2025-03-10,688466,金科环境,s6setup-62f194e30b1b2d2fada4,KEY_CANDIDATE,SUPPORT_CONFIRMED,True,5,NOT_EVALUATED,0,0.0,0.0,0.0
S6_ENTRY_E2_PROBABILITY_RR,2025-03-11,000948,南天信息,s6setup-bf5fe9b2633a0e197b51,KEY_CANDIDATE,NOT_APPLICABLE,False,0,NOT_EVALUATED,0,0.0,0.0,0.0
S6_ENTRY_E2_PROBABILITY_RR,2025-03-11,002518,科士达,s6setup-2ce17238c2c01e4fa623,WATCH_CANDIDATE,SUPPORT_CONFIRMED,True,5,NOT_EVALUATED,0,0.0,0.0,0.0
S6_ENTRY_E2_PROBABILITY_RR,2025-03-11,002536,飞龙股份,s6setup-cfe55e9a48cfc111937a,WATCH_CANDIDATE,NOT_APPLICABLE,False,0,NOT_EVALUATED,0,0.0,0.0,0.0
S6_ENTRY_E2_PROBABILITY_RR,2025-03-11,002837,英维克,s6setup-eafbd7beab4fe5429946,WATCH_CANDIDATE,NOT_APPLICABLE,False,0,NOT_EVALUATED,0,0.0,0.0,0.0
S6_ENTRY_E2_PROBABILITY_RR,2025-03-11,300124,汇川技术,s6setup-a3ddd2294c9714599d13,WATCH_CANDIDATE,SUPPORT_CONFIRMED,True,4,RELIABLE,250,0.348,0.22,0.444183
S6_ENTRY_E2_PROBABILITY_RR,2025-03-11,300276,三丰智能,s6setup-cfdfc980247dba9596c3,KEY_CANDIDATE,NOT_APPLICABLE,False,0,NOT_EVALUATED,0,0.0,0.0,0.0
S6_ENTRY_E2_PROBABILITY_RR,2025-03-11,300383,光环新网,s6setup-44e0c9033a1d6e65cc28,KEY_CANDIDATE,SUPPORT_CONFIRMED,True,5,NOT_EVALUATED,0,0.0,0.0,0.0
S6_ENTRY_E2_PROBABILITY_RR,2025-03-11,300672,国科微,s6setup-53bbe2b1467590242655,WATCH_CANDIDATE,SUPPORT_FORMING,False,4,NOT_EVALUATED,0,0.0,0.0,0.0
S6_ENTRY_E2_PROBABILITY_RR,2025-03-11,301018,申菱环境,s6setup-2ae58d8f9f65aa0ad013,KEY_CANDIDATE,SUPPORT_CONFIRMED,True,5,RELIABLE,250,0.536,0.232,0.669266
S6_ENTRY_E2_PROBABILITY_RR,2025-03-11,301101,明月镜片,s6setup-d02b318eb42f11265766,WATCH_CANDIDATE,NOT_APPLICABLE,False,0,NOT_EVALUATED,0,0.0,0.0,0.0
S6_ENTRY_E2_PROBABILITY_RR,2025-03-11,301238,瑞泰新材,s6setup-38d6d5119bdaf06abb39,WATCH_CANDIDATE,SUPPORT_FORMING,False,3,NOT_EVALUATED,0,0.0,0.0,0.0
S6_ENTRY_E2_PROBABILITY_RR,2025-03-11,600143,金发科技,s6setup-ce8fa1a557656f1f9aa3,WATCH_CANDIDATE,SUPPORT_FORMING,False,4,NOT_EVALUATED,0,0.0,0.0,0.0
S6_ENTRY_E2_PROBABILITY_RR,2025-03-11,603915,国茂股份,s6setup-a268ff9470f36410b3b1,WATCH_CANDIDATE,NOT_APPLICABLE,False,0,NOT_EVALUATED,0,0.0,0.0,0.0
S6_ENTRY_E2_PROBABILITY_RR,2025-03-11,688041,海光信息,s6setup-9a7648a71876120ebaaf,KEY_CANDIDATE,NOT_APPLICABLE,False,0,NOT_EVALUATED,0,0.0,0.0,0.0
S6_ENTRY_E2_PROBABILITY_RR,2025-03-11,688213,思特威,s6setup-cfd64463a895f91c7e92,WATCH_CANDIDATE,NOT_APPLICABLE,False,0,NOT_EVALUATED,0,0.0,0.0,0.0
S6_ENTRY_E2_PROBABILITY_RR,2025-03-11,688400,凌云光,s6setup-e30b6543c9a4f715fb66,WATCH_CANDIDATE,NOT_APPLICABLE,False,0,NOT_EVALUATED,0,0.0,0.0,0.0
S6_ENTRY_E2_PROBABILITY_RR,2025-03-11,688466,金科环境,s6setup-74bacd272ba85bd07fb0,KEY_CANDIDATE,SUPPORT_CONFIRMED,True,3,NOT_EVALUATED,0,0.0,0.0,0.0
S6_ENTRY_E2_PROBABILITY_RR,2025-03-12,002152,广电运通,s6setup-1a652941f4d2ba4d952d,KEY_CANDIDATE,SUPPORT_CONFIRMED,True,4,NOT_EVALUATED,0,0.0,0.0,0.0
S6_ENTRY_E2_PROBABILITY_RR,2025-03-12,002334,英威腾,s6setup-9573a2607c2d6860603b,WATCH_CANDIDATE,NOT_APPLICABLE,False,0,NOT_EVALUATED,0,0.0,0.0,0.0
S6_ENTRY_E2_PROBABILITY_RR,2025-03-12,002402,和而泰,s6setup-f5a9455758a7c2d37c34,WATCH_CANDIDATE,NOT_APPLICABLE,False,0,NOT_EVALUATED,0,0.0,0.0,0.0
S6_ENTRY_E2_PROBABILITY_RR,2025-03-12,002536,飞龙股份,s6setup-9dd30987d243c86137a3,WATCH_CANDIDATE,SUPPORT_CONFIRMED,True,4,NOT_EVALUATED,0,0.0,0.0,0.0
S6_ENTRY_E2_PROBABILITY_RR,2025-03-12,300065,海兰信,s6setup-7ad83946d6b5e7a18b02,KEY_CANDIDATE,SUPPORT_CONFIRMED,True,4,NOT_EVALUATED,0,0.0,0.0,0.0
S6_ENTRY_E2_PROBABILITY_RR,2025-03-12,300276,三丰智能,s6setup-a2e8f236483f82aaa623,KEY_CANDIDATE,SUPPORT_CONFIRMED,True,3,RELIABLE,250,0.452,0.248,0.991104
S6_ENTRY_E2_PROBABILITY_RR,2025-03-12,300307,慈星股份,s6setup-c4931d99b7cb67258402,WATCH_CANDIDATE,SUPPORT_CONFIRMED,True,4,NOT_EVALUATED,0,0.0,0.0,0.0
S6_ENTRY_E2_PROBABILITY_RR,2025-03-12,300602,飞荣达,s6setup-70826988a04612db155f,WATCH_CANDIDATE,NOT_APPLICABLE,False,0,NOT_EVALUATED,0,0.0,0.0,0.0
S6_ENTRY_E2_PROBABILITY_RR,2025-03-12,300846,首都在线,s6setup-e638d1e29bfa0e8b492d,KEY_CANDIDATE,SUPPORT_CONFIRMED,True,4,NOT_EVALUATED,0,0.0,0.0,0.0
S6_ENTRY_E2_PROBABILITY_RR,2025-03-12,600143,金发科技,s6setup-32ff951c8a2e04623c92,WATCH_CANDIDATE,SUPPORT_CONFIRMED,True,3,NOT_EVALUATED,0,0.0,0.0,0.0
S6_ENTRY_E2_PROBABILITY_RR,2025-03-12,688213,思特威,s6setup-e587c432324694e3816e,WATCH_CANDIDATE,SUPPORT_CONFIRMED,True,4,NOT_EVALUATED,0,0.0,0.0,0.0
S6_ENTRY_E2_PROBABILITY_RR,2025-03-12,688400,凌云光,s6setup-e30b6543c9a4f715fb66,KEY_CANDIDATE,SUPPORT_CONFIRMED,True,3,RELIABLE,250,0.516,0.256,0.930479
S6_ENTRY_E2_PROBABILITY_RR,2025-03-12,688722,同益中,s6setup-7d4617d1763b1294ea24,WATCH_CANDIDATE,SUPPORT_CONFIRMED,True,3,NOT_EVALUATED,0,0.0,0.0,0.0
S6_ENTRY_E2_PROBABILITY_RR,2025-03-13,002152,广电运通,s6setup-1a652941f4d2ba4d952d,KEY_CANDIDATE,SUPPORT_CONFIRMED,True,3,NOT_EVALUATED,0,0.0,0.0,0.0
S6_ENTRY_E2_PROBABILITY_RR,2025-03-13,002334,英威腾,s6setup-9573a2607c2d6860603b,WATCH_CANDIDATE,SUPPORT_CONFIRMED,True,3,NOT_EVALUATED,0,0.0,0.0,0.0
S6_ENTRY_E2_PROBABILITY_RR,2025-03-13,002517,恺英网络,s6setup-efbec065a0e63a0e65f3,KEY_CANDIDATE,SUPPORT_CONFIRMED,True,5,RELIABLE,250,0.548,0.16,0.752833
S6_ENTRY_E2_PROBABILITY_RR,2025-03-13,300124,汇川技术,s6setup-5f1e06d6e268d09e8023,WATCH_CANDIDATE,SUPPORT_FORMING,False,2,NOT_EVALUATED,0,0.0,0.0,0.0
S6_ENTRY_E2_PROBABILITY_RR,2025-03-13,300383,光环新网,s6setup-44e0c9033a1d6e65cc28,KEY_CANDIDATE,SUPPORT_CONFIRMED,True,3,NOT_EVALUATED,0,0.0,0.0,0.0
S6_ENTRY_E2_PROBABILITY_RR,2025-03-13,688041,海光信息,s6setup-39e835b206d36a70c71e,KEY_CANDIDATE,SUPPORT_FORMING,False,2,NOT_EVALUATED,0,0.0,0.0,0.0
S6_ENTRY_E2_PROBABILITY_RR,2025-03-13,688116,天奈科技,s6setup-f3f4c3e098a92dd7a8a7,WATCH_CANDIDATE,SUPPORT_CONFIRMED,True,4,NOT_EVALUATED,0,0.0,0.0,0.0
S6_ENTRY_E2_PROBABILITY_RR,2025-03-13,688466,金科环境,s6setup-729dc03dd333692f47b0,KEY_CANDIDATE,SUPPORT_FORMING,False,2,NOT_EVALUATED,0,0.0,0.0,0.0
S6_ENTRY_E2_PROBABILITY_RR,2025-03-13,688611,杭州柯林,s6setup-26e7e31a7ac13a6c69e4,WATCH_CANDIDATE,SUPPORT_FORMING,False,2,NOT_EVALUATED,0,0.0,0.0,0.0
S6_ENTRY_E2_PROBABILITY_RR,2025-03-13,689009,九号公司,s6setup-02d7326cfc51e8d6b2de,WATCH_CANDIDATE,SUPPORT_CONFIRMED,True,5,NOT_EVALUATED,0,0.0,0.0,0.0
S6_ENTRY_E2_PROBABILITY_RR,2025-03-14,001309,德明利,s6setup-65cc2cee22d5d9c46cf7,WATCH_CANDIDATE,SUPPORT_CONFIRMED,True,5,NOT_EVALUATED,0,0.0,0.0,0.0
S6_ENTRY_E2_PROBABILITY_RR,2025-03-14,002139,拓邦股份,s6setup-a395f4053d44b2b95a38,WATCH_CANDIDATE,SUPPORT_CONFIRMED,True,5,NOT_EVALUATED,0,0.0,0.0,0.0
S6_ENTRY_E2_PROBABILITY_RR,2025-03-14,002602,世纪华通,s6setup-8a6a27bd74f29483a17c,WATCH_CANDIDATE,NOT_APPLICABLE,False,0,NOT_EVALUATED,0,0.0,0.0,0.0
S6_ENTRY_E2_PROBABILITY_RR,2025-03-14,301165,锐捷网络,s6setup-660eb4bcfb0bb97473c2,WATCH_CANDIDATE,NOT_APPLICABLE,False,0,NOT_EVALUATED,0,0.0,0.0,0.0
S6_ENTRY_E2_PROBABILITY_RR,2025-03-14,301308,江波龙,s6setup-10c6f89509a55b7c641f,WATCH_CANDIDATE,SUPPORT_CONFIRMED,True,5,NOT_EVALUATED,0,0.0,0.0,0.0
S6_ENTRY_E2_PROBABILITY_RR,2025-03-14,688103,国力电子,s6setup-460d5619c1ccd0b42ede,WATCH_CANDIDATE,NOT_APPLICABLE,False,0,NOT_EVALUATED,0,0.0,0.0,0.0
S6_ENTRY_E2_PROBABILITY_RR,2025-03-14,688116,天奈科技,s6setup-f3f4c3e098a92dd7a8a7,WATCH_CANDIDATE,SUPPORT_CONFIRMED,True,5,NOT_EVALUATED,0,0.0,0.0,0.0
S6_ENTRY_E2_PROBABILITY_RR,2025-03-14,688466,金科环境,s6setup-9cbc88c67d20123c55a0,WATCH_CANDIDATE,NOT_APPLICABLE,False,0,NOT_EVALUATED,0,0.0,0.0,0.0
S6_ENTRY_E2_PROBABILITY_RR,2025-03-17,300007,汉威科技,s6setup-c6f59562fc29e1b7aa0f,WATCH_CANDIDATE,NOT_APPLICABLE,False,0,NOT_EVALUATED,0,0.0,0.0,0.0
S6_ENTRY_E2_PROBABILITY_RR,2025-03-17,300035,中科电气,s6setup-3851eef3d0ecff5bba32,KEY_CANDIDATE,NOT_APPLICABLE,False,0,NOT_EVALUATED,0,0.0,0.0,0.0
S6_ENTRY_E2_PROBABILITY_RR,2025-03-17,300473,德尔股份,s6setup-4269b9bb4f194278f827,WATCH_CANDIDATE,SUPPORT_CONFIRMED,True,4,NOT_EVALUATED,0,0.0,0.0,0.0
S6_ENTRY_E2_PROBABILITY_RR,2025-03-17,300503,昊志机电,s6setup-b365884df694ce2f0407,WATCH_CANDIDATE,SUPPORT_CONFIRMED,True,5,NOT_EVALUATED,0,0.0,0.0,0.0
S6_ENTRY_E2_PROBABILITY_RR,2025-03-17,300687,赛意信息,s6setup-babc61c53c3fbd5dbdd9,KEY_CANDIDATE,SUPPORT_CONFIRMED,True,3,NOT_EVALUATED,0,0.0,0.0,0.0
S6_ENTRY_E2_PROBABILITY_RR,2025-03-17,301308,江波龙,s6setup-76e7dc0279f16bacf0cd,WATCH_CANDIDATE,NOT_APPLICABLE,False,0,NOT_EVALUATED,0,0.0,0.0,0.0
S6_ENTRY_E2_PROBABILITY_RR,2025-03-17,603496,恒为科技,s6setup-57487f4860bdd0246506,KEY_CANDIDATE,SUPPORT_CONFIRMED,True,5,NOT_EVALUATED,0,0.0,0.0,0.0
S6_ENTRY_E2_PROBABILITY_RR,2025-03-17,688103,国力电子,s6setup-62e204826e22d40919f8,KEY_CANDIDATE,SUPPORT_CONFIRMED,True,4,NOT_EVALUATED,0,0.0,0.0,0.0
S6_ENTRY_E2_PROBABILITY_RR,2025-03-17,688116,天奈科技,s6setup-f3f4c3e098a92dd7a8a7,WATCH_CANDIDATE,SUPPORT_CONFIRMED,True,3,NOT_EVALUATED,0,0.0,0.0,0.0
S6_ENTRY_E2_PROBABILITY_RR,2025-03-17,688428,诺诚健华,s6setup-ec7b7291a38d04bcf218,KEY_CANDIDATE,SUPPORT_CONFIRMED,True,5,NOT_EVALUATED,0,0.0,0.0,0.0
S6_ENTRY_E2_PROBABILITY_RR,2025-03-18,002414,高德红外,s6setup-9eb0785d7e71d7a4ffb1,WATCH_CANDIDATE,SUPPORT_FORMING,False,2,RELIABLE,250,0.404,0.344,0.106151
S6_ENTRY_E2_PROBABILITY_RR,2025-03-18,300473,德尔股份,s6setup-18307867e16b3953aa40,WATCH_CANDIDATE,SUPPORT_CONFIRMED,True,4,NOT_EVALUATED,0,0.0,0.0,0.0
S6_ENTRY_E2_PROBABILITY_RR,2025-03-18,301308,江波龙,s6setup-76e7dc0279f16bacf0cd,WATCH_CANDIDATE,SUPPORT_CONFIRMED,True,3,NOT_EVALUATED,0,0.0,0.0,0.0
S6_ENTRY_E2_PROBABILITY_RR,2025-03-18,603496,恒为科技,s6setup-e9040e7f92b0891f1911,WATCH_CANDIDATE,SUPPORT_CONFIRMED,True,3,NOT_EVALUATED,0,0.0,0.0,0.0
S6_ENTRY_E2_PROBABILITY_RR,2025-03-18,688070,纵横股份,s6setup-414023d3ba4d311ce03e,WATCH_CANDIDATE,SUPPORT_CONFIRMED,True,5,NOT_EVALUATED,0,0.0,0.0,0.0
S6_ENTRY_E2_PROBABILITY_RR,2025-03-18,688103,国力电子,s6setup-460d5619c1ccd0b42ede,WATCH_CANDIDATE,SUPPORT_CONFIRMED,True,4,NOT_EVALUATED,0,0.0,0.0,0.0
S6_ENTRY_E2_PROBABILITY_RR,2025-03-18,688114,华大智造,s6setup-0cd9198cac2957d72afb,WATCH_CANDIDATE,SUPPORT_CONFIRMED,True,3,NOT_EVALUATED,0,0.0,0.0,0.0
S6_ENTRY_E2_PROBABILITY_RR,2025-03-18,688116,天奈科技,s6setup-f3f4c3e098a92dd7a8a7,KEY_CANDIDATE,SUPPORT_CONFIRMED,True,3,RELIABLE,250,0.4,0.272,0.75583
S6_ENTRY_E2_PROBABILITY_RR,2025-03-18,688428,诺诚健华,s6setup-7fc4a65be0b689d9920c,KEY_CANDIDATE,SUPPORT_CONFIRMED,True,5,NOT_EVALUATED,0,0.0,0.0,0.0
S6_ENTRY_E2_PROBABILITY_RR,2025-03-18,688611,杭州柯林,s6setup-a7e02101c7f032c59cc9,WATCH_CANDIDATE,SUPPORT_CONFIRMED,True,5,NOT_EVALUATED,0,0.0,0.0,0.0
S6_ENTRY_E2_PROBABILITY_RR,2025-03-19,002414,高德红外,s6setup-e79fa17af18d8e91488d,WATCH_CANDIDATE,SUPPORT_FORMING,False,2,NOT_EVALUATED,0,0.0,0.0,0.0
S6_ENTRY_E2_PROBABILITY_RR,2025-03-19,002582,好想你,s6setup-a64be5b2f42331849268,WATCH_CANDIDATE,SUPPORT_CONFIRMED,True,3,NOT_EVALUATED,0,0.0,0.0,0.0
S6_ENTRY_E2_PROBABILITY_RR,2025-03-19,300473,德尔股份,s6setup-18307867e16b3953aa40,WATCH_CANDIDATE,SUPPORT_CONFIRMED,True,3,NOT_EVALUATED,0,0.0,0.0,0.0
S6_ENTRY_E2_PROBABILITY_RR,2025-03-19,300870,欧陆通,s6setup-22eb66334993fd01e02f,WATCH_CANDIDATE,SUPPORT_CONFIRMED,True,3,NOT_EVALUATED,0,0.0,0.0,0.0
S6_ENTRY_E2_PROBABILITY_RR,2025-03-19,600114,东睦股份,s6setup-a49725eba065cb5dc455,WATCH_CANDIDATE,SUPPORT_CONFIRMED,True,3,NOT_EVALUATED,0,0.0,0.0,0.0
S6_ENTRY_E2_PROBABILITY_RR,2025-03-19,603496,恒为科技,s6setup-e9040e7f92b0891f1911,KEY_CANDIDATE,SUPPORT_CONFIRMED,True,5,RELIABLE,250,0.308,0.168,0.233341
S6_ENTRY_E2_PROBABILITY_RR,2025-03-19,603583,捷昌驱动,s6setup-2b680aec3ac2ae09d9cb,WATCH_CANDIDATE,SUPPORT_CONFIRMED,True,5,NOT_EVALUATED,0,0.0,0.0,0.0
S6_ENTRY_E2_PROBABILITY_RR,2025-03-19,603887,城地香江,s6setup-1d43275aa4335d06764a,WATCH_CANDIDATE,NOT_APPLICABLE,False,0,NOT_EVALUATED,0,0.0,0.0,0.0
S6_ENTRY_E2_PROBABILITY_RR,2025-03-19,688081,兴图新科,s6setup-e68d61bcf0d2acd44105,WATCH_CANDIDATE,NOT_APPLICABLE,False,0,NOT_EVALUATED,0,0.0,0.0,0.0
S6_ENTRY_E2_PROBABILITY_RR,2025-03-19,688103,国力电子,s6setup-460d5619c1ccd0b42ede,KEY_CANDIDATE,SUPPORT_CONFIRMED,True,3,NOT_EVALUATED,0,0.0,0.0,0.0
S6_ENTRY_E2_PROBABILITY_RR,2025-03-19,688114,华大智造,s6setup-0cd9198cac2957d72afb,WATCH_CANDIDATE,NOT_APPLICABLE,False,0,NOT_EVALUATED,0,0.0,0.0,0.0
S6_ENTRY_E2_PROBABILITY_RR,2025-03-19,688266,泽璟制药,s6setup-eb2c77ff2d313ed90396,WATCH_CANDIDATE,NOT_APPLICABLE,False,0,NOT_EVALUATED,0,0.0,0.0,0.0
S6_ENTRY_E2_PROBABILITY_RR,2025-03-19,688428,诺诚健华,s6setup-fb0c092ba8b95d201733,KEY_CANDIDATE,SUPPORT_CONFIRMED,True,3,NOT_EVALUATED,0,0.0,0.0,0.0
S6_ENTRY_E2_PROBABILITY_RR,2025-03-20,300183,东软载波,s6setup-314c58c296b156d1537c,KEY_CANDIDATE,SUPPORT_CONFIRMED,True,4,NOT_EVALUATED,0,0.0,0.0,0.0
S6_ENTRY_E2_PROBABILITY_RR,2025-03-20,300738,奥飞数据,s6setup-d192d8a6fa45f6875f3a,KEY_CANDIDATE,SUPPORT_CONFIRMED,True,3,NOT_EVALUATED,0,0.0,0.0,0.0
S6_ENTRY_E2_PROBABILITY_RR,2025-03-20,300777,中简科技,s6setup-ea5a0a3dcfe8be19d0c6,KEY_CANDIDATE,SUPPORT_FORMING,False,2,NOT_EVALUATED,0,0.0,0.0,0.0
S6_ENTRY_E2_PROBABILITY_RR,2025-03-20,300870,欧陆通,s6setup-560e869d0aba56ceeec8,WATCH_CANDIDATE,NOT_APPLICABLE,False,0,NOT_EVALUATED,0,0.0,0.0,0.0
S6_ENTRY_E2_PROBABILITY_RR,2025-03-20,603887,城地香江,s6setup-1d43275aa4335d06764a,WATCH_CANDIDATE,SUPPORT_FORMING,False,2,NOT_EVALUATED,0,0.0,0.0,0.0
S6_ENTRY_E2_PROBABILITY_RR,2025-03-20,688266,泽璟制药,s6setup-6efad0bc55ebf522decc,WATCH_CANDIDATE,NOT_APPLICABLE,False,0,NOT_EVALUATED,0,0.0,0.0,0.0
S6_ENTRY_E2_PROBABILITY_RR,2025-03-20,688428,诺诚健华,s6setup-76060df902c86edffba2,KEY_CANDIDATE,SUPPORT_CONFIRMED,True,3,NOT_EVALUATED,0,0.0,0.0,0.0
S6_ENTRY_E2_PROBABILITY_RR,2025-03-21,300777,中简科技,s6setup-87dda88ed4214ac5df61,KEY_CANDIDATE,SUPPORT_FORMING,False,4,NOT_EVALUATED,0,0.0,0.0,0.0
S6_ENTRY_E2_PROBABILITY_RR,2025-03-21,688266,泽璟制药,s6setup-01498b9e96072f6812f1,WATCH_CANDIDATE,NOT_APPLICABLE,False,0,NOT_EVALUATED,0,0.0,0.0,0.0
S6_ENTRY_E2_PROBABILITY_RR,2025-03-24,601881,XD中国银,s6setup-da407f8d08dd81c247b6,KEY_CANDIDATE,NOT_APPLICABLE,False,0,NOT_EVALUATED,0,0.0,0.0,0.0
S6_ENTRY_E2_PROBABILITY_RR,2025-03-24,688266,泽璟制药,s6setup-01498b9e96072f6812f1,KEY_CANDIDATE,SUPPORT_FORMING,False,2,NOT_EVALUATED,0,0.0,0.0,0.0
S6_ENTRY_E2_PROBABILITY_RR,2025-03-25,300035,中科电气,s6setup-3c5e0aed12a341c184e7,WATCH_CANDIDATE,SUPPORT_CONFIRMED,True,5,NOT_EVALUATED,0,0.0,0.0,0.0
S6_ENTRY_E2_PROBABILITY_RR,2025-03-25,300469,信息发展,s6setup-b1cf7e1a90a3897814cc,WATCH_CANDIDATE,SUPPORT_CONFIRMED,True,3,NOT_EVALUATED,0,0.0,0.0,0.0
S6_ENTRY_E2_PROBABILITY_RR,2025-03-25,688700,东威科技,s6setup-612c755c54dd8f6408e8,WATCH_CANDIDATE,SUPPORT_CONFIRMED,True,5,NOT_EVALUATED,0,0.0,0.0,0.0
S6_ENTRY_E2_PROBABILITY_RR,2025-03-26,300035,中科电气,s6setup-3c5e0aed12a341c184e7,WATCH_CANDIDATE,SUPPORT_CONFIRMED,True,3,NOT_EVALUATED,0,0.0,0.0,0.0
S6_ENTRY_E2_PROBABILITY_RR,2025-03-27,689009,九号公司,s6setup-86f7690a6c97e1935a47,WATCH_CANDIDATE,NOT_APPLICABLE,False,0,NOT_EVALUATED,0,0.0,0.0,0.0
S6_ENTRY_E2_PROBABILITY_RR,2025-03-28,300258,精锻科技,s6setup-067f3d614b1a9b2ca067,WATCH_CANDIDATE,SUPPORT_CONFIRMED,True,4,NOT_EVALUATED,0,0.0,0.0,0.0
S6_ENTRY_E2_PROBABILITY_RR,2025-03-28,689009,九号公司,s6setup-5f57b574130e3f4093b4,WATCH_CANDIDATE,NOT_APPLICABLE,False,0,NOT_EVALUATED,0,0.0,0.0,0.0
S6_ENTRY_E2_PROBABILITY_RR,2025-03-31,689009,九号公司,s6setup-02d7326cfc51e8d6b2de,WATCH_CANDIDATE,NOT_APPLICABLE,False,0,NOT_EVALUATED,0,0.0,0.0,0.0
S6_ENTRY_E2_PROBABILITY_RR,2025-04-01,688521,芯原股份,s6setup-919c1bd1592da18d9049,WATCH_CANDIDATE,SUPPORT_CONFIRMED,True,3,NOT_EVALUATED,0,0.0,0.0,0.0
S6_ENTRY_E2_PROBABILITY_RR,2025-04-02,603678,火炬电子,s6setup-54b2a559c7ad59b371ae,WATCH_CANDIDATE,SUPPORT_CONFIRMED,True,3,NOT_EVALUATED,0,0.0,0.0,0.0
S6_ENTRY_E2_PROBABILITY_RR,2025-04-03,000997,新 大 陆,s6setup-1e2d25294585f6e19ab8,WATCH_CANDIDATE,SUPPORT_CONFIRMED,True,3,RELIABLE,250,0.64,0.272,0.671898
S6_ENTRY_E2_PROBABILITY_RR,2025-04-03,603678,火炬电子,s6setup-ff30d4f93e8b818443fb,WATCH_CANDIDATE,SUPPORT_CONFIRMED,True,4,RELIABLE,250,0.656,0.164,0.655121
S6_ENTRY_E2_PROBABILITY_RR,2025-04-14,688178,万德斯,s6setup-2e2e62f8c57148f33f36,WATCH_CANDIDATE,SUPPORT_CONFIRMED,True,4,NOT_EVALUATED,0,0.0,0.0,0.0
S6_ENTRY_E2_PROBABILITY_RR,2025-04-15,688178,万德斯,s6setup-d6572d299243798c5c79,WATCH_CANDIDATE,SUPPORT_CONFIRMED,True,5,NOT_EVALUATED,0,0.0,0.0,0.0
S6_ENTRY_E2_PROBABILITY_RR,2025-04-21,688186,广大特材,s6setup-981db2cb4cbb2d4ee947,WATCH_CANDIDATE,NOT_APPLICABLE,False,0,NOT_EVALUATED,0,0.0,0.0,0.0
S6_ENTRY_E2_PROBABILITY_RR,2025-04-21,688776,国光电气,s6setup-b862b5109c23c838ff8a,WATCH_CANDIDATE,SUPPORT_CONFIRMED,True,5,NOT_EVALUATED,0,0.0,0.0,0.0
S6_ENTRY_E2_PROBABILITY_RR,2025-04-22,000876,新 希 望,s6setup-76e1598d90c3acec1fdc,WATCH_CANDIDATE,SUPPORT_CONFIRMED,True,3,NOT_EVALUATED,0,0.0,0.0,0.0
S6_ENTRY_E2_PROBABILITY_RR,2025-04-23,688580,伟思医疗,s6setup-641baa10d8724eb28812,WATCH_CANDIDATE,SUPPORT_CONFIRMED,True,4,NOT_EVALUATED,0,0.0,0.0,0.0
S6_ENTRY_E2_PROBABILITY_RR,2025-04-24,605499,东鹏饮料,s6setup-2b970302ad49532611b6,WATCH_CANDIDATE,SUPPORT_CONFIRMED,True,5,NOT_EVALUATED,0,0.0,0.0,0.0
S6_ENTRY_E2_PROBABILITY_RR,2025-04-24,688065,凯赛生物,s6setup-69910d5c6bd94a133606,WATCH_CANDIDATE,NOT_APPLICABLE,False,0,NOT_EVALUATED,0,0.0,0.0,0.0
S6_ENTRY_E2_PROBABILITY_RR,2025-04-25,688065,凯赛生物,s6setup-69910d5c6bd94a133606,WATCH_CANDIDATE,NOT_APPLICABLE,False,0,NOT_EVALUATED,0,0.0,0.0,0.0
S6_ENTRY_E2_PROBABILITY_RR,2025-05-06,300723,一品红,s6setup-9e030ba86f6a41585748,KEY_CANDIDATE,SUPPORT_CONFIRMED,True,4,RELIABLE,250,0.48,0.172,0.516653
S6_ENTRY_E2_PROBABILITY_RR,2025-05-06,688600,皖仪科技,s6setup-8f1482991fd6d89ad23a,WATCH_CANDIDATE,NOT_APPLICABLE,False,0,NOT_EVALUATED,0,0.0,0.0,0.0
S6_ENTRY_E2_PROBABILITY_RR,2025-05-07,300723,一品红,s6setup-9e030ba86f6a41585748,KEY_CANDIDATE,SUPPORT_CONFIRMED,True,3,NOT_EVALUATED,0,0.0,0.0,0.0
S6_ENTRY_E2_PROBABILITY_RR,2025-05-07,688600,皖仪科技,s6setup-c7c68dc7bdbd306bc2fc,WATCH_CANDIDATE,NOT_APPLICABLE,False,0,NOT_EVALUATED,0,0.0,0.0,0.0
S6_ENTRY_E2_PROBABILITY_RR,2025-05-08,688600,皖仪科技,s6setup-c7c68dc7bdbd306bc2fc,WATCH_CANDIDATE,SUPPORT_CONFIRMED,True,4,NOT_EVALUATED,0,0.0,0.0,0.0
S6_ENTRY_E2_PROBABILITY_RR,2025-05-09,001212,中旗新材,s6setup-3d692b717827051456f1,WATCH_CANDIDATE,SUPPORT_CONFIRMED,True,3,NOT_EVALUATED,0,0.0,0.0,0.0
S6_ENTRY_E2_PROBABILITY_RR,2025-05-13,688117,圣诺生物,s6setup-45220c57334d58bf17cd,WATCH_CANDIDATE,SUPPORT_CONFIRMED,True,4,NOT_EVALUATED,0,0.0,0.0,0.0
S6_ENTRY_E2_PROBABILITY_RR,2025-05-13,688501,青达环保,s6setup-dfe520807e0db502e5f0,WATCH_CANDIDATE,NOT_APPLICABLE,False,0,NOT_EVALUATED,0,0.0,0.0,0.0
S6_ENTRY_E2_PROBABILITY_RR,2025-05-14,688501,青达环保,s6setup-dfe520807e0db502e5f0,WATCH_CANDIDATE,SUPPORT_CONFIRMED,True,3,NOT_EVALUATED,0,0.0,0.0,0.0
S6_ENTRY_E2_PROBABILITY_RR,2025-05-15,688501,青达环保,s6setup-dfe520807e0db502e5f0,WATCH_CANDIDATE,SUPPORT_CONFIRMED,True,3,NOT_EVALUATED,0,0.0,0.0,0.0
S6_ENTRY_E2_PROBABILITY_RR,2025-05-16,688501,青达环保,s6setup-0f91ffcd59c0cb319b88,WATCH_CANDIDATE,SUPPORT_CONFIRMED,True,5,NOT_EVALUATED,0,0.0,0.0,0.0
S6_ENTRY_E2_PROBABILITY_RR,2025-05-19,300353,东土科技,s6setup-ca9f5bb3325d84899bbd,WATCH_CANDIDATE,NOT_APPLICABLE,False,0,NOT_EVALUATED,0,0.0,0.0,0.0
S6_ENTRY_E2_PROBABILITY_RR,2025-05-19,688093,世华科技,s6setup-41bcdfb7e197b5fb367a,KEY_CANDIDATE,SUPPORT_FORMING,False,4,NOT_EVALUATED,0,0.0,0.0,0.0
S6_ENTRY_E2_PROBABILITY_RR,2025-05-19,688501,青达环保,s6setup-aa7d8acf4755c3e308ec,WATCH_CANDIDATE,SUPPORT_CONFIRMED,True,4,NOT_EVALUATED,0,0.0,0.0,0.0
S6_ENTRY_E2_PROBABILITY_RR,2025-05-19,688767,博拓生物,s6setup-bf70062bec795b360945,WATCH_CANDIDATE,SUPPORT_FORMING,False,4,NOT_EVALUATED,0,0.0,0.0,0.0
S6_ENTRY_E2_PROBABILITY_RR,2025-05-20,688501,青达环保,s6setup-66bdac291b9f5e54849d,WATCH_CANDIDATE,NOT_APPLICABLE,False,0,NOT_EVALUATED,0,0.0,0.0,0.0
S6_ENTRY_E2_PROBABILITY_RR,2025-05-21,688128,中国电研,s6setup-558ca6606b8a183fe613,KEY_CANDIDATE,WAITING_BREAKOUT,False,0,NOT_EVALUATED,0,0.0,0.0,0.0
S6_ENTRY_E2_PROBABILITY_RR,2025-05-21,688233,神工股份,s6setup-361ea9d5d896aa6aeacd,WATCH_CANDIDATE,SUPPORT_CONFIRMED,True,3,NOT_EVALUATED,0,0.0,0.0,0.0
S6_ENTRY_E2_PROBABILITY_RR,2025-05-21,688313,仕佳光子,s6setup-14605b552daa7ebd2184,KEY_CANDIDATE,NOT_APPLICABLE,False,0,NOT_EVALUATED,0,0.0,0.0,0.0
S6_ENTRY_E2_PROBABILITY_RR,2025-05-21,688501,青达环保,s6setup-1a854159058baa7ac0fc,WATCH_CANDIDATE,SUPPORT_CONFIRMED,True,3,NOT_EVALUATED,0,0.0,0.0,0.0
S6_ENTRY_E2_PROBABILITY_RR,2025-05-21,688722,同益中,s6setup-cdbc5becdb2b0aec2a55,WATCH_CANDIDATE,SUPPORT_FORMING,False,2,NOT_EVALUATED,0,0.0,0.0,0.0
S6_ENTRY_E2_PROBABILITY_RR,2025-05-22,688128,中国电研,s6setup-7b3723d2f89fd4ca149b,KEY_CANDIDATE,WAITING_BREAKOUT,False,0,NOT_EVALUATED,0,0.0,0.0,0.0
S6_ENTRY_E2_PROBABILITY_RR,2025-05-22,688313,仕佳光子,s6setup-14605b552daa7ebd2184,KEY_CANDIDATE,SUPPORT_CONFIRMED,True,3,NOT_EVALUATED,0,0.0,0.0,0.0
S6_ENTRY_E2_PROBABILITY_RR,2025-05-22,688501,青达环保,s6setup-51231e8f904ec57ab00c,WATCH_CANDIDATE,NOT_APPLICABLE,False,0,NOT_EVALUATED,0,0.0,0.0,0.0
S6_ENTRY_E2_PROBABILITY_RR,2025-05-23,688313,仕佳光子,s6setup-14605b552daa7ebd2184,KEY_CANDIDATE,SUPPORT_FORMING,False,2,NOT_EVALUATED,0,0.0,0.0,0.0
S6_ENTRY_E2_PROBABILITY_RR,2025-05-26,603809,豪能股份,s6setup-415457793a9556486569,WATCH_CANDIDATE,SUPPORT_CONFIRMED,True,3,RELIABLE,250,0.576,0.244,0.768518
S6_ENTRY_E2_PROBABILITY_RR,2025-05-26,688128,中国电研,s6setup-7b3723d2f89fd4ca149b,READY_CANDIDATE,SUPPORT_FORMING,False,3,NOT_EVALUATED,0,0.0,0.0,0.0
S6_ENTRY_E2_PROBABILITY_RR,2025-05-26,688313,仕佳光子,s6setup-14605b552daa7ebd2184,KEY_CANDIDATE,SUPPORT_FORMING,False,3,NOT_EVALUATED,0,0.0,0.0,0.0
S6_ENTRY_E2_PROBABILITY_RR,2025-05-27,688128,中国电研,s6setup-f2a5c66ddcf54c6ffda1,KEY_CANDIDATE,SUPPORT_CONFIRMED,True,5,NOT_EVALUATED,0,0.0,0.0,0.0
S6_ENTRY_E2_PROBABILITY_RR,2025-05-27,688667,菱电电控,s6setup-03808ad7ef803f59220a,KEY_CANDIDATE,NOT_APPLICABLE,False,0,NOT_EVALUATED,0,0.0,0.0,0.0
S6_ENTRY_E2_PROBABILITY_RR,2025-05-28,600592,龙溪股份,s6setup-24cc6f1502a0a5d823a2,WATCH_CANDIDATE,SUPPORT_CONFIRMED,True,5,NOT_EVALUATED,0,0.0,0.0,0.0
S6_ENTRY_E2_PROBABILITY_RR,2025-05-28,688313,仕佳光子,s6setup-14605b552daa7ebd2184,KEY_CANDIDATE,SUPPORT_CONFIRMED,True,5,NOT_EVALUATED,0,0.0,0.0,0.0
S6_ENTRY_E2_PROBABILITY_RR,2025-05-28,688667,菱电电控,s6setup-038a552984e465159848,KEY_CANDIDATE,SUPPORT_CONFIRMED,True,5,NOT_EVALUATED,0,0.0,0.0,0.0
S6_ENTRY_E2_PROBABILITY_RR,2025-05-29,688297,中无人机,s6setup-e5b01dcbb14d34ef0d8f,KEY_CANDIDATE,SUPPORT_CONFIRMED,True,5,RELIABLE,250,0.348,0.164,0.24198
S6_ENTRY_E2_PROBABILITY_RR,2025-05-29,688767,博拓生物,s6setup-6a74d2b8bd7ebd939b5d,WATCH_CANDIDATE,NOT_APPLICABLE,False,0,NOT_EVALUATED,0,0.0,0.0,0.0
S6_ENTRY_E2_PROBABILITY_RR,2025-05-30,300047,天源迪科,s6setup-205764369053b53f46ce,WATCH_CANDIDATE,SUPPORT_CONFIRMED,True,3,NOT_EVALUATED,0,0.0,0.0,0.0
S6_ENTRY_E2_PROBABILITY_RR,2025-05-30,688117,圣诺生物,s6setup-04791a11266fccefb339,WATCH_CANDIDATE,NOT_APPLICABLE,False,0,NOT_EVALUATED,0,0.0,0.0,0.0
S6_ENTRY_E2_PROBABILITY_RR,2025-05-30,688297,中无人机,s6setup-e5b01dcbb14d34ef0d8f,KEY_CANDIDATE,SUPPORT_FORMING,False,4,RELIABLE,250,0.332,0.156,0.317916
S6_ENTRY_E2_PROBABILITY_RR,2025-05-30,688767,博拓生物,s6setup-6a74d2b8bd7ebd939b5d,WATCH_CANDIDATE,SUPPORT_CONFIRMED,True,4,NOT_EVALUATED,0,0.0,0.0,0.0
S6_ENTRY_E2_PROBABILITY_RR,2025-06-03,002891,中宠股份,s6setup-23f11bf3513b19a47d73,WATCH_CANDIDATE,NOT_APPLICABLE,False,0,NOT_EVALUATED,0,0.0,0.0,0.0
S6_ENTRY_E2_PROBABILITY_RR,2025-06-03,688767,博拓生物,s6setup-998e226009a9574861d5,WATCH_CANDIDATE,NOT_APPLICABLE,False,0,NOT_EVALUATED,0,0.0,0.0,0.0
S6_ENTRY_E2_PROBABILITY_RR,2025-06-04,688767,博拓生物,s6setup-f6bc69faac31187db8e1,WATCH_CANDIDATE,NOT_APPLICABLE,False,0,NOT_EVALUATED,0,0.0,0.0,0.0
S6_ENTRY_E2_PROBABILITY_RR,2025-06-05,000722,湖南发展,s6setup-73ae5bb71010ee426865,WATCH_CANDIDATE,SUPPORT_CONFIRMED,True,3,NOT_EVALUATED,0,0.0,0.0,0.0
S6_ENTRY_E2_PROBABILITY_RR,2025-06-05,002074,国轩高科,s6setup-b0a14cf7e8cfe9e8e6dc,WATCH_CANDIDATE,SUPPORT_CONFIRMED,True,3,NOT_EVALUATED,0,0.0,0.0,0.0
S6_ENTRY_E2_PROBABILITY_RR,2025-06-05,688171,纬德信息,s6setup-bb31e32885ee84db11ea,WATCH_CANDIDATE,SUPPORT_CONFIRMED,True,5,NOT_EVALUATED,0,0.0,0.0,0.0
S6_ENTRY_E2_PROBABILITY_RR,2025-06-06,688171,纬德信息,s6setup-bb2b504a5c6f62af5e75,WATCH_CANDIDATE,SUPPORT_CONFIRMED,True,4,NOT_EVALUATED,0,0.0,0.0,0.0
S6_ENTRY_E2_PROBABILITY_RR,2025-06-09,000859,国风新材,s6setup-1f3480720eb9c5570b71,KEY_CANDIDATE,SUPPORT_CONFIRMED,True,5,RELIABLE,250,0.588,0.24,0.797594
S6_ENTRY_E2_PROBABILITY_RR,2025-06-10,002584,西陇科学,s6setup-0e3885c48e6091598fec,WATCH_CANDIDATE,SUPPORT_CONFIRMED,True,5,NOT_EVALUATED,0,0.0,0.0,0.0
S6_ENTRY_E2_PROBABILITY_RR,2025-06-10,600105,永鼎股份,s6setup-5b27f659dd0e230e2a52,WATCH_CANDIDATE,SUPPORT_CONFIRMED,True,3,NOT_EVALUATED,0,0.0,0.0,0.0
S6_ENTRY_E2_PROBABILITY_RR,2025-06-10,600550,保变电气,s6setup-b495a3465d15fcca0340,KEY_CANDIDATE,SUPPORT_FORMING,False,2,RELIABLE,250,0.384,0.144,0.291555
S6_ENTRY_E2_PROBABILITY_RR,2025-06-11,600105,永鼎股份,s6setup-c3731ceba7c31c7b38ea,WATCH_CANDIDATE,SUPPORT_CONFIRMED,True,3,NOT_EVALUATED,0,0.0,0.0,0.0
S6_ENTRY_E2_PROBABILITY_RR,2025-06-11,601601,中国太保,s6setup-b986c4e469da63b62700,WATCH_CANDIDATE,NOT_APPLICABLE,False,0,NOT_EVALUATED,0,0.0,0.0,0.0
S6_ENTRY_E2_PROBABILITY_RR,2025-06-12,600105,永鼎股份,s6setup-c3731ceba7c31c7b38ea,WATCH_CANDIDATE,NOT_APPLICABLE,False,0,NOT_EVALUATED,0,0.0,0.0,0.0
S6_ENTRY_E2_PROBABILITY_RR,2025-06-12,688211,中科微至,s6setup-5fd917843eae226689bc,KEY_CANDIDATE,SUPPORT_CONFIRMED,True,5,NOT_EVALUATED,0,0.0,0.0,0.0
S6_ENTRY_E2_PROBABILITY_RR,2025-06-13,002174,游族网络,s6setup-efb966241fd1357193be,WATCH_CANDIDATE,SUPPORT_FORMING,False,2,NOT_EVALUATED,0,0.0,0.0,0.0
S6_ENTRY_E2_PROBABILITY_RR,2025-06-13,688550,瑞联新材,s6setup-5add3dc797a3d7edb0a4,WATCH_CANDIDATE,SUPPORT_FORMING,False,3,NOT_EVALUATED,0,0.0,0.0,0.0
S6_ENTRY_E2_PROBABILITY_RR,2025-06-16,002174,游族网络,s6setup-fcdaa609d9c430fa4491,WATCH_CANDIDATE,SUPPORT_CONFIRMED,True,4,NOT_EVALUATED,0,0.0,0.0,0.0
S6_ENTRY_E2_PROBABILITY_RR,2025-06-16,002215,诺 普 信,s6setup-3ec37812310d180bb5c5,KEY_CANDIDATE,SUPPORT_CONFIRMED,True,4,NOT_EVALUATED,0,0.0,0.0,0.0
S6_ENTRY_E2_PROBABILITY_RR,2025-06-17,600105,永鼎股份,s6setup-c3731ceba7c31c7b38ea,WATCH_CANDIDATE,SUPPORT_CONFIRMED,True,3,RELIABLE,250,0.592,0.284,1.083548
S6_ENTRY_E2_PROBABILITY_RR,2025-06-17,688206,概伦电子,s6setup-1a641d1ac9caf0d71300,WATCH_CANDIDATE,SUPPORT_CONFIRMED,True,4,NOT_EVALUATED,0,0.0,0.0,0.0
S6_ENTRY_E2_PROBABILITY_RR,2025-06-17,688379,华光新材,s6setup-1523b1c327b833a3721c,WATCH_CANDIDATE,SUPPORT_CONFIRMED,True,5,NOT_EVALUATED,0,0.0,0.0,0.0
S6_ENTRY_E2_PROBABILITY_RR,2025-06-19,688103,国力电子,s6setup-172a1bad3022718fff73,WATCH_CANDIDATE,SUPPORT_FORMING,False,2,NOT_EVALUATED,0,0.0,0.0,0.0
S6_ENTRY_E2_PROBABILITY_RR,2025-06-20,688600,皖仪科技,s6setup-18bd9a0c8b00652bf1e3,WATCH_CANDIDATE,SUPPORT_FORMING,False,2,NOT_EVALUATED,0,0.0,0.0,0.0
S6_ENTRY_E2_PROBABILITY_RR,2025-06-23,688196,卓越新能,s6setup-a789564ce640373e5994,WATCH_CANDIDATE,SUPPORT_CONFIRMED,True,4,NOT_EVALUATED,0,0.0,0.0,0.0
S6_ENTRY_E2_PROBABILITY_RR,2025-06-24,688196,卓越新能,s6setup-ecd0280fa2ab38bb0d88,WATCH_CANDIDATE,SUPPORT_FORMING,False,4,NOT_EVALUATED,0,0.0,0.0,0.0
S6_ENTRY_E2_PROBABILITY_RR,2025-06-24,688266,泽璟制药,s6setup-2c0916c727d49ac27651,WATCH_CANDIDATE,SUPPORT_CONFIRMED,True,4,NOT_EVALUATED,0,0.0,0.0,0.0
S6_ENTRY_E2_PROBABILITY_RR,2025-06-24,688600,皖仪科技,s6setup-b1b55f6d7c48197fe892,WATCH_CANDIDATE,NOT_APPLICABLE,False,0,NOT_EVALUATED,0,0.0,0.0,0.0
S6_ENTRY_E2_PROBABILITY_RR,2025-06-25,300204,舒泰神,s6setup-9c182d59a5d74d9b9c2f,WATCH_CANDIDATE,NOT_APPLICABLE,False,0,NOT_EVALUATED,0,0.0,0.0,0.0
S6_ENTRY_E2_PROBABILITY_RR,2025-06-25,688215,瑞晟智能,s6setup-2787916ddcfc6dd462ce,WATCH_CANDIDATE,NOT_APPLICABLE,False,0,NOT_EVALUATED,0,0.0,0.0,0.0
S6_ENTRY_E2_PROBABILITY_RR,2025-06-26,300204,舒泰神,s6setup-9c182d59a5d74d9b9c2f,WATCH_CANDIDATE,SUPPORT_FORMING,False,4,NOT_EVALUATED,0,0.0,0.0,0.0
S6_ENTRY_E2_PROBABILITY_RR,2025-06-26,688235,百济神州,s6setup-9c2a00b496c3276ebfcc,WATCH_CANDIDATE,SUPPORT_CONFIRMED,True,4,NOT_EVALUATED,0,0.0,0.0,0.0
S6_ENTRY_E2_PROBABILITY_RR,2025-06-27,300199,翰宇药业,s6setup-98b6d5982ad98654f26b,KEY_CANDIDATE,SUPPORT_CONFIRMED,True,3,RELIABLE,250,0.476,0.284,0.996784
S6_ENTRY_E2_PROBABILITY_RR,2025-06-27,300204,舒泰神,s6setup-9c182d59a5d74d9b9c2f,WATCH_CANDIDATE,NOT_APPLICABLE,False,0,NOT_EVALUATED,0,0.0,0.0,0.0
S6_ENTRY_E2_PROBABILITY_RR,2025-06-27,300299,富春股份,s6setup-fe57ace2f3bd9f89704c,KEY_CANDIDATE,SUPPORT_CONFIRMED,True,5,RELIABLE,250,0.316,0.276,0.24163
S6_ENTRY_E2_PROBABILITY_RR,2025-06-27,600353,旭光电子,s6setup-515d78758d504540b297,WATCH_CANDIDATE,SUPPORT_CONFIRMED,True,5,RELIABLE,250,0.432,0.244,0.625331
S6_ENTRY_E2_PROBABILITY_RR,2025-06-27,688196,卓越新能,s6setup-a789564ce640373e5994,KEY_CANDIDATE,SUPPORT_CONFIRMED,True,5,NOT_EVALUATED,0,0.0,0.0,0.0
S6_ENTRY_E2_PROBABILITY_RR,2025-06-30,300043,星辉娱乐,s6setup-f6a7f5890555cf3a6d76,WATCH_CANDIDATE,SUPPORT_CONFIRMED,True,5,NOT_EVALUATED,0,0.0,0.0,0.0
S6_ENTRY_E2_PROBABILITY_RR,2025-06-30,300199,翰宇药业,s6setup-95eb8d6782437a290e25,WATCH_CANDIDATE,SUPPORT_CONFIRMED,True,5,NOT_EVALUATED,0,0.0,0.0,0.0
S6_ENTRY_E2_PROBABILITY_RR,2025-06-30,300204,舒泰神,s6setup-9c182d59a5d74d9b9c2f,WATCH_CANDIDATE,NOT_APPLICABLE,False,0,NOT_EVALUATED,0,0.0,0.0,0.0
S6_ENTRY_E2_PROBABILITY_RR,2025-06-30,600353,旭光电子,s6setup-ed62b8948c41e192b4a6,WATCH_CANDIDATE,NOT_APPLICABLE,False,0,NOT_EVALUATED,0,0.0,0.0,0.0
S6_ENTRY_E2_PROBABILITY_RR,2025-06-30,600392,盛和资源,s6setup-ce4b7ca71cf102533f26,WATCH_CANDIDATE,SUPPORT_CONFIRMED,True,5,NOT_EVALUATED,0,0.0,0.0,0.0
S6_ENTRY_E2_PROBABILITY_RR,2025-07-01,000766,通化金马,s6setup-59623e563d0da8f46a90,KEY_CANDIDATE,SUPPORT_CONFIRMED,True,3,NOT_EVALUATED,0,0.0,0.0,0.0
S6_ENTRY_E2_PROBABILITY_RR,2025-07-01,002317,众生药业,s6setup-7cf3aadef71694a02d4f,WATCH_CANDIDATE,SUPPORT_CONFIRMED,True,5,RELIABLE,250,0.368,0.228,0.436167
S6_ENTRY_E2_PROBABILITY_RR,2025-07-01,300299,富春股份,s6setup-fe57ace2f3bd9f89704c,KEY_CANDIDATE,SUPPORT_CONFIRMED,True,3,RELIABLE,250,0.3,0.292,0.178442
S6_ENTRY_E2_PROBABILITY_RR,2025-07-02,300299,富春股份,s6setup-fe57ace2f3bd9f89704c,KEY_CANDIDATE,SUPPORT_CONFIRMED,True,4,RELIABLE,250,0.304,0.296,0.225126
S6_ENTRY_E2_PROBABILITY_RR,2025-07-03,002550,千红制药,s6setup-f1c97bd07e9e81b642cd,WATCH_CANDIDATE,NOT_APPLICABLE,False,0,NOT_EVALUATED,0,0.0,0.0,0.0
S6_ENTRY_E2_PROBABILITY_RR,2025-07-03,300299,富春股份,s6setup-fe57ace2f3bd9f89704c,KEY_CANDIDATE,SUPPORT_CONFIRMED,True,3,RELIABLE,250,0.252,0.212,0.437008
S6_ENTRY_E2_PROBABILITY_RR,2025-07-03,688619,罗普特,s6setup-735ca3a91750dc4692c1,KEY_CANDIDATE,NOT_APPLICABLE,False,0,NOT_EVALUATED,0,0.0,0.0,0.0
S6_ENTRY_E2_PROBABILITY_RR,2025-07-04,300180,华峰超纤,s6setup-3df680df65206ff003c0,WATCH_CANDIDATE,SUPPORT_CONFIRMED,True,4,NOT_EVALUATED,0,0.0,0.0,0.0
S6_ENTRY_E2_PROBABILITY_RR,2025-07-04,688619,罗普特,s6setup-735ca3a91750dc4692c1,KEY_CANDIDATE,SUPPORT_FORMING,False,2,NOT_EVALUATED,0,0.0,0.0,0.0
S6_ENTRY_E2_PROBABILITY_RR,2025-07-07,300386,飞天诚信,s6setup-3cbfa8d687c8a76f1b76,WATCH_CANDIDATE,NOT_APPLICABLE,False,0,NOT_EVALUATED,0,0.0,0.0,0.0
S6_ENTRY_E2_PROBABILITY_RR,2025-07-07,300457,赢合科技,s6setup-299bd8ef7828db0ae0df,KEY_CANDIDATE,SUPPORT_CONFIRMED,True,5,NOT_EVALUATED,0,0.0,0.0,0.0
S6_ENTRY_E2_PROBABILITY_RR,2025-07-07,300468,四方精创,s6setup-b5f3c1335eb3444dbfc4,WATCH_CANDIDATE,NOT_APPLICABLE,False,0,NOT_EVALUATED,0,0.0,0.0,0.0
S6_ENTRY_E2_PROBABILITY_RR,2025-07-07,688183,生益电子,s6setup-3a152a7ec1bfaca2be54,WATCH_CANDIDATE,NOT_APPLICABLE,False,0,NOT_EVALUATED,0,0.0,0.0,0.0
S6_ENTRY_E2_PROBABILITY_RR,2025-07-07,688619,罗普特,s6setup-d13a6c535c5f05eb28f3,KEY_CANDIDATE,SUPPORT_FORMING,False,4,NOT_EVALUATED,0,0.0,0.0,0.0
S6_ENTRY_E2_PROBABILITY_RR,2025-07-08,300386,飞天诚信,s6setup-3cbfa8d687c8a76f1b76,WATCH_CANDIDATE,NOT_APPLICABLE,False,0,NOT_EVALUATED,0,0.0,0.0,0.0
S6_ENTRY_E2_PROBABILITY_RR,2025-07-08,300457,赢合科技,s6setup-299bd8ef7828db0ae0df,KEY_CANDIDATE,SUPPORT_CONFIRMED,True,5,NOT_EVALUATED,0,0.0,0.0,0.0
S6_ENTRY_E2_PROBABILITY_RR,2025-07-08,300468,四方精创,s6setup-b5f3c1335eb3444dbfc4,WATCH_CANDIDATE,NOT_APPLICABLE,False,0,NOT_EVALUATED,0,0.0,0.0,0.0
S6_ENTRY_E2_PROBABILITY_RR,2025-07-08,300698,万马科技,s6setup-6668ff7ac7cef8a955df,WATCH_CANDIDATE,SUPPORT_CONFIRMED,True,5,NOT_EVALUATED,0,0.0,0.0,0.0
S6_ENTRY_E2_PROBABILITY_RR,2025-07-08,688183,生益电子,s6setup-3a152a7ec1bfaca2be54,WATCH_CANDIDATE,NOT_APPLICABLE,False,0,NOT_EVALUATED,0,0.0,0.0,0.0
S6_ENTRY_E2_PROBABILITY_RR,2025-07-08,688619,罗普特,s6setup-d13a6c535c5f05eb28f3,KEY_CANDIDATE,SUPPORT_CONFIRMED,True,4,NOT_EVALUATED,0,0.0,0.0,0.0
S6_ENTRY_E2_PROBABILITY_RR,2025-07-09,300386,飞天诚信,s6setup-3cbfa8d687c8a76f1b76,WATCH_CANDIDATE,SUPPORT_CONFIRMED,True,3,NOT_EVALUATED,0,0.0,0.0,0.0
S6_ENTRY_E2_PROBABILITY_RR,2025-07-09,300450,先导智能,s6setup-adf6c601c300982c2d25,WATCH_CANDIDATE,SUPPORT_CONFIRMED,True,3,NOT_EVALUATED,0,0.0,0.0,0.0
S6_ENTRY_E2_PROBABILITY_RR,2025-07-09,300468,四方精创,s6setup-b5f3c1335eb3444dbfc4,WATCH_CANDIDATE,SUPPORT_CONFIRMED,True,3,NOT_EVALUATED,0,0.0,0.0,0.0
S6_ENTRY_E2_PROBABILITY_RR,2025-07-09,300773,拉卡拉,s6setup-0015f29d48d62fab711c,KEY_CANDIDATE,SUPPORT_CONFIRMED,True,3,RELIABLE,250,0.416,0.16,0.508554
S6_ENTRY_E2_PROBABILITY_RR,2025-07-09,600178,东安动力,s6setup-d813adf2283cf382647f,WATCH_CANDIDATE,SUPPORT_CONFIRMED,True,3,NOT_EVALUATED,0,0.0,0.0,0.0
S6_ENTRY_E2_PROBABILITY_RR,2025-07-09,688183,生益电子,s6setup-3a152a7ec1bfaca2be54,KEY_CANDIDATE,SUPPORT_CONFIRMED,True,3,NOT_EVALUATED,0,0.0,0.0,0.0
S6_ENTRY_E2_PROBABILITY_RR,2025-07-10,688143,长盈通,s6setup-b2682305a9609112432f,WATCH_CANDIDATE,SUPPORT_CONFIRMED,True,4,NOT_EVALUATED,0,0.0,0.0,0.0
S6_ENTRY_E2_PROBABILITY_RR,2025-07-10,688183,生益电子,s6setup-3a152a7ec1bfaca2be54,WATCH_CANDIDATE,NOT_APPLICABLE,False,0,NOT_EVALUATED,0,0.0,0.0,0.0
S6_ENTRY_E2_PROBABILITY_RR,2025-07-10,688267,中触媒,s6setup-6cd374be7a0320858639,WATCH_CANDIDATE,NOT_APPLICABLE,False,0,NOT_EVALUATED,0,0.0,0.0,0.0
S6_ENTRY_E2_PROBABILITY_RR,2025-07-10,688297,中无人机,s6setup-5cee559a66fa7937a45f,WATCH_CANDIDATE,NOT_APPLICABLE,False,0,NOT_EVALUATED,0,0.0,0.0,0.0
S6_ENTRY_E2_PROBABILITY_RR,2025-07-11,002074,国轩高科,s6setup-2ca32ff829370255b97d,WATCH_CANDIDATE,SUPPORT_CONFIRMED,True,5,NOT_EVALUATED,0,0.0,0.0,0.0
S6_ENTRY_E2_PROBABILITY_RR,2025-07-11,600178,东安动力,s6setup-b14ad88c96db773f63b3,WATCH_CANDIDATE,SUPPORT_CONFIRMED,True,5,NOT_EVALUATED,0,0.0,0.0,0.0
S6_ENTRY_E2_PROBABILITY_RR,2025-07-11,688498,源杰科技,s6setup-7dac45509423022383a9,WATCH_CANDIDATE,NOT_APPLICABLE,False,0,NOT_EVALUATED,0,0.0,0.0,0.0
S6_ENTRY_E2_PROBABILITY_RR,2025-07-11,688499,利元亨,s6setup-74f372bf66beabfdd5b9,KEY_CANDIDATE,SUPPORT_CONFIRMED,True,3,RELIABLE,250,0.452,0.332,0.921481
S6_ENTRY_E2_PROBABILITY_RR,2025-07-14,000519,中兵红箭,s6setup-d125da2ab6d89687d74c,WATCH_CANDIDATE,SUPPORT_CONFIRMED,True,3,NOT_EVALUATED,0,0.0,0.0,0.0
S6_ENTRY_E2_PROBABILITY_RR,2025-07-14,002125,湘潭电化,s6setup-7e75682ebabd402c55ab,WATCH_CANDIDATE,SUPPORT_CONFIRMED,True,4,NOT_EVALUATED,0,0.0,0.0,0.0
S6_ENTRY_E2_PROBABILITY_RR,2025-07-14,600178,东安动力,s6setup-3fb1d338d8940b3e806e,WATCH_CANDIDATE,SUPPORT_CONFIRMED,True,3,NOT_EVALUATED,0,0.0,0.0,0.0
S6_ENTRY_E2_PROBABILITY_RR,2025-07-14,688498,源杰科技,s6setup-e7988503288262c6e9da,WATCH_CANDIDATE,SUPPORT_CONFIRMED,True,5,RELIABLE,250,0.624,0.216,0.907772
S6_ENTRY_E2_PROBABILITY_RR,2025-07-14,688499,利元亨,s6setup-7df94c56685a2b5bee69,KEY_CANDIDATE,SUPPORT_CONFIRMED,True,4,NOT_EVALUATED,0,0.0,0.0,0.0
S6_ENTRY_E2_PROBABILITY_RR,2025-07-15,000519,中兵红箭,s6setup-d125da2ab6d89687d74c,WATCH_CANDIDATE,SUPPORT_CONFIRMED,True,3,NOT_EVALUATED,0,0.0,0.0,0.0
S6_ENTRY_E2_PROBABILITY_RR,2025-07-15,301205,联特科技,s6setup-60999f27e1235d996029,WATCH_CANDIDATE,SUPPORT_CONFIRMED,True,4,NOT_EVALUATED,0,0.0,0.0,0.0
S6_ENTRY_E2_PROBABILITY_RR,2025-07-15,688267,中触媒,s6setup-875f4b92169e442ea23e,WATCH_CANDIDATE,NOT_APPLICABLE,False,0,NOT_EVALUATED,0,0.0,0.0,0.0
S6_ENTRY_E2_PROBABILITY_RR,2025-07-15,688498,源杰科技,s6setup-335aa82abdabfb8430e2,WATCH_CANDIDATE,NOT_APPLICABLE,False,0,NOT_EVALUATED,0,0.0,0.0,0.0
S6_ENTRY_E2_PROBABILITY_RR,2025-07-15,688499,利元亨,s6setup-9425b6f1af2efec011d4,KEY_CANDIDATE,NOT_APPLICABLE,False,0,NOT_EVALUATED,0,0.0,0.0,0.0
S6_ENTRY_E2_PROBABILITY_RR,2025-07-16,002210,飞马国际,s6setup-3c527aa803492bc46e6e,WATCH_CANDIDATE,SUPPORT_CONFIRMED,True,3,NOT_EVALUATED,0,0.0,0.0,0.0
S6_ENTRY_E2_PROBABILITY_RR,2025-07-16,600666,奥瑞德,s6setup-4a1258ac2843d19b3f32,WATCH_CANDIDATE,SUPPORT_FORMING,False,2,NOT_EVALUATED,0,0.0,0.0,0.0
S6_ENTRY_E2_PROBABILITY_RR,2025-07-16,688499,利元亨,s6setup-7df94c56685a2b5bee69,KEY_CANDIDATE,SUPPORT_CONFIRMED,True,3,NOT_EVALUATED,0,0.0,0.0,0.0
S6_ENTRY_E2_PROBABILITY_RR,2025-07-17,002549,凯美特气,s6setup-94d323a8e87e2f5f2975,WATCH_CANDIDATE,SUPPORT_FORMING,False,4,NOT_EVALUATED,0,0.0,0.0,0.0
S6_ENTRY_E2_PROBABILITY_RR,2025-07-17,300293,蓝英装备,s6setup-2c01acb7c2b4c647169a,KEY_CANDIDATE,NOT_APPLICABLE,False,0,NOT_EVALUATED,0,0.0,0.0,0.0
S6_ENTRY_E2_PROBABILITY_RR,2025-07-17,600570,恒生电子,s6setup-e582264ca0749f43de5d,WATCH_CANDIDATE,NOT_APPLICABLE,False,0,NOT_EVALUATED,0,0.0,0.0,0.0
S6_ENTRY_E2_PROBABILITY_RR,2025-07-17,600666,奥瑞德,s6setup-4a1258ac2843d19b3f32,KEY_CANDIDATE,SUPPORT_CONFIRMED,True,5,RELIABLE,250,0.552,0.236,0.825125
S6_ENTRY_E2_PROBABILITY_RR,2025-07-17,600967,内蒙一机,s6setup-617a61badb000ef99227,KEY_CANDIDATE,NOT_APPLICABLE,False,0,NOT_EVALUATED,0,0.0,0.0,0.0
S6_ENTRY_E2_PROBABILITY_RR,2025-07-17,688398,赛特新材,s6setup-a2064b7c632da1883039,KEY_CANDIDATE,SUPPORT_CONFIRMED,True,5,NOT_EVALUATED,0,0.0,0.0,0.0
S6_ENTRY_E2_PROBABILITY_RR,2025-07-18,002549,凯美特气,s6setup-94d323a8e87e2f5f2975,WATCH_CANDIDATE,NOT_APPLICABLE,False,0,NOT_EVALUATED,0,0.0,0.0,0.0
S6_ENTRY_E2_PROBABILITY_RR,2025-07-18,600095,湘财股份,s6setup-e1d85bbb7310d7c7de05,KEY_CANDIDATE,NOT_APPLICABLE,False,0,NOT_EVALUATED,0,0.0,0.0,0.0
S6_ENTRY_E2_PROBABILITY_RR,2025-07-18,601162,天风证券,s6setup-d38b0f68ca0e92fc6098,WATCH_CANDIDATE,SUPPORT_CONFIRMED,True,3,NOT_EVALUATED,0,0.0,0.0,0.0
S6_ENTRY_E2_PROBABILITY_RR,2025-07-18,688191,智洋创新,s6setup-c322353cc4fe738b3788,WATCH_CANDIDATE,NOT_APPLICABLE,False,0,NOT_EVALUATED,0,0.0,0.0,0.0
S6_ENTRY_E2_PROBABILITY_RR,2025-07-18,688398,赛特新材,s6setup-12dfd70fe13ef9e04d00,KEY_CANDIDATE,NOT_APPLICABLE,False,0,NOT_EVALUATED,0,0.0,0.0,0.0
S6_ENTRY_E2_PROBABILITY_RR,2025-07-21,002189,中光学,s6setup-04e5a63a128999110382,KEY_CANDIDATE,NOT_APPLICABLE,False,0,NOT_EVALUATED,0,0.0,0.0,0.0
S6_ENTRY_E2_PROBABILITY_RR,2025-07-21,600095,湘财股份,s6setup-24ebde40885e351460b5,KEY_CANDIDATE,SUPPORT_CONFIRMED,True,5,NOT_EVALUATED,0,0.0,0.0,0.0
S6_ENTRY_E2_PROBABILITY_RR,2025-07-21,601162,天风证券,s6setup-d38b0f68ca0e92fc6098,WATCH_CANDIDATE,SUPPORT_CONFIRMED,True,5,NOT_EVALUATED,0,0.0,0.0,0.0
S6_ENTRY_E2_PROBABILITY_RR,2025-07-21,688398,赛特新材,s6setup-12dfd70fe13ef9e04d00,KEY_CANDIDATE,SUPPORT_CONFIRMED,True,3,NOT_EVALUATED,0,0.0,0.0,0.0
S6_ENTRY_E2_PROBABILITY_RR,2025-07-22,600095,湘财股份,s6setup-e1d85bbb7310d7c7de05,KEY_CANDIDATE,NOT_APPLICABLE,False,0,NOT_EVALUATED,0,0.0,0.0,0.0
S6_ENTRY_E2_PROBABILITY_RR,2025-07-22,601162,天风证券,s6setup-d38b0f68ca0e92fc6098,WATCH_CANDIDATE,SUPPORT_FORMING,False,4,NOT_EVALUATED,0,0.0,0.0,0.0
S6_ENTRY_E2_PROBABILITY_RR,2025-07-23,300533,冰川网络,s6setup-d305e702383d30689c52,WATCH_CANDIDATE,SUPPORT_FORMING,False,3,NOT_EVALUATED,0,0.0,0.0,0.0
S6_ENTRY_E2_PROBABILITY_RR,2025-07-23,688260,昀冢科技,s6setup-d870080aa7f4b73ebf0d,KEY_CANDIDATE,NOT_APPLICABLE,False,0,NOT_EVALUATED,0,0.0,0.0,0.0
S6_ENTRY_E2_PROBABILITY_RR,2025-07-24,002048,宁波华翔,s6setup-f5421e73dd4081027fbf,WATCH_CANDIDATE,SUPPORT_CONFIRMED,True,4,RELIABLE,250,0.772,0.204,0.710349
S6_ENTRY_E2_PROBABILITY_RR,2025-07-24,002342,巨力索具,s6setup-9d1b0130a0ec33cd3b7d,KEY_CANDIDATE,SUPPORT_CONFIRMED,True,5,NOT_EVALUATED,0,0.0,0.0,0.0
S6_ENTRY_E2_PROBABILITY_RR,2025-07-24,688260,昀冢科技,s6setup-50c8b1672d9f17e4bc47,KEY_CANDIDATE,WAITING_BREAKOUT,False,0,NOT_EVALUATED,0,0.0,0.0,0.0
S6_ENTRY_E2_PROBABILITY_RR,2025-07-25,301389,隆扬电子,s6setup-5a07dec4b31cd092b84c,KEY_CANDIDATE,SUPPORT_CONFIRMED,True,3,NOT_EVALUATED,0,0.0,0.0,0.0
S6_ENTRY_E2_PROBABILITY_RR,2025-07-25,603228,景旺电子,s6setup-e4aabaeb4a177d943648,WATCH_CANDIDATE,NOT_APPLICABLE,False,0,NOT_EVALUATED,0,0.0,0.0,0.0
S6_ENTRY_E2_PROBABILITY_RR,2025-07-28,002342,巨力索具,s6setup-9d1b0130a0ec33cd3b7d,KEY_CANDIDATE,SUPPORT_FORMING,False,4,NOT_EVALUATED,0,0.0,0.0,0.0
S6_ENTRY_E2_PROBABILITY_RR,2025-07-28,002636,金安国纪,s6setup-b227bd5020185bae3e64,WATCH_CANDIDATE,NOT_APPLICABLE,False,0,NOT_EVALUATED,0,0.0,0.0,0.0
S6_ENTRY_E2_PROBABILITY_RR,2025-07-28,688382,益方生物,s6setup-60835cee0f3698187eeb,WATCH_CANDIDATE,SUPPORT_CONFIRMED,True,5,NOT_EVALUATED,0,0.0,0.0,0.0
S6_ENTRY_E2_PROBABILITY_RR,2025-07-28,688663,新风光,s6setup-21392e3a9f8d76d3f882,WATCH_CANDIDATE,SUPPORT_CONFIRMED,True,5,NOT_EVALUATED,0,0.0,0.0,0.0
S6_ENTRY_E2_PROBABILITY_RR,2025-07-29,000989,九芝堂,s6setup-d71494a0ad33658203ce,KEY_CANDIDATE,SUPPORT_FORMING,False,4,NOT_EVALUATED,0,0.0,0.0,0.0
S6_ENTRY_E2_PROBABILITY_RR,2025-07-29,600267,海正药业,s6setup-26c625d3baf9fe440cdf,KEY_CANDIDATE,SUPPORT_FORMING,False,4,NOT_EVALUATED,0,0.0,0.0,0.0
S6_ENTRY_E2_PROBABILITY_RR,2025-07-29,600698,湖南天雁,s6setup-4f3f2cc081b7d9f2d7f2,KEY_CANDIDATE,NOT_APPLICABLE,False,0,NOT_EVALUATED,0,0.0,0.0,0.0
S6_ENTRY_E2_PROBABILITY_RR,2025-07-29,688117,圣诺生物,s6setup-f6f7025a60edbf05d598,WATCH_CANDIDATE,NOT_APPLICABLE,False,0,NOT_EVALUATED,0,0.0,0.0,0.0
S6_ENTRY_E2_PROBABILITY_RR,2025-07-29,688382,益方生物,s6setup-60835cee0f3698187eeb,WATCH_CANDIDATE,NOT_APPLICABLE,False,0,NOT_EVALUATED,0,0.0,0.0,0.0
S6_ENTRY_E2_PROBABILITY_RR,2025-07-30,002716,湖南白银,s6setup-eec3a4d42e6b845df250,WATCH_CANDIDATE,SUPPORT_CONFIRMED,True,3,NOT_EVALUATED,0,0.0,0.0,0.0
S6_ENTRY_E2_PROBABILITY_RR,2025-07-30,688117,圣诺生物,s6setup-f6f7025a60edbf05d598,WATCH_CANDIDATE,NOT_APPLICABLE,False,0,NOT_EVALUATED,0,0.0,0.0,0.0
S6_ENTRY_E2_PROBABILITY_RR,2025-07-30,688265,南模生物,s6setup-280cc84c2c7d58f57f2b,WATCH_CANDIDATE,SUPPORT_CONFIRMED,True,3,NOT_EVALUATED,0,0.0,0.0,0.0
S6_ENTRY_E2_PROBABILITY_RR,2025-07-30,688382,益方生物,s6setup-60835cee0f3698187eeb,WATCH_CANDIDATE,SUPPORT_CONFIRMED,True,3,RELIABLE,250,0.804,0.252,0.927518
S6_ENTRY_E2_PROBABILITY_RR,2025-07-30,688428,诺诚健华,s6setup-d952d452209891ee0557,WATCH_CANDIDATE,SUPPORT_CONFIRMED,True,3,NOT_EVALUATED,0,0.0,0.0,0.0
S6_ENTRY_E2_PROBABILITY_RR,2025-07-31,601519,大智慧,s6setup-a60ecf27e93ba5fe66e2,KEY_CANDIDATE,SUPPORT_FORMING,False,2,NOT_EVALUATED,0,0.0,0.0,0.0
S6_ENTRY_E2_PROBABILITY_RR,2025-07-31,688143,长盈通,s6setup-188a77f6c471cdcc4c16,WATCH_CANDIDATE,SUPPORT_CONFIRMED,True,4,NOT_EVALUATED,0,0.0,0.0,0.0
S6_ENTRY_E2_PROBABILITY_RR,2025-07-31,688265,南模生物,s6setup-d8fb30d6f0a575a4fe36,WATCH_CANDIDATE,SUPPORT_FORMING,False,2,NOT_EVALUATED,0,0.0,0.0,0.0
S6_ENTRY_E2_PROBABILITY_RR,2025-08-01,000989,九芝堂,s6setup-d71494a0ad33658203ce,KEY_CANDIDATE,SUPPORT_FORMING,False,4,NOT_EVALUATED,0,0.0,0.0,0.0
S6_ENTRY_E2_PROBABILITY_RR,2025-08-01,002121,科陆电子,s6setup-7c504b256b2719dc9fca,WATCH_CANDIDATE,NOT_APPLICABLE,False,0,NOT_EVALUATED,0,0.0,0.0,0.0
S6_ENTRY_E2_PROBABILITY_RR,2025-08-01,688307,中润光学,s6setup-810023653f14ef16bf66,WATCH_CANDIDATE,NOT_APPLICABLE,False,0,NOT_EVALUATED,0,0.0,0.0,0.0
S6_ENTRY_E2_PROBABILITY_RR,2025-08-04,000989,九芝堂,s6setup-d71494a0ad33658203ce,KEY_CANDIDATE,SUPPORT_FORMING,False,3,NOT_EVALUATED,0,0.0,0.0,0.0
S6_ENTRY_E2_PROBABILITY_RR,2025-08-04,002167,东方锆业,s6setup-2db78dd56c59ceb70947,WATCH_CANDIDATE,NOT_APPLICABLE,False,0,NOT_EVALUATED,0,0.0,0.0,0.0
S6_ENTRY_E2_PROBABILITY_RR,2025-08-04,002550,千红制药,s6setup-1d8cce98bcfe1a142389,WATCH_CANDIDATE,SUPPORT_CONFIRMED,True,5,NOT_EVALUATED,0,0.0,0.0,0.0
S6_ENTRY_E2_PROBABILITY_RR,2025-08-04,002716,湖南白银,s6setup-f3c82aa895561e3aa7ff,READY_CANDIDATE,SUPPORT_CONFIRMED,True,5,NOT_EVALUATED,0,0.0,0.0,0.0
S6_ENTRY_E2_PROBABILITY_RR,2025-08-04,688117,圣诺生物,s6setup-43d0b6c04e4fe7863f8f,KEY_CANDIDATE,SUPPORT_FORMING,False,4,NOT_EVALUATED,0,0.0,0.0,0.0
S6_ENTRY_E2_PROBABILITY_RR,2025-08-04,688307,中润光学,s6setup-4dd4473fe082601640c3,WATCH_CANDIDATE,NOT_APPLICABLE,False,0,NOT_EVALUATED,0,0.0,0.0,0.0
S6_ENTRY_E2_PROBABILITY_RR,2025-08-05,002550,千红制药,s6setup-1d8cce98bcfe1a142389,WATCH_CANDIDATE,SUPPORT_CONFIRMED,True,3,NOT_EVALUATED,0,0.0,0.0,0.0
S6_ENTRY_E2_PROBABILITY_RR,2025-08-05,600751,海航科技,s6setup-c9a7c7446fa693b596db,WATCH_CANDIDATE,NOT_APPLICABLE,False,0,NOT_EVALUATED,0,0.0,0.0,0.0
S6_ENTRY_E2_PROBABILITY_RR,2025-08-05,601208,东材科技,s6setup-943aee4145a0956ad753,WATCH_CANDIDATE,NOT_APPLICABLE,False,0,NOT_EVALUATED,0,0.0,0.0,0.0
S6_ENTRY_E2_PROBABILITY_RR,2025-08-05,601868,中国能建,s6setup-dd77d6e41b8afc91a237,WATCH_CANDIDATE,SUPPORT_CONFIRMED,True,5,NOT_EVALUATED,0,0.0,0.0,0.0
S6_ENTRY_E2_PROBABILITY_RR,2025-08-05,688202,美迪西,s6setup-4a027ef3cdd811824e39,KEY_CANDIDATE,NOT_APPLICABLE,False,0,NOT_EVALUATED,0,0.0,0.0,0.0
S6_ENTRY_E2_PROBABILITY_RR,2025-08-05,688360,德马科技,s6setup-a7c795d7a40c684cc76a,WATCH_CANDIDATE,NOT_APPLICABLE,False,0,NOT_EVALUATED,0,0.0,0.0,0.0
S6_ENTRY_E2_PROBABILITY_RR,2025-08-06,000932,华菱钢铁,s6setup-e112473ba7fccbb736ed,WATCH_CANDIDATE,NOT_APPLICABLE,False,0,NOT_EVALUATED,0,0.0,0.0,0.0
S6_ENTRY_E2_PROBABILITY_RR,2025-08-06,002167,东方锆业,s6setup-85f6927b89a425123231,WATCH_CANDIDATE,SUPPORT_CONFIRMED,True,3,NOT_EVALUATED,0,0.0,0.0,0.0
S6_ENTRY_E2_PROBABILITY_RR,2025-08-06,002266,浙富控股,s6setup-4cab1a9a8619d98012cf,WATCH_CANDIDATE,SUPPORT_CONFIRMED,True,5,NOT_EVALUATED,0,0.0,0.0,0.0
S6_ENTRY_E2_PROBABILITY_RR,2025-08-06,300748,金力永磁,s6setup-eec7e79d4070d31833e4,WATCH_CANDIDATE,NOT_APPLICABLE,False,0,NOT_EVALUATED,0,0.0,0.0,0.0
S6_ENTRY_E2_PROBABILITY_RR,2025-08-06,600875,东方电气,s6setup-93eb128ab6ce4fc6345b,WATCH_CANDIDATE,SUPPORT_CONFIRMED,True,4,NOT_EVALUATED,0,0.0,0.0,0.0
S6_ENTRY_E2_PROBABILITY_RR,2025-08-06,601208,东材科技,s6setup-943aee4145a0956ad753,WATCH_CANDIDATE,NOT_APPLICABLE,False,0,NOT_EVALUATED,0,0.0,0.0,0.0
S6_ENTRY_E2_PROBABILITY_RR,2025-08-06,688202,美迪西,s6setup-4a027ef3cdd811824e39,KEY_CANDIDATE,SUPPORT_CONFIRMED,True,3,NOT_EVALUATED,0,0.0,0.0,0.0
S6_ENTRY_E2_PROBABILITY_RR,2025-08-06,688321,微芯生物,s6setup-5377fd2a99f58cc9c3ef,WATCH_CANDIDATE,SUPPORT_CONFIRMED,True,3,NOT_EVALUATED,0,0.0,0.0,0.0
S6_ENTRY_E2_PROBABILITY_RR,2025-08-06,688718,唯赛勃,s6setup-587e5aa084c9ac94571a,KEY_CANDIDATE,SUPPORT_CONFIRMED,True,3,NOT_EVALUATED,0,0.0,0.0,0.0
S6_ENTRY_E2_PROBABILITY_RR,2025-08-07,000758,中色股份,s6setup-993b4afe570f8c7d2858,KEY_CANDIDATE,NOT_APPLICABLE,False,0,NOT_EVALUATED,0,0.0,0.0,0.0
S6_ENTRY_E2_PROBABILITY_RR,2025-08-07,002167,东方锆业,s6setup-ba567dd5684552a75a60,KEY_CANDIDATE,NOT_APPLICABLE,False,0,NOT_EVALUATED,0,0.0,0.0,0.0
S6_ENTRY_E2_PROBABILITY_RR,2025-08-07,300476,胜宏科技,s6setup-3a514f007a046a076145,WATCH_CANDIDATE,NOT_APPLICABLE,False,0,NOT_EVALUATED,0,0.0,0.0,0.0
S6_ENTRY_E2_PROBABILITY_RR,2025-08-07,300748,金力永磁,s6setup-328e9be037b690700a4d,WATCH_CANDIDATE,NOT_APPLICABLE,False,0,NOT_EVALUATED,0,0.0,0.0,0.0
S6_ENTRY_E2_PROBABILITY_RR,2025-08-07,600259,中稀有色,s6setup-6269b43b909404dd33ac,KEY_CANDIDATE,WAITING_BREAKOUT,False,0,NOT_EVALUATED,0,0.0,0.0,0.0
S6_ENTRY_E2_PROBABILITY_RR,2025-08-07,600528,中铁工业,s6setup-683dc450a5cedcef3079,WATCH_CANDIDATE,SUPPORT_CONFIRMED,True,3,NOT_EVALUATED,0,0.0,0.0,0.0
S6_ENTRY_E2_PROBABILITY_RR,2025-08-07,600751,海航科技,s6setup-c9a7c7446fa693b596db,WATCH_CANDIDATE,NOT_APPLICABLE,False,0,NOT_EVALUATED,0,0.0,0.0,0.0
S6_ENTRY_E2_PROBABILITY_RR,2025-08-07,600801,华新建材,s6setup-19ce1de975b65f1252f1,KEY_CANDIDATE,SUPPORT_CONFIRMED,True,4,NOT_EVALUATED,0,0.0,0.0,0.0
S6_ENTRY_E2_PROBABILITY_RR,2025-08-08,000932,华菱钢铁,s6setup-e112473ba7fccbb736ed,WATCH_CANDIDATE,NOT_APPLICABLE,False,0,NOT_EVALUATED,0,0.0,0.0,0.0
S6_ENTRY_E2_PROBABILITY_RR,2025-08-08,002320,海峡股份,s6setup-f5a15e8088587ad71f14,WATCH_CANDIDATE,SUPPORT_CONFIRMED,True,5,NOT_EVALUATED,0,0.0,0.0,0.0
S6_ENTRY_E2_PROBABILITY_RR,2025-08-08,002497,雅化集团,s6setup-cf20e1fed216940f1881,KEY_CANDIDATE,NOT_APPLICABLE,False,0,NOT_EVALUATED,0,0.0,0.0,0.0
S6_ENTRY_E2_PROBABILITY_RR,2025-08-08,002736,国信证券,s6setup-80f9b3481d3dc454be12,KEY_CANDIDATE,SUPPORT_CONFIRMED,True,4,RELIABLE,250,0.652,0.292,1.132282
S6_ENTRY_E2_PROBABILITY_RR,2025-08-08,601696,中银证券,s6setup-43ca95e27d2be3639d49,WATCH_CANDIDATE,SUPPORT_FORMING,False,4,NOT_EVALUATED,0,0.0,0.0,0.0
S6_ENTRY_E2_PROBABILITY_RR,2025-08-08,688156,路德科技,s6setup-e7a7fa42e720b4bdcd48,WATCH_CANDIDATE,NOT_APPLICABLE,False,0,NOT_EVALUATED,0,0.0,0.0,0.0
S6_ENTRY_E2_PROBABILITY_RR,2025-08-08,688619,罗普特,s6setup-7c01ea40d583d6ba5ac5,KEY_CANDIDATE,NOT_APPLICABLE,False,0,NOT_EVALUATED,0,0.0,0.0,0.0
S6_ENTRY_E2_PROBABILITY_RR,2025-08-08,688718,唯赛勃,s6setup-587e5aa084c9ac94571a,KEY_CANDIDATE,SUPPORT_FORMING,False,4,NOT_EVALUATED,0,0.0,0.0,0.0
S6_ENTRY_E2_PROBABILITY_RR,2025-08-11,002320,海峡股份,s6setup-75a051b002ec2857a2d9,WATCH_CANDIDATE,NOT_APPLICABLE,False,0,NOT_EVALUATED,0,0.0,0.0,0.0
S6_ENTRY_E2_PROBABILITY_RR,2025-08-11,002384,东山精密,s6setup-54711404d4e96e1c7c62,WATCH_CANDIDATE,SUPPORT_CONFIRMED,True,5,NOT_EVALUATED,0,0.0,0.0,0.0
S6_ENTRY_E2_PROBABILITY_RR,2025-08-11,600418,江淮汽车,s6setup-1bc395233ee8e4509cec,WATCH_CANDIDATE,SUPPORT_FORMING,False,4,NOT_EVALUATED,0,0.0,0.0,0.0
S6_ENTRY_E2_PROBABILITY_RR,2025-08-11,601208,东材科技,s6setup-36f0f2909d391d6e38bc,WATCH_CANDIDATE,SUPPORT_CONFIRMED,True,5,NOT_EVALUATED,0,0.0,0.0,0.0
S6_ENTRY_E2_PROBABILITY_RR,2025-08-11,601696,中银证券,s6setup-43ca95e27d2be3639d49,WATCH_CANDIDATE,SUPPORT_CONFIRMED,True,3,NOT_EVALUATED,0,0.0,0.0,0.0
S6_ENTRY_E2_PROBABILITY_RR,2025-08-11,688051,佳华科技,s6setup-104981bd2fba18d90be6,WATCH_CANDIDATE,NOT_APPLICABLE,False,0,NOT_EVALUATED,0,0.0,0.0,0.0
S6_ENTRY_E2_PROBABILITY_RR,2025-08-11,688156,路德科技,s6setup-c91f1dc33af262dcbd9e,WATCH_CANDIDATE,NOT_APPLICABLE,False,0,NOT_EVALUATED,0,0.0,0.0,0.0
S6_ENTRY_E2_PROBABILITY_RR,2025-08-11,688619,罗普特,s6setup-e1c90a5393f6e38a6a7d,WATCH_CANDIDATE,SUPPORT_CONFIRMED,True,5,NOT_EVALUATED,0,0.0,0.0,0.0
S6_ENTRY_E2_PROBABILITY_RR,2025-08-11,688718,唯赛勃,s6setup-587e5aa084c9ac94571a,WATCH_CANDIDATE,NOT_APPLICABLE,False,0,NOT_EVALUATED,0,0.0,0.0,0.0
S6_ENTRY_E2_PROBABILITY_RR,2025-08-12,002736,国信证券,s6setup-f4cdd39f619657adc0b6,WATCH_CANDIDATE,SUPPORT_CONFIRMED,True,3,RELIABLE,250,0.74,0.316,1.105256
S6_ENTRY_E2_PROBABILITY_RR,2025-08-12,300395,菲利华,s6setup-57bcd605c67faf9172c7,WATCH_CANDIDATE,SUPPORT_FORMING,False,4,NOT_EVALUATED,0,0.0,0.0,0.0
S6_ENTRY_E2_PROBABILITY_RR,2025-08-12,601208,东材科技,s6setup-66ff23da83b73dbac3e3,WATCH_CANDIDATE,SUPPORT_CONFIRMED,True,3,NOT_EVALUATED,0,0.0,0.0,0.0
S6_ENTRY_E2_PROBABILITY_RR,2025-08-12,601696,中银证券,s6setup-43ca95e27d2be3639d49,WATCH_CANDIDATE,NOT_APPLICABLE,False,0,NOT_EVALUATED,0,0.0,0.0,0.0
S6_ENTRY_E2_PROBABILITY_RR,2025-08-12,603444,吉比特,s6setup-5495057d612d3532c841,WATCH_CANDIDATE,NOT_APPLICABLE,False,0,NOT_EVALUATED,0,0.0,0.0,0.0
S6_ENTRY_E2_PROBABILITY_RR,2025-08-12,603486,科沃斯,s6setup-47bc24e67bfced45806f,WATCH_CANDIDATE,SUPPORT_CONFIRMED,True,3,RELIABLE,250,0.732,0.216,0.903778
S6_ENTRY_E2_PROBABILITY_RR,2025-08-12,603993,洛阳钼业,s6setup-b480475ca9ae290a0c96,WATCH_CANDIDATE,NOT_APPLICABLE,False,0,NOT_EVALUATED,0,0.0,0.0,0.0
S6_ENTRY_E2_PROBABILITY_RR,2025-08-12,688051,佳华科技,s6setup-3ce14f1cd14688c5860b,WATCH_CANDIDATE,NOT_APPLICABLE,False,0,NOT_EVALUATED,0,0.0,0.0,0.0
S6_ENTRY_E2_PROBABILITY_RR,2025-08-12,688619,罗普特,s6setup-e1c90a5393f6e38a6a7d,WATCH_CANDIDATE,NOT_APPLICABLE,False,0,NOT_EVALUATED,0,0.0,0.0,0.0
S6_ENTRY_E2_PROBABILITY_RR,2025-08-12,688718,唯赛勃,s6setup-587e5aa084c9ac94571a,WATCH_CANDIDATE,SUPPORT_CONFIRMED,True,3,NOT_EVALUATED,0,0.0,0.0,0.0
S6_ENTRY_E2_PROBABILITY_RR,2025-08-13,300149,睿智医药,s6setup-14e2fd006350f69eb194,WATCH_CANDIDATE,SUPPORT_CONFIRMED,True,5,NOT_EVALUATED,0,0.0,0.0,0.0
S6_ENTRY_E2_PROBABILITY_RR,2025-08-13,301205,联特科技,s6setup-808964121f9c9756fb5d,WATCH_CANDIDATE,NOT_APPLICABLE,False,0,NOT_EVALUATED,0,0.0,0.0,0.0
S6_ENTRY_E2_PROBABILITY_RR,2025-08-13,600010,包钢股份,s6setup-4fe377f3079b4d40efa0,KEY_CANDIDATE,SUPPORT_CONFIRMED,True,3,RELIABLE,250,0.336,0.204,0.458559
S6_ENTRY_E2_PROBABILITY_RR,2025-08-13,601696,中银证券,s6setup-7b9444423ee5055c15dd,WATCH_CANDIDATE,NOT_APPLICABLE,False,0,NOT_EVALUATED,0,0.0,0.0,0.0
S6_ENTRY_E2_PROBABILITY_RR,2025-08-13,603444,吉比特,s6setup-5495057d612d3532c841,WATCH_CANDIDATE,NOT_APPLICABLE,False,0,NOT_EVALUATED,0,0.0,0.0,0.0
S6_ENTRY_E2_PROBABILITY_RR,2025-08-13,603486,科沃斯,s6setup-470f43d1726fab973716,WATCH_CANDIDATE,SUPPORT_CONFIRMED,True,5,RELIABLE,250,0.828,0.24,0.898273
S6_ENTRY_E2_PROBABILITY_RR,2025-08-13,688062,迈威生物,s6setup-f58a2dbfae45133fcf4f,WATCH_CANDIDATE,NOT_APPLICABLE,False,0,NOT_EVALUATED,0,0.0,0.0,0.0
S6_ENTRY_E2_PROBABILITY_RR,2025-08-13,688166,博瑞医药,s6setup-5b3367285908984eeb2d,KEY_CANDIDATE,NOT_APPLICABLE,False,0,NOT_EVALUATED,0,0.0,0.0,0.0
S6_ENTRY_E2_PROBABILITY_RR,2025-08-13,688278,特宝生物,s6setup-a8fa994084285c828d33,WATCH_CANDIDATE,SUPPORT_CONFIRMED,True,5,NOT_EVALUATED,0,0.0,0.0,0.0
S6_ENTRY_E2_PROBABILITY_RR,2025-08-14,300149,睿智医药,s6setup-14e2fd006350f69eb194,WATCH_CANDIDATE,SUPPORT_CONFIRMED,True,3,NOT_EVALUATED,0,0.0,0.0,0.0
S6_ENTRY_E2_PROBABILITY_RR,2025-08-14,300835,龙磁科技,s6setup-e47593b0fd6194b50ca0,WATCH_CANDIDATE,SUPPORT_CONFIRMED,True,3,RELIABLE,250,0.6,0.28,0.670112
S6_ENTRY_E2_PROBABILITY_RR,2025-08-14,600111,北方稀土,s6setup-d0cb7bb1e73364345296,KEY_CANDIDATE,SUPPORT_CONFIRMED,True,5,NOT_EVALUATED,0,0.0,0.0,0.0
S6_ENTRY_E2_PROBABILITY_RR,2025-08-14,603486,科沃斯,s6setup-470f43d1726fab973716,WATCH_CANDIDATE,SUPPORT_CONFIRMED,True,3,RELIABLE,250,0.756,0.188,0.872798
S6_ENTRY_E2_PROBABILITY_RR,2025-08-15,002437,誉衡药业,s6setup-5442f11c5e91b7c56495,KEY_CANDIDATE,NOT_APPLICABLE,False,0,NOT_EVALUATED,0,0.0,0.0,0.0
S6_ENTRY_E2_PROBABILITY_RR,2025-08-15,002468,申通快递,s6setup-66821b502a63d7b903c1,KEY_CANDIDATE,SUPPORT_CONFIRMED,True,5,NOT_EVALUATED,0,0.0,0.0,0.0
S6_ENTRY_E2_PROBABILITY_RR,2025-08-15,300835,龙磁科技,s6setup-b89e78056c5700207419,WATCH_CANDIDATE,SUPPORT_FORMING,False,4,RELIABLE,250,0.804,0.264,0.912034
S6_ENTRY_E2_PROBABILITY_RR,2025-08-15,600111,北方稀土,s6setup-ee7524a4bbf0748140c0,WATCH_CANDIDATE,SUPPORT_CONFIRMED,True,5,RELIABLE,250,0.692,0.264,0.726109
S6_ENTRY_E2_PROBABILITY_RR,2025-08-15,603367,辰欣药业,s6setup-6768125f8d087509f817,WATCH_CANDIDATE,SUPPORT_CONFIRMED,True,5,NOT_EVALUATED,0,0.0,0.0,0.0
S6_ENTRY_E2_PROBABILITY_RR,2025-08-15,603486,科沃斯,s6setup-470f43d1726fab973716,WATCH_CANDIDATE,NOT_APPLICABLE,False,0,NOT_EVALUATED,0,0.0,0.0,0.0
S6_ENTRY_E2_PROBABILITY_RR,2025-08-15,688166,博瑞医药,s6setup-43f97e3badd8202b13e5,WATCH_CANDIDATE,SUPPORT_CONFIRMED,True,4,RELIABLE,250,0.784,0.272,1.20515
S6_ENTRY_E2_PROBABILITY_RR,2025-08-15,688278,特宝生物,s6setup-02bdc87ef3d89554e3b1,KEY_CANDIDATE,SUPPORT_FORMING,False,3,NOT_EVALUATED,0,0.0,0.0,0.0
S6_ENTRY_E2_PROBABILITY_RR,2025-08-18,002370,亚太药业,s6setup-fe289e76158a79f63716,WATCH_CANDIDATE,NOT_APPLICABLE,False,0,NOT_EVALUATED,0,0.0,0.0,0.0
S6_ENTRY_E2_PROBABILITY_RR,2025-08-18,002570,贝因美,s6setup-fb7486452e9473d13c9e,WATCH_CANDIDATE,SUPPORT_CONFIRMED,True,5,NOT_EVALUATED,0,0.0,0.0,0.0
S6_ENTRY_E2_PROBABILITY_RR,2025-08-18,300624,万兴科技,s6setup-c22cd4b2e561cbf60d9f,WATCH_CANDIDATE,SUPPORT_CONFIRMED,True,5,NOT_EVALUATED,0,0.0,0.0,0.0
S6_ENTRY_E2_PROBABILITY_RR,2025-08-18,301171,易点天下,s6setup-cfd4132eac82cffd3d85,KEY_CANDIDATE,NOT_APPLICABLE,False,0,NOT_EVALUATED,0,0.0,0.0,0.0
S6_ENTRY_E2_PROBABILITY_RR,2025-08-18,600010,包钢股份,s6setup-4fe377f3079b4d40efa0,KEY_CANDIDATE,NOT_APPLICABLE,False,0,NOT_EVALUATED,0,0.0,0.0,0.0
S6_ENTRY_E2_PROBABILITY_RR,2025-08-18,603200,上海洗霸,s6setup-b77ecfed67879a74832d,WATCH_CANDIDATE,SUPPORT_CONFIRMED,True,5,NOT_EVALUATED,0,0.0,0.0,0.0
S6_ENTRY_E2_PROBABILITY_RR,2025-08-18,603486,科沃斯,s6setup-470f43d1726fab973716,WATCH_CANDIDATE,NOT_APPLICABLE,False,0,NOT_EVALUATED,0,0.0,0.0,0.0
S6_ENTRY_E2_PROBABILITY_RR,2025-08-18,688118,普元信息,s6setup-5432c73552dd1d9dabb9,KEY_CANDIDATE,SUPPORT_CONFIRMED,True,4,NOT_EVALUATED,0,0.0,0.0,0.0
S6_ENTRY_E2_PROBABILITY_RR,2025-08-18,688163,赛伦生物,s6setup-5ed925011de066dfabcf,WATCH_CANDIDATE,NOT_APPLICABLE,False,0,NOT_EVALUATED,0,0.0,0.0,0.0
S6_ENTRY_E2_PROBABILITY_RR,2025-08-18,688166,博瑞医药,s6setup-ea5cc446b042bb37d50c,WATCH_CANDIDATE,NOT_APPLICABLE,False,0,NOT_EVALUATED,0,0.0,0.0,0.0
S6_ENTRY_E2_PROBABILITY_RR,2025-08-19,002468,申通快递,s6setup-66821b502a63d7b903c1,WATCH_CANDIDATE,NOT_APPLICABLE,False,0,NOT_EVALUATED,0,0.0,0.0,0.0
S6_ENTRY_E2_PROBABILITY_RR,2025-08-19,002570,贝因美,s6setup-09685ae07a1322de6348,KEY_CANDIDATE,NOT_APPLICABLE,False,0,NOT_EVALUATED,0,0.0,0.0,0.0
S6_ENTRY_E2_PROBABILITY_RR,2025-08-19,603367,辰欣药业,s6setup-4fb3b799ff588c2f84cc,WATCH_CANDIDATE,NOT_APPLICABLE,False,0,NOT_EVALUATED,0,0.0,0.0,0.0
S6_ENTRY_E2_PROBABILITY_RR,2025-08-19,688166,博瑞医药,s6setup-ea5cc446b042bb37d50c,WATCH_CANDIDATE,SUPPORT_FORMING,False,2,NOT_EVALUATED,0,0.0,0.0,0.0
S6_ENTRY_E2_PROBABILITY_RR,2025-08-19,688171,纬德信息,s6setup-13e1106ba97e88d232a2,WATCH_CANDIDATE,NOT_APPLICABLE,False,0,NOT_EVALUATED,0,0.0,0.0,0.0
S6_ENTRY_E2_PROBABILITY_RR,2025-08-20,300581,晨曦航空,s6setup-8764343d809f6e381476,WATCH_CANDIDATE,SUPPORT_CONFIRMED,True,4,NOT_EVALUATED,0,0.0,0.0,0.0
S6_ENTRY_E2_PROBABILITY_RR,2025-08-20,603367,辰欣药业,s6setup-4fb3b799ff588c2f84cc,WATCH_CANDIDATE,SUPPORT_FORMING,False,2,NOT_EVALUATED,0,0.0,0.0,0.0
S6_ENTRY_E2_PROBABILITY_RR,2025-08-20,688166,博瑞医药,s6setup-5b3367285908984eeb2d,WATCH_CANDIDATE,SUPPORT_FORMING,False,3,NOT_EVALUATED,0,0.0,0.0,0.0
S6_ENTRY_E2_PROBABILITY_RR,2025-08-20,688171,纬德信息,s6setup-31a941667c3af445228c,WATCH_CANDIDATE,SUPPORT_CONFIRMED,True,4,NOT_EVALUATED,0,0.0,0.0,0.0
S6_ENTRY_E2_PROBABILITY_RR,2025-08-20,688466,金科环境,s6setup-bd351bf55507977990c2,WATCH_CANDIDATE,SUPPORT_CONFIRMED,True,5,NOT_EVALUATED,0,0.0,0.0,0.0
S6_ENTRY_E2_PROBABILITY_RR,2025-08-21,300009,安科生物,s6setup-7c0a2e31b657333f72d7,WATCH_CANDIDATE,NOT_APPLICABLE,False,0,NOT_EVALUATED,0,0.0,0.0,0.0
S6_ENTRY_E2_PROBABILITY_RR,2025-08-21,300644,南京聚隆,s6setup-0ad2951473f2b0d260d8,WATCH_CANDIDATE,SUPPORT_CONFIRMED,True,3,NOT_EVALUATED,0,0.0,0.0,0.0
S6_ENTRY_E2_PROBABILITY_RR,2025-08-21,688171,纬德信息,s6setup-21a71258455e9c272f77,WATCH_CANDIDATE,NOT_APPLICABLE,False,0,NOT_EVALUATED,0,0.0,0.0,0.0
S6_ENTRY_E2_PROBABILITY_RR,2025-08-21,688507,索辰科技,s6setup-987937c145bed8deb782,KEY_CANDIDATE,SUPPORT_CONFIRMED,True,3,NOT_EVALUATED,0,0.0,0.0,0.0
S6_ENTRY_E2_PROBABILITY_RR,2025-08-22,300009,安科生物,s6setup-b0925db5e4e62724fea7,WATCH_CANDIDATE,SUPPORT_FORMING,False,3,NOT_EVALUATED,0,0.0,0.0,0.0
S6_ENTRY_E2_PROBABILITY_RR,2025-08-22,300600,国瑞科技,s6setup-505fdc69398e03985840,WATCH_CANDIDATE,SUPPORT_FORMING,False,3,NOT_EVALUATED,0,0.0,0.0,0.0
S6_ENTRY_E2_PROBABILITY_RR,2025-08-22,300677,英科医疗,s6setup-643de4ab37ff183c8d60,WATCH_CANDIDATE,NOT_APPLICABLE,False,0,NOT_EVALUATED,0,0.0,0.0,0.0
S6_ENTRY_E2_PROBABILITY_RR,2025-08-22,301389,隆扬电子,s6setup-a6837231cfdf54aa08e7,KEY_CANDIDATE,SUPPORT_CONFIRMED,True,5,NOT_EVALUATED,0,0.0,0.0,0.0
S6_ENTRY_E2_PROBABILITY_RR,2025-08-22,600184,光电股份,s6setup-a7c11205c842d67862c0,WATCH_CANDIDATE,SUPPORT_FORMING,False,4,NOT_EVALUATED,0,0.0,0.0,0.0
S6_ENTRY_E2_PROBABILITY_RR,2025-08-22,600629,华建集团,s6setup-9b4aa7e551d0adac65f9,WATCH_CANDIDATE,SUPPORT_CONFIRMED,True,5,NOT_EVALUATED,0,0.0,0.0,0.0
S6_ENTRY_E2_PROBABILITY_RR,2025-08-25,002317,众生药业,s6setup-dd1f38847239157305df,WATCH_CANDIDATE,SUPPORT_CONFIRMED,True,5,NOT_EVALUATED,0,0.0,0.0,0.0
S6_ENTRY_E2_PROBABILITY_RR,2025-08-25,300009,安科生物,s6setup-202be4c3970aed5518b3,WATCH_CANDIDATE,SUPPORT_CONFIRMED,True,5,NOT_EVALUATED,0,0.0,0.0,0.0
S6_ENTRY_E2_PROBABILITY_RR,2025-08-25,300600,国瑞科技,s6setup-505fdc69398e03985840,KEY_CANDIDATE,SUPPORT_FORMING,False,3,NOT_EVALUATED,0,0.0,0.0,0.0
S6_ENTRY_E2_PROBABILITY_RR,2025-08-25,300677,英科医疗,s6setup-df4ae981180f5c5a8c07,WATCH_CANDIDATE,NOT_APPLICABLE,False,0,NOT_EVALUATED,0,0.0,0.0,0.0
S6_ENTRY_E2_PROBABILITY_RR,2025-08-25,300706,阿石创,s6setup-4a4c09b4357671ae65c4,WATCH_CANDIDATE,SUPPORT_CONFIRMED,True,4,NOT_EVALUATED,0,0.0,0.0,0.0
S6_ENTRY_E2_PROBABILITY_RR,2025-08-25,300841,康华生物,s6setup-85b7e487b3678d3e645e,KEY_CANDIDATE,SUPPORT_CONFIRMED,True,4,NOT_EVALUATED,0,0.0,0.0,0.0
S6_ENTRY_E2_PROBABILITY_RR,2025-08-25,300875,捷强装备,s6setup-54b2ea3088df36967b33,WATCH_CANDIDATE,NOT_APPLICABLE,False,0,NOT_EVALUATED,0,0.0,0.0,0.0
S6_ENTRY_E2_PROBABILITY_RR,2025-08-25,300885,海昌新材,s6setup-91a7df50d36c56618b19,KEY_CANDIDATE,SUPPORT_CONFIRMED,True,5,NOT_EVALUATED,0,0.0,0.0,0.0
S6_ENTRY_E2_PROBABILITY_RR,2025-08-25,301389,隆扬电子,s6setup-c4db0ea54a9916e2ca2f,KEY_CANDIDATE,NOT_APPLICABLE,False,0,NOT_EVALUATED,0,0.0,0.0,0.0
S6_ENTRY_E2_PROBABILITY_RR,2025-08-25,688551,科威尔,s6setup-bddb947dce9126d52aeb,KEY_CANDIDATE,SUPPORT_CONFIRMED,True,4,NOT_EVALUATED,0,0.0,0.0,0.0
S6_ENTRY_E2_PROBABILITY_RR,2025-08-25,688580,伟思医疗,s6setup-226dc50c5699e0586f0a,WATCH_CANDIDATE,NOT_APPLICABLE,False,0,NOT_EVALUATED,0,0.0,0.0,0.0
S6_ENTRY_E2_PROBABILITY_RR,2025-08-26,002020,京新药业,s6setup-735a7477be0fea18fc9c,WATCH_CANDIDATE,NOT_APPLICABLE,False,0,NOT_EVALUATED,0,0.0,0.0,0.0
S6_ENTRY_E2_PROBABILITY_RR,2025-08-26,300009,安科生物,s6setup-993ceb978dfc476a231f,WATCH_CANDIDATE,SUPPORT_CONFIRMED,True,3,NOT_EVALUATED,0,0.0,0.0,0.0
S6_ENTRY_E2_PROBABILITY_RR,2025-08-26,300841,康华生物,s6setup-85b7e487b3678d3e645e,KEY_CANDIDATE,SUPPORT_CONFIRMED,True,3,NOT_EVALUATED,0,0.0,0.0,0.0
S6_ENTRY_E2_PROBABILITY_RR,2025-08-26,300875,捷强装备,s6setup-97303033618698e750c3,KEY_CANDIDATE,SUPPORT_CONFIRMED,True,3,NOT_EVALUATED,0,0.0,0.0,0.0
S6_ENTRY_E2_PROBABILITY_RR,2025-08-26,301357,北方长龙,s6setup-ef0e9918778ead33c400,WATCH_CANDIDATE,SUPPORT_CONFIRMED,True,4,NOT_EVALUATED,0,0.0,0.0,0.0
S6_ENTRY_E2_PROBABILITY_RR,2025-08-26,301389,隆扬电子,s6setup-412d7a24e21a48d36b65,KEY_CANDIDATE,SUPPORT_CONFIRMED,True,3,NOT_EVALUATED,0,0.0,0.0,0.0
S6_ENTRY_E2_PROBABILITY_RR,2025-08-26,688258,卓易信息,s6setup-27ba67f0c9d04314e9b1,WATCH_CANDIDATE,SUPPORT_FORMING,False,4,NOT_EVALUATED,0,0.0,0.0,0.0
S6_ENTRY_E2_PROBABILITY_RR,2025-08-26,688403,汇成股份,s6setup-228e8589ec4fb8ab919f,KEY_CANDIDATE,NOT_APPLICABLE,False,0,NOT_EVALUATED,0,0.0,0.0,0.0
S6_ENTRY_E2_PROBABILITY_RR,2025-08-26,688580,伟思医疗,s6setup-b85e5d261c56c40edb68,WATCH_CANDIDATE,SUPPORT_CONFIRMED,True,3,NOT_EVALUATED,0,0.0,0.0,0.0
S6_ENTRY_E2_PROBABILITY_RR,2025-08-27,000901,航天科技,s6setup-91fdaaeb5fd78ee71f25,WATCH_CANDIDATE,SUPPORT_CONFIRMED,True,3,NOT_EVALUATED,0,0.0,0.0,0.0
S6_ENTRY_E2_PROBABILITY_RR,2025-08-27,300322,硕贝德,s6setup-e9a0df59c2144700236e,KEY_CANDIDATE,SUPPORT_CONFIRMED,True,3,NOT_EVALUATED,0,0.0,0.0,0.0
S6_ENTRY_E2_PROBABILITY_RR,2025-08-27,688403,汇成股份,s6setup-228e8589ec4fb8ab919f,WATCH_CANDIDATE,SUPPORT_FORMING,False,2,NOT_EVALUATED,0,0.0,0.0,0.0
S6_ENTRY_E2_PROBABILITY_RR,2025-08-28,000901,航天科技,s6setup-91fdaaeb5fd78ee71f25,KEY_CANDIDATE,SUPPORT_FORMING,False,4,RELIABLE,250,0.4,0.264,0.682872
S6_ENTRY_E2_PROBABILITY_RR,2025-08-28,002173,创新医疗,s6setup-34f9db971598aff4b345,WATCH_CANDIDATE,SUPPORT_FORMING,False,4,NOT_EVALUATED,0,0.0,0.0,0.0
S6_ENTRY_E2_PROBABILITY_RR,2025-08-28,002670,国盛证券,s6setup-13ae253b04326b17a3fa,KEY_CANDIDATE,SUPPORT_FORMING,False,4,NOT_EVALUATED,0,0.0,0.0,0.0
S6_ENTRY_E2_PROBABILITY_RR,2025-08-28,301357,北方长龙,s6setup-08c6aa33048d16225b93,WATCH_CANDIDATE,NOT_APPLICABLE,False,0,NOT_EVALUATED,0,0.0,0.0,0.0
S6_ENTRY_E2_PROBABILITY_RR,2025-08-28,688403,汇成股份,s6setup-228e8589ec4fb8ab919f,WATCH_CANDIDATE,SUPPORT_CONFIRMED,True,5,NOT_EVALUATED,0,0.0,0.0,0.0
S6_ENTRY_E2_PROBABILITY_RR,2025-08-29,002342,巨力索具,s6setup-f1bd8e60b4e063aa9cd2,WATCH_CANDIDATE,NOT_APPLICABLE,False,0,NOT_EVALUATED,0,0.0,0.0,0.0
S6_ENTRY_E2_PROBABILITY_RR,2025-08-29,002670,国盛证券,s6setup-13ae253b04326b17a3fa,WATCH_CANDIDATE,SUPPORT_CONFIRMED,True,4,NOT_EVALUATED,0,0.0,0.0,0.0
S6_ENTRY_E2_PROBABILITY_RR,2025-08-29,300400,劲拓股份,s6setup-93472d59cb6a2b06e093,KEY_CANDIDATE,NOT_APPLICABLE,False,0,NOT_EVALUATED,0,0.0,0.0,0.0
S6_ENTRY_E2_PROBABILITY_RR,2025-08-29,301095,广立微,s6setup-ec4268cdb3ff4d155204,KEY_CANDIDATE,NOT_APPLICABLE,False,0,NOT_EVALUATED,0,0.0,0.0,0.0
S6_ENTRY_E2_PROBABILITY_RR,2025-08-29,688403,汇成股份,s6setup-228e8589ec4fb8ab919f,WATCH_CANDIDATE,NOT_APPLICABLE,False,0,NOT_EVALUATED,0,0.0,0.0,0.0
S6_ENTRY_E2_PROBABILITY_RR,2025-09-01,000561,烽火电子,s6setup-4e4bdb4f02b2642cc0dd,KEY_CANDIDATE,SUPPORT_CONFIRMED,True,3,NOT_EVALUATED,0,0.0,0.0,0.0
S6_ENTRY_E2_PROBABILITY_RR,2025-09-01,000901,航天科技,s6setup-91fdaaeb5fd78ee71f25,WATCH_CANDIDATE,SUPPORT_CONFIRMED,True,3,NOT_EVALUATED,0,0.0,0.0,0.0
S6_ENTRY_E2_PROBABILITY_RR,2025-09-01,002670,国盛证券,s6setup-13ae253b04326b17a3fa,WATCH_CANDIDATE,SUPPORT_CONFIRMED,True,4,NOT_EVALUATED,0,0.0,0.0,0.0
S6_ENTRY_E2_PROBABILITY_RR,2025-09-01,300400,劲拓股份,s6setup-93472d59cb6a2b06e093,KEY_CANDIDATE,SUPPORT_CONFIRMED,True,4,RELIABLE,250,0.652,0.256,0.902242
S6_ENTRY_E2_PROBABILITY_RR,2025-09-01,301095,广立微,s6setup-ec4268cdb3ff4d155204,KEY_CANDIDATE,SUPPORT_CONFIRMED,True,5,RELIABLE,250,0.656,0.256,1.114578
S6_ENTRY_E2_PROBABILITY_RR,2025-09-01,600143,金发科技,s6setup-edfdf6faacd2275dbc44,WATCH_CANDIDATE,SUPPORT_CONFIRMED,True,3,NOT_EVALUATED,0,0.0,0.0,0.0
S6_ENTRY_E2_PROBABILITY_RR,2025-09-02,301095,广立微,s6setup-ec4268cdb3ff4d155204,WATCH_CANDIDATE,SUPPORT_FORMING,False,2,NOT_EVALUATED,0,0.0,0.0,0.0
S6_ENTRY_E2_PROBABILITY_RR,2025-09-02,600208,衢州发展,s6setup-58ca7e3a74ab63f1ed03,WATCH_CANDIDATE,SUPPORT_CONFIRMED,True,3,NOT_EVALUATED,0,0.0,0.0,0.0
S6_ENTRY_E2_PROBABILITY_RR,2025-09-02,688146,中船特气,s6setup-c824dd1450fd60c3bd7e,KEY_CANDIDATE,SUPPORT_FORMING,False,2,NOT_EVALUATED,0,0.0,0.0,0.0
S6_ENTRY_E2_PROBABILITY_RR,2025-09-03,301217,铜冠铜箔,s6setup-de70759c7759d1a5514d,WATCH_CANDIDATE,SUPPORT_FORMING,False,4,NOT_EVALUATED,0,0.0,0.0,0.0
S6_ENTRY_E2_PROBABILITY_RR,2025-09-03,600208,衢州发展,s6setup-0ae7fb503de1b253a957,WATCH_CANDIDATE,SUPPORT_CONFIRMED,True,4,RELIABLE,250,0.452,0.332,1.148813
S6_ENTRY_E2_PROBABILITY_RR,2025-09-03,688146,中船特气,s6setup-c824dd1450fd60c3bd7e,KEY_CANDIDATE,SUPPORT_FORMING,False,3,NOT_EVALUATED,0,0.0,0.0,0.0
S6_ENTRY_E2_PROBABILITY_RR,2025-09-03,688767,博拓生物,s6setup-14642204952b1afeca0e,KEY_CANDIDATE,SUPPORT_CONFIRMED,True,3,NOT_EVALUATED,0,0.0,0.0,0.0
S6_ENTRY_E2_PROBABILITY_RR,2025-09-04,688370,丛麟科技,s6setup-217f312a9e7738e5738e,WATCH_CANDIDATE,SUPPORT_CONFIRMED,True,3,NOT_EVALUATED,0,0.0,0.0,0.0
S6_ENTRY_E2_PROBABILITY_RR,2025-09-05,688621,阳光诺和,s6setup-e257d4b49d88615d8254,KEY_CANDIDATE,SUPPORT_FORMING,False,4,NOT_EVALUATED,0,0.0,0.0,0.0
S6_ENTRY_E2_PROBABILITY_RR,2025-09-09,002249,大洋电机,s6setup-9fc5786185f683e6c331,WATCH_CANDIDATE,SUPPORT_CONFIRMED,True,4,NOT_EVALUATED,0,0.0,0.0,0.0
S6_ENTRY_E2_PROBABILITY_RR,2025-09-09,002428,云南锗业,s6setup-dc2887ba620b0c0442bf,WATCH_CANDIDATE,SUPPORT_CONFIRMED,True,3,NOT_EVALUATED,0,0.0,0.0,0.0
S6_ENTRY_E2_PROBABILITY_RR,2025-09-09,002518,科士达,s6setup-519086fb04a79bcf4f92,WATCH_CANDIDATE,SUPPORT_CONFIRMED,True,4,NOT_EVALUATED,0,0.0,0.0,0.0
S6_ENTRY_E2_PROBABILITY_RR,2025-09-09,002664,信质集团,s6setup-24cdf0717c0aac441538,WATCH_CANDIDATE,NOT_APPLICABLE,False,0,NOT_EVALUATED,0,0.0,0.0,0.0
S6_ENTRY_E2_PROBABILITY_RR,2025-09-09,600113,浙江东日,s6setup-916872a47211c5f1a806,WATCH_CANDIDATE,NOT_APPLICABLE,False,0,NOT_EVALUATED,0,0.0,0.0,0.0
S6_ENTRY_E2_PROBABILITY_RR,2025-09-09,600728,佳都科技,s6setup-a9f50975f20ed58922b0,WATCH_CANDIDATE,SUPPORT_CONFIRMED,True,5,NOT_EVALUATED,0,0.0,0.0,0.0
S6_ENTRY_E2_PROBABILITY_RR,2025-09-09,688099,晶晨股份,s6setup-04b43703d8c20e8af02d,WATCH_CANDIDATE,SUPPORT_CONFIRMED,True,3,NOT_EVALUATED,0,0.0,0.0,0.0
S6_ENTRY_E2_PROBABILITY_RR,2025-09-09,688260,昀冢科技,s6setup-d3f9e34eee55f308d761,KEY_CANDIDATE,SUPPORT_CONFIRMED,True,3,NOT_EVALUATED,0,0.0,0.0,0.0
S6_ENTRY_E2_PROBABILITY_RR,2025-09-09,688621,阳光诺和,s6setup-e257d4b49d88615d8254,WATCH_CANDIDATE,SUPPORT_CONFIRMED,True,3,NOT_EVALUATED,0,0.0,0.0,0.0
S6_ENTRY_E2_PROBABILITY_RR,2025-09-10,002428,云南锗业,s6setup-dc2887ba620b0c0442bf,WATCH_CANDIDATE,SUPPORT_CONFIRMED,True,3,NOT_EVALUATED,0,0.0,0.0,0.0
S6_ENTRY_E2_PROBABILITY_RR,2025-09-10,300740,水羊股份,s6setup-90152e3f07386ecbf73a,WATCH_CANDIDATE,SUPPORT_CONFIRMED,True,4,NOT_EVALUATED,0,0.0,0.0,0.0
S6_ENTRY_E2_PROBABILITY_RR,2025-09-10,300811,铂科新材,s6setup-acc775790aca3c3a5d2d,WATCH_CANDIDATE,SUPPORT_CONFIRMED,True,4,NOT_EVALUATED,0,0.0,0.0,0.0
S6_ENTRY_E2_PROBABILITY_RR,2025-09-10,600111,北方稀土,s6setup-24ec443b7db1f38c8092,WATCH_CANDIDATE,SUPPORT_CONFIRMED,True,3,NOT_EVALUATED,0,0.0,0.0,0.0
S6_ENTRY_E2_PROBABILITY_RR,2025-09-10,600113,浙江东日,s6setup-916872a47211c5f1a806,WATCH_CANDIDATE,NOT_APPLICABLE,False,0,NOT_EVALUATED,0,0.0,0.0,0.0
S6_ENTRY_E2_PROBABILITY_RR,2025-09-11,000063,中兴通讯,s6setup-2a2011176a13f3224d4c,WATCH_CANDIDATE,SUPPORT_CONFIRMED,True,5,NOT_EVALUATED,0,0.0,0.0,0.0
S6_ENTRY_E2_PROBABILITY_RR,2025-09-11,000887,中鼎股份,s6setup-713d8c6af9bd6e72126e,WATCH_CANDIDATE,NOT_APPLICABLE,False,0,NOT_EVALUATED,0,0.0,0.0,0.0
S6_ENTRY_E2_PROBABILITY_RR,2025-09-11,002402,和而泰,s6setup-54aa95c9f92ab1eac954,WATCH_CANDIDATE,SUPPORT_CONFIRMED,True,5,RELIABLE,250,0.688,0.416,1.158414
S6_ENTRY_E2_PROBABILITY_RR,2025-09-11,002428,云南锗业,s6setup-b916abb1b1f46de52429,WATCH_CANDIDATE,SUPPORT_CONFIRMED,True,5,RELIABLE,250,0.468,0.264,0.976654
S6_ENTRY_E2_PROBABILITY_RR,2025-09-11,002600,领益智造,s6setup-a55089e1a7af6bc6423f,KEY_CANDIDATE,NOT_APPLICABLE,False,0,NOT_EVALUATED,0,0.0,0.0,0.0
S6_ENTRY_E2_PROBABILITY_RR,2025-09-11,002837,英维克,s6setup-1e83c9645327965425f1,WATCH_CANDIDATE,NOT_APPLICABLE,False,0,NOT_EVALUATED,0,0.0,0.0,0.0
S6_ENTRY_E2_PROBABILITY_RR,2025-09-11,300113,顺网科技,s6setup-2c76e99aa1035f5e855a,KEY_CANDIDATE,SUPPORT_CONFIRMED,True,5,RELIABLE,250,0.48,0.264,0.748314
S6_ENTRY_E2_PROBABILITY_RR,2025-09-11,300222,科大智能,s6setup-6f0d1255bc10d57b5fc4,KEY_CANDIDATE,NOT_APPLICABLE,False,0,NOT_EVALUATED,0,0.0,0.0,0.0
S6_ENTRY_E2_PROBABILITY_RR,2025-09-11,300496,中科创达,s6setup-7e2225ba9bc99627057c,WATCH_CANDIDATE,SUPPORT_FORMING,False,4,NOT_EVALUATED,0,0.0,0.0,0.0
S6_ENTRY_E2_PROBABILITY_RR,2025-09-11,300503,昊志机电,s6setup-dee8f20edaf2344d5bc5,KEY_CANDIDATE,NOT_APPLICABLE,False,0,NOT_EVALUATED,0,0.0,0.0,0.0
S6_ENTRY_E2_PROBABILITY_RR,2025-09-11,300604,长川科技,s6setup-c2d763f154d5a3e7bd51,KEY_CANDIDATE,NOT_APPLICABLE,False,0,NOT_EVALUATED,0,0.0,0.0,0.0
S6_ENTRY_E2_PROBABILITY_RR,2025-09-11,300748,金力永磁,s6setup-318e120c4e48ebd32066,WATCH_CANDIDATE,SUPPORT_CONFIRMED,True,5,NOT_EVALUATED,0,0.0,0.0,0.0
S6_ENTRY_E2_PROBABILITY_RR,2025-09-11,300843,胜蓝股份,s6setup-effbbcfbd9f6a9ade213,KEY_CANDIDATE,SUPPORT_CONFIRMED,True,5,RELIABLE,250,0.536,0.26,0.696793
S6_ENTRY_E2_PROBABILITY_RR,2025-09-11,301165,锐捷网络,s6setup-bbe02001b6d47dcd3cec,KEY_CANDIDATE,SUPPORT_CONFIRMED,True,5,RELIABLE,250,0.516,0.328,1.218615
S6_ENTRY_E2_PROBABILITY_RR,2025-09-11,301183,东田微,s6setup-68177011c742dd19c388,WATCH_CANDIDATE,NOT_APPLICABLE,False,0,NOT_EVALUATED,0,0.0,0.0,0.0
S6_ENTRY_E2_PROBABILITY_RR,2025-09-11,600111,北方稀土,s6setup-337d1b5067eb226db598,WATCH_CANDIDATE,SUPPORT_CONFIRMED,True,5,NOT_EVALUATED,0,0.0,0.0,0.0
S6_ENTRY_E2_PROBABILITY_RR,2025-09-11,600113,浙江东日,s6setup-916872a47211c5f1a806,WATCH_CANDIDATE,NOT_APPLICABLE,False,0,NOT_EVALUATED,0,0.0,0.0,0.0
S6_ENTRY_E2_PROBABILITY_RR,2025-09-11,600160,巨化股份,s6setup-2cb9d15ec58e0a22e661,WATCH_CANDIDATE,NOT_APPLICABLE,False,0,NOT_EVALUATED,0,0.0,0.0,0.0
S6_ENTRY_E2_PROBABILITY_RR,2025-09-11,600660,福耀玻璃,s6setup-8285309b61cb1f1643c8,WATCH_CANDIDATE,NOT_APPLICABLE,False,0,NOT_EVALUATED,0,0.0,0.0,0.0
S6_ENTRY_E2_PROBABILITY_RR,2025-09-11,688020,方邦股份,s6setup-4a801fc3f2fc18be9e5e,WATCH_CANDIDATE,NOT_APPLICABLE,False,0,NOT_EVALUATED,0,0.0,0.0,0.0
S6_ENTRY_E2_PROBABILITY_RR,2025-09-11,688372,伟测科技,s6setup-222f95ff4fd43da40b08,WATCH_CANDIDATE,SUPPORT_FORMING,False,4,NOT_EVALUATED,0,0.0,0.0,0.0
S6_ENTRY_E2_PROBABILITY_RR,2025-09-11,688588,凌志软件,s6setup-655b9cae242f4439872d,KEY_CANDIDATE,SUPPORT_CONFIRMED,True,5,NOT_EVALUATED,0,0.0,0.0,0.0
S6_ENTRY_E2_PROBABILITY_RR,2025-09-11,688612,威迈斯,s6setup-4284ff150498708639c9,WATCH_CANDIDATE,SUPPORT_CONFIRMED,True,5,NOT_EVALUATED,0,0.0,0.0,0.0
S6_ENTRY_E2_PROBABILITY_RR,2025-09-11,688629,华丰科技,s6setup-b6a5bde1aef90947efae,WATCH_CANDIDATE,NOT_APPLICABLE,False,0,NOT_EVALUATED,0,0.0,0.0,0.0
S6_ENTRY_E2_PROBABILITY_RR,2025-09-12,000063,中兴通讯,s6setup-2a2011176a13f3224d4c,WATCH_CANDIDATE,SUPPORT_CONFIRMED,True,4,NOT_EVALUATED,0,0.0,0.0,0.0
S6_ENTRY_E2_PROBABILITY_RR,2025-09-12,002212,天融信,s6setup-a8f6370a9b42a2234e28,KEY_CANDIDATE,SUPPORT_CONFIRMED,True,4,RELIABLE,250,0.248,0.224,0.123066
S6_ENTRY_E2_PROBABILITY_RR,2025-09-12,002378,章源钨业,s6setup-c4520a011b1400a27c31,KEY_CANDIDATE,SUPPORT_CONFIRMED,True,5,RELIABLE,250,0.52,0.34,1.130258
S6_ENTRY_E2_PROBABILITY_RR,2025-09-12,002402,和而泰,s6setup-653d0556fe8b29b42e88,WATCH_CANDIDATE,NOT_APPLICABLE,False,0,NOT_EVALUATED,0,0.0,0.0,0.0
S6_ENTRY_E2_PROBABILITY_RR,2025-09-12,002428,云南锗业,s6setup-f7b90b3340153eac10f2,WATCH_CANDIDATE,NOT_APPLICABLE,False,0,NOT_EVALUATED,0,0.0,0.0,0.0
S6_ENTRY_E2_PROBABILITY_RR,2025-09-12,002600,领益智造,s6setup-a55089e1a7af6bc6423f,KEY_CANDIDATE,SUPPORT_CONFIRMED,True,3,NOT_EVALUATED,0,0.0,0.0,0.0
S6_ENTRY_E2_PROBABILITY_RR,2025-09-12,002664,信质集团,s6setup-45ba32e65109520f608d,WATCH_CANDIDATE,SUPPORT_CONFIRMED,True,3,RELIABLE,250,0.76,0.368,1.31473
S6_ENTRY_E2_PROBABILITY_RR,2025-09-12,300496,中科创达,s6setup-73d07e00f41a126beb7d,WATCH_CANDIDATE,SUPPORT_CONFIRMED,True,4,NOT_EVALUATED,0,0.0,0.0,0.0
S6_ENTRY_E2_PROBABILITY_RR,2025-09-12,300503,昊志机电,s6setup-e3bb9aaec454e28f57b7,KEY_CANDIDATE,NOT_APPLICABLE,False,0,NOT_EVALUATED,0,0.0,0.0,0.0
S6_ENTRY_E2_PROBABILITY_RR,2025-09-12,301165,锐捷网络,s6setup-bbe02001b6d47dcd3cec,WATCH_CANDIDATE,NOT_APPLICABLE,False,0,NOT_EVALUATED,0,0.0,0.0,0.0
S6_ENTRY_E2_PROBABILITY_RR,2025-09-12,301183,东田微,s6setup-68177011c742dd19c388,WATCH_CANDIDATE,NOT_APPLICABLE,False,0,NOT_EVALUATED,0,0.0,0.0,0.0
S6_ENTRY_E2_PROBABILITY_RR,2025-09-12,600111,北方稀土,s6setup-0c186be8dd4f4f83177e,WATCH_CANDIDATE,NOT_APPLICABLE,False,0,NOT_EVALUATED,0,0.0,0.0,0.0
S6_ENTRY_E2_PROBABILITY_RR,2025-09-12,600660,福耀玻璃,s6setup-8285309b61cb1f1643c8,WATCH_CANDIDATE,SUPPORT_CONFIRMED,True,3,NOT_EVALUATED,0,0.0,0.0,0.0
S6_ENTRY_E2_PROBABILITY_RR,2025-09-12,603319,美湖股份,s6setup-53b07e70702ac2bdc128,WATCH_CANDIDATE,NOT_APPLICABLE,False,0,NOT_EVALUATED,0,0.0,0.0,0.0
S6_ENTRY_E2_PROBABILITY_RR,2025-09-12,688099,晶晨股份,s6setup-b92348116496ea5d1a8a,WATCH_CANDIDATE,SUPPORT_CONFIRMED,True,3,RELIABLE,250,0.612,0.196,0.719937
S6_ENTRY_E2_PROBABILITY_RR,2025-09-15,002062,宏润建设,s6setup-84f992301aabeed207c7,WATCH_CANDIDATE,NOT_APPLICABLE,False,0,NOT_EVALUATED,0,0.0,0.0,0.0
S6_ENTRY_E2_PROBABILITY_RR,2025-09-15,002402,和而泰,s6setup-653d0556fe8b29b42e88,WATCH_CANDIDATE,SUPPORT_CONFIRMED,True,3,RELIABLE,250,0.608,0.384,1.492006
S6_ENTRY_E2_PROBABILITY_RR,2025-09-15,002428,云南锗业,s6setup-f7b90b3340153eac10f2,WATCH_CANDIDATE,SUPPORT_CONFIRMED,True,3,NOT_EVALUATED,0,0.0,0.0,0.0
S6_ENTRY_E2_PROBABILITY_RR,2025-09-15,002600,领益智造,s6setup-15c1604499c396f1967b,KEY_CANDIDATE,SUPPORT_CONFIRMED,True,5,NOT_EVALUATED,0,0.0,0.0,0.0
S6_ENTRY_E2_PROBABILITY_RR,2025-09-15,002664,信质集团,s6setup-d344bac6191c1cf69595,WATCH_CANDIDATE,NOT_APPLICABLE,False,0,NOT_EVALUATED,0,0.0,0.0,0.0
S6_ENTRY_E2_PROBABILITY_RR,2025-09-15,300465,高伟达,s6setup-61c5d78719f9d5af5af6,KEY_CANDIDATE,SUPPORT_CONFIRMED,True,3,NOT_EVALUATED,0,0.0,0.0,0.0
S6_ENTRY_E2_PROBABILITY_RR,2025-09-15,300503,昊志机电,s6setup-e3bb9aaec454e28f57b7,KEY_CANDIDATE,NOT_APPLICABLE,False,0,NOT_EVALUATED,0,0.0,0.0,0.0
S6_ENTRY_E2_PROBABILITY_RR,2025-09-15,300604,长川科技,s6setup-fbd5a788ad18d78c7821,WATCH_CANDIDATE,NOT_APPLICABLE,False,0,NOT_EVALUATED,0,0.0,0.0,0.0
S6_ENTRY_E2_PROBABILITY_RR,2025-09-15,301183,东田微,s6setup-a0f79c4d75be782ec826,KEY_CANDIDATE,SUPPORT_CONFIRMED,True,3,NOT_EVALUATED,0,0.0,0.0,0.0
S6_ENTRY_E2_PROBABILITY_RR,2025-09-15,600111,北方稀土,s6setup-0c186be8dd4f4f83177e,WATCH_CANDIDATE,SUPPORT_CONFIRMED,True,3,NOT_EVALUATED,0,0.0,0.0,0.0
S6_ENTRY_E2_PROBABILITY_RR,2025-09-15,600660,福耀玻璃,s6setup-11d9dcd7650cc1ca2b80,WATCH_CANDIDATE,SUPPORT_CONFIRMED,True,5,NOT_EVALUATED,0,0.0,0.0,0.0
S6_ENTRY_E2_PROBABILITY_RR,2025-09-15,688261,东微半导,s6setup-eefefb1710023049dce6,WATCH_CANDIDATE,SUPPORT_CONFIRMED,True,5,NOT_EVALUATED,0,0.0,0.0,0.0
S6_ENTRY_E2_PROBABILITY_RR,2025-09-15,688371,菲沃泰,s6setup-78606e8efa5d728c4c39,WATCH_CANDIDATE,NOT_APPLICABLE,False,0,NOT_EVALUATED,0,0.0,0.0,0.0
S6_ENTRY_E2_PROBABILITY_RR,2025-09-15,688480,赛恩斯,s6setup-85cd93587da6d8b0a5fd,WATCH_CANDIDATE,SUPPORT_CONFIRMED,True,5,NOT_EVALUATED,0,0.0,0.0,0.0
S6_ENTRY_E2_PROBABILITY_RR,2025-09-16,002062,宏润建设,s6setup-84f992301aabeed207c7,WATCH_CANDIDATE,NOT_APPLICABLE,False,0,NOT_EVALUATED,0,0.0,0.0,0.0
S6_ENTRY_E2_PROBABILITY_RR,2025-09-16,002145,钛能化学,s6setup-e61dd12f1f218d763053,WATCH_CANDIDATE,WAITING_BREAKOUT,False,0,RELIABLE,250,0.596,0.348,0.393874
S6_ENTRY_E2_PROBABILITY_RR,2025-09-16,300465,高伟达,s6setup-61c5d78719f9d5af5af6,KEY_CANDIDATE,SUPPORT_CONFIRMED,True,5,RELIABLE,250,0.6,0.364,0.983019
S6_ENTRY_E2_PROBABILITY_RR,2025-09-16,300604,长川科技,s6setup-541f126d80173b7eb722,KEY_CANDIDATE,SUPPORT_CONFIRMED,True,3,RELIABLE,250,0.6,0.208,0.816155
S6_ENTRY_E2_PROBABILITY_RR,2025-09-16,600105,永鼎股份,s6setup-efdebdc927d1177541a4,WATCH_CANDIDATE,SUPPORT_CONFIRMED,True,5,RELIABLE,250,0.768,0.36,1.379823
S6_ENTRY_E2_PROBABILITY_RR,2025-09-16,600660,福耀玻璃,s6setup-d910168be31bbf8c8b92,WATCH_CANDIDATE,NOT_APPLICABLE,False,0,NOT_EVALUATED,0,0.0,0.0,0.0
S6_ENTRY_E2_PROBABILITY_RR,2025-09-16,688063,派能科技,s6setup-6fd60e456ad516bcb45b,KEY_CANDIDATE,SUPPORT_CONFIRMED,True,3,RELIABLE,250,0.488,0.2,0.813409
S6_ENTRY_E2_PROBABILITY_RR,2025-09-16,688222,成都先导,s6setup-6fb055c09204cc538110,KEY_CANDIDATE,SUPPORT_CONFIRMED,True,5,NOT_EVALUATED,0,0.0,0.0,0.0
S6_ENTRY_E2_PROBABILITY_RR,2025-09-16,688261,东微半导,s6setup-457afb98aab7503e7344,KEY_CANDIDATE,SUPPORT_CONFIRMED,True,3,RELIABLE,250,0.472,0.224,0.782292
S6_ENTRY_E2_PROBABILITY_RR,2025-09-16,688371,菲沃泰,s6setup-78606e8efa5d728c4c39,WATCH_CANDIDATE,NOT_APPLICABLE,False,0,NOT_EVALUATED,0,0.0,0.0,0.0
S6_ENTRY_E2_PROBABILITY_RR,2025-09-17,002484,江海股份,s6setup-edd02d178efbc752c41c,WATCH_CANDIDATE,SUPPORT_CONFIRMED,True,4,NOT_EVALUATED,0,0.0,0.0,0.0
S6_ENTRY_E2_PROBABILITY_RR,2025-09-17,300465,高伟达,s6setup-61c5d78719f9d5af5af6,KEY_CANDIDATE,SUPPORT_CONFIRMED,True,3,RELIABLE,250,0.428,0.26,0.991996
S6_ENTRY_E2_PROBABILITY_RR,2025-09-17,600660,福耀玻璃,s6setup-8f823c12a7c6507cfb0b,WATCH_CANDIDATE,NOT_APPLICABLE,False,0,NOT_EVALUATED,0,0.0,0.0,0.0
S6_ENTRY_E2_PROBABILITY_RR,2025-09-17,688063,派能科技,s6setup-a6e76f7fe1203a8e778a,KEY_CANDIDATE,SUPPORT_CONFIRMED,True,5,NOT_EVALUATED,0,0.0,0.0,0.0
S6_ENTRY_E2_PROBABILITY_RR,2025-09-17,688141,杰华特,s6setup-7e5b679759f4559a4557,KEY_CANDIDATE,NOT_APPLICABLE,False,0,NOT_EVALUATED,0,0.0,0.0,0.0
S6_ENTRY_E2_PROBABILITY_RR,2025-09-17,688261,东微半导,s6setup-587e3b000ff4e253cc89,KEY_CANDIDATE,NOT_APPLICABLE,False,0,NOT_EVALUATED,0,0.0,0.0,0.0
S6_ENTRY_E2_PROBABILITY_RR,2025-09-18,002484,江海股份,s6setup-edd02d178efbc752c41c,WATCH_CANDIDATE,SUPPORT_FORMING,False,2,NOT_EVALUATED,0,0.0,0.0,0.0
S6_ENTRY_E2_PROBABILITY_RR,2025-09-18,300394,天孚通信,s6setup-8617597dc0fa1383b10d,KEY_CANDIDATE,SUPPORT_CONFIRMED,True,3,NOT_EVALUATED,0,0.0,0.0,0.0
S6_ENTRY_E2_PROBABILITY_RR,2025-09-18,300465,高伟达,s6setup-f5b3da7578ea5fcbc3c4,KEY_CANDIDATE,SUPPORT_FORMING,False,3,NOT_EVALUATED,0,0.0,0.0,0.0
S6_ENTRY_E2_PROBABILITY_RR,2025-09-18,301486,致尚科技,s6setup-a791e260f9aac882d8f0,WATCH_CANDIDATE,SUPPORT_CONFIRMED,True,4,NOT_EVALUATED,0,0.0,0.0,0.0
S6_ENTRY_E2_PROBABILITY_RR,2025-09-18,601877,正泰电器,s6setup-bb0a6512ba296ba29adf,KEY_CANDIDATE,SUPPORT_CONFIRMED,True,3,NOT_EVALUATED,0,0.0,0.0,0.0
S6_ENTRY_E2_PROBABILITY_RR,2025-09-18,688063,派能科技,s6setup-6fd60e456ad516bcb45b,KEY_CANDIDATE,SUPPORT_FORMING,False,2,NOT_EVALUATED,0,0.0,0.0,0.0
S6_ENTRY_E2_PROBABILITY_RR,2025-09-18,688331,荣昌生物,s6setup-e9466fad676b2c9b8c72,WATCH_CANDIDATE,NOT_APPLICABLE,False,0,NOT_EVALUATED,0,0.0,0.0,0.0
S6_ENTRY_E2_PROBABILITY_RR,2025-09-19,000962,东方钽业,s6setup-9e5c6168d65ef4ca8426,WATCH_CANDIDATE,SUPPORT_CONFIRMED,True,5,NOT_EVALUATED,0,0.0,0.0,0.0
S6_ENTRY_E2_PROBABILITY_RR,2025-09-19,002484,江海股份,s6setup-edd02d178efbc752c41c,WATCH_CANDIDATE,SUPPORT_FORMING,False,2,NOT_EVALUATED,0,0.0,0.0,0.0
S6_ENTRY_E2_PROBABILITY_RR,2025-09-19,300394,天孚通信,s6setup-ae4b243983b20bc0b5f9,KEY_CANDIDATE,SUPPORT_CONFIRMED,True,4,RELIABLE,250,0.496,0.372,0.87111
S6_ENTRY_E2_PROBABILITY_RR,2025-09-19,601877,正泰电器,s6setup-621fba1ef2b07aedcb06,KEY_CANDIDATE,SUPPORT_CONFIRMED,True,5,NOT_EVALUATED,0,0.0,0.0,0.0
S6_ENTRY_E2_PROBABILITY_RR,2025-09-19,688183,生益电子,s6setup-c454dce9dae0a5eac1f5,WATCH_CANDIDATE,NOT_APPLICABLE,False,0,NOT_EVALUATED,0,0.0,0.0,0.0
S6_ENTRY_E2_PROBABILITY_RR,2025-09-19,688235,百济神州,s6setup-769745a929022e58a476,KEY_CANDIDATE,SUPPORT_FORMING,False,2,NOT_EVALUATED,0,0.0,0.0,0.0
S6_ENTRY_E2_PROBABILITY_RR,2025-09-19,688331,荣昌生物,s6setup-e053c4492bbcb3016b5a,WATCH_CANDIDATE,NOT_APPLICABLE,False,0,NOT_EVALUATED,0,0.0,0.0,0.0
S6_ENTRY_E2_PROBABILITY_RR,2025-09-22,300035,中科电气,s6setup-e1fa5ddd63e54797f3ee,KEY_CANDIDATE,SUPPORT_CONFIRMED,True,5,RELIABLE,250,0.52,0.316,1.149919
S6_ENTRY_E2_PROBABILITY_RR,2025-09-22,300394,天孚通信,s6setup-ae4b243983b20bc0b5f9,KEY_CANDIDATE,SUPPORT_CONFIRMED,True,4,RELIABLE,250,0.42,0.332,0.917566
S6_ENTRY_E2_PROBABILITY_RR,2025-09-22,300415,伊之密,s6setup-182e4147b9219916f379,WATCH_CANDIDATE,SUPPORT_FORMING,False,2,NOT_EVALUATED,0,0.0,0.0,0.0
S6_ENTRY_E2_PROBABILITY_RR,2025-09-22,300990,同飞股份,s6setup-f8900fead8840a342b0e,WATCH_CANDIDATE,SUPPORT_CONFIRMED,True,5,NOT_EVALUATED,0,0.0,0.0,0.0
S6_ENTRY_E2_PROBABILITY_RR,2025-09-22,603612,索通发展,s6setup-e2176f4c641347e3af3a,WATCH_CANDIDATE,SUPPORT_CONFIRMED,True,4,NOT_EVALUATED,0,0.0,0.0,0.0
S6_ENTRY_E2_PROBABILITY_RR,2025-09-22,688063,派能科技,s6setup-c2fd1a235da71c264e7e,KEY_CANDIDATE,SUPPORT_CONFIRMED,True,5,NOT_EVALUATED,0,0.0,0.0,0.0
S6_ENTRY_E2_PROBABILITY_RR,2025-09-22,688141,杰华特,s6setup-1533be6620f7e49b28f6,KEY_CANDIDATE,SUPPORT_CONFIRMED,True,5,RELIABLE,250,0.556,0.18,0.751832
S6_ENTRY_E2_PROBABILITY_RR,2025-09-22,688183,生益电子,s6setup-8ad879673856045750cb,WATCH_CANDIDATE,NOT_APPLICABLE,False,0,NOT_EVALUATED,0,0.0,0.0,0.0
S6_ENTRY_E2_PROBABILITY_RR,2025-09-22,688235,百济神州,s6setup-bea30948481b1e887e0f,KEY_CANDIDATE,SUPPORT_FORMING,False,4,NOT_EVALUATED,0,0.0,0.0,0.0
S6_ENTRY_E2_PROBABILITY_RR,2025-09-22,688499,利元亨,s6setup-3fd254de526a65ccefaf,WATCH_CANDIDATE,SUPPORT_FORMING,False,4,NOT_EVALUATED,0,0.0,0.0,0.0
S6_ENTRY_E2_PROBABILITY_RR,2025-09-23,002484,江海股份,s6setup-edd02d178efbc752c41c,WATCH_CANDIDATE,SUPPORT_CONFIRMED,True,4,NOT_EVALUATED,0,0.0,0.0,0.0
S6_ENTRY_E2_PROBABILITY_RR,2025-09-23,300035,中科电气,s6setup-0997d5202e9b69bb5081,WATCH_CANDIDATE,NOT_APPLICABLE,False,0,NOT_EVALUATED,0,0.0,0.0,0.0
S6_ENTRY_E2_PROBABILITY_RR,2025-09-23,300394,天孚通信,s6setup-cac8a1d8746ec62e8f7e,KEY_CANDIDATE,SUPPORT_CONFIRMED,True,4,RELIABLE,250,0.492,0.368,1.035328
S6_ENTRY_E2_PROBABILITY_RR,2025-09-23,300990,同飞股份,s6setup-f4d7e7ab7d7a245c87eb,WATCH_CANDIDATE,NOT_APPLICABLE,False,0,NOT_EVALUATED,0,0.0,0.0,0.0
S6_ENTRY_E2_PROBABILITY_RR,2025-09-23,688013,天臣医疗,s6setup-d80f2ced0e3cb981c9af,WATCH_CANDIDATE,NOT_APPLICABLE,False,0,NOT_EVALUATED,0,0.0,0.0,0.0
S6_ENTRY_E2_PROBABILITY_RR,2025-09-23,688141,杰华特,s6setup-1533be6620f7e49b28f6,KEY_CANDIDATE,SUPPORT_FORMING,False,4,RELIABLE,250,0.636,0.208,0.787012
S6_ENTRY_E2_PROBABILITY_RR,2025-09-23,688183,生益电子,s6setup-6e322181eb4a62bec9dd,WATCH_CANDIDATE,NOT_APPLICABLE,False,0,NOT_EVALUATED,0,0.0,0.0,0.0
S6_ENTRY_E2_PROBABILITY_RR,2025-09-23,688331,荣昌生物,s6setup-767c1a94d9d24c05438b,WATCH_CANDIDATE,SUPPORT_CONFIRMED,True,3,NOT_EVALUATED,0,0.0,0.0,0.0
S6_ENTRY_E2_PROBABILITY_RR,2025-09-23,688499,利元亨,s6setup-3fd254de526a65ccefaf,WATCH_CANDIDATE,SUPPORT_FORMING,False,4,NOT_EVALUATED,0,0.0,0.0,0.0
S6_ENTRY_E2_PROBABILITY_RR,2025-09-24,002074,国轩高科,s6setup-ddd242a85968b864c223,WATCH_CANDIDATE,SUPPORT_FORMING,False,4,NOT_EVALUATED,0,0.0,0.0,0.0
S6_ENTRY_E2_PROBABILITY_RR,2025-09-24,300790,宇瞳光学,s6setup-9b48a0dfdfd7ea144be2,WATCH_CANDIDATE,SUPPORT_CONFIRMED,True,5,NOT_EVALUATED,0,0.0,0.0,0.0
S6_ENTRY_E2_PROBABILITY_RR,2025-09-24,688183,生益电子,s6setup-3ab98ba4e6aa6ee621c4,WATCH_CANDIDATE,NOT_APPLICABLE,False,0,NOT_EVALUATED,0,0.0,0.0,0.0
S6_ENTRY_E2_PROBABILITY_RR,2025-09-24,688235,百济神州,s6setup-6364bf1d4be532256cf2,KEY_CANDIDATE,SUPPORT_CONFIRMED,True,5,NOT_EVALUATED,0,0.0,0.0,0.0
S6_ENTRY_E2_PROBABILITY_RR,2025-09-24,688331,荣昌生物,s6setup-8c876f4b12b2d5d5fd20,WATCH_CANDIDATE,SUPPORT_CONFIRMED,True,5,NOT_EVALUATED,0,0.0,0.0,0.0
S6_ENTRY_E2_PROBABILITY_RR,2025-09-24,688388,嘉元科技,s6setup-374aba872fa4f996a037,WATCH_CANDIDATE,NOT_APPLICABLE,False,0,NOT_EVALUATED,0,0.0,0.0,0.0
S6_ENTRY_E2_PROBABILITY_RR,2025-09-24,688779,五矿新能,s6setup-17d26768cf8c49e6074e,WATCH_CANDIDATE,SUPPORT_CONFIRMED,True,5,NOT_EVALUATED,0,0.0,0.0,0.0
S6_ENTRY_E2_PROBABILITY_RR,2025-09-25,000426,兴业银锡,s6setup-fb9f1459e01656d3a6f2,WATCH_CANDIDATE,NOT_APPLICABLE,False,0,NOT_EVALUATED,0,0.0,0.0,0.0
S6_ENTRY_E2_PROBABILITY_RR,2025-09-25,000796,凯撒旅业,s6setup-bba77eab5c130632d0e3,WATCH_CANDIDATE,SUPPORT_CONFIRMED,True,5,NOT_EVALUATED,0,0.0,0.0,0.0
S6_ENTRY_E2_PROBABILITY_RR,2025-09-25,002074,国轩高科,s6setup-ddd242a85968b864c223,WATCH_CANDIDATE,NOT_APPLICABLE,False,0,NOT_EVALUATED,0,0.0,0.0,0.0
S6_ENTRY_E2_PROBABILITY_RR,2025-09-25,002407,多氟多,s6setup-5b781edcd82a9664c916,KEY_CANDIDATE,SUPPORT_CONFIRMED,True,3,NOT_EVALUATED,0,0.0,0.0,0.0
S6_ENTRY_E2_PROBABILITY_RR,2025-09-25,300035,中科电气,s6setup-05c1b4d829f66812bd4e,WATCH_CANDIDATE,SUPPORT_CONFIRMED,True,3,NOT_EVALUATED,0,0.0,0.0,0.0
S6_ENTRY_E2_PROBABILITY_RR,2025-09-25,300568,星源材质,s6setup-264b4fa1922eeea044ab,READY_CANDIDATE,SUPPORT_CONFIRMED,True,3,NOT_EVALUATED,0,0.0,0.0,0.0
S6_ENTRY_E2_PROBABILITY_RR,2025-09-25,300619,金银河,s6setup-922230b3e37111fd7d82,WATCH_CANDIDATE,SUPPORT_CONFIRMED,True,3,NOT_EVALUATED,0,0.0,0.0,0.0
S6_ENTRY_E2_PROBABILITY_RR,2025-09-25,300772,运达股份,s6setup-7ab0e59e9fb2a5694aa0,WATCH_CANDIDATE,NOT_APPLICABLE,False,0,NOT_EVALUATED,0,0.0,0.0,0.0
S6_ENTRY_E2_PROBABILITY_RR,2025-09-25,600276,恒瑞医药,s6setup-a62f87e4b34911f97b44,WATCH_CANDIDATE,SUPPORT_CONFIRMED,True,4,NOT_EVALUATED,0,0.0,0.0,0.0
S6_ENTRY_E2_PROBABILITY_RR,2025-09-25,600362,江西铜业,s6setup-45ac314161c5cdbd49ed,WATCH_CANDIDATE,SUPPORT_CONFIRMED,True,4,NOT_EVALUATED,0,0.0,0.0,0.0
S6_ENTRY_E2_PROBABILITY_RR,2025-09-25,603319,美湖股份,s6setup-33a8d4b25d72b3dc0baa,WATCH_CANDIDATE,SUPPORT_CONFIRMED,True,4,NOT_EVALUATED,0,0.0,0.0,0.0
S6_ENTRY_E2_PROBABILITY_RR,2025-09-25,688116,天奈科技,s6setup-cecb0529ee0f187d6279,WATCH_CANDIDATE,SUPPORT_CONFIRMED,True,3,RELIABLE,250,0.884,0.356,1.315826
S6_ENTRY_E2_PROBABILITY_RR,2025-09-25,688235,百济神州,s6setup-4e007621adf207db42e2,KEY_CANDIDATE,SUPPORT_CONFIRMED,True,4,NOT_EVALUATED,0,0.0,0.0,0.0
S6_ENTRY_E2_PROBABILITY_RR,2025-09-25,688331,荣昌生物,s6setup-a010857fd580d388330c,WATCH_CANDIDATE,NOT_APPLICABLE,False,0,NOT_EVALUATED,0,0.0,0.0,0.0
S6_ENTRY_E2_PROBABILITY_RR,2025-09-25,688388,嘉元科技,s6setup-711c59be807f5bfa2e8a,WATCH_CANDIDATE,NOT_APPLICABLE,False,0,NOT_EVALUATED,0,0.0,0.0,0.0
S6_ENTRY_E2_PROBABILITY_RR,2025-09-25,688779,五矿新能,s6setup-affd795824619560ce8c,KEY_CANDIDATE,SUPPORT_CONFIRMED,True,5,NOT_EVALUATED,0,0.0,0.0,0.0
S6_ENTRY_E2_PROBABILITY_RR,2025-09-26,300953,震裕科技,s6setup-1e6cb85e40e24aac5c88,WATCH_CANDIDATE,SUPPORT_CONFIRMED,True,3,RELIABLE,250,0.724,0.252,1.07563
S6_ENTRY_E2_PROBABILITY_RR,2025-09-26,603119,浙江荣泰,s6setup-796cb0a388ba90add440,WATCH_CANDIDATE,NOT_APPLICABLE,False,0,NOT_EVALUATED,0,0.0,0.0,0.0
S6_ENTRY_E2_PROBABILITY_RR,2025-09-26,603319,美湖股份,s6setup-33a8d4b25d72b3dc0baa,KEY_CANDIDATE,NOT_APPLICABLE,False,0,NOT_EVALUATED,0,0.0,0.0,0.0
S6_ENTRY_E2_PROBABILITY_RR,2025-09-26,688017,绿的谐波,s6setup-ccd52baaab642b15b1c7,KEY_CANDIDATE,NOT_APPLICABLE,False,0,NOT_EVALUATED,0,0.0,0.0,0.0
S6_ENTRY_E2_PROBABILITY_RR,2025-09-26,688116,天奈科技,s6setup-cecb0529ee0f187d6279,WATCH_CANDIDATE,NOT_APPLICABLE,False,0,NOT_EVALUATED,0,0.0,0.0,0.0
S6_ENTRY_E2_PROBABILITY_RR,2025-09-26,688131,皓元医药,s6setup-de8a35130200259e121c,WATCH_CANDIDATE,SUPPORT_CONFIRMED,True,4,RELIABLE,250,0.916,0.352,1.39934
S6_ENTRY_E2_PROBABILITY_RR,2025-09-26,688388,嘉元科技,s6setup-34da95e8348a8043649f,WATCH_CANDIDATE,SUPPORT_CONFIRMED,True,3,RELIABLE,250,0.78,0.304,1.333526
S6_ENTRY_E2_PROBABILITY_RR,2025-09-26,688779,五矿新能,s6setup-affd795824619560ce8c,WATCH_CANDIDATE,SUPPORT_CONFIRMED,True,3,NOT_EVALUATED,0,0.0,0.0,0.0
S6_ENTRY_E2_PROBABILITY_RR,2025-09-29,002074,国轩高科,s6setup-4e0d8a63acdc01f12ff1,WATCH_CANDIDATE,SUPPORT_CONFIRMED,True,5,NOT_EVALUATED,0,0.0,0.0,0.0
S6_ENTRY_E2_PROBABILITY_RR,2025-09-29,002779,中坚科技,s6setup-5b9954ffa38d55aae644,WATCH_CANDIDATE,NOT_APPLICABLE,False,0,NOT_EVALUATED,0,0.0,0.0,0.0
S6_ENTRY_E2_PROBABILITY_RR,2025-09-29,003021,兆威机电,s6setup-77c168047de37b309dbb,WATCH_CANDIDATE,SUPPORT_CONFIRMED,True,5,NOT_EVALUATED,0,0.0,0.0,0.0
S6_ENTRY_E2_PROBABILITY_RR,2025-09-29,301150,中一科技,s6setup-b8ad5334d77d0885e535,KEY_CANDIDATE,SUPPORT_CONFIRMED,True,5,NOT_EVALUATED,0,0.0,0.0,0.0
S6_ENTRY_E2_PROBABILITY_RR,2025-09-29,601069,西部黄金,s6setup-6100ae38d450adf8a83d,WATCH_CANDIDATE,NOT_APPLICABLE,False,0,NOT_EVALUATED,0,0.0,0.0,0.0
S6_ENTRY_E2_PROBABILITY_RR,2025-09-29,603319,美湖股份,s6setup-8e5ebc79909a2668e31d,WATCH_CANDIDATE,NOT_APPLICABLE,False,0,NOT_EVALUATED,0,0.0,0.0,0.0
S6_ENTRY_E2_PROBABILITY_RR,2025-09-29,688017,绿的谐波,s6setup-ccd52baaab642b15b1c7,WATCH_CANDIDATE,NOT_APPLICABLE,False,0,NOT_EVALUATED,0,0.0,0.0,0.0
S6_ENTRY_E2_PROBABILITY_RR,2025-09-29,688779,五矿新能,s6setup-329719f11f68a21d977c,WATCH_CANDIDATE,NOT_APPLICABLE,False,0,NOT_EVALUATED,0,0.0,0.0,0.0
S6_ENTRY_E2_PROBABILITY_RR,2025-09-30,002074,国轩高科,s6setup-22f3945be4f6dee4012f,WATCH_CANDIDATE,SUPPORT_CONFIRMED,True,5,NOT_EVALUATED,0,0.0,0.0,0.0
S6_ENTRY_E2_PROBABILITY_RR,2025-09-30,002176,江特电机,s6setup-6b6ff969af11dd8937ab,WATCH_CANDIDATE,SUPPORT_CONFIRMED,True,5,RELIABLE,250,0.708,0.332,0.834443
S6_ENTRY_E2_PROBABILITY_RR,2025-09-30,002183,怡 亚 通,s6setup-c1dded25a893939cb221,KEY_CANDIDATE,SUPPORT_CONFIRMED,True,5,NOT_EVALUATED,0,0.0,0.0,0.0
S6_ENTRY_E2_PROBABILITY_RR,2025-09-30,002624,完美世界,s6setup-f9859bec5b06a4db59b1,WATCH_CANDIDATE,WAITING_BREAKOUT,False,0,RELIABLE,250,0.584,0.444,0.345941
S6_ENTRY_E2_PROBABILITY_RR,2025-09-30,002779,中坚科技,s6setup-5b9954ffa38d55aae644,WATCH_CANDIDATE,SUPPORT_CONFIRMED,True,3,NOT_EVALUATED,0,0.0,0.0,0.0
S6_ENTRY_E2_PROBABILITY_RR,2025-09-30,002916,深南电路,s6setup-c757cc2e63e23d207547,WATCH_CANDIDATE,SUPPORT_CONFIRMED,True,3,RELIABLE,250,0.792,0.328,1.144382
S6_ENTRY_E2_PROBABILITY_RR,2025-09-30,300007,汉威科技,s6setup-4f7fa1af5e31b7da1c19,WATCH_CANDIDATE,NOT_APPLICABLE,False,0,NOT_EVALUATED,0,0.0,0.0,0.0
S6_ENTRY_E2_PROBABILITY_RR,2025-09-30,300331,苏大维格,s6setup-5fbf8ac3bf6446ab47a8,WATCH_CANDIDATE,SUPPORT_CONFIRMED,True,4,NOT_EVALUATED,0,0.0,0.0,0.0
S6_ENTRY_E2_PROBABILITY_RR,2025-09-30,300469,信息发展,s6setup-9b076a7334c850f93fd0,WATCH_CANDIDATE,SUPPORT_FORMING,False,3,NOT_EVALUATED,0,0.0,0.0,0.0
S6_ENTRY_E2_PROBABILITY_RR,2025-09-30,600489,中金黄金,s6setup-6df7b0e8295664e5943a,WATCH_CANDIDATE,NOT_APPLICABLE,False,0,NOT_EVALUATED,0,0.0,0.0,0.0
S6_ENTRY_E2_PROBABILITY_RR,2025-09-30,601138,工业富联,s6setup-549b8b40985a235e30cd,WATCH_CANDIDATE,NOT_APPLICABLE,False,0,NOT_EVALUATED,0,0.0,0.0,0.0
S6_ENTRY_E2_PROBABILITY_RR,2025-09-30,601208,东材科技,s6setup-81cc4960a1a3257ec94d,WATCH_CANDIDATE,SUPPORT_CONFIRMED,True,3,NOT_EVALUATED,0,0.0,0.0,0.0
S6_ENTRY_E2_PROBABILITY_RR,2025-09-30,601872,招商轮船,s6setup-279667d2b1b01bdb0a95,WATCH_CANDIDATE,SUPPORT_CONFIRMED,True,5,NOT_EVALUATED,0,0.0,0.0,0.0
S6_ENTRY_E2_PROBABILITY_RR,2025-09-30,603119,浙江荣泰,s6setup-2374b9d39f87fc8f74cb,WATCH_CANDIDATE,SUPPORT_CONFIRMED,True,4,RELIABLE,250,0.804,0.416,1.304871
S6_ENTRY_E2_PROBABILITY_RR,2025-09-30,603179,新泉股份,s6setup-6762e812ce871789c37b,WATCH_CANDIDATE,NOT_APPLICABLE,False,0,NOT_EVALUATED,0,0.0,0.0,0.0
S6_ENTRY_E2_PROBABILITY_RR,2025-09-30,603319,美湖股份,s6setup-8e5ebc79909a2668e31d,WATCH_CANDIDATE,SUPPORT_CONFIRMED,True,4,NOT_EVALUATED,0,0.0,0.0,0.0
S6_ENTRY_E2_PROBABILITY_RR,2025-09-30,688779,五矿新能,s6setup-83acccd9d7560dd2a726,WATCH_CANDIDATE,NOT_APPLICABLE,False,0,NOT_EVALUATED,0,0.0,0.0,0.0
S6_ENTRY_E2_PROBABILITY_RR,2025-10-09,002008,大族激光,s6setup-c41cf311890f660da644,WATCH_CANDIDATE,SUPPORT_CONFIRMED,True,3,NOT_EVALUATED,0,0.0,0.0,0.0
S6_ENTRY_E2_PROBABILITY_RR,2025-10-09,002164,宁波东力,s6setup-6ea15fe5658413a537eb,WATCH_CANDIDATE,NOT_APPLICABLE,False,0,NOT_EVALUATED,0,0.0,0.0,0.0
S6_ENTRY_E2_PROBABILITY_RR,2025-10-09,002176,江特电机,s6setup-6b6ff969af11dd8937ab,WATCH_CANDIDATE,NOT_APPLICABLE,False,0,NOT_EVALUATED,0,0.0,0.0,0.0
S6_ENTRY_E2_PROBABILITY_RR,2025-10-09,002182,宝武镁业,s6setup-cf3d675d3aee8f032232,WATCH_CANDIDATE,NOT_APPLICABLE,False,0,NOT_EVALUATED,0,0.0,0.0,0.0
S6_ENTRY_E2_PROBABILITY_RR,2025-10-09,002183,怡 亚 通,s6setup-c1dded25a893939cb221,WATCH_CANDIDATE,NOT_APPLICABLE,False,0,NOT_EVALUATED,0,0.0,0.0,0.0
S6_ENTRY_E2_PROBABILITY_RR,2025-10-09,002436,兴森科技,s6setup-d8d831c89fa9b91181f2,WATCH_CANDIDATE,SUPPORT_CONFIRMED,True,4,NOT_EVALUATED,0,0.0,0.0,0.0
S6_ENTRY_E2_PROBABILITY_RR,2025-10-09,002624,完美世界,s6setup-f9859bec5b06a4db59b1,WATCH_CANDIDATE,SUPPORT_FORMING,False,2,NOT_EVALUATED,0,0.0,0.0,0.0
S6_ENTRY_E2_PROBABILITY_RR,2025-10-09,002683,广东宏大,s6setup-f2b2b481551a05209173,WATCH_CANDIDATE,WAITING_BREAKOUT,False,0,NOT_EVALUATED,0,0.0,0.0,0.0
S6_ENTRY_E2_PROBABILITY_RR,2025-10-09,003021,兆威机电,s6setup-8fc5eb945042a136f608,WATCH_CANDIDATE,SUPPORT_CONFIRMED,True,5,NOT_EVALUATED,0,0.0,0.0,0.0
S6_ENTRY_E2_PROBABILITY_RR,2025-10-09,300007,汉威科技,s6setup-eba4cf7be83b461c8a78,WATCH_CANDIDATE,SUPPORT_FORMING,False,2,NOT_EVALUATED,0,0.0,0.0,0.0
S6_ENTRY_E2_PROBABILITY_RR,2025-10-09,300660,江苏雷利,s6setup-0e6ccbcbcebf1b5b283a,WATCH_CANDIDATE,SUPPORT_CONFIRMED,True,5,NOT_EVALUATED,0,0.0,0.0,0.0
S6_ENTRY_E2_PROBABILITY_RR,2025-10-09,300680,隆盛科技,s6setup-31e9deb4faca4adbd7fb,KEY_CANDIDATE,SUPPORT_FORMING,False,2,NOT_EVALUATED,0,0.0,0.0,0.0
S6_ENTRY_E2_PROBABILITY_RR,2025-10-09,600114,东睦股份,s6setup-188dd61e30dad51706d0,WATCH_CANDIDATE,SUPPORT_CONFIRMED,True,3,NOT_EVALUATED,0,0.0,0.0,0.0
S6_ENTRY_E2_PROBABILITY_RR,2025-10-09,601138,工业富联,s6setup-549b8b40985a235e30cd,WATCH_CANDIDATE,NOT_APPLICABLE,False,0,NOT_EVALUATED,0,0.0,0.0,0.0
S6_ENTRY_E2_PROBABILITY_RR,2025-10-09,603119,浙江荣泰,s6setup-c5ff5044c6a383480dae,WATCH_CANDIDATE,SUPPORT_CONFIRMED,True,3,NOT_EVALUATED,0,0.0,0.0,0.0
S6_ENTRY_E2_PROBABILITY_RR,2025-10-09,603308,应流股份,s6setup-eb3d08c4e6d4e02cf9b9,WATCH_CANDIDATE,NOT_APPLICABLE,False,0,NOT_EVALUATED,0,0.0,0.0,0.0
S6_ENTRY_E2_PROBABILITY_RR,2025-10-09,688017,绿的谐波,s6setup-9fc8b9246cea1f486934,WATCH_CANDIDATE,SUPPORT_CONFIRMED,True,4,RELIABLE,250,0.832,0.268,0.976542
S6_ENTRY_E2_PROBABILITY_RR,2025-10-09,688141,杰华特,s6setup-a002f9a0d0eff15e47b7,WATCH_CANDIDATE,SUPPORT_CONFIRMED,True,4,NOT_EVALUATED,0,0.0,0.0,0.0
S6_ENTRY_E2_PROBABILITY_RR,2025-10-09,688167,炬光科技,s6setup-5108d3f94d5e98e23292,WATCH_CANDIDATE,SUPPORT_CONFIRMED,True,5,NOT_EVALUATED,0,0.0,0.0,0.0
S6_ENTRY_E2_PROBABILITY_RR,2025-10-09,688234,天岳先进,s6setup-ca55c52aa162f3095096,WATCH_CANDIDATE,SUPPORT_CONFIRMED,True,5,NOT_EVALUATED,0,0.0,0.0,0.0
S6_ENTRY_E2_PROBABILITY_RR,2025-10-10,002176,江特电机,s6setup-b1b5adfd7a0f4fe905f7,WATCH_CANDIDATE,SUPPORT_CONFIRMED,True,3,RELIABLE,250,0.568,0.252,0.975332
S6_ENTRY_E2_PROBABILITY_RR,2025-10-10,002335,科华数据,s6setup-80810a7e40509e905d2e,WATCH_CANDIDATE,SUPPORT_FORMING,False,2,NOT_EVALUATED,0,0.0,0.0,0.0
S6_ENTRY_E2_PROBABILITY_RR,2025-10-10,002463,沪电股份,s6setup-2e48c0ac952559a9f304,WATCH_CANDIDATE,SUPPORT_FORMING,False,2,NOT_EVALUATED,0,0.0,0.0,0.0
S6_ENTRY_E2_PROBABILITY_RR,2025-10-10,002683,广东宏大,s6setup-f2b2b481551a05209173,WATCH_CANDIDATE,SUPPORT_CONFIRMED,True,4,NOT_EVALUATED,0,0.0,0.0,0.0
S6_ENTRY_E2_PROBABILITY_RR,2025-10-10,300660,江苏雷利,s6setup-0e6ccbcbcebf1b5b283a,WATCH_CANDIDATE,SUPPORT_CONFIRMED,True,3,NOT_EVALUATED,0,0.0,0.0,0.0
S6_ENTRY_E2_PROBABILITY_RR,2025-10-10,300680,隆盛科技,s6setup-31e9deb4faca4adbd7fb,KEY_CANDIDATE,SUPPORT_CONFIRMED,True,3,NOT_EVALUATED,0,0.0,0.0,0.0
S6_ENTRY_E2_PROBABILITY_RR,2025-10-10,300953,震裕科技,s6setup-58797812908225647959,WATCH_CANDIDATE,NOT_APPLICABLE,False,0,NOT_EVALUATED,0,0.0,0.0,0.0
S6_ENTRY_E2_PROBABILITY_RR,2025-10-10,600114,东睦股份,s6setup-4ff0c1cc1b101a9b9057,WATCH_CANDIDATE,SUPPORT_CONFIRMED,True,4,NOT_EVALUATED,0,0.0,0.0,0.0
S6_ENTRY_E2_PROBABILITY_RR,2025-10-10,600143,金发科技,s6setup-64401623e5c8301b2bfd,WATCH_CANDIDATE,SUPPORT_CONFIRMED,True,3,NOT_EVALUATED,0,0.0,0.0,0.0
S6_ENTRY_E2_PROBABILITY_RR,2025-10-10,601138,工业富联,s6setup-549b8b40985a235e30cd,WATCH_CANDIDATE,NOT_APPLICABLE,False,0,NOT_EVALUATED,0,0.0,0.0,0.0
S6_ENTRY_E2_PROBABILITY_RR,2025-10-10,603308,应流股份,s6setup-6bf102eefcbf962310f2,WATCH_CANDIDATE,NOT_APPLICABLE,False,0,NOT_EVALUATED,0,0.0,0.0,0.0
S6_ENTRY_E2_PROBABILITY_RR,2025-10-10,688017,绿的谐波,s6setup-7a3c8cafe5d006caa7a2,KEY_CANDIDATE,SUPPORT_FORMING,False,2,RELIABLE,250,0.608,0.28,0.828969
S6_ENTRY_E2_PROBABILITY_RR,2025-10-10,688141,杰华特,s6setup-c717c93a011d4cfbfb0e,WATCH_CANDIDATE,NOT_APPLICABLE,False,0,NOT_EVALUATED,0,0.0,0.0,0.0
S6_ENTRY_E2_PROBABILITY_RR,2025-10-13,688141,杰华特,s6setup-3cd169f2df8338164e66,WATCH_CANDIDATE,NOT_APPLICABLE,False,0,NOT_EVALUATED,0,0.0,0.0,0.0
S6_ENTRY_E2_PROBABILITY_RR,2025-10-16,002518,科士达,s6setup-738120e21d1a406dc0b5,WATCH_CANDIDATE,NOT_APPLICABLE,False,0,NOT_EVALUATED,0,0.0,0.0,0.0
S6_ENTRY_E2_PROBABILITY_RR,2025-10-17,002210,飞马国际,s6setup-7157d5833e9cba4d9d1b,KEY_CANDIDATE,SUPPORT_CONFIRMED,True,3,RELIABLE,250,0.624,0.264,1.10197
S6_ENTRY_E2_PROBABILITY_RR,2025-10-17,300073,当升科技,s6setup-20517d0e7a512fd83e92,KEY_CANDIDATE,SUPPORT_CONFIRMED,True,3,RELIABLE,250,0.528,0.32,1.336592
S6_ENTRY_E2_PROBABILITY_RR,2025-10-20,002249,大洋电机,s6setup-a65b62c2e98f9ab6f8f2,KEY_CANDIDATE,SUPPORT_CONFIRMED,True,5,NOT_EVALUATED,0,0.0,0.0,0.0
S6_ENTRY_E2_PROBABILITY_RR,2025-10-20,300073,当升科技,s6setup-6aaf4bd6d838fdf1316e,KEY_CANDIDATE,NOT_APPLICABLE,False,0,NOT_EVALUATED,0,0.0,0.0,0.0
S6_ENTRY_E2_PROBABILITY_RR,2025-10-20,300507,苏奥传感,s6setup-3aa58fbead45c91c50b2,WATCH_CANDIDATE,SUPPORT_FORMING,False,2,NOT_EVALUATED,0,0.0,0.0,0.0
S6_ENTRY_E2_PROBABILITY_RR,2025-10-21,002249,大洋电机,s6setup-223a945d2479dceaccc4,WATCH_CANDIDATE,NOT_APPLICABLE,False,0,NOT_EVALUATED,0,0.0,0.0,0.0
S6_ENTRY_E2_PROBABILITY_RR,2025-10-21,002709,天赐材料,s6setup-0c843cc5db500181bac6,WATCH_CANDIDATE,SUPPORT_CONFIRMED,True,4,NOT_EVALUATED,0,0.0,0.0,0.0
S6_ENTRY_E2_PROBABILITY_RR,2025-10-21,300073,当升科技,s6setup-b462b4d77066b05af091,KEY_CANDIDATE,SUPPORT_CONFIRMED,True,3,RELIABLE,250,0.54,0.328,1.243601
S6_ENTRY_E2_PROBABILITY_RR,2025-10-21,300507,苏奥传感,s6setup-f26a8499b91549be5903,WATCH_CANDIDATE,SUPPORT_FORMING,False,4,NOT_EVALUATED,0,0.0,0.0,0.0
S6_ENTRY_E2_PROBABILITY_RR,2025-10-21,300604,长川科技,s6setup-de80a953d02eacc30e5d,KEY_CANDIDATE,SUPPORT_FORMING,False,4,NOT_EVALUATED,0,0.0,0.0,0.0
S6_ENTRY_E2_PROBABILITY_RR,2025-10-21,603786,科博达,s6setup-0b0ba46814574b34fc35,KEY_CANDIDATE,SUPPORT_CONFIRMED,True,5,NOT_EVALUATED,0,0.0,0.0,0.0
S6_ENTRY_E2_PROBABILITY_RR,2025-10-21,688019,安集科技,s6setup-940f40f9768978882465,WATCH_CANDIDATE,NOT_APPLICABLE,False,0,NOT_EVALUATED,0,0.0,0.0,0.0
S6_ENTRY_E2_PROBABILITY_RR,2025-10-21,688072,拓荆科技,s6setup-5aacc296dcfaa98adfe0,WATCH_CANDIDATE,SUPPORT_CONFIRMED,True,4,NOT_EVALUATED,0,0.0,0.0,0.0
S6_ENTRY_E2_PROBABILITY_RR,2025-10-21,688082,盛美上海,s6setup-55d47d00c93b356eb6e2,KEY_CANDIDATE,SUPPORT_CONFIRMED,True,5,NOT_EVALUATED,0,0.0,0.0,0.0
S6_ENTRY_E2_PROBABILITY_RR,2025-10-21,688469,芯联集成,s6setup-4f26f5b925788d16026b,WATCH_CANDIDATE,SUPPORT_CONFIRMED,True,5,NOT_EVALUATED,0,0.0,0.0,0.0
S6_ENTRY_E2_PROBABILITY_RR,2025-10-21,688531,日联科技,s6setup-85c520ba0ce20277c4eb,WATCH_CANDIDATE,NOT_APPLICABLE,False,0,NOT_EVALUATED,0,0.0,0.0,0.0
S6_ENTRY_E2_PROBABILITY_RR,2025-10-22,002150,正泰电源,s6setup-a0fd6d6bec6aad7bcb7a,WATCH_CANDIDATE,SUPPORT_CONFIRMED,True,3,NOT_EVALUATED,0,0.0,0.0,0.0
S6_ENTRY_E2_PROBABILITY_RR,2025-10-22,002475,立讯精密,s6setup-278336658c72358f4295,WATCH_CANDIDATE,SUPPORT_CONFIRMED,True,3,NOT_EVALUATED,0,0.0,0.0,0.0
S6_ENTRY_E2_PROBABILITY_RR,2025-10-22,300073,当升科技,s6setup-b462b4d77066b05af091,KEY_CANDIDATE,SUPPORT_FORMING,False,2,RELIABLE,250,0.528,0.36,1.082864
S6_ENTRY_E2_PROBABILITY_RR,2025-10-22,300604,长川科技,s6setup-de80a953d02eacc30e5d,WATCH_CANDIDATE,SUPPORT_CONFIRMED,True,5,NOT_EVALUATED,0,0.0,0.0,0.0
S6_ENTRY_E2_PROBABILITY_RR,2025-10-22,688072,拓荆科技,s6setup-cc4286b155eba87be70b,WATCH_CANDIDATE,SUPPORT_CONFIRMED,True,5,NOT_EVALUATED,0,0.0,0.0,0.0
S6_ENTRY_E2_PROBABILITY_RR,2025-10-22,688082,盛美上海,s6setup-55d47d00c93b356eb6e2,KEY_CANDIDATE,SUPPORT_CONFIRMED,True,3,NOT_EVALUATED,0,0.0,0.0,0.0
S6_ENTRY_E2_PROBABILITY_RR,2025-10-22,688388,嘉元科技,s6setup-87f0014e99781db37a79,WATCH_CANDIDATE,SUPPORT_CONFIRMED,True,4,RELIABLE,250,0.86,0.32,1.281506
S6_ENTRY_E2_PROBABILITY_RR,2025-10-22,688469,芯联集成,s6setup-4f26f5b925788d16026b,WATCH_CANDIDATE,SUPPORT_FORMING,False,3,NOT_EVALUATED,0,0.0,0.0,0.0
S6_ENTRY_E2_PROBABILITY_RR,2025-10-22,688531,日联科技,s6setup-c97604de9a5761e502f9,WATCH_CANDIDATE,SUPPORT_CONFIRMED,True,3,NOT_EVALUATED,0,0.0,0.0,0.0
S6_ENTRY_E2_PROBABILITY_RR,2025-10-23,002150,正泰电源,s6setup-cddeebd3a9b6141abbcd,WATCH_CANDIDATE,NOT_APPLICABLE,False,0,NOT_EVALUATED,0,0.0,0.0,0.0
S6_ENTRY_E2_PROBABILITY_RR,2025-10-23,300539,横河精密,s6setup-99d7bb8dad8b230a03d0,WATCH_CANDIDATE,SUPPORT_FORMING,False,2,NOT_EVALUATED,0,0.0,0.0,0.0
S6_ENTRY_E2_PROBABILITY_RR,2025-10-23,601168,西部矿业,s6setup-fcdecb9da0a8c656bf74,WATCH_CANDIDATE,WAITING_BREAKOUT,False,0,NOT_EVALUATED,0,0.0,0.0,0.0
S6_ENTRY_E2_PROBABILITY_RR,2025-10-23,688072,拓荆科技,s6setup-c76fb55067ee7b53a9ad,WATCH_CANDIDATE,NOT_APPLICABLE,False,0,NOT_EVALUATED,0,0.0,0.0,0.0
S6_ENTRY_E2_PROBABILITY_RR,2025-10-23,688123,聚辰股份,s6setup-5100f9abeba05aecb98d,WATCH_CANDIDATE,SUPPORT_CONFIRMED,True,4,RELIABLE,250,0.612,0.208,0.865093
S6_ENTRY_E2_PROBABILITY_RR,2025-10-23,688525,佰维存储,s6setup-2ea1587f9593e4876763,WATCH_CANDIDATE,SUPPORT_FORMING,False,4,NOT_EVALUATED,0,0.0,0.0,0.0
S6_ENTRY_E2_PROBABILITY_RR,2025-10-24,000630,铜陵有色,s6setup-60d6fd6b2c2cbebf8e4f,KEY_CANDIDATE,NOT_APPLICABLE,False,0,NOT_EVALUATED,0,0.0,0.0,0.0
S6_ENTRY_E2_PROBABILITY_RR,2025-10-24,000878,云南铜业,s6setup-b188f38397ff23ca20f3,WATCH_CANDIDATE,NOT_APPLICABLE,False,0,NOT_EVALUATED,0,0.0,0.0,0.0
S6_ENTRY_E2_PROBABILITY_RR,2025-10-24,002156,通富微电,s6setup-8f05572f8470a60dffd7,WATCH_CANDIDATE,NOT_APPLICABLE,False,0,NOT_EVALUATED,0,0.0,0.0,0.0
S6_ENTRY_E2_PROBABILITY_RR,2025-10-24,300274,阳光电源,s6setup-97855adfeab9799975d5,WATCH_CANDIDATE,NOT_APPLICABLE,False,0,NOT_EVALUATED,0,0.0,0.0,0.0
S6_ENTRY_E2_PROBABILITY_RR,2025-10-24,300539,横河精密,s6setup-a5a86bfd984507ceb868,WATCH_CANDIDATE,SUPPORT_FORMING,False,2,NOT_EVALUATED,0,0.0,0.0,0.0
S6_ENTRY_E2_PROBABILITY_RR,2025-10-24,300604,长川科技,s6setup-4151d272f01653b16d89,WATCH_CANDIDATE,SUPPORT_CONFIRMED,True,5,NOT_EVALUATED,0,0.0,0.0,0.0
S6_ENTRY_E2_PROBABILITY_RR,2025-10-24,600362,江西铜业,s6setup-5f9d2b49198822facc04,WATCH_CANDIDATE,SUPPORT_CONFIRMED,True,5,NOT_EVALUATED,0,0.0,0.0,0.0
S6_ENTRY_E2_PROBABILITY_RR,2025-10-24,601168,西部矿业,s6setup-963e885d502821cc389e,WATCH_CANDIDATE,NOT_APPLICABLE,False,0,NOT_EVALUATED,0,0.0,0.0,0.0
S6_ENTRY_E2_PROBABILITY_RR,2025-10-24,601218,吉鑫科技,s6setup-931daa23d1fa27a6c286,WATCH_CANDIDATE,SUPPORT_CONFIRMED,True,3,NOT_EVALUATED,0,0.0,0.0,0.0
S6_ENTRY_E2_PROBABILITY_RR,2025-10-24,603993,洛阳钼业,s6setup-abf04063308da2e9d179,WATCH_CANDIDATE,NOT_APPLICABLE,False,0,NOT_EVALUATED,0,0.0,0.0,0.0
S6_ENTRY_E2_PROBABILITY_RR,2025-10-24,605358,立昂微,s6setup-1552d32801806320da78,WATCH_CANDIDATE,SUPPORT_CONFIRMED,True,5,NOT_EVALUATED,0,0.0,0.0,0.0
S6_ENTRY_E2_PROBABILITY_RR,2025-10-24,688249,晶合集成,s6setup-0ad33087d3f08f6f45e1,WATCH_CANDIDATE,NOT_APPLICABLE,False,0,NOT_EVALUATED,0,0.0,0.0,0.0
S6_ENTRY_E2_PROBABILITY_RR,2025-10-24,688469,芯联集成,s6setup-e22e593f68a130238a02,WATCH_CANDIDATE,NOT_APPLICABLE,False,0,NOT_EVALUATED,0,0.0,0.0,0.0
S6_ENTRY_E2_PROBABILITY_RR,2025-10-27,000063,中兴通讯,s6setup-9c59ec914cec250db2fc,WATCH_CANDIDATE,NOT_APPLICABLE,False,0,NOT_EVALUATED,0,0.0,0.0,0.0
S6_ENTRY_E2_PROBABILITY_RR,2025-10-27,000630,铜陵有色,s6setup-8932d40eff99a7ea0742,WATCH_CANDIDATE,NOT_APPLICABLE,False,0,NOT_EVALUATED,0,0.0,0.0,0.0
S6_ENTRY_E2_PROBABILITY_RR,2025-10-27,000878,云南铜业,s6setup-c4676972ef6a87215a47,WATCH_CANDIDATE,NOT_APPLICABLE,False,0,NOT_EVALUATED,0,0.0,0.0,0.0
S6_ENTRY_E2_PROBABILITY_RR,2025-10-27,002156,通富微电,s6setup-e176d00e2386a8951895,WATCH_CANDIDATE,NOT_APPLICABLE,False,0,NOT_EVALUATED,0,0.0,0.0,0.0
S6_ENTRY_E2_PROBABILITY_RR,2025-10-27,002460,赣锋锂业,s6setup-732d9e80f8d3fe7bd051,KEY_CANDIDATE,NOT_APPLICABLE,False,0,NOT_EVALUATED,0,0.0,0.0,0.0
S6_ENTRY_E2_PROBABILITY_RR,2025-10-27,300666,江丰电子,s6setup-36c375b3c156d1fb248e,WATCH_CANDIDATE,SUPPORT_CONFIRMED,True,5,NOT_EVALUATED,0,0.0,0.0,0.0
S6_ENTRY_E2_PROBABILITY_RR,2025-10-27,600577,精达股份,s6setup-03e742594afed14a3aac,WATCH_CANDIDATE,SUPPORT_CONFIRMED,True,5,NOT_EVALUATED,0,0.0,0.0,0.0
S6_ENTRY_E2_PROBABILITY_RR,2025-10-27,601688,华泰证券,s6setup-e282d3272c07f66093d1,KEY_CANDIDATE,WAITING_BREAKOUT,False,0,NOT_EVALUATED,0,0.0,0.0,0.0
S6_ENTRY_E2_PROBABILITY_RR,2025-10-27,603650,彤程新材,s6setup-e4e5d9e7c533b0bf2f40,WATCH_CANDIDATE,SUPPORT_CONFIRMED,True,4,NOT_EVALUATED,0,0.0,0.0,0.0
S6_ENTRY_E2_PROBABILITY_RR,2025-10-27,603799,华友钴业,s6setup-15630377163f6c48d79f,WATCH_CANDIDATE,NOT_APPLICABLE,False,0,NOT_EVALUATED,0,0.0,0.0,0.0
S6_ENTRY_E2_PROBABILITY_RR,2025-10-27,605358,立昂微,s6setup-1552d32801806320da78,KEY_CANDIDATE,NOT_APPLICABLE,False,0,NOT_EVALUATED,0,0.0,0.0,0.0
S6_ENTRY_E2_PROBABILITY_RR,2025-10-27,688128,中国电研,s6setup-9f464a7256484e45a2c5,KEY_CANDIDATE,NOT_APPLICABLE,False,0,NOT_EVALUATED,0,0.0,0.0,0.0
S6_ENTRY_E2_PROBABILITY_RR,2025-10-27,688409,富创精密,s6setup-2fea69aad44dbce802b3,WATCH_CANDIDATE,SUPPORT_CONFIRMED,True,5,NOT_EVALUATED,0,0.0,0.0,0.0
S6_ENTRY_E2_PROBABILITY_RR,2025-10-27,688469,芯联集成,s6setup-0ebcda22e5fa9f307ed4,WATCH_CANDIDATE,NOT_APPLICABLE,False,0,NOT_EVALUATED,0,0.0,0.0,0.0
S6_ENTRY_E2_PROBABILITY_RR,2025-10-28,002460,赣锋锂业,s6setup-12759454df13e708e003,KEY_CANDIDATE,SUPPORT_CONFIRMED,True,3,RELIABLE,250,0.564,0.288,1.062652
S6_ENTRY_E2_PROBABILITY_RR,2025-10-28,300001,特锐德,s6setup-8e6c71012fb3d3d76322,WATCH_CANDIDATE,SUPPORT_CONFIRMED,True,3,NOT_EVALUATED,0,0.0,0.0,0.0
S6_ENTRY_E2_PROBABILITY_RR,2025-10-28,300274,阳光电源,s6setup-97855adfeab9799975d5,WATCH_CANDIDATE,NOT_APPLICABLE,False,0,NOT_EVALUATED,0,0.0,0.0,0.0
S6_ENTRY_E2_PROBABILITY_RR,2025-10-28,600089,特变电工,s6setup-425269feeefcb6ffd33a,WATCH_CANDIDATE,SUPPORT_CONFIRMED,True,3,NOT_EVALUATED,0,0.0,0.0,0.0
S6_ENTRY_E2_PROBABILITY_RR,2025-10-28,600490,鹏欣资源,s6setup-a8f6e5e527714bb7679c,WATCH_CANDIDATE,SUPPORT_CONFIRMED,True,3,NOT_EVALUATED,0,0.0,0.0,0.0
S6_ENTRY_E2_PROBABILITY_RR,2025-10-28,688361,中科飞测,s6setup-5ac0c6968f6c8479695f,KEY_CANDIDATE,SUPPORT_CONFIRMED,True,4,RELIABLE,250,0.508,0.252,0.659656
S6_ENTRY_E2_PROBABILITY_RR,2025-10-28,688377,迪威尔,s6setup-ced7925d6efb35e890a4,WATCH_CANDIDATE,NOT_APPLICABLE,False,0,NOT_EVALUATED,0,0.0,0.0,0.0
S6_ENTRY_E2_PROBABILITY_RR,2025-10-28,688409,富创精密,s6setup-45795528ad6336fc4943,WATCH_CANDIDATE,SUPPORT_CONFIRMED,True,3,NOT_EVALUATED,0,0.0,0.0,0.0
S6_ENTRY_E2_PROBABILITY_RR,2025-10-29,002922,伊戈尔,s6setup-5c9ccba6d50768351f6a,WATCH_CANDIDATE,NOT_APPLICABLE,False,0,NOT_EVALUATED,0,0.0,0.0,0.0
S6_ENTRY_E2_PROBABILITY_RR,2025-10-29,300073,当升科技,s6setup-20517d0e7a512fd83e92,WATCH_CANDIDATE,NOT_APPLICABLE,False,0,NOT_EVALUATED,0,0.0,0.0,0.0
S6_ENTRY_E2_PROBABILITY_RR,2025-10-29,300127,银河磁体,s6setup-dc92fe3a0f3482c354f1,WATCH_CANDIDATE,SUPPORT_CONFIRMED,True,5,NOT_EVALUATED,0,0.0,0.0,0.0
S6_ENTRY_E2_PROBABILITY_RR,2025-10-29,600490,鹏欣资源,s6setup-5ca17db33f87b3b76412,WATCH_CANDIDATE,SUPPORT_CONFIRMED,True,5,NOT_EVALUATED,0,0.0,0.0,0.0
S6_ENTRY_E2_PROBABILITY_RR,2025-10-29,601218,吉鑫科技,s6setup-607d41629cbe3613d06c,KEY_CANDIDATE,NOT_APPLICABLE,False,0,NOT_EVALUATED,0,0.0,0.0,0.0
S6_ENTRY_E2_PROBABILITY_RR,2025-10-29,601899,紫金矿业,s6setup-a90fde919ab2ebf75565,KEY_CANDIDATE,NOT_APPLICABLE,False,0,NOT_EVALUATED,0,0.0,0.0,0.0
S6_ENTRY_E2_PROBABILITY_RR,2025-10-29,688109,品茗科技,s6setup-edf8e39b0ada683384e2,WATCH_CANDIDATE,NOT_APPLICABLE,False,0,NOT_EVALUATED,0,0.0,0.0,0.0
S6_ENTRY_E2_PROBABILITY_RR,2025-10-30,002941,新疆交建,s6setup-a39177bc86e1234db634,KEY_CANDIDATE,SUPPORT_CONFIRMED,True,3,RELIABLE,250,0.504,0.26,1.296858
S6_ENTRY_E2_PROBABILITY_RR,2025-10-30,600490,鹏欣资源,s6setup-ae5446c6b89c90cbe792,KEY_CANDIDATE,SUPPORT_CONFIRMED,True,3,NOT_EVALUATED,0,0.0,0.0,0.0
S6_ENTRY_E2_PROBABILITY_RR,2025-10-30,601899,紫金矿业,s6setup-832812ec0a63395fcd77,KEY_CANDIDATE,NOT_APPLICABLE,False,0,NOT_EVALUATED,0,0.0,0.0,0.0
S6_ENTRY_E2_PROBABILITY_RR,2025-10-30,688249,晶合集成,s6setup-8f4f7a006aabcd4114df,KEY_CANDIDATE,SUPPORT_CONFIRMED,True,3,RELIABLE,250,0.464,0.264,0.982879
S6_ENTRY_E2_PROBABILITY_RR,2025-10-30,688377,迪威尔,s6setup-8afc0648c4d2f961429c,WATCH_CANDIDATE,SUPPORT_CONFIRMED,True,3,NOT_EVALUATED,0,0.0,0.0,0.0
S6_ENTRY_E2_PROBABILITY_RR,2025-10-30,688480,赛恩斯,s6setup-1ee9a9afea96750fe1f1,KEY_CANDIDATE,SUPPORT_CONFIRMED,True,3,NOT_EVALUATED,0,0.0,0.0,0.0
S6_ENTRY_E2_PROBABILITY_RR,2025-10-31,002941,新疆交建,s6setup-533e5bd7f8f75b92e0be,KEY_CANDIDATE,SUPPORT_CONFIRMED,True,4,NOT_EVALUATED,0,0.0,0.0,0.0
S6_ENTRY_E2_PROBABILITY_RR,2025-10-31,600490,鹏欣资源,s6setup-6f74b0323bd14cc4c0e3,KEY_CANDIDATE,SUPPORT_CONFIRMED,True,3,NOT_EVALUATED,0,0.0,0.0,0.0
S6_ENTRY_E2_PROBABILITY_RR,2025-10-31,601212,白银有色,s6setup-403eb70203523a546ba4,KEY_CANDIDATE,SUPPORT_CONFIRMED,True,3,RELIABLE,250,0.328,0.3,0.728874
S6_ENTRY_E2_PROBABILITY_RR,2025-10-31,601899,紫金矿业,s6setup-4558a4761f57a6ac7229,KEY_CANDIDATE,SUPPORT_CONFIRMED,True,3,RELIABLE,250,0.516,0.256,1.154809
S6_ENTRY_E2_PROBABILITY_RR,2025-10-31,688480,赛恩斯,s6setup-1ee9a9afea96750fe1f1,KEY_CANDIDATE,SUPPORT_FORMING,False,3,NOT_EVALUATED,0,0.0,0.0,0.0
S6_ENTRY_E2_PROBABILITY_RR,2025-11-03,000980,众泰汽车,s6setup-0d0158e532de8c412535,WATCH_CANDIDATE,NOT_APPLICABLE,False,0,NOT_EVALUATED,0,0.0,0.0,0.0
S6_ENTRY_E2_PROBABILITY_RR,2025-11-03,002941,新疆交建,s6setup-95b0f66b91a78501b282,KEY_CANDIDATE,SUPPORT_CONFIRMED,True,3,RELIABLE,250,0.5,0.26,1.289776
S6_ENTRY_E2_PROBABILITY_RR,2025-11-05,300179,四方达,s6setup-9558daf0ee21fcc071b8,WATCH_CANDIDATE,SUPPORT_CONFIRMED,True,5,NOT_EVALUATED,0,0.0,0.0,0.0
S6_ENTRY_E2_PROBABILITY_RR,2025-11-05,601288,农业银行,s6setup-41ce0257d5e0dfa67f84,WATCH_CANDIDATE,SUPPORT_CONFIRMED,True,5,NOT_EVALUATED,0,0.0,0.0,0.0
S6_ENTRY_E2_PROBABILITY_RR,2025-11-05,688377,迪威尔,s6setup-ced7925d6efb35e890a4,WATCH_CANDIDATE,SUPPORT_FORMING,False,4,NOT_EVALUATED,0,0.0,0.0,0.0
S6_ENTRY_E2_PROBABILITY_RR,2025-11-05,688663,新风光,s6setup-5d882ee7449828261d7b,WATCH_CANDIDATE,NOT_APPLICABLE,False,0,NOT_EVALUATED,0,0.0,0.0,0.0
S6_ENTRY_E2_PROBABILITY_RR,2025-11-06,002171,楚江新材,s6setup-e055314d6892b431c9f1,WATCH_CANDIDATE,SUPPORT_FORMING,False,4,NOT_EVALUATED,0,0.0,0.0,0.0
S6_ENTRY_E2_PROBABILITY_RR,2025-11-06,300179,四方达,s6setup-26d0c32d83cb8c011635,WATCH_CANDIDATE,SUPPORT_CONFIRMED,True,3,NOT_EVALUATED,0,0.0,0.0,0.0
S6_ENTRY_E2_PROBABILITY_RR,2025-11-06,601288,农业银行,s6setup-1f36b9c74bc2cefe8a1e,WATCH_CANDIDATE,SUPPORT_CONFIRMED,True,4,NOT_EVALUATED,0,0.0,0.0,0.0
S6_ENTRY_E2_PROBABILITY_RR,2025-11-06,688377,迪威尔,s6setup-ced7925d6efb35e890a4,KEY_CANDIDATE,SUPPORT_CONFIRMED,True,3,NOT_EVALUATED,0,0.0,0.0,0.0
S6_ENTRY_E2_PROBABILITY_RR,2025-11-06,688585,上纬新材,s6setup-9a9bc7c3d2a7db553a40,WATCH_CANDIDATE,SUPPORT_CONFIRMED,True,5,NOT_EVALUATED,0,0.0,0.0,0.0
S6_ENTRY_E2_PROBABILITY_RR,2025-11-07,300179,四方达,s6setup-e0c1e5ba70b875138868,WATCH_CANDIDATE,NOT_APPLICABLE,False,0,NOT_EVALUATED,0,0.0,0.0,0.0
S6_ENTRY_E2_PROBABILITY_RR,2025-11-07,688377,迪威尔,s6setup-ced7925d6efb35e890a4,KEY_CANDIDATE,SUPPORT_CONFIRMED,True,3,NOT_EVALUATED,0,0.0,0.0,0.0
S6_ENTRY_E2_PROBABILITY_RR,2025-11-10,001287,中电港,s6setup-8400bd32af8d497f3733,WATCH_CANDIDATE,SUPPORT_CONFIRMED,True,3,NOT_EVALUATED,0,0.0,0.0,0.0
S6_ENTRY_E2_PROBABILITY_RR,2025-11-10,300308,中际旭创,s6setup-988348ddc9d2061c5eda,WATCH_CANDIDATE,SUPPORT_CONFIRMED,True,4,RELIABLE,250,0.58,0.268,1.087159
S6_ENTRY_E2_PROBABILITY_RR,2025-11-10,301200,大族数控,s6setup-5c258545cef2aab3123a,WATCH_CANDIDATE,NOT_APPLICABLE,False,0,NOT_EVALUATED,0,0.0,0.0,0.0
S6_ENTRY_E2_PROBABILITY_RR,2025-11-10,601608,中信重工,s6setup-1d95ad7f92b55763e0a8,WATCH_CANDIDATE,SUPPORT_CONFIRMED,True,4,NOT_EVALUATED,0,0.0,0.0,0.0
S6_ENTRY_E2_PROBABILITY_RR,2025-11-10,688377,迪威尔,s6setup-ced7925d6efb35e890a4,WATCH_CANDIDATE,NOT_APPLICABLE,False,0,NOT_EVALUATED,0,0.0,0.0,0.0
S6_ENTRY_E2_PROBABILITY_RR,2025-11-11,001287,中电港,s6setup-0ef40d7278ce749ab26a,KEY_CANDIDATE,SUPPORT_CONFIRMED,True,4,NOT_EVALUATED,0,0.0,0.0,0.0
S6_ENTRY_E2_PROBABILITY_RR,2025-11-11,002171,楚江新材,s6setup-d1f1a0f12a210c1396a4,KEY_CANDIDATE,NOT_APPLICABLE,False,0,NOT_EVALUATED,0,0.0,0.0,0.0
S6_ENTRY_E2_PROBABILITY_RR,2025-11-11,301200,大族数控,s6setup-2c4bbb328f5078d10720,WATCH_CANDIDATE,SUPPORT_CONFIRMED,True,3,NOT_EVALUATED,0,0.0,0.0,0.0
S6_ENTRY_E2_PROBABILITY_RR,2025-11-11,601608,中信重工,s6setup-4de2643acc860e8c8db9,KEY_CANDIDATE,SUPPORT_CONFIRMED,True,3,NOT_EVALUATED,0,0.0,0.0,0.0
S6_ENTRY_E2_PROBABILITY_RR,2025-11-12,300136,信维通信,s6setup-4117735c3afe45d20380,WATCH_CANDIDATE,SUPPORT_CONFIRMED,True,4,NOT_EVALUATED,0,0.0,0.0,0.0
S6_ENTRY_E2_PROBABILITY_RR,2025-11-12,301200,大族数控,s6setup-245cc89f55559d51894e,WATCH_CANDIDATE,SUPPORT_CONFIRMED,True,5,NOT_EVALUATED,0,0.0,0.0,0.0
S6_ENTRY_E2_PROBABILITY_RR,2025-11-13,301200,大族数控,s6setup-2e81c84853c18b705a82,WATCH_CANDIDATE,SUPPORT_CONFIRMED,True,3,RELIABLE,250,0.48,0.268,0.956962
S6_ENTRY_E2_PROBABILITY_RR,2025-11-13,600021,上海电力,s6setup-c43b5710ab76eac9ed6c,WATCH_CANDIDATE,SUPPORT_CONFIRMED,True,3,NOT_EVALUATED,0,0.0,0.0,0.0
S6_ENTRY_E2_PROBABILITY_RR,2025-11-13,600549,厦门钨业,s6setup-12d2a0ea20e38cbc1534,WATCH_CANDIDATE,SUPPORT_CONFIRMED,True,4,NOT_EVALUATED,0,0.0,0.0,0.0
S6_ENTRY_E2_PROBABILITY_RR,2025-11-13,600595,中孚实业,s6setup-d9c8c9a667f9d8ffe73e,WATCH_CANDIDATE,NOT_APPLICABLE,False,0,NOT_EVALUATED,0,0.0,0.0,0.0
S6_ENTRY_E2_PROBABILITY_RR,2025-11-13,601611,中国核建,s6setup-523a09f50b44b3299369,WATCH_CANDIDATE,SUPPORT_FORMING,False,4,NOT_EVALUATED,0,0.0,0.0,0.0
S6_ENTRY_E2_PROBABILITY_RR,2025-11-13,603301,振德医疗,s6setup-1865ba63164b49b9d9b6,WATCH_CANDIDATE,SUPPORT_CONFIRMED,True,3,NOT_EVALUATED,0,0.0,0.0,0.0
S6_ENTRY_E2_PROBABILITY_RR,2025-11-14,600595,中孚实业,s6setup-100f5c3cd4f69e5ae4f6,WATCH_CANDIDATE,SUPPORT_CONFIRMED,True,3,NOT_EVALUATED,0,0.0,0.0,0.0
S6_ENTRY_E2_PROBABILITY_RR,2025-11-14,603301,振德医疗,s6setup-380658457793e1170035,WATCH_CANDIDATE,SUPPORT_CONFIRMED,True,5,NOT_EVALUATED,0,0.0,0.0,0.0
S6_ENTRY_E2_PROBABILITY_RR,2025-11-17,000892,欢瑞世纪,s6setup-1c1f7a036cb2a694a431,WATCH_CANDIDATE,SUPPORT_CONFIRMED,True,5,NOT_EVALUATED,0,0.0,0.0,0.0
S6_ENTRY_E2_PROBABILITY_RR,2025-11-17,300454,深信服,s6setup-478345d5e6f6770a72b4,KEY_CANDIDATE,SUPPORT_FORMING,False,4,NOT_EVALUATED,0,0.0,0.0,0.0
S6_ENTRY_E2_PROBABILITY_RR,2025-11-17,300520,科大国创,s6setup-db0db0e777752f50b52f,WATCH_CANDIDATE,SUPPORT_FORMING,False,4,NOT_EVALUATED,0,0.0,0.0,0.0
S6_ENTRY_E2_PROBABILITY_RR,2025-11-17,600515,海南机场,s6setup-7520b9018ef27977fe3b,WATCH_CANDIDATE,SUPPORT_CONFIRMED,True,3,NOT_EVALUATED,0,0.0,0.0,0.0
S6_ENTRY_E2_PROBABILITY_RR,2025-11-18,300454,深信服,s6setup-cd40f11933069d604ab4,WATCH_CANDIDATE,SUPPORT_CONFIRMED,True,4,NOT_EVALUATED,0,0.0,0.0,0.0
S6_ENTRY_E2_PROBABILITY_RR,2025-11-18,300814,中富电路,s6setup-c8e2a112f1ee166b60ab,WATCH_CANDIDATE,SUPPORT_CONFIRMED,True,3,NOT_EVALUATED,0,0.0,0.0,0.0
S6_ENTRY_E2_PROBABILITY_RR,2025-11-18,601898,中煤能源,s6setup-76f1f31a0b4983585ccc,WATCH_CANDIDATE,SUPPORT_CONFIRMED,True,3,NOT_EVALUATED,0,0.0,0.0,0.0
S6_ENTRY_E2_PROBABILITY_RR,2025-11-19,601898,中煤能源,s6setup-76f1f31a0b4983585ccc,WATCH_CANDIDATE,NOT_APPLICABLE,False,0,NOT_EVALUATED,0,0.0,0.0,0.0
S6_ENTRY_E2_PROBABILITY_RR,2025-11-20,002028,思源电气,s6setup-015b9fc1c4e7060fe9ee,WATCH_CANDIDATE,SUPPORT_FORMING,False,2,NOT_EVALUATED,0,0.0,0.0,0.0
S6_ENTRY_E2_PROBABILITY_RR,2025-11-20,600219,南山铝业,s6setup-459331fdc8307de59b61,WATCH_CANDIDATE,SUPPORT_CONFIRMED,True,3,NOT_EVALUATED,0,0.0,0.0,0.0
S6_ENTRY_E2_PROBABILITY_RR,2025-11-20,603516,淳中科技,s6setup-d0e6944fe48379037e2f,WATCH_CANDIDATE,SUPPORT_CONFIRMED,True,4,NOT_EVALUATED,0,0.0,0.0,0.0
S6_ENTRY_E2_PROBABILITY_RR,2025-11-25,000338,潍柴动力,s6setup-7540ae0a7a3f5ceb9f3a,WATCH_CANDIDATE,SUPPORT_CONFIRMED,True,5,NOT_EVALUATED,0,0.0,0.0,0.0
S6_ENTRY_E2_PROBABILITY_RR,2025-11-25,002028,思源电气,s6setup-41b6ce58c8d1e6c622c3,WATCH_CANDIDATE,SUPPORT_CONFIRMED,True,5,NOT_EVALUATED,0,0.0,0.0,0.0
S6_ENTRY_E2_PROBABILITY_RR,2025-11-25,688585,上纬新材,s6setup-d64d85a6021fcaaaa11a,WATCH_CANDIDATE,NOT_APPLICABLE,False,0,NOT_EVALUATED,0,0.0,0.0,0.0
S6_ENTRY_E2_PROBABILITY_RR,2025-11-28,000830,鲁西化工,s6setup-6fb24fe91307e74ac3cb,WATCH_CANDIDATE,SUPPORT_CONFIRMED,True,5,NOT_EVALUATED,0,0.0,0.0,0.0
S6_ENTRY_E2_PROBABILITY_RR,2025-11-28,600737,中粮糖业,s6setup-3bee24a85bdaab6ae92d,WATCH_CANDIDATE,SUPPORT_FORMING,False,4,NOT_EVALUATED,0,0.0,0.0,0.0
S6_ENTRY_E2_PROBABILITY_RR,2025-12-01,000830,鲁西化工,s6setup-6fb24fe91307e74ac3cb,WATCH_CANDIDATE,SUPPORT_CONFIRMED,True,5,NOT_EVALUATED,0,0.0,0.0,0.0
S6_ENTRY_E2_PROBABILITY_RR,2025-12-01,002426,胜利精密,s6setup-6d3fcdb0125fc5a3bb2e,WATCH_CANDIDATE,SUPPORT_CONFIRMED,True,5,NOT_EVALUATED,0,0.0,0.0,0.0
S6_ENTRY_E2_PROBABILITY_RR,2025-12-01,002497,雅化集团,s6setup-b61ee20491e865eaa98a,WATCH_CANDIDATE,NOT_APPLICABLE,False,0,NOT_EVALUATED,0,0.0,0.0,0.0
S6_ENTRY_E2_PROBABILITY_RR,2025-12-01,600737,中粮糖业,s6setup-4874f73198b3cb2bf11a,WATCH_CANDIDATE,SUPPORT_CONFIRMED,True,4,NOT_EVALUATED,0,0.0,0.0,0.0
S6_ENTRY_E2_PROBABILITY_RR,2025-12-01,600815,厦工股份,s6setup-abddcf8ce10784f22653,WATCH_CANDIDATE,NOT_APPLICABLE,False,0,NOT_EVALUATED,0,0.0,0.0,0.0
S6_ENTRY_E2_PROBABILITY_RR,2025-12-01,601969,海南矿业,s6setup-ca9797effd3ab4993fd5,WATCH_CANDIDATE,SUPPORT_CONFIRMED,True,4,NOT_EVALUATED,0,0.0,0.0,0.0
S6_ENTRY_E2_PROBABILITY_RR,2025-12-02,002108,沧州明珠,s6setup-99d281ed96633fc2934b,WATCH_CANDIDATE,NOT_APPLICABLE,False,0,NOT_EVALUATED,0,0.0,0.0,0.0
S6_ENTRY_E2_PROBABILITY_RR,2025-12-02,002426,胜利精密,s6setup-6d3fcdb0125fc5a3bb2e,WATCH_CANDIDATE,SUPPORT_CONFIRMED,True,4,NOT_EVALUATED,0,0.0,0.0,0.0
S6_ENTRY_E2_PROBABILITY_RR,2025-12-02,601888,XD中国中,s6setup-afe12cc74c60779ff82e,WATCH_CANDIDATE,NOT_APPLICABLE,False,0,NOT_EVALUATED,0,0.0,0.0,0.0
S6_ENTRY_E2_PROBABILITY_RR,2025-12-03,000833,粤桂股份,s6setup-c7e1dcf42328ff372e2a,WATCH_CANDIDATE,SUPPORT_CONFIRMED,True,3,NOT_EVALUATED,0,0.0,0.0,0.0
S6_ENTRY_E2_PROBABILITY_RR,2025-12-04,300390,天华新能,s6setup-febba4e8286185632756,WATCH_CANDIDATE,SUPPORT_FORMING,False,2,NOT_EVALUATED,0,0.0,0.0,0.0
S6_ENTRY_E2_PROBABILITY_RR,2025-12-16,605255,天普股份,s6setup-e48de09982940e62af28,WATCH_CANDIDATE,NOT_APPLICABLE,False,0,NOT_EVALUATED,0,0.0,0.0,0.0
S6_ENTRY_E2_PROBABILITY_RR,2025-12-17,605255,天普股份,s6setup-f0c8e486ddf086ee9ca7,WATCH_CANDIDATE,NOT_APPLICABLE,False,0,NOT_EVALUATED,0,0.0,0.0,0.0
S6_ENTRY_E2_PROBABILITY_RR,2025-12-18,000510,新金路,s6setup-e0e5cd45beeb94e21841,WATCH_CANDIDATE,NOT_APPLICABLE,False,0,NOT_EVALUATED,0,0.0,0.0,0.0
S6_ENTRY_E2_PROBABILITY_RR,2025-12-18,605255,天普股份,s6setup-e48de09982940e62af28,WATCH_CANDIDATE,NOT_APPLICABLE,False,0,NOT_EVALUATED,0,0.0,0.0,0.0
S6_ENTRY_E2_PROBABILITY_RR,2025-12-18,688110,东芯股份,s6setup-a7bdb0fc119a26842f6a,WATCH_CANDIDATE,SUPPORT_CONFIRMED,True,5,NOT_EVALUATED,0,0.0,0.0,0.0
S6_ENTRY_E2_PROBABILITY_RR,2025-12-19,300131,英唐智控,s6setup-447cb6fa7b373adb8810,WATCH_CANDIDATE,SUPPORT_CONFIRMED,True,3,NOT_EVALUATED,0,0.0,0.0,0.0
S6_ENTRY_E2_PROBABILITY_RR,2025-12-19,300620,光库科技,s6setup-6da27825b7ecf0774d0d,WATCH_CANDIDATE,SUPPORT_CONFIRMED,True,3,NOT_EVALUATED,0,0.0,0.0,0.0
S6_ENTRY_E2_PROBABILITY_RR,2025-12-19,600595,中孚实业,s6setup-def073ea22e01988a3cf,WATCH_CANDIDATE,NOT_APPLICABLE,False,0,NOT_EVALUATED,0,0.0,0.0,0.0
S6_ENTRY_E2_PROBABILITY_RR,2025-12-19,605255,天普股份,s6setup-f0c8e486ddf086ee9ca7,WATCH_CANDIDATE,NOT_APPLICABLE,False,0,NOT_EVALUATED,0,0.0,0.0,0.0
S6_ENTRY_E2_PROBABILITY_RR,2025-12-23,002029,七 匹 狼,s6setup-0eba66d04ba807005d51,WATCH_CANDIDATE,SUPPORT_CONFIRMED,True,3,NOT_EVALUATED,0,0.0,0.0,0.0
S6_ENTRY_E2_PROBABILITY_RR,2025-12-23,605255,天普股份,s6setup-f0c8e486ddf086ee9ca7,WATCH_CANDIDATE,SUPPORT_CONFIRMED,True,4,NOT_EVALUATED,0,0.0,0.0,0.0
S6_ENTRY_E2_PROBABILITY_RR,2025-12-24,300502,新易盛,s6setup-0380d67ff019d0cabadd,WATCH_CANDIDATE,SUPPORT_CONFIRMED,True,3,NOT_EVALUATED,0,0.0,0.0,0.0
S6_ENTRY_E2_PROBABILITY_RR,2025-12-24,605255,天普股份,s6setup-f0c8e486ddf086ee9ca7,WATCH_CANDIDATE,NOT_APPLICABLE,False,0,NOT_EVALUATED,0,0.0,0.0,0.0
S6_ENTRY_E2_PROBABILITY_RR,2025-12-24,688231,隆达股份,s6setup-631aceb90dcce648d738,WATCH_CANDIDATE,NOT_APPLICABLE,False,0,NOT_EVALUATED,0,0.0,0.0,0.0
S6_ENTRY_E2_PROBABILITY_RR,2025-12-25,300502,新易盛,s6setup-d0756c36d764792175ea,WATCH_CANDIDATE,NOT_APPLICABLE,False,0,NOT_EVALUATED,0,0.0,0.0,0.0
S6_ENTRY_E2_PROBABILITY_RR,2025-12-25,688313,仕佳光子,s6setup-b3e21472ed237276500b,WATCH_CANDIDATE,SUPPORT_FORMING,False,4,NOT_EVALUATED,0,0.0,0.0,0.0
S6_ENTRY_E2_PROBABILITY_RR,2025-12-26,001267,汇绿生态,s6setup-83b4984040abb1e38d25,WATCH_CANDIDATE,SUPPORT_CONFIRMED,True,5,NOT_EVALUATED,0,0.0,0.0,0.0
S6_ENTRY_E2_PROBABILITY_RR,2025-12-26,300502,新易盛,s6setup-e9c5dc29a23bf65f1cc5,WATCH_CANDIDATE,NOT_APPLICABLE,False,0,NOT_EVALUATED,0,0.0,0.0,0.0
S6_ENTRY_E2_PROBABILITY_RR,2025-12-26,300751,迈为股份,s6setup-de4002f9b5390100f0b3,KEY_CANDIDATE,NOT_APPLICABLE,False,0,NOT_EVALUATED,0,0.0,0.0,0.0
S6_ENTRY_E2_PROBABILITY_RR,2025-12-29,001267,汇绿生态,s6setup-223e50ba051c0a8871db,KEY_CANDIDATE,SUPPORT_CONFIRMED,True,4,RELIABLE,250,0.504,0.416,0.78432
S6_ENTRY_E2_PROBABILITY_RR,2025-12-29,300502,新易盛,s6setup-ca599d86b768b8b09c65,WATCH_CANDIDATE,NOT_APPLICABLE,False,0,NOT_EVALUATED,0,0.0,0.0,0.0
S6_ENTRY_E2_PROBABILITY_RR,2025-12-29,688167,炬光科技,s6setup-29ed83eec61eb5f8a012,WATCH_CANDIDATE,SUPPORT_FORMING,False,4,NOT_EVALUATED,0,0.0,0.0,0.0
S6_ENTRY_E2_PROBABILITY_RR,2025-12-30,001267,汇绿生态,s6setup-c72ee24097cfb90caf7f,KEY_CANDIDATE,SUPPORT_CONFIRMED,True,4,RELIABLE,250,0.62,0.532,0.689859
S6_ENTRY_E2_PROBABILITY_RR,2025-12-30,002353,杰瑞股份,s6setup-e96d08e08af4d241ee72,KEY_CANDIDATE,SUPPORT_CONFIRMED,True,3,RELIABLE,250,0.58,0.224,0.999266
S6_ENTRY_E2_PROBABILITY_RR,2025-12-30,300502,新易盛,s6setup-48005534497e2d6e8304,WATCH_CANDIDATE,NOT_APPLICABLE,False,0,NOT_EVALUATED,0,0.0,0.0,0.0
S6_ENTRY_E2_PROBABILITY_RR,2025-12-31,003031,中瓷电子,s6setup-143692decf1688b7f3f7,WATCH_CANDIDATE,SUPPORT_FORMING,False,2,NOT_EVALUATED,0,0.0,0.0,0.0
S6_ENTRY_E2_PROBABILITY_RR,2025-12-31,688167,炬光科技,s6setup-badd66725cdae56586ed,WATCH_CANDIDATE,SUPPORT_CONFIRMED,True,3,NOT_EVALUATED,0,0.0,0.0,0.0
S6_ENTRY_E3_COMBINED,2024-03-18,300210,森远股份,s6setup-86918b98cb309eb4bbcc,WATCH_CANDIDATE,SUPPORT_CONFIRMED,True,5,NOT_EVALUATED,0,0.0,0.0,0.0
S6_ENTRY_E3_COMBINED,2024-03-19,300210,森远股份,s6setup-179339c621cd4c0f40fb,WATCH_CANDIDATE,SUPPORT_CONFIRMED,True,4,NOT_EVALUATED,0,0.0,0.0,0.0
S6_ENTRY_E3_COMBINED,2024-03-21,601127,赛力斯,s6setup-d3a8809dcb194c286c7f,WATCH_CANDIDATE,NOT_APPLICABLE,False,0,NOT_EVALUATED,0,0.0,0.0,0.0
S6_ENTRY_E3_COMBINED,2024-03-22,300210,森远股份,s6setup-34ead3d1be0fa4bc244f,WATCH_CANDIDATE,SUPPORT_FORMING,False,4,NOT_EVALUATED,0,0.0,0.0,0.0
S6_ENTRY_E3_COMBINED,2024-03-22,601127,赛力斯,s6setup-3fb8101e69f6778c6f0d,WATCH_CANDIDATE,NOT_APPLICABLE,False,0,NOT_EVALUATED,0,0.0,0.0,0.0
S6_ENTRY_E3_COMBINED,2024-03-25,002463,沪电股份,s6setup-d6af2725e1ec60f512e7,WATCH_CANDIDATE,SUPPORT_FORMING,False,2,NOT_EVALUATED,0,0.0,0.0,0.0
S6_ENTRY_E3_COMBINED,2024-03-25,601127,赛力斯,s6setup-437d28e1721ada013542,WATCH_CANDIDATE,SUPPORT_FORMING,False,2,NOT_EVALUATED,0,0.0,0.0,0.0
S6_ENTRY_E3_COMBINED,2024-03-25,688278,特宝生物,s6setup-f06222f7a04b3347b3a9,WATCH_CANDIDATE,SUPPORT_FORMING,False,3,NOT_EVALUATED,0,0.0,0.0,0.0
S6_ENTRY_E3_COMBINED,2024-03-26,688278,特宝生物,s6setup-f06222f7a04b3347b3a9,WATCH_CANDIDATE,SUPPORT_CONFIRMED,True,4,NOT_EVALUATED,0,0.0,0.0,0.0
S6_ENTRY_E3_COMBINED,2024-03-28,000630,铜陵有色,s6setup-c91fd7b614b740b9d6bf,WATCH_CANDIDATE,NOT_APPLICABLE,False,0,NOT_EVALUATED,0,0.0,0.0,0.0
S6_ENTRY_E3_COMBINED,2024-03-29,000630,铜陵有色,s6setup-c91fd7b614b740b9d6bf,WATCH_CANDIDATE,NOT_APPLICABLE,False,0,NOT_EVALUATED,0,0.0,0.0,0.0
S6_ENTRY_E3_COMBINED,2024-03-29,300781,因赛集团,s6setup-6d464b8c5b5936e80a75,WATCH_CANDIDATE,SUPPORT_CONFIRMED,True,3,RELIABLE,250,0.504,0.248,0.544333
S6_ENTRY_E3_COMBINED,2024-04-01,300781,因赛集团,s6setup-6d464b8c5b5936e80a75,WATCH_CANDIDATE,SUPPORT_CONFIRMED,True,5,RELIABLE,250,0.532,0.252,0.564237
S6_ENTRY_E3_COMBINED,2024-04-01,601168,西部矿业,s6setup-a8d44e8860c7bc613f58,WATCH_CANDIDATE,NOT_APPLICABLE,False,0,NOT_EVALUATED,0,0.0,0.0,0.0
S6_ENTRY_E3_COMBINED,2024-04-12,600160,巨化股份,s6setup-b4db41ce30d046a12733,WATCH_CANDIDATE,SUPPORT_CONFIRMED,True,3,NOT_EVALUATED,0,0.0,0.0,0.0
S6_ENTRY_E3_COMBINED,2024-04-15,600160,巨化股份,s6setup-b4db41ce30d046a12733,WATCH_CANDIDATE,SUPPORT_CONFIRMED,True,5,NOT_EVALUATED,0,0.0,0.0,0.0
S6_ENTRY_E3_COMBINED,2024-05-06,000426,兴业银锡,s6setup-d2447255d82b4e7de908,WATCH_CANDIDATE,SUPPORT_FORMING,False,4,NOT_EVALUATED,0,0.0,0.0,0.0
S6_ENTRY_E3_COMBINED,2024-05-13,000777,中核科技,s6setup-e8d29abdf82f10859d35,WATCH_CANDIDATE,SUPPORT_CONFIRMED,True,3,RELIABLE,250,0.492,0.236,0.74735
S6_ENTRY_E3_COMBINED,2024-05-14,000777,中核科技,s6setup-2d242922bc99ecab9776,WATCH_CANDIDATE,SUPPORT_CONFIRMED,True,4,NOT_EVALUATED,0,0.0,0.0,0.0
S6_ENTRY_E3_COMBINED,2024-05-15,600160,巨化股份,s6setup-f9df34d7948c1f03a54a,WATCH_CANDIDATE,NOT_APPLICABLE,False,0,NOT_EVALUATED,0,0.0,0.0,0.0
S6_ENTRY_E3_COMBINED,2024-05-17,300067,安诺其,s6setup-be0b960820e1965a8848,WATCH_CANDIDATE,SUPPORT_FORMING,False,3,NOT_EVALUATED,0,0.0,0.0,0.0
S6_ENTRY_E3_COMBINED,2024-05-30,000933,神火股份,s6setup-7e67e50667dcc64f113d,WATCH_CANDIDATE,NOT_APPLICABLE,False,0,NOT_EVALUATED,0,0.0,0.0,0.0
S6_ENTRY_E3_COMBINED,2024-05-31,000933,神火股份,s6setup-7e67e50667dcc64f113d,WATCH_CANDIDATE,SUPPORT_FORMING,False,2,NOT_EVALUATED,0,0.0,0.0,0.0
S6_ENTRY_E3_COMBINED,2024-06-25,600312,平高电气,s6setup-c72bafc2d96134d3950c,WATCH_CANDIDATE,NOT_APPLICABLE,False,0,NOT_EVALUATED,0,0.0,0.0,0.0
S6_ENTRY_E3_COMBINED,2024-06-26,600312,平高电气,s6setup-0c6f98c23df38c4e22a8,WATCH_CANDIDATE,SUPPORT_CONFIRMED,True,5,NOT_EVALUATED,0,0.0,0.0,0.0
S6_ENTRY_E3_COMBINED,2024-06-27,300552,万集科技,s6setup-05e745ce4e00e98baaf2,WATCH_CANDIDATE,NOT_APPLICABLE,False,0,NOT_EVALUATED,0,0.0,0.0,0.0
S6_ENTRY_E3_COMBINED,2024-06-27,601138,工业富联,s6setup-30949657f005e4e7ad28,WATCH_CANDIDATE,NOT_APPLICABLE,False,0,NOT_EVALUATED,0,0.0,0.0,0.0
S6_ENTRY_E3_COMBINED,2024-06-28,601138,工业富联,s6setup-30949657f005e4e7ad28,WATCH_CANDIDATE,SUPPORT_CONFIRMED,True,5,NOT_EVALUATED,0,0.0,0.0,0.0
S6_ENTRY_E3_COMBINED,2024-07-01,601138,工业富联,s6setup-30949657f005e4e7ad28,WATCH_CANDIDATE,NOT_APPLICABLE,False,0,NOT_EVALUATED,0,0.0,0.0,0.0
S6_ENTRY_E3_COMBINED,2024-07-02,601138,工业富联,s6setup-30949657f005e4e7ad28,WATCH_CANDIDATE,SUPPORT_CONFIRMED,True,3,NOT_EVALUATED,0,0.0,0.0,0.0
S6_ENTRY_E3_COMBINED,2024-07-03,002463,沪电股份,s6setup-36dae2d212a409c0fe1f,WATCH_CANDIDATE,SUPPORT_CONFIRMED,True,4,RELIABLE,250,0.48,0.152,0.59275
S6_ENTRY_E3_COMBINED,2024-07-04,002463,沪电股份,s6setup-36dae2d212a409c0fe1f,WATCH_CANDIDATE,SUPPORT_CONFIRMED,True,4,RELIABLE,250,0.596,0.172,0.620979
S6_ENTRY_E3_COMBINED,2024-07-05,002463,沪电股份,s6setup-5a1263c01542aa63ccf8,WATCH_CANDIDATE,NOT_APPLICABLE,False,0,NOT_EVALUATED,0,0.0,0.0,0.0
S6_ENTRY_E3_COMBINED,2024-07-08,002463,沪电股份,s6setup-36dae2d212a409c0fe1f,WATCH_CANDIDATE,SUPPORT_CONFIRMED,True,3,NOT_EVALUATED,0,0.0,0.0,0.0
S6_ENTRY_E3_COMBINED,2024-07-15,600312,平高电气,s6setup-e9a560efcad557642ac1,WATCH_CANDIDATE,NOT_APPLICABLE,False,0,NOT_EVALUATED,0,0.0,0.0,0.0
S6_ENTRY_E3_COMBINED,2024-09-19,600418,江淮汽车,s6setup-9856079f5e2d0d43fc87,WATCH_CANDIDATE,NOT_APPLICABLE,False,0,NOT_EVALUATED,0,0.0,0.0,0.0
S6_ENTRY_E3_COMBINED,2024-10-23,002142,宁波银行,s6setup-97cfe18a693f17ebc4f6,WATCH_CANDIDATE,NOT_APPLICABLE,False,0,NOT_EVALUATED,0,0.0,0.0,0.0
S6_ENTRY_E3_COMBINED,2024-10-24,002142,宁波银行,s6setup-1e29f4e0d840d2523b33,WATCH_CANDIDATE,SUPPORT_CONFIRMED,True,3,RELIABLE,250,0.32,0.092,0.044683
S6_ENTRY_E3_COMBINED,2024-10-25,002142,宁波银行,s6setup-502a5dcb540786350afb,WATCH_CANDIDATE,SUPPORT_CONFIRMED,True,5,NOT_EVALUATED,0,0.0,0.0,0.0
S6_ENTRY_E3_COMBINED,2024-10-25,300925,法本信息,s6setup-d30fce650daba787ff76,WATCH_CANDIDATE,SUPPORT_CONFIRMED,True,3,NOT_EVALUATED,0,0.0,0.0,0.0
S6_ENTRY_E3_COMBINED,2024-10-25,601186,中国铁建,s6setup-af11af9996de7f907a8d,WATCH_CANDIDATE,NOT_APPLICABLE,False,0,NOT_EVALUATED,0,0.0,0.0,0.0
S6_ENTRY_E3_COMBINED,2024-10-25,601318,中国平安,s6setup-dd9d59b135b21a91db46,WATCH_CANDIDATE,SUPPORT_CONFIRMED,True,3,RELIABLE,250,0.392,0.152,0.459398
S6_ENTRY_E3_COMBINED,2024-10-25,601336,新华保险,s6setup-ae409aecc4671570a769,WATCH_CANDIDATE,NOT_APPLICABLE,False,0,NOT_EVALUATED,0,0.0,0.0,0.0
S6_ENTRY_E3_COMBINED,2024-10-25,688090,瑞松科技,s6setup-f5b842b9eed62e75172e,WATCH_CANDIDATE,SUPPORT_FORMING,False,4,NOT_EVALUATED,0,0.0,0.0,0.0
S6_ENTRY_E3_COMBINED,2024-10-28,002371,北方华创,s6setup-f52b8d8051a025bd2150,WATCH_CANDIDATE,NOT_APPLICABLE,False,0,NOT_EVALUATED,0,0.0,0.0,0.0
S6_ENTRY_E3_COMBINED,2024-10-28,300293,蓝英装备,s6setup-9bd84923404891e10b11,WATCH_CANDIDATE,NOT_APPLICABLE,False,0,NOT_EVALUATED,0,0.0,0.0,0.0
S6_ENTRY_E3_COMBINED,2024-10-28,300709,精研科技,s6setup-5b2041e9a58ee0c21425,WATCH_CANDIDATE,NOT_APPLICABLE,False,0,NOT_EVALUATED,0,0.0,0.0,0.0
S6_ENTRY_E3_COMBINED,2024-10-28,300750,宁德时代,s6setup-9e65aa9fcaf21c87e545,WATCH_CANDIDATE,SUPPORT_CONFIRMED,True,4,RELIABLE,250,0.248,0.16,0.083074
S6_ENTRY_E3_COMBINED,2024-10-28,601186,中国铁建,s6setup-af11af9996de7f907a8d,WATCH_CANDIDATE,SUPPORT_FORMING,False,3,NOT_EVALUATED,0,0.0,0.0,0.0
S6_ENTRY_E3_COMBINED,2024-10-28,601318,中国平安,s6setup-98c0b474d9979a45cc3c,WATCH_CANDIDATE,NOT_APPLICABLE,False,0,NOT_EVALUATED,0,0.0,0.0,0.0
S6_ENTRY_E3_COMBINED,2024-10-28,688658,悦康药业,s6setup-1597925ea0841ae92584,KEY_CANDIDATE,SUPPORT_CONFIRMED,True,5,NOT_EVALUATED,0,0.0,0.0,0.0
S6_ENTRY_E3_COMBINED,2024-10-29,300293,蓝英装备,s6setup-2f57feeea609bcb0e16b,WATCH_CANDIDATE,SUPPORT_CONFIRMED,True,3,NOT_EVALUATED,0,0.0,0.0,0.0
S6_ENTRY_E3_COMBINED,2024-10-29,300433,蓝思科技,s6setup-ce55436529fac87c0148,WATCH_CANDIDATE,NOT_APPLICABLE,False,0,NOT_EVALUATED,0,0.0,0.0,0.0
S6_ENTRY_E3_COMBINED,2024-10-29,300709,精研科技,s6setup-1a47687228730efc7c66,WATCH_CANDIDATE,SUPPORT_CONFIRMED,True,5,NOT_EVALUATED,0,0.0,0.0,0.0
S6_ENTRY_E3_COMBINED,2024-10-29,601336,新华保险,s6setup-96f5e92fb6957b29f889,KEY_CANDIDATE,SUPPORT_CONFIRMED,True,4,RELIABLE,250,0.392,0.208,0.182098
S6_ENTRY_E3_COMBINED,2024-10-29,688658,悦康药业,s6setup-1597925ea0841ae92584,KEY_CANDIDATE,SUPPORT_CONFIRMED,True,3,NOT_EVALUATED,0,0.0,0.0,0.0
S6_ENTRY_E3_COMBINED,2024-10-30,300293,蓝英装备,s6setup-2f57feeea609bcb0e16b,WATCH_CANDIDATE,SUPPORT_FORMING,False,4,NOT_EVALUATED,0,0.0,0.0,0.0
S6_ENTRY_E3_COMBINED,2024-10-30,300310,宜通世纪,s6setup-bad2851bb68ffb07f8d7,WATCH_CANDIDATE,NOT_APPLICABLE,False,0,NOT_EVALUATED,0,0.0,0.0,0.0
S6_ENTRY_E3_COMBINED,2024-10-30,300433,蓝思科技,s6setup-ce55436529fac87c0148,WATCH_CANDIDATE,NOT_APPLICABLE,False,0,NOT_EVALUATED,0,0.0,0.0,0.0
S6_ENTRY_E3_COMBINED,2024-10-30,688658,悦康药业,s6setup-1597925ea0841ae92584,KEY_CANDIDATE,SUPPORT_CONFIRMED,True,5,NOT_EVALUATED,0,0.0,0.0,0.0
S6_ENTRY_E3_COMBINED,2024-10-31,000768,中航西飞,s6setup-bd4b5f1a5e26f455d992,WATCH_CANDIDATE,SUPPORT_FORMING,False,2,NOT_EVALUATED,0,0.0,0.0,0.0
S6_ENTRY_E3_COMBINED,2024-10-31,300139,晓程科技,s6setup-03ac53b95d0ed4d67393,KEY_CANDIDATE,SUPPORT_CONFIRMED,True,4,RELIABLE,250,0.544,0.168,0.618102
S6_ENTRY_E3_COMBINED,2024-10-31,300293,蓝英装备,s6setup-2f57feeea609bcb0e16b,WATCH_CANDIDATE,SUPPORT_CONFIRMED,True,5,NOT_EVALUATED,0,0.0,0.0,0.0
S6_ENTRY_E3_COMBINED,2024-10-31,300469,信息发展,s6setup-972ecff6bc6b3c765fc4,WATCH_CANDIDATE,SUPPORT_CONFIRMED,True,3,NOT_EVALUATED,0,0.0,0.0,0.0
S6_ENTRY_E3_COMBINED,2024-10-31,600415,小商品城,s6setup-972b529ace9e37bf0db0,WATCH_CANDIDATE,SUPPORT_CONFIRMED,True,4,NOT_EVALUATED,0,0.0,0.0,0.0
S6_ENTRY_E3_COMBINED,2024-10-31,688658,悦康药业,s6setup-ad8817890ee0b72512c3,KEY_CANDIDATE,SUPPORT_CONFIRMED,True,3,NOT_EVALUATED,0,0.0,0.0,0.0
S6_ENTRY_E3_COMBINED,2024-11-01,300139,晓程科技,s6setup-06fe080981f712a2689e,WATCH_CANDIDATE,SUPPORT_FORMING,False,2,NOT_EVALUATED,0,0.0,0.0,0.0
S6_ENTRY_E3_COMBINED,2024-11-01,300293,蓝英装备,s6setup-2f57feeea609bcb0e16b,WATCH_CANDIDATE,SUPPORT_CONFIRMED,True,3,NOT_EVALUATED,0,0.0,0.0,0.0
S6_ENTRY_E3_COMBINED,2024-11-01,600326,西藏天路,s6setup-f5d42d94a6ae9189bdc1,WATCH_CANDIDATE,SUPPORT_CONFIRMED,True,5,NOT_EVALUATED,0,0.0,0.0,0.0
S6_ENTRY_E3_COMBINED,2024-11-04,300394,天孚通信,s6setup-a0e81f7cbc75b159986b,WATCH_CANDIDATE,NOT_APPLICABLE,False,0,NOT_EVALUATED,0,0.0,0.0,0.0
S6_ENTRY_E3_COMBINED,2024-11-05,300394,天孚通信,s6setup-8ead4a2d70dd6c4cbec2,WATCH_CANDIDATE,NOT_APPLICABLE,False,0,NOT_EVALUATED,0,0.0,0.0,0.0
S6_ENTRY_E3_COMBINED,2024-11-05,603606,东方电缆,s6setup-39fd8e4c4023e6fc31b9,WATCH_CANDIDATE,NOT_APPLICABLE,False,0,NOT_EVALUATED,0,0.0,0.0,0.0
S6_ENTRY_E3_COMBINED,2024-11-06,002130,沃尔核材,s6setup-b3bfe3b0c2577df77662,WATCH_CANDIDATE,SUPPORT_FORMING,False,2,NOT_EVALUATED,0,0.0,0.0,0.0
S6_ENTRY_E3_COMBINED,2024-11-06,603893,瑞芯微,s6setup-5b52a644932ad736476a,WATCH_CANDIDATE,WAITING_BREAKOUT,False,0,NOT_EVALUATED,0,0.0,0.0,0.0
S6_ENTRY_E3_COMBINED,2024-11-07,002130,沃尔核材,s6setup-601520cd7eade1a86625,WATCH_CANDIDATE,SUPPORT_FORMING,False,3,NOT_EVALUATED,0,0.0,0.0,0.0
S6_ENTRY_E3_COMBINED,2024-11-07,603893,瑞芯微,s6setup-5c8f844a5bd2c3275a12,WATCH_CANDIDATE,WAITING_BREAKOUT,False,0,NOT_EVALUATED,0,0.0,0.0,0.0
S6_ENTRY_E3_COMBINED,2024-11-08,002130,沃尔核材,s6setup-0ea994a0114ea261040e,WATCH_CANDIDATE,SUPPORT_CONFIRMED,True,4,NOT_EVALUATED,0,0.0,0.0,0.0
S6_ENTRY_E3_COMBINED,2024-11-08,002600,领益智造,s6setup-683787f79104f8ee2e19,KEY_CANDIDATE,SUPPORT_CONFIRMED,True,3,RELIABLE,250,0.564,0.22,0.599561
S6_ENTRY_E3_COMBINED,2024-11-08,300067,安诺其,s6setup-00fcccb83fb3b2701a5b,KEY_CANDIDATE,SUPPORT_CONFIRMED,True,3,RELIABLE,250,0.4,0.24,0.626072
S6_ENTRY_E3_COMBINED,2024-11-08,300192,科德教育,s6setup-18e91cf1670e563726d6,WATCH_CANDIDATE,SUPPORT_FORMING,False,2,NOT_EVALUATED,0,0.0,0.0,0.0
S6_ENTRY_E3_COMBINED,2024-11-08,300303,聚飞光电,s6setup-481bd3cc8486c5ed323e,WATCH_CANDIDATE,SUPPORT_CONFIRMED,True,3,RELIABLE,250,0.464,0.144,0.444728
S6_ENTRY_E3_COMBINED,2024-11-08,300394,天孚通信,s6setup-bd38c99a8f41f1f6d00a,WATCH_CANDIDATE,NOT_APPLICABLE,False,0,NOT_EVALUATED,0,0.0,0.0,0.0
S6_ENTRY_E3_COMBINED,2024-11-08,300397,天和防务,s6setup-5c56c4f571876e4504e9,KEY_CANDIDATE,SUPPORT_CONFIRMED,True,4,RELIABLE,250,0.46,0.164,0.409887
S6_ENTRY_E3_COMBINED,2024-11-08,300563,神宇股份,s6setup-3b141611a0adf956336b,WATCH_CANDIDATE,NOT_APPLICABLE,False,0,NOT_EVALUATED,0,0.0,0.0,0.0
S6_ENTRY_E3_COMBINED,2024-11-08,600601,方正科技,s6setup-a3a1e64d42ee99d21b57,KEY_CANDIDATE,SUPPORT_CONFIRMED,True,3,RELIABLE,250,0.58,0.188,0.475082
S6_ENTRY_E3_COMBINED,2024-11-08,600990,四创电子,s6setup-bc80c558b01b30a21e16,WATCH_CANDIDATE,SUPPORT_CONFIRMED,True,4,NOT_EVALUATED,0,0.0,0.0,0.0
S6_ENTRY_E3_COMBINED,2024-11-08,603893,瑞芯微,s6setup-a63db8c9eb7d11d047d3,KEY_CANDIDATE,SUPPORT_CONFIRMED,True,3,RELIABLE,250,0.284,0.124,0.142901
S6_ENTRY_E3_COMBINED,2024-11-08,688252,天德钰,s6setup-99a79916c8c7e6f3c311,KEY_CANDIDATE,SUPPORT_CONFIRMED,True,4,NOT_EVALUATED,0,0.0,0.0,0.0
S6_ENTRY_E3_COMBINED,2024-11-11,002130,沃尔核材,s6setup-3dc4536bdb7bfa83e949,WATCH_CANDIDATE,SUPPORT_CONFIRMED,True,4,NOT_EVALUATED,0,0.0,0.0,0.0
S6_ENTRY_E3_COMBINED,2024-11-11,300061,旗天科技,s6setup-da799d9c466c9a1bd1c9,KEY_CANDIDATE,SUPPORT_CONFIRMED,True,5,RELIABLE,250,0.596,0.28,0.67784
S6_ENTRY_E3_COMBINED,2024-11-11,300067,安诺其,s6setup-27e1e1132118e57a2304,WATCH_CANDIDATE,NOT_APPLICABLE,False,0,NOT_EVALUATED,0,0.0,0.0,0.0
S6_ENTRY_E3_COMBINED,2024-11-11,300284,苏交科,s6setup-c755ba4efb03e1e282b2,KEY_CANDIDATE,SUPPORT_CONFIRMED,True,5,RELIABLE,250,0.352,0.184,0.442142
S6_ENTRY_E3_COMBINED,2024-11-11,300394,天孚通信,s6setup-8ead4a2d70dd6c4cbec2,WATCH_CANDIDATE,NOT_APPLICABLE,False,0,NOT_EVALUATED,0,0.0,0.0,0.0
S6_ENTRY_E3_COMBINED,2024-11-11,600601,方正科技,s6setup-69badbc1a77b36f76c90,WATCH_CANDIDATE,NOT_APPLICABLE,False,0,NOT_EVALUATED,0,0.0,0.0,0.0
S6_ENTRY_E3_COMBINED,2024-11-11,600990,四创电子,s6setup-f60a3a82f18a788290ae,KEY_CANDIDATE,SUPPORT_CONFIRMED,True,5,RELIABLE,250,0.568,0.244,0.597218
S6_ENTRY_E3_COMBINED,2024-11-11,603486,科沃斯,s6setup-6898d3a1d4a6f35be2f0,WATCH_CANDIDATE,SUPPORT_CONFIRMED,True,5,RELIABLE,250,0.412,0.28,0.201893
S6_ENTRY_E3_COMBINED,2024-11-11,603893,瑞芯微,s6setup-a63db8c9eb7d11d047d3,WATCH_CANDIDATE,NOT_APPLICABLE,False,0,NOT_EVALUATED,0,0.0,0.0,0.0
S6_ENTRY_E3_COMBINED,2024-11-12,300046,台基股份,s6setup-80d778573b45a6448eaf,WATCH_CANDIDATE,SUPPORT_CONFIRMED,True,5,RELIABLE,250,0.344,0.152,0.093026
S6_ENTRY_E3_COMBINED,2024-11-12,300102,乾照光电,s6setup-5c64756c89da797ce137,KEY_CANDIDATE,SUPPORT_CONFIRMED,True,3,NOT_EVALUATED,0,0.0,0.0,0.0
S6_ENTRY_E3_COMBINED,2024-11-12,300292,吴通控股,s6setup-01f82f10d02fa98a0dc6,WATCH_CANDIDATE,SUPPORT_FORMING,False,2,NOT_EVALUATED,0,0.0,0.0,0.0
S6_ENTRY_E3_COMBINED,2024-11-12,300397,天和防务,s6setup-d1889779ea60fdef1231,WATCH_CANDIDATE,SUPPORT_CONFIRMED,True,3,NOT_EVALUATED,0,0.0,0.0,0.0
S6_ENTRY_E3_COMBINED,2024-11-12,603893,瑞芯微,s6setup-a63db8c9eb7d11d047d3,WATCH_CANDIDATE,NOT_APPLICABLE,False,0,NOT_EVALUATED,0,0.0,0.0,0.0
S6_ENTRY_E3_COMBINED,2024-11-13,300008,天海防务,s6setup-6690c342fe613eb7b44d,WATCH_CANDIDATE,SUPPORT_CONFIRMED,True,5,RELIABLE,250,0.572,0.184,0.276564
S6_ENTRY_E3_COMBINED,2024-11-13,300046,台基股份,s6setup-80d778573b45a6448eaf,WATCH_CANDIDATE,SUPPORT_CONFIRMED,True,4,RELIABLE,250,0.312,0.156,0.060582
S6_ENTRY_E3_COMBINED,2024-11-13,300085,银之杰,s6setup-e42a370d8980d8402bcb,WATCH_CANDIDATE,SUPPORT_FORMING,False,2,NOT_EVALUATED,0,0.0,0.0,0.0
S6_ENTRY_E3_COMBINED,2024-11-13,300102,乾照光电,s6setup-5c64756c89da797ce137,KEY_CANDIDATE,SUPPORT_CONFIRMED,True,5,RELIABLE,250,0.316,0.208,0.250992
S6_ENTRY_E3_COMBINED,2024-11-13,300292,吴通控股,s6setup-9c48f58a27fc6f188c7b,WATCH_CANDIDATE,NOT_APPLICABLE,False,0,NOT_EVALUATED,0,0.0,0.0,0.0
S6_ENTRY_E3_COMBINED,2024-11-13,300424,航新科技,s6setup-be858b46ff0d049233b9,WATCH_CANDIDATE,SUPPORT_FORMING,False,3,NOT_EVALUATED,0,0.0,0.0,0.0
S6_ENTRY_E3_COMBINED,2024-11-13,300570,太辰光,s6setup-38a6a6d341095f048664,WATCH_CANDIDATE,SUPPORT_CONFIRMED,True,5,RELIABLE,250,0.308,0.16,0.121177
S6_ENTRY_E3_COMBINED,2024-11-13,301091,深城交,s6setup-1fdb4e96ccfdd131bd2a,WATCH_CANDIDATE,NOT_APPLICABLE,False,0,NOT_EVALUATED,0,0.0,0.0,0.0
S6_ENTRY_E3_COMBINED,2024-11-13,603893,瑞芯微,s6setup-a63db8c9eb7d11d047d3,KEY_CANDIDATE,SUPPORT_CONFIRMED,True,5,RELIABLE,250,0.432,0.152,0.266686
S6_ENTRY_E3_COMBINED,2024-11-14,000829,天音控股,s6setup-085cfe806f3931768d77,KEY_CANDIDATE,SUPPORT_CONFIRMED,True,3,RELIABLE,250,0.536,0.172,0.623547
S6_ENTRY_E3_COMBINED,2024-11-14,300256,星星科技,s6setup-f5234fdcb28fc48d4666,WATCH_CANDIDATE,NOT_APPLICABLE,False,0,NOT_EVALUATED,0,0.0,0.0,0.0
S6_ENTRY_E3_COMBINED,2024-11-14,600843,上工申贝,s6setup-85db4a2ab7750e044af3,KEY_CANDIDATE,SUPPORT_CONFIRMED,True,3,NOT_EVALUATED,0,0.0,0.0,0.0
S6_ENTRY_E3_COMBINED,2024-11-15,000829,天音控股,s6setup-085cfe806f3931768d77,KEY_CANDIDATE,SUPPORT_CONFIRMED,True,3,RELIABLE,250,0.612,0.208,0.600701
S6_ENTRY_E3_COMBINED,2024-11-15,300256,星星科技,s6setup-f5234fdcb28fc48d4666,WATCH_CANDIDATE,NOT_APPLICABLE,False,0,NOT_EVALUATED,0,0.0,0.0,0.0
S6_ENTRY_E3_COMBINED,2024-11-15,300322,硕贝德,s6setup-3e5c7024c90b1574be62,WATCH_CANDIDATE,NOT_APPLICABLE,False,0,NOT_EVALUATED,0,0.0,0.0,0.0
S6_ENTRY_E3_COMBINED,2024-11-15,300776,帝尔激光,s6setup-c76fc897bc2b7cd6f146,WATCH_CANDIDATE,SUPPORT_FORMING,False,2,NOT_EVALUATED,0,0.0,0.0,0.0
S6_ENTRY_E3_COMBINED,2024-11-18,002281,光迅科技,s6setup-b8d2a449d0045b5a5ce1,WATCH_CANDIDATE,SUPPORT_FORMING,False,2,NOT_EVALUATED,0,0.0,0.0,0.0
S6_ENTRY_E3_COMBINED,2024-11-18,300776,帝尔激光,s6setup-8c07e4dcf09a7e8c17bc,WATCH_CANDIDATE,SUPPORT_FORMING,False,2,NOT_EVALUATED,0,0.0,0.0,0.0
S6_ENTRY_E3_COMBINED,2024-11-19,002273,水晶光电,s6setup-5be11763ef3d6bd00c66,WATCH_CANDIDATE,NOT_APPLICABLE,False,0,NOT_EVALUATED,0,0.0,0.0,0.0
S6_ENTRY_E3_COMBINED,2024-11-19,002281,光迅科技,s6setup-b8d2a449d0045b5a5ce1,KEY_CANDIDATE,SUPPORT_CONFIRMED,True,5,NOT_EVALUATED,0,0.0,0.0,0.0
S6_ENTRY_E3_COMBINED,2024-11-19,300059,东方财富,s6setup-f33f2ffc7cab91125159,WATCH_CANDIDATE,SUPPORT_CONFIRMED,True,5,NOT_EVALUATED,0,0.0,0.0,0.0
S6_ENTRY_E3_COMBINED,2024-11-19,600879,航天电子,s6setup-9543c99369764b5ccdd8,WATCH_CANDIDATE,SUPPORT_FORMING,False,4,NOT_EVALUATED,0,0.0,0.0,0.0
S6_ENTRY_E3_COMBINED,2024-11-19,603920,世运电路,s6setup-d587b9f81f181660d2f5,WATCH_CANDIDATE,NOT_APPLICABLE,False,0,NOT_EVALUATED,0,0.0,0.0,0.0
S6_ENTRY_E3_COMBINED,2024-11-20,002273,水晶光电,s6setup-5be11763ef3d6bd00c66,WATCH_CANDIDATE,SUPPORT_CONFIRMED,True,4,NOT_EVALUATED,0,0.0,0.0,0.0
S6_ENTRY_E3_COMBINED,2024-11-20,002281,光迅科技,s6setup-e1af045107ab081f5b6e,KEY_CANDIDATE,SUPPORT_CONFIRMED,True,5,NOT_EVALUATED,0,0.0,0.0,0.0
S6_ENTRY_E3_COMBINED,2024-11-20,300059,东方财富,s6setup-f33f2ffc7cab91125159,WATCH_CANDIDATE,SUPPORT_CONFIRMED,True,3,NOT_EVALUATED,0,0.0,0.0,0.0
S6_ENTRY_E3_COMBINED,2024-11-20,603920,世运电路,s6setup-d587b9f81f181660d2f5,WATCH_CANDIDATE,NOT_APPLICABLE,False,0,NOT_EVALUATED,0,0.0,0.0,0.0
S6_ENTRY_E3_COMBINED,2024-11-20,688015,交控科技,s6setup-379b47d4a8f9a2b84d9b,WATCH_CANDIDATE,NOT_APPLICABLE,False,0,NOT_EVALUATED,0,0.0,0.0,0.0
S6_ENTRY_E3_COMBINED,2024-11-20,688256,寒武纪,s6setup-8a4e7f4aa3a11b6e31f8,WATCH_CANDIDATE,NOT_APPLICABLE,False,0,NOT_EVALUATED,0,0.0,0.0,0.0
S6_ENTRY_E3_COMBINED,2024-11-21,002273,水晶光电,s6setup-52ee156bbd13078c93bf,WATCH_CANDIDATE,SUPPORT_CONFIRMED,True,3,NOT_EVALUATED,0,0.0,0.0,0.0
S6_ENTRY_E3_COMBINED,2024-11-21,002281,光迅科技,s6setup-245f99defd9d51049930,KEY_CANDIDATE,SUPPORT_CONFIRMED,True,3,NOT_EVALUATED,0,0.0,0.0,0.0
S6_ENTRY_E3_COMBINED,2024-11-21,603920,世运电路,s6setup-d587b9f81f181660d2f5,WATCH_CANDIDATE,SUPPORT_CONFIRMED,True,4,NOT_EVALUATED,0,0.0,0.0,0.0
S6_ENTRY_E3_COMBINED,2024-11-21,688015,交控科技,s6setup-379b47d4a8f9a2b84d9b,WATCH_CANDIDATE,SUPPORT_CONFIRMED,True,4,NOT_EVALUATED,0,0.0,0.0,0.0
S6_ENTRY_E3_COMBINED,2024-11-22,300857,协创数据,s6setup-42f12e312df88455db31,KEY_CANDIDATE,SUPPORT_CONFIRMED,True,3,RELIABLE,250,0.452,0.26,0.594326
S6_ENTRY_E3_COMBINED,2024-11-22,603099,长白山,s6setup-f5596be19bb7272c4656,KEY_CANDIDATE,SUPPORT_CONFIRMED,True,3,RELIABLE,250,0.532,0.316,0.960564
S6_ENTRY_E3_COMBINED,2024-11-25,002979,雷赛智能,s6setup-313394d2517122d09fe9,WATCH_CANDIDATE,SUPPORT_FORMING,False,4,RELIABLE,250,0.404,0.236,0.802762
S6_ENTRY_E3_COMBINED,2024-11-25,600010,包钢股份,s6setup-dbea198c47162c06a439,KEY_CANDIDATE,SUPPORT_CONFIRMED,True,5,RELIABLE,250,0.344,0.172,0.243594
S6_ENTRY_E3_COMBINED,2024-11-25,603099,长白山,s6setup-7b16baa68ddbd2d18b34,KEY_CANDIDATE,SUPPORT_CONFIRMED,True,5,RELIABLE,250,0.652,0.316,1.140405
S6_ENTRY_E3_COMBINED,2024-11-25,688418,震有科技,s6setup-c900465decb008272a75,WATCH_CANDIDATE,NOT_APPLICABLE,False,0,NOT_EVALUATED,0,0.0,0.0,0.0
S6_ENTRY_E3_COMBINED,2024-11-26,603099,长白山,s6setup-7b16baa68ddbd2d18b34,WATCH_CANDIDATE,NOT_APPLICABLE,False,0,NOT_EVALUATED,0,0.0,0.0,0.0
S6_ENTRY_E3_COMBINED,2024-11-26,688418,震有科技,s6setup-76ad98e4224f639a066d,WATCH_CANDIDATE,NOT_APPLICABLE,False,0,NOT_EVALUATED,0,0.0,0.0,0.0
S6_ENTRY_E3_COMBINED,2024-12-02,688027,国盾量子,s6setup-cc6c31f79103fda91a9f,WATCH_CANDIDATE,NOT_APPLICABLE,False,0,NOT_EVALUATED,0,0.0,0.0,0.0
S6_ENTRY_E3_COMBINED,2024-12-02,688116,天奈科技,s6setup-ae1919e95f7b3d37f2ad,WATCH_CANDIDATE,NOT_APPLICABLE,False,0,NOT_EVALUATED,0,0.0,0.0,0.0
S6_ENTRY_E3_COMBINED,2024-12-03,688027,国盾量子,s6setup-cc6c31f79103fda91a9f,WATCH_CANDIDATE,NOT_APPLICABLE,False,0,NOT_EVALUATED,0,0.0,0.0,0.0
S6_ENTRY_E3_COMBINED,2024-12-03,688299,长阳科技,s6setup-43afa70145b72df89eb9,WATCH_CANDIDATE,SUPPORT_CONFIRMED,True,3,NOT_EVALUATED,0,0.0,0.0,0.0
S6_ENTRY_E3_COMBINED,2024-12-04,300622,博士眼镜,s6setup-0016297a5a560bad3b35,WATCH_CANDIDATE,NOT_APPLICABLE,False,0,NOT_EVALUATED,0,0.0,0.0,0.0
S6_ENTRY_E3_COMBINED,2024-12-04,688116,天奈科技,s6setup-ae1919e95f7b3d37f2ad,KEY_CANDIDATE,SUPPORT_CONFIRMED,True,4,RELIABLE,250,0.476,0.164,0.536223
S6_ENTRY_E3_COMBINED,2024-12-04,688299,长阳科技,s6setup-43afa70145b72df89eb9,WATCH_CANDIDATE,SUPPORT_CONFIRMED,True,3,NOT_EVALUATED,0,0.0,0.0,0.0
S6_ENTRY_E3_COMBINED,2024-12-05,002241,歌尔股份,s6setup-c8f06de1d14a601c92f2,WATCH_CANDIDATE,NOT_APPLICABLE,False,0,NOT_EVALUATED,0,0.0,0.0,0.0
S6_ENTRY_E3_COMBINED,2024-12-05,300622,博士眼镜,s6setup-0016297a5a560bad3b35,WATCH_CANDIDATE,SUPPORT_CONFIRMED,True,5,NOT_EVALUATED,0,0.0,0.0,0.0
S6_ENTRY_E3_COMBINED,2024-12-05,688027,国盾量子,s6setup-cc6c31f79103fda91a9f,WATCH_CANDIDATE,SUPPORT_CONFIRMED,True,3,NOT_EVALUATED,0,0.0,0.0,0.0
S6_ENTRY_E3_COMBINED,2024-12-06,300131,英唐智控,s6setup-8d7f3cd60a44c38e966c,WATCH_CANDIDATE,SUPPORT_CONFIRMED,True,3,NOT_EVALUATED,0,0.0,0.0,0.0
S6_ENTRY_E3_COMBINED,2024-12-06,688047,龙芯中科,s6setup-14e014135a88f7a17339,WATCH_CANDIDATE,NOT_APPLICABLE,False,0,NOT_EVALUATED,0,0.0,0.0,0.0
S6_ENTRY_E3_COMBINED,2024-12-09,002245,蔚蓝锂芯,s6setup-7cfb7c6ade0dd98f80b1,KEY_CANDIDATE,SUPPORT_CONFIRMED,True,3,RELIABLE,250,0.276,0.168,0.3448
S6_ENTRY_E3_COMBINED,2024-12-09,600104,上汽集团,s6setup-16907d8b1e8abc6aa0b4,KEY_CANDIDATE,SUPPORT_CONFIRMED,True,4,NOT_EVALUATED,0,0.0,0.0,0.0
S6_ENTRY_E3_COMBINED,2024-12-10,002245,蔚蓝锂芯,s6setup-bb09aca5ea8ef855f0f4,KEY_CANDIDATE,SUPPORT_CONFIRMED,True,3,NOT_EVALUATED,0,0.0,0.0,0.0
S6_ENTRY_E3_COMBINED,2024-12-11,002194,武汉凡谷,s6setup-3612f5ac72a5762c6014,KEY_CANDIDATE,SUPPORT_CONFIRMED,True,3,RELIABLE,250,0.212,0.176,0.11653
S6_ENTRY_E3_COMBINED,2024-12-11,600776,东方通信,s6setup-2d0fcc865c125bc42520,WATCH_CANDIDATE,NOT_APPLICABLE,False,0,NOT_EVALUATED,0,0.0,0.0,0.0
S6_ENTRY_E3_COMBINED,2024-12-11,601360,三六零,s6setup-6271e09715fb99b07d7c,KEY_CANDIDATE,SUPPORT_CONFIRMED,True,4,RELIABLE,250,0.344,0.188,0.50159
S6_ENTRY_E3_COMBINED,2024-12-12,600776,东方通信,s6setup-2d0fcc865c125bc42520,WATCH_CANDIDATE,NOT_APPLICABLE,False,0,NOT_EVALUATED,0,0.0,0.0,0.0
S6_ENTRY_E3_COMBINED,2024-12-13,300377,赢时胜,s6setup-861e18604179a7947c08,WATCH_CANDIDATE,SUPPORT_CONFIRMED,True,3,NOT_EVALUATED,0,0.0,0.0,0.0
S6_ENTRY_E3_COMBINED,2024-12-13,601615,明阳智能,s6setup-8d97ee6c589ea1ecf708,WATCH_CANDIDATE,SUPPORT_CONFIRMED,True,3,RELIABLE,250,0.624,0.316,0.32582
S6_ENTRY_E3_COMBINED,2024-12-16,300694,蠡湖股份,s6setup-16fbe563d003ec7102ed,WATCH_CANDIDATE,NOT_APPLICABLE,False,0,NOT_EVALUATED,0,0.0,0.0,0.0
S6_ENTRY_E3_COMBINED,2024-12-16,600292,电投水电,s6setup-6e3280140834bf327467,WATCH_CANDIDATE,SUPPORT_FORMING,False,2,NOT_EVALUATED,0,0.0,0.0,0.0
S6_ENTRY_E3_COMBINED,2024-12-17,300694,蠡湖股份,s6setup-16fbe563d003ec7102ed,WATCH_CANDIDATE,NOT_APPLICABLE,False,0,NOT_EVALUATED,0,0.0,0.0,0.0
S6_ENTRY_E3_COMBINED,2024-12-18,600601,方正科技,s6setup-c456d52e3d99d7b05be2,WATCH_CANDIDATE,SUPPORT_CONFIRMED,True,5,NOT_EVALUATED,0,0.0,0.0,0.0
S6_ENTRY_E3_COMBINED,2024-12-19,300370,安控科技,s6setup-407f2bb2aee712d9378a,WATCH_CANDIDATE,SUPPORT_CONFIRMED,True,5,NOT_EVALUATED,0,0.0,0.0,0.0
S6_ENTRY_E3_COMBINED,2024-12-19,300459,汤姆猫,s6setup-dbc04670d4bf601779fa,WATCH_CANDIDATE,SUPPORT_CONFIRMED,True,5,NOT_EVALUATED,0,0.0,0.0,0.0
S6_ENTRY_E3_COMBINED,2024-12-20,300182,捷成股份,s6setup-d2c15ade4641dee97cba,WATCH_CANDIDATE,NOT_APPLICABLE,False,0,NOT_EVALUATED,0,0.0,0.0,0.0
S6_ENTRY_E3_COMBINED,2024-12-20,300459,汤姆猫,s6setup-dbc04670d4bf601779fa,KEY_CANDIDATE,SUPPORT_CONFIRMED,True,3,NOT_EVALUATED,0,0.0,0.0,0.0
S6_ENTRY_E3_COMBINED,2024-12-20,300660,江苏雷利,s6setup-04ef634a8a882f10d1b6,WATCH_CANDIDATE,NOT_APPLICABLE,False,0,NOT_EVALUATED,0,0.0,0.0,0.0
S6_ENTRY_E3_COMBINED,2024-12-20,600864,哈投股份,s6setup-2dcaee0f6253a30902e6,WATCH_CANDIDATE,SUPPORT_CONFIRMED,True,5,NOT_EVALUATED,0,0.0,0.0,0.0
S6_ENTRY_E3_COMBINED,2024-12-23,300660,江苏雷利,s6setup-04ef634a8a882f10d1b6,WATCH_CANDIDATE,SUPPORT_CONFIRMED,True,3,NOT_EVALUATED,0,0.0,0.0,0.0
S6_ENTRY_E3_COMBINED,2024-12-24,002139,拓邦股份,s6setup-fd1e90188568d41c4d76,KEY_CANDIDATE,SUPPORT_CONFIRMED,True,5,NOT_EVALUATED,0,0.0,0.0,0.0
S6_ENTRY_E3_COMBINED,2024-12-24,002979,雷赛智能,s6setup-19de00fa889a1c2ce895,WATCH_CANDIDATE,NOT_APPLICABLE,False,0,NOT_EVALUATED,0,0.0,0.0,0.0
S6_ENTRY_E3_COMBINED,2024-12-24,300660,江苏雷利,s6setup-04ef634a8a882f10d1b6,WATCH_CANDIDATE,NOT_APPLICABLE,False,0,NOT_EVALUATED,0,0.0,0.0,0.0
S6_ENTRY_E3_COMBINED,2024-12-25,002139,拓邦股份,s6setup-fd1e90188568d41c4d76,KEY_CANDIDATE,SUPPORT_CONFIRMED,True,3,NOT_EVALUATED,0,0.0,0.0,0.0
S6_ENTRY_E3_COMBINED,2024-12-25,300276,三丰智能,s6setup-6def61aaa26d7a0e6f00,WATCH_CANDIDATE,SUPPORT_CONFIRMED,True,5,NOT_EVALUATED,0,0.0,0.0,0.0
S6_ENTRY_E3_COMBINED,2024-12-25,300660,江苏雷利,s6setup-82318e9097d5e2ae5a75,KEY_CANDIDATE,SUPPORT_CONFIRMED,True,4,NOT_EVALUATED,0,0.0,0.0,0.0
S6_ENTRY_E3_COMBINED,2024-12-26,002139,拓邦股份,s6setup-fd1e90188568d41c4d76,WATCH_CANDIDATE,SUPPORT_FORMING,False,4,NOT_EVALUATED,0,0.0,0.0,0.0
S6_ENTRY_E3_COMBINED,2024-12-26,300276,三丰智能,s6setup-6def61aaa26d7a0e6f00,WATCH_CANDIDATE,SUPPORT_CONFIRMED,True,5,NOT_EVALUATED,0,0.0,0.0,0.0
S6_ENTRY_E3_COMBINED,2024-12-26,300503,昊志机电,s6setup-4be758aa7cd2b076adfe,WATCH_CANDIDATE,SUPPORT_CONFIRMED,True,5,NOT_EVALUATED,0,0.0,0.0,0.0
S6_ENTRY_E3_COMBINED,2024-12-27,002139,拓邦股份,s6setup-fd1e90188568d41c4d76,WATCH_CANDIDATE,WAITING_BREAKOUT,False,0,NOT_EVALUATED,0,0.0,0.0,0.0
S6_ENTRY_E3_COMBINED,2024-12-27,300403,汉宇集团,s6setup-16b388b01bcdba9acf84,WATCH_CANDIDATE,SUPPORT_CONFIRMED,True,3,NOT_EVALUATED,0,0.0,0.0,0.0
S6_ENTRY_E3_COMBINED,2024-12-27,300660,江苏雷利,s6setup-04ef634a8a882f10d1b6,WATCH_CANDIDATE,SUPPORT_CONFIRMED,True,3,NOT_EVALUATED,0,0.0,0.0,0.0
S6_ENTRY_E3_COMBINED,2024-12-27,688787,海天瑞声,s6setup-d3019118655a97c1c18a,WATCH_CANDIDATE,SUPPORT_CONFIRMED,True,3,NOT_EVALUATED,0,0.0,0.0,0.0
S6_ENTRY_E3_COMBINED,2024-12-30,688205,德科立,s6setup-97ceb9eb89758d0cd3b1,WATCH_CANDIDATE,NOT_APPLICABLE,False,0,NOT_EVALUATED,0,0.0,0.0,0.0
S6_ENTRY_E3_COMBINED,2024-12-30,688787,海天瑞声,s6setup-7432ad1cb6aa3d94c1cc,WATCH_CANDIDATE,SUPPORT_CONFIRMED,True,3,NOT_EVALUATED,0,0.0,0.0,0.0
S6_ENTRY_E3_COMBINED,2025-01-03,688205,德科立,s6setup-65fe963253d88d0a6493,WATCH_CANDIDATE,SUPPORT_FORMING,False,2,NOT_EVALUATED,0,0.0,0.0,0.0
S6_ENTRY_E3_COMBINED,2025-01-14,300153,科泰电源,s6setup-0a4db8a473032dbd1ffb,WATCH_CANDIDATE,SUPPORT_CONFIRMED,True,5,NOT_EVALUATED,0,0.0,0.0,0.0
S6_ENTRY_E3_COMBINED,2025-01-14,300913,兆龙互连,s6setup-e8eb38b1be1b6db794ca,WATCH_CANDIDATE,SUPPORT_CONFIRMED,True,5,NOT_EVALUATED,0,0.0,0.0,0.0
S6_ENTRY_E3_COMBINED,2025-01-14,603236,移远通信,s6setup-c798af28efd589de84d8,WATCH_CANDIDATE,NOT_APPLICABLE,False,0,NOT_EVALUATED,0,0.0,0.0,0.0
S6_ENTRY_E3_COMBINED,2025-01-15,300383,光环新网,s6setup-055f624a2e78d5a0096b,WATCH_CANDIDATE,NOT_APPLICABLE,False,0,NOT_EVALUATED,0,0.0,0.0,0.0
S6_ENTRY_E3_COMBINED,2025-01-16,002837,英维克,s6setup-d237c63e5ef4128ba007,WATCH_CANDIDATE,SUPPORT_CONFIRMED,True,3,RELIABLE,250,0.416,0.18,0.591901
S6_ENTRY_E3_COMBINED,2025-01-17,002837,英维克,s6setup-db6b8624ef8fbb8c39bb,WATCH_CANDIDATE,SUPPORT_CONFIRMED,True,5,RELIABLE,250,0.42,0.176,0.610813
S6_ENTRY_E3_COMBINED,2025-01-17,300548,长芯博创,s6setup-c5c467da96963d5f8101,WATCH_CANDIDATE,NOT_APPLICABLE,False,0,NOT_EVALUATED,0,0.0,0.0,0.0
S6_ENTRY_E3_COMBINED,2025-01-17,688300,联瑞新材,s6setup-cf361e9a86cd625db123,WATCH_CANDIDATE,NOT_APPLICABLE,False,0,NOT_EVALUATED,0,0.0,0.0,0.0
S6_ENTRY_E3_COMBINED,2025-01-20,002837,英维克,s6setup-c5404b55eadcccdf475a,WATCH_CANDIDATE,NOT_APPLICABLE,False,0,NOT_EVALUATED,0,0.0,0.0,0.0
S6_ENTRY_E3_COMBINED,2025-01-20,002916,深南电路,s6setup-d5115329e96a644ef467,WATCH_CANDIDATE,NOT_APPLICABLE,False,0,NOT_EVALUATED,0,0.0,0.0,0.0
S6_ENTRY_E3_COMBINED,2025-01-21,002837,英维克,s6setup-f67c342e5e1c5b0460b4,WATCH_CANDIDATE,NOT_APPLICABLE,False,0,NOT_EVALUATED,0,0.0,0.0,0.0
S6_ENTRY_E3_COMBINED,2025-01-22,300708,聚灿光电,s6setup-0a630f7143c7c44f29df,KEY_CANDIDATE,SUPPORT_CONFIRMED,True,3,RELIABLE,250,0.296,0.12,0.164026
S6_ENTRY_E3_COMBINED,2025-01-23,300708,聚灿光电,s6setup-819b55c44b879628da21,WATCH_CANDIDATE,NOT_APPLICABLE,False,0,NOT_EVALUATED,0,0.0,0.0,0.0
S6_ENTRY_E3_COMBINED,2025-02-06,002779,中坚科技,s6setup-eaeec946631a8c7068b1,WATCH_CANDIDATE,NOT_APPLICABLE,False,0,NOT_EVALUATED,0,0.0,0.0,0.0
S6_ENTRY_E3_COMBINED,2025-02-06,688571,杭华股份,s6setup-124316f9ae6e7421f426,WATCH_CANDIDATE,NOT_APPLICABLE,False,0,NOT_EVALUATED,0,0.0,0.0,0.0
S6_ENTRY_E3_COMBINED,2025-02-07,300684,中石科技,s6setup-28fe5a89fa9261a77ef7,WATCH_CANDIDATE,SUPPORT_CONFIRMED,True,4,NOT_EVALUATED,0,0.0,0.0,0.0
S6_ENTRY_E3_COMBINED,2025-02-10,002119,康强电子,s6setup-0128d555faa09eeebb8f,WATCH_CANDIDATE,NOT_APPLICABLE,False,0,NOT_EVALUATED,0,0.0,0.0,0.0
S6_ENTRY_E3_COMBINED,2025-02-10,300684,中石科技,s6setup-e1ffb4c368f38b7370dd,WATCH_CANDIDATE,SUPPORT_CONFIRMED,True,3,NOT_EVALUATED,0,0.0,0.0,0.0
S6_ENTRY_E3_COMBINED,2025-02-11,002119,康强电子,s6setup-ee83bf34d16fd61dbe6e,WATCH_CANDIDATE,SUPPORT_CONFIRMED,True,3,RELIABLE,250,0.544,0.172,0.69125
S6_ENTRY_E3_COMBINED,2025-02-11,600601,方正科技,s6setup-f532cfcef1961d07d7a5,KEY_CANDIDATE,SUPPORT_CONFIRMED,True,3,NOT_EVALUATED,0,0.0,0.0,0.0
S6_ENTRY_E3_COMBINED,2025-02-11,603015,弘讯科技,s6setup-84ab2f527131a37304df,WATCH_CANDIDATE,NOT_APPLICABLE,False,0,NOT_EVALUATED,0,0.0,0.0,0.0
S6_ENTRY_E3_COMBINED,2025-02-12,600601,方正科技,s6setup-f532cfcef1961d07d7a5,WATCH_CANDIDATE,NOT_APPLICABLE,False,0,NOT_EVALUATED,0,0.0,0.0,0.0
S6_ENTRY_E3_COMBINED,2025-02-12,603986,兆易创新,s6setup-7a6580f669fe0713c9ea,WATCH_CANDIDATE,WAITING_BREAKOUT,False,0,NOT_EVALUATED,0,0.0,0.0,0.0
S6_ENTRY_E3_COMBINED,2025-02-13,002779,中坚科技,s6setup-a87bc4274e1797816b7e,WATCH_CANDIDATE,NOT_APPLICABLE,False,0,NOT_EVALUATED,0,0.0,0.0,0.0
S6_ENTRY_E3_COMBINED,2025-02-13,600183,生益科技,s6setup-cddc9fa2ae414bb11d69,WATCH_CANDIDATE,SUPPORT_CONFIRMED,True,3,RELIABLE,250,0.632,0.196,0.730417
S6_ENTRY_E3_COMBINED,2025-02-13,688288,鸿泉技术,s6setup-218c603583976a102055,WATCH_CANDIDATE,NOT_APPLICABLE,False,0,NOT_EVALUATED,0,0.0,0.0,0.0
S6_ENTRY_E3_COMBINED,2025-02-14,002779,中坚科技,s6setup-18aae797240da13c306a,WATCH_CANDIDATE,NOT_APPLICABLE,False,0,NOT_EVALUATED,0,0.0,0.0,0.0
S6_ENTRY_E3_COMBINED,2025-02-14,300433,蓝思科技,s6setup-1cb2d12993de1176da44,WATCH_CANDIDATE,NOT_APPLICABLE,False,0,NOT_EVALUATED,0,0.0,0.0,0.0
S6_ENTRY_E3_COMBINED,2025-02-17,002779,中坚科技,s6setup-18aae797240da13c306a,WATCH_CANDIDATE,NOT_APPLICABLE,False,0,NOT_EVALUATED,0,0.0,0.0,0.0
S6_ENTRY_E3_COMBINED,2025-02-17,300433,蓝思科技,s6setup-65f64be8e941ebd44b99,WATCH_CANDIDATE,NOT_APPLICABLE,False,0,NOT_EVALUATED,0,0.0,0.0,0.0
S6_ENTRY_E3_COMBINED,2025-02-17,301000,肇民科技,s6setup-918da66ce65af122abad,WATCH_CANDIDATE,NOT_APPLICABLE,False,0,NOT_EVALUATED,0,0.0,0.0,0.0
S6_ENTRY_E3_COMBINED,2025-02-18,300433,蓝思科技,s6setup-65f64be8e941ebd44b99,WATCH_CANDIDATE,NOT_APPLICABLE,False,0,NOT_EVALUATED,0,0.0,0.0,0.0
S6_ENTRY_E3_COMBINED,2025-02-18,301000,肇民科技,s6setup-918da66ce65af122abad,WATCH_CANDIDATE,SUPPORT_CONFIRMED,True,3,NOT_EVALUATED,0,0.0,0.0,0.0
S6_ENTRY_E3_COMBINED,2025-02-18,603809,豪能股份,s6setup-b711397711c1038bd559,WATCH_CANDIDATE,NOT_APPLICABLE,False,0,NOT_EVALUATED,0,0.0,0.0,0.0
S6_ENTRY_E3_COMBINED,2025-02-18,688160,步科股份,s6setup-bb256764512af0a8dbea,WATCH_CANDIDATE,NOT_APPLICABLE,False,0,NOT_EVALUATED,0,0.0,0.0,0.0
S6_ENTRY_E3_COMBINED,2025-02-19,300613,富瀚微,s6setup-a6e1ba2cf256a30223eb,WATCH_CANDIDATE,SUPPORT_CONFIRMED,True,5,NOT_EVALUATED,0,0.0,0.0,0.0
S6_ENTRY_E3_COMBINED,2025-02-19,301000,肇民科技,s6setup-918da66ce65af122abad,WATCH_CANDIDATE,NOT_APPLICABLE,False,0,NOT_EVALUATED,0,0.0,0.0,0.0
S6_ENTRY_E3_COMBINED,2025-02-19,603809,豪能股份,s6setup-51dd18023b551d7f64d7,WATCH_CANDIDATE,NOT_APPLICABLE,False,0,NOT_EVALUATED,0,0.0,0.0,0.0
S6_ENTRY_E3_COMBINED,2025-02-19,688160,步科股份,s6setup-bb256764512af0a8dbea,WATCH_CANDIDATE,NOT_APPLICABLE,False,0,NOT_EVALUATED,0,0.0,0.0,0.0
S6_ENTRY_E3_COMBINED,2025-02-20,300433,蓝思科技,s6setup-1cb2d12993de1176da44,WATCH_CANDIDATE,NOT_APPLICABLE,False,0,NOT_EVALUATED,0,0.0,0.0,0.0
S6_ENTRY_E3_COMBINED,2025-02-20,300613,富瀚微,s6setup-ccef6534bb60e0821650,WATCH_CANDIDATE,NOT_APPLICABLE,False,0,NOT_EVALUATED,0,0.0,0.0,0.0
S6_ENTRY_E3_COMBINED,2025-02-20,603809,豪能股份,s6setup-b711397711c1038bd559,WATCH_CANDIDATE,NOT_APPLICABLE,False,0,NOT_EVALUATED,0,0.0,0.0,0.0
S6_ENTRY_E3_COMBINED,2025-02-21,603236,移远通信,s6setup-0ea4f7f9586e556c39d6,WATCH_CANDIDATE,SUPPORT_CONFIRMED,True,5,NOT_EVALUATED,0,0.0,0.0,0.0
S6_ENTRY_E3_COMBINED,2025-02-21,603809,豪能股份,s6setup-b711397711c1038bd559,WATCH_CANDIDATE,SUPPORT_CONFIRMED,True,4,NOT_EVALUATED,0,0.0,0.0,0.0
S6_ENTRY_E3_COMBINED,2025-02-24,300433,蓝思科技,s6setup-1cb2d12993de1176da44,WATCH_CANDIDATE,NOT_APPLICABLE,False,0,NOT_EVALUATED,0,0.0,0.0,0.0
S6_ENTRY_E3_COMBINED,2025-02-25,300433,蓝思科技,s6setup-1cb2d12993de1176da44,WATCH_CANDIDATE,SUPPORT_FORMING,False,2,RELIABLE,250,0.78,0.22,0.833686
S6_ENTRY_E3_COMBINED,2025-02-25,300634,彩讯股份,s6setup-ed8712b062c23b890d99,KEY_CANDIDATE,SUPPORT_CONFIRMED,True,3,RELIABLE,250,0.464,0.216,0.423574
S6_ENTRY_E3_COMBINED,2025-02-25,300925,法本信息,s6setup-38cff9e0e7e0419fec38,WATCH_CANDIDATE,NOT_APPLICABLE,False,0,NOT_EVALUATED,0,0.0,0.0,0.0
S6_ENTRY_E3_COMBINED,2025-02-26,002517,恺英网络,s6setup-09f68dca72be920caa28,WATCH_CANDIDATE,NOT_APPLICABLE,False,0,NOT_EVALUATED,0,0.0,0.0,0.0
S6_ENTRY_E3_COMBINED,2025-02-26,300229,拓尔思,s6setup-8351a4c7023572b12be5,KEY_CANDIDATE,SUPPORT_CONFIRMED,True,5,RELIABLE,250,0.436,0.168,0.247772
S6_ENTRY_E3_COMBINED,2025-02-26,300634,彩讯股份,s6setup-d887655c5a20d3bbae0d,KEY_CANDIDATE,SUPPORT_CONFIRMED,True,5,RELIABLE,250,0.488,0.22,0.481014
S6_ENTRY_E3_COMBINED,2025-02-26,300925,法本信息,s6setup-38cff9e0e7e0419fec38,WATCH_CANDIDATE,SUPPORT_CONFIRMED,True,3,RELIABLE,250,0.372,0.368,0.058981
S6_ENTRY_E3_COMBINED,2025-02-26,600186,莲花控股,s6setup-4d929ef3b104891ee150,WATCH_CANDIDATE,NOT_APPLICABLE,False,0,NOT_EVALUATED,0,0.0,0.0,0.0
S6_ENTRY_E3_COMBINED,2025-02-26,688178,万德斯,s6setup-a82e2950ef5eb410c141,WATCH_CANDIDATE,NOT_APPLICABLE,False,0,NOT_EVALUATED,0,0.0,0.0,0.0
S6_ENTRY_E3_COMBINED,2025-02-27,002517,恺英网络,s6setup-7c5bd582e895de16e58c,WATCH_CANDIDATE,NOT_APPLICABLE,False,0,NOT_EVALUATED,0,0.0,0.0,0.0
S6_ENTRY_E3_COMBINED,2025-02-27,600186,莲花控股,s6setup-4d929ef3b104891ee150,KEY_CANDIDATE,SUPPORT_CONFIRMED,True,3,NOT_EVALUATED,0,0.0,0.0,0.0
S6_ENTRY_E3_COMBINED,2025-02-27,688178,万德斯,s6setup-a82e2950ef5eb410c141,WATCH_CANDIDATE,NOT_APPLICABLE,False,0,NOT_EVALUATED,0,0.0,0.0,0.0
S6_ENTRY_E3_COMBINED,2025-02-28,600120,浙江东方,s6setup-b1c1dcfaa4a6e6244291,WATCH_CANDIDATE,SUPPORT_CONFIRMED,True,3,NOT_EVALUATED,0,0.0,0.0,0.0
S6_ENTRY_E3_COMBINED,2025-02-28,600186,莲花控股,s6setup-4d929ef3b104891ee150,KEY_CANDIDATE,SUPPORT_CONFIRMED,True,3,NOT_EVALUATED,0,0.0,0.0,0.0
S6_ENTRY_E3_COMBINED,2025-03-03,600186,莲花控股,s6setup-1705233833b71d9111cb,KEY_CANDIDATE,SUPPORT_CONFIRMED,True,4,NOT_EVALUATED,0,0.0,0.0,0.0
S6_ENTRY_E3_COMBINED,2025-03-03,688225,亚信安全,s6setup-b7da79bddadf3235431b,WATCH_CANDIDATE,SUPPORT_FORMING,False,3,NOT_EVALUATED,0,0.0,0.0,0.0
S6_ENTRY_E3_COMBINED,2025-03-04,002036,联创电子,s6setup-cfc0e0c32a83cacd1e5f,WATCH_CANDIDATE,SUPPORT_CONFIRMED,True,5,NOT_EVALUATED,0,0.0,0.0,0.0
S6_ENTRY_E3_COMBINED,2025-03-04,603005,晶方科技,s6setup-87b9f7f054113f42440d,WATCH_CANDIDATE,SUPPORT_CONFIRMED,True,5,NOT_EVALUATED,0,0.0,0.0,0.0
S6_ENTRY_E3_COMBINED,2025-03-04,603486,科沃斯,s6setup-1329ee6d6176dab5aff4,WATCH_CANDIDATE,NOT_APPLICABLE,False,0,NOT_EVALUATED,0,0.0,0.0,0.0
S6_ENTRY_E3_COMBINED,2025-03-04,688135,利扬芯片,s6setup-e4c6a22c1b5169163ff6,WATCH_CANDIDATE,SUPPORT_CONFIRMED,True,5,NOT_EVALUATED,0,0.0,0.0,0.0
S6_ENTRY_E3_COMBINED,2025-03-04,688225,亚信安全,s6setup-d497a32a40f10abe4f15,WATCH_CANDIDATE,NOT_APPLICABLE,False,0,NOT_EVALUATED,0,0.0,0.0,0.0
S6_ENTRY_E3_COMBINED,2025-03-04,688685,迈信林,s6setup-dcd16c635329d8c8710e,WATCH_CANDIDATE,NOT_APPLICABLE,False,0,NOT_EVALUATED,0,0.0,0.0,0.0
S6_ENTRY_E3_COMBINED,2025-03-05,002036,联创电子,s6setup-cfc0e0c32a83cacd1e5f,WATCH_CANDIDATE,SUPPORT_CONFIRMED,True,5,NOT_EVALUATED,0,0.0,0.0,0.0
S6_ENTRY_E3_COMBINED,2025-03-05,603005,晶方科技,s6setup-fb99a9ea9bf6c482cf37,WATCH_CANDIDATE,SUPPORT_CONFIRMED,True,4,NOT_EVALUATED,0,0.0,0.0,0.0
S6_ENTRY_E3_COMBINED,2025-03-05,688225,亚信安全,s6setup-d497a32a40f10abe4f15,WATCH_CANDIDATE,SUPPORT_CONFIRMED,True,3,NOT_EVALUATED,0,0.0,0.0,0.0
S6_ENTRY_E3_COMBINED,2025-03-05,688466,金科环境,s6setup-62f194e30b1b2d2fada4,WATCH_CANDIDATE,SUPPORT_CONFIRMED,True,4,NOT_EVALUATED,0,0.0,0.0,0.0
S6_ENTRY_E3_COMBINED,2025-03-06,002036,联创电子,s6setup-cfc0e0c32a83cacd1e5f,WATCH_CANDIDATE,SUPPORT_CONFIRMED,True,4,NOT_EVALUATED,0,0.0,0.0,0.0
S6_ENTRY_E3_COMBINED,2025-03-06,300307,慈星股份,s6setup-5578ad8289ff4165fed9,KEY_CANDIDATE,SUPPORT_CONFIRMED,True,5,RELIABLE,250,0.64,0.12,0.374724
S6_ENTRY_E3_COMBINED,2025-03-06,300603,立昂技术,s6setup-e4b882cc76f264f60fa3,WATCH_CANDIDATE,SUPPORT_CONFIRMED,True,5,NOT_EVALUATED,0,0.0,0.0,0.0
S6_ENTRY_E3_COMBINED,2025-03-06,300672,国科微,s6setup-53bbe2b1467590242655,WATCH_CANDIDATE,SUPPORT_CONFIRMED,True,3,NOT_EVALUATED,0,0.0,0.0,0.0
S6_ENTRY_E3_COMBINED,2025-03-06,603501,豪威集团,s6setup-3d291caa03eb71207405,WATCH_CANDIDATE,NOT_APPLICABLE,False,0,NOT_EVALUATED,0,0.0,0.0,0.0
S6_ENTRY_E3_COMBINED,2025-03-06,688048,长光华芯,s6setup-7a7cabda6a8687592f97,WATCH_CANDIDATE,SUPPORT_CONFIRMED,True,5,NOT_EVALUATED,0,0.0,0.0,0.0
S6_ENTRY_E3_COMBINED,2025-03-06,688225,亚信安全,s6setup-d497a32a40f10abe4f15,WATCH_CANDIDATE,NOT_APPLICABLE,False,0,NOT_EVALUATED,0,0.0,0.0,0.0
S6_ENTRY_E3_COMBINED,2025-03-06,688468,科美诊断,s6setup-5d40eefc6fbb0f7a552a,WATCH_CANDIDATE,NOT_APPLICABLE,False,0,NOT_EVALUATED,0,0.0,0.0,0.0
S6_ENTRY_E3_COMBINED,2025-03-07,002518,科士达,s6setup-efe52db6cbf333d06fe7,WATCH_CANDIDATE,SUPPORT_CONFIRMED,True,3,NOT_EVALUATED,0,0.0,0.0,0.0
S6_ENTRY_E3_COMBINED,2025-03-07,300603,立昂技术,s6setup-e4b882cc76f264f60fa3,WATCH_CANDIDATE,SUPPORT_CONFIRMED,True,3,NOT_EVALUATED,0,0.0,0.0,0.0
S6_ENTRY_E3_COMBINED,2025-03-07,300672,国科微,s6setup-53bbe2b1467590242655,KEY_CANDIDATE,SUPPORT_CONFIRMED,True,3,RELIABLE,250,0.46,0.296,0.38433
S6_ENTRY_E3_COMBINED,2025-03-07,600050,中国联通,s6setup-db2f19295490f4aaa303,KEY_CANDIDATE,SUPPORT_CONFIRMED,True,3,NOT_EVALUATED,0,0.0,0.0,0.0
S6_ENTRY_E3_COMBINED,2025-03-07,600143,金发科技,s6setup-e813f922d445d7fff884,KEY_CANDIDATE,SUPPORT_CONFIRMED,True,3,RELIABLE,250,0.348,0.216,0.526496
S6_ENTRY_E3_COMBINED,2025-03-07,600850,电科数字,s6setup-5bb2edf1d6217631e0ae,WATCH_CANDIDATE,SUPPORT_CONFIRMED,True,3,NOT_EVALUATED,0,0.0,0.0,0.0
S6_ENTRY_E3_COMBINED,2025-03-07,601728,中国电信,s6setup-c1daba4df39d22dd0650,WATCH_CANDIDATE,SUPPORT_CONFIRMED,True,3,RELIABLE,250,0.604,0.268,0.703488
S6_ENTRY_E3_COMBINED,2025-03-07,603501,豪威集团,s6setup-e9dfe6dc7b1f76c08f27,KEY_CANDIDATE,SUPPORT_CONFIRMED,True,3,RELIABLE,250,0.376,0.164,0.608259
S6_ENTRY_E3_COMBINED,2025-03-07,688225,亚信安全,s6setup-6c0295ad1ca057113cb8,KEY_CANDIDATE,SUPPORT_CONFIRMED,True,3,NOT_EVALUATED,0,0.0,0.0,0.0
S6_ENTRY_E3_COMBINED,2025-03-07,688400,凌云光,s6setup-a10c49ad4f4a9fbf2286,KEY_CANDIDATE,SUPPORT_CONFIRMED,True,3,NOT_EVALUATED,0,0.0,0.0,0.0
S6_ENTRY_E3_COMBINED,2025-03-07,688466,金科环境,s6setup-6265561dc48fb2874b9e,KEY_CANDIDATE,SUPPORT_CONFIRMED,True,3,NOT_EVALUATED,0,0.0,0.0,0.0
S6_ENTRY_E3_COMBINED,2025-03-07,688468,科美诊断,s6setup-abdc2d85fb6ae0c66461,KEY_CANDIDATE,SUPPORT_CONFIRMED,True,3,NOT_EVALUATED,0,0.0,0.0,0.0
S6_ENTRY_E3_COMBINED,2025-03-10,000948,南天信息,s6setup-bf5fe9b2633a0e197b51,WATCH_CANDIDATE,SUPPORT_CONFIRMED,True,3,NOT_EVALUATED,0,0.0,0.0,0.0
S6_ENTRY_E3_COMBINED,2025-03-10,002334,英威腾,s6setup-9573a2607c2d6860603b,WATCH_CANDIDATE,SUPPORT_CONFIRMED,True,3,NOT_EVALUATED,0,0.0,0.0,0.0
S6_ENTRY_E3_COMBINED,2025-03-10,002518,科士达,s6setup-f206f39667a370bf3be5,WATCH_CANDIDATE,SUPPORT_CONFIRMED,True,5,NOT_EVALUATED,0,0.0,0.0,0.0
S6_ENTRY_E3_COMBINED,2025-03-10,002536,飞龙股份,s6setup-f1e5726770c12a03fc53,WATCH_CANDIDATE,SUPPORT_CONFIRMED,True,5,NOT_EVALUATED,0,0.0,0.0,0.0
S6_ENTRY_E3_COMBINED,2025-03-10,002664,信质集团,s6setup-5aabe4ff777a59307a84,WATCH_CANDIDATE,SUPPORT_CONFIRMED,True,3,RELIABLE,250,0.26,0.216,0.362154
S6_ENTRY_E3_COMBINED,2025-03-10,002837,英维克,s6setup-1282cc1d601a891eee3b,WATCH_CANDIDATE,NOT_APPLICABLE,False,0,NOT_EVALUATED,0,0.0,0.0,0.0
S6_ENTRY_E3_COMBINED,2025-03-10,300124,汇川技术,s6setup-37ab076fbd8d138d9531,WATCH_CANDIDATE,NOT_APPLICABLE,False,0,NOT_EVALUATED,0,0.0,0.0,0.0
S6_ENTRY_E3_COMBINED,2025-03-10,301018,申菱环境,s6setup-7de0bc422549ebd1bf4f,KEY_CANDIDATE,SUPPORT_CONFIRMED,True,5,RELIABLE,250,0.5,0.228,0.640548
S6_ENTRY_E3_COMBINED,2025-03-10,301101,明月镜片,s6setup-0ba7938bc0abd5c5e782,WATCH_CANDIDATE,NOT_APPLICABLE,False,0,NOT_EVALUATED,0,0.0,0.0,0.0
S6_ENTRY_E3_COMBINED,2025-03-10,600143,金发科技,s6setup-e813f922d445d7fff884,KEY_CANDIDATE,SUPPORT_CONFIRMED,True,3,RELIABLE,250,0.404,0.272,0.566216
S6_ENTRY_E3_COMBINED,2025-03-10,601777,千里科技,s6setup-569de22093b0693f5a7b,WATCH_CANDIDATE,SUPPORT_CONFIRMED,True,4,NOT_EVALUATED,0,0.0,0.0,0.0
S6_ENTRY_E3_COMBINED,2025-03-10,603501,豪威集团,s6setup-3d291caa03eb71207405,KEY_CANDIDATE,SUPPORT_CONFIRMED,True,5,RELIABLE,250,0.412,0.184,0.488478
S6_ENTRY_E3_COMBINED,2025-03-10,688272,富吉瑞,s6setup-fb7127c3a9b03473442b,KEY_CANDIDATE,SUPPORT_CONFIRMED,True,4,NOT_EVALUATED,0,0.0,0.0,0.0
S6_ENTRY_E3_COMBINED,2025-03-10,688400,凌云光,s6setup-a10c49ad4f4a9fbf2286,WATCH_CANDIDATE,NOT_APPLICABLE,False,0,NOT_EVALUATED,0,0.0,0.0,0.0
S6_ENTRY_E3_COMBINED,2025-03-10,688466,金科环境,s6setup-62f194e30b1b2d2fada4,KEY_CANDIDATE,SUPPORT_CONFIRMED,True,5,NOT_EVALUATED,0,0.0,0.0,0.0
S6_ENTRY_E3_COMBINED,2025-03-11,000948,南天信息,s6setup-bf5fe9b2633a0e197b51,WATCH_CANDIDATE,NOT_APPLICABLE,False,0,NOT_EVALUATED,0,0.0,0.0,0.0
S6_ENTRY_E3_COMBINED,2025-03-11,002518,科士达,s6setup-2ce17238c2c01e4fa623,WATCH_CANDIDATE,SUPPORT_CONFIRMED,True,5,NOT_EVALUATED,0,0.0,0.0,0.0
S6_ENTRY_E3_COMBINED,2025-03-11,002536,飞龙股份,s6setup-cfe55e9a48cfc111937a,WATCH_CANDIDATE,NOT_APPLICABLE,False,0,NOT_EVALUATED,0,0.0,0.0,0.0
S6_ENTRY_E3_COMBINED,2025-03-11,002837,英维克,s6setup-eafbd7beab4fe5429946,WATCH_CANDIDATE,NOT_APPLICABLE,False,0,NOT_EVALUATED,0,0.0,0.0,0.0
S6_ENTRY_E3_COMBINED,2025-03-11,300124,汇川技术,s6setup-a3ddd2294c9714599d13,WATCH_CANDIDATE,SUPPORT_CONFIRMED,True,4,RELIABLE,250,0.348,0.22,0.444183
S6_ENTRY_E3_COMBINED,2025-03-11,300276,三丰智能,s6setup-cfdfc980247dba9596c3,WATCH_CANDIDATE,NOT_APPLICABLE,False,0,NOT_EVALUATED,0,0.0,0.0,0.0
S6_ENTRY_E3_COMBINED,2025-03-11,300383,光环新网,s6setup-44e0c9033a1d6e65cc28,KEY_CANDIDATE,SUPPORT_CONFIRMED,True,5,NOT_EVALUATED,0,0.0,0.0,0.0
S6_ENTRY_E3_COMBINED,2025-03-11,300672,国科微,s6setup-53bbe2b1467590242655,WATCH_CANDIDATE,SUPPORT_FORMING,False,4,NOT_EVALUATED,0,0.0,0.0,0.0
S6_ENTRY_E3_COMBINED,2025-03-11,301018,申菱环境,s6setup-2ae58d8f9f65aa0ad013,KEY_CANDIDATE,SUPPORT_CONFIRMED,True,5,RELIABLE,250,0.536,0.232,0.669266
S6_ENTRY_E3_COMBINED,2025-03-11,301101,明月镜片,s6setup-d02b318eb42f11265766,WATCH_CANDIDATE,NOT_APPLICABLE,False,0,NOT_EVALUATED,0,0.0,0.0,0.0
S6_ENTRY_E3_COMBINED,2025-03-11,301238,瑞泰新材,s6setup-38d6d5119bdaf06abb39,WATCH_CANDIDATE,SUPPORT_FORMING,False,3,NOT_EVALUATED,0,0.0,0.0,0.0
S6_ENTRY_E3_COMBINED,2025-03-11,600143,金发科技,s6setup-ce8fa1a557656f1f9aa3,WATCH_CANDIDATE,SUPPORT_FORMING,False,4,NOT_EVALUATED,0,0.0,0.0,0.0
S6_ENTRY_E3_COMBINED,2025-03-11,603915,国茂股份,s6setup-a268ff9470f36410b3b1,WATCH_CANDIDATE,NOT_APPLICABLE,False,0,NOT_EVALUATED,0,0.0,0.0,0.0
S6_ENTRY_E3_COMBINED,2025-03-11,688041,海光信息,s6setup-9a7648a71876120ebaaf,WATCH_CANDIDATE,NOT_APPLICABLE,False,0,NOT_EVALUATED,0,0.0,0.0,0.0
S6_ENTRY_E3_COMBINED,2025-03-11,688213,思特威,s6setup-cfd64463a895f91c7e92,WATCH_CANDIDATE,NOT_APPLICABLE,False,0,NOT_EVALUATED,0,0.0,0.0,0.0
S6_ENTRY_E3_COMBINED,2025-03-11,688400,凌云光,s6setup-e30b6543c9a4f715fb66,WATCH_CANDIDATE,NOT_APPLICABLE,False,0,NOT_EVALUATED,0,0.0,0.0,0.0
S6_ENTRY_E3_COMBINED,2025-03-11,688466,金科环境,s6setup-74bacd272ba85bd07fb0,KEY_CANDIDATE,SUPPORT_CONFIRMED,True,3,NOT_EVALUATED,0,0.0,0.0,0.0
S6_ENTRY_E3_COMBINED,2025-03-12,002152,广电运通,s6setup-1a652941f4d2ba4d952d,KEY_CANDIDATE,SUPPORT_CONFIRMED,True,4,NOT_EVALUATED,0,0.0,0.0,0.0
S6_ENTRY_E3_COMBINED,2025-03-12,002334,英威腾,s6setup-9573a2607c2d6860603b,WATCH_CANDIDATE,NOT_APPLICABLE,False,0,NOT_EVALUATED,0,0.0,0.0,0.0
S6_ENTRY_E3_COMBINED,2025-03-12,002402,和而泰,s6setup-f5a9455758a7c2d37c34,WATCH_CANDIDATE,NOT_APPLICABLE,False,0,NOT_EVALUATED,0,0.0,0.0,0.0
S6_ENTRY_E3_COMBINED,2025-03-12,002536,飞龙股份,s6setup-9dd30987d243c86137a3,WATCH_CANDIDATE,SUPPORT_CONFIRMED,True,4,NOT_EVALUATED,0,0.0,0.0,0.0
S6_ENTRY_E3_COMBINED,2025-03-12,300065,海兰信,s6setup-7ad83946d6b5e7a18b02,KEY_CANDIDATE,SUPPORT_CONFIRMED,True,4,NOT_EVALUATED,0,0.0,0.0,0.0
S6_ENTRY_E3_COMBINED,2025-03-12,300276,三丰智能,s6setup-a2e8f236483f82aaa623,KEY_CANDIDATE,SUPPORT_CONFIRMED,True,3,RELIABLE,250,0.452,0.248,0.991104
S6_ENTRY_E3_COMBINED,2025-03-12,300307,慈星股份,s6setup-c4931d99b7cb67258402,WATCH_CANDIDATE,SUPPORT_CONFIRMED,True,4,NOT_EVALUATED,0,0.0,0.0,0.0
S6_ENTRY_E3_COMBINED,2025-03-12,300602,飞荣达,s6setup-70826988a04612db155f,WATCH_CANDIDATE,NOT_APPLICABLE,False,0,NOT_EVALUATED,0,0.0,0.0,0.0
S6_ENTRY_E3_COMBINED,2025-03-12,300846,首都在线,s6setup-e638d1e29bfa0e8b492d,KEY_CANDIDATE,SUPPORT_CONFIRMED,True,4,NOT_EVALUATED,0,0.0,0.0,0.0
S6_ENTRY_E3_COMBINED,2025-03-12,600143,金发科技,s6setup-32ff951c8a2e04623c92,WATCH_CANDIDATE,SUPPORT_CONFIRMED,True,3,NOT_EVALUATED,0,0.0,0.0,0.0
S6_ENTRY_E3_COMBINED,2025-03-12,688213,思特威,s6setup-e587c432324694e3816e,WATCH_CANDIDATE,SUPPORT_CONFIRMED,True,4,NOT_EVALUATED,0,0.0,0.0,0.0
S6_ENTRY_E3_COMBINED,2025-03-12,688400,凌云光,s6setup-e30b6543c9a4f715fb66,KEY_CANDIDATE,SUPPORT_CONFIRMED,True,3,RELIABLE,250,0.516,0.256,0.930479
S6_ENTRY_E3_COMBINED,2025-03-12,688722,同益中,s6setup-7d4617d1763b1294ea24,WATCH_CANDIDATE,SUPPORT_CONFIRMED,True,3,NOT_EVALUATED,0,0.0,0.0,0.0
S6_ENTRY_E3_COMBINED,2025-03-13,002152,广电运通,s6setup-1a652941f4d2ba4d952d,KEY_CANDIDATE,SUPPORT_CONFIRMED,True,3,NOT_EVALUATED,0,0.0,0.0,0.0
S6_ENTRY_E3_COMBINED,2025-03-13,002334,英威腾,s6setup-9573a2607c2d6860603b,WATCH_CANDIDATE,SUPPORT_CONFIRMED,True,3,NOT_EVALUATED,0,0.0,0.0,0.0
S6_ENTRY_E3_COMBINED,2025-03-13,002517,恺英网络,s6setup-efbec065a0e63a0e65f3,KEY_CANDIDATE,SUPPORT_CONFIRMED,True,5,RELIABLE,250,0.548,0.16,0.752833
S6_ENTRY_E3_COMBINED,2025-03-13,300124,汇川技术,s6setup-5f1e06d6e268d09e8023,WATCH_CANDIDATE,SUPPORT_FORMING,False,2,NOT_EVALUATED,0,0.0,0.0,0.0
S6_ENTRY_E3_COMBINED,2025-03-13,300383,光环新网,s6setup-44e0c9033a1d6e65cc28,KEY_CANDIDATE,SUPPORT_CONFIRMED,True,3,NOT_EVALUATED,0,0.0,0.0,0.0
S6_ENTRY_E3_COMBINED,2025-03-13,688041,海光信息,s6setup-39e835b206d36a70c71e,WATCH_CANDIDATE,SUPPORT_FORMING,False,2,NOT_EVALUATED,0,0.0,0.0,0.0
S6_ENTRY_E3_COMBINED,2025-03-13,688116,天奈科技,s6setup-f3f4c3e098a92dd7a8a7,WATCH_CANDIDATE,SUPPORT_CONFIRMED,True,4,NOT_EVALUATED,0,0.0,0.0,0.0
S6_ENTRY_E3_COMBINED,2025-03-13,688466,金科环境,s6setup-729dc03dd333692f47b0,WATCH_CANDIDATE,SUPPORT_FORMING,False,2,NOT_EVALUATED,0,0.0,0.0,0.0
S6_ENTRY_E3_COMBINED,2025-03-13,688611,杭州柯林,s6setup-26e7e31a7ac13a6c69e4,WATCH_CANDIDATE,SUPPORT_FORMING,False,2,NOT_EVALUATED,0,0.0,0.0,0.0
S6_ENTRY_E3_COMBINED,2025-03-13,689009,九号公司,s6setup-02d7326cfc51e8d6b2de,WATCH_CANDIDATE,SUPPORT_CONFIRMED,True,5,NOT_EVALUATED,0,0.0,0.0,0.0
S6_ENTRY_E3_COMBINED,2025-03-14,001309,德明利,s6setup-65cc2cee22d5d9c46cf7,WATCH_CANDIDATE,SUPPORT_CONFIRMED,True,5,NOT_EVALUATED,0,0.0,0.0,0.0
S6_ENTRY_E3_COMBINED,2025-03-14,002139,拓邦股份,s6setup-a395f4053d44b2b95a38,WATCH_CANDIDATE,SUPPORT_CONFIRMED,True,5,NOT_EVALUATED,0,0.0,0.0,0.0
S6_ENTRY_E3_COMBINED,2025-03-14,002602,世纪华通,s6setup-8a6a27bd74f29483a17c,WATCH_CANDIDATE,NOT_APPLICABLE,False,0,NOT_EVALUATED,0,0.0,0.0,0.0
S6_ENTRY_E3_COMBINED,2025-03-14,301165,锐捷网络,s6setup-660eb4bcfb0bb97473c2,WATCH_CANDIDATE,NOT_APPLICABLE,False,0,NOT_EVALUATED,0,0.0,0.0,0.0
S6_ENTRY_E3_COMBINED,2025-03-14,301308,江波龙,s6setup-10c6f89509a55b7c641f,WATCH_CANDIDATE,SUPPORT_CONFIRMED,True,5,NOT_EVALUATED,0,0.0,0.0,0.0
S6_ENTRY_E3_COMBINED,2025-03-14,688103,国力电子,s6setup-460d5619c1ccd0b42ede,WATCH_CANDIDATE,NOT_APPLICABLE,False,0,NOT_EVALUATED,0,0.0,0.0,0.0
S6_ENTRY_E3_COMBINED,2025-03-14,688116,天奈科技,s6setup-f3f4c3e098a92dd7a8a7,WATCH_CANDIDATE,SUPPORT_CONFIRMED,True,5,NOT_EVALUATED,0,0.0,0.0,0.0
S6_ENTRY_E3_COMBINED,2025-03-14,688466,金科环境,s6setup-9cbc88c67d20123c55a0,WATCH_CANDIDATE,NOT_APPLICABLE,False,0,NOT_EVALUATED,0,0.0,0.0,0.0
S6_ENTRY_E3_COMBINED,2025-03-17,300007,汉威科技,s6setup-c6f59562fc29e1b7aa0f,WATCH_CANDIDATE,NOT_APPLICABLE,False,0,NOT_EVALUATED,0,0.0,0.0,0.0
S6_ENTRY_E3_COMBINED,2025-03-17,300035,中科电气,s6setup-3851eef3d0ecff5bba32,WATCH_CANDIDATE,NOT_APPLICABLE,False,0,NOT_EVALUATED,0,0.0,0.0,0.0
S6_ENTRY_E3_COMBINED,2025-03-17,300473,德尔股份,s6setup-4269b9bb4f194278f827,WATCH_CANDIDATE,SUPPORT_CONFIRMED,True,4,NOT_EVALUATED,0,0.0,0.0,0.0
S6_ENTRY_E3_COMBINED,2025-03-17,300503,昊志机电,s6setup-b365884df694ce2f0407,WATCH_CANDIDATE,SUPPORT_CONFIRMED,True,5,NOT_EVALUATED,0,0.0,0.0,0.0
S6_ENTRY_E3_COMBINED,2025-03-17,300687,赛意信息,s6setup-babc61c53c3fbd5dbdd9,KEY_CANDIDATE,SUPPORT_CONFIRMED,True,3,NOT_EVALUATED,0,0.0,0.0,0.0
S6_ENTRY_E3_COMBINED,2025-03-17,301308,江波龙,s6setup-76e7dc0279f16bacf0cd,WATCH_CANDIDATE,NOT_APPLICABLE,False,0,NOT_EVALUATED,0,0.0,0.0,0.0
S6_ENTRY_E3_COMBINED,2025-03-17,603496,恒为科技,s6setup-57487f4860bdd0246506,KEY_CANDIDATE,SUPPORT_CONFIRMED,True,5,NOT_EVALUATED,0,0.0,0.0,0.0
S6_ENTRY_E3_COMBINED,2025-03-17,688103,国力电子,s6setup-62e204826e22d40919f8,KEY_CANDIDATE,SUPPORT_CONFIRMED,True,4,NOT_EVALUATED,0,0.0,0.0,0.0
S6_ENTRY_E3_COMBINED,2025-03-17,688116,天奈科技,s6setup-f3f4c3e098a92dd7a8a7,WATCH_CANDIDATE,SUPPORT_CONFIRMED,True,3,NOT_EVALUATED,0,0.0,0.0,0.0
S6_ENTRY_E3_COMBINED,2025-03-17,688428,诺诚健华,s6setup-ec7b7291a38d04bcf218,KEY_CANDIDATE,SUPPORT_CONFIRMED,True,5,NOT_EVALUATED,0,0.0,0.0,0.0
S6_ENTRY_E3_COMBINED,2025-03-18,002414,高德红外,s6setup-9eb0785d7e71d7a4ffb1,WATCH_CANDIDATE,SUPPORT_FORMING,False,2,RELIABLE,250,0.404,0.344,0.106151
S6_ENTRY_E3_COMBINED,2025-03-18,300473,德尔股份,s6setup-18307867e16b3953aa40,WATCH_CANDIDATE,SUPPORT_CONFIRMED,True,4,NOT_EVALUATED,0,0.0,0.0,0.0
S6_ENTRY_E3_COMBINED,2025-03-18,301308,江波龙,s6setup-76e7dc0279f16bacf0cd,WATCH_CANDIDATE,SUPPORT_CONFIRMED,True,3,NOT_EVALUATED,0,0.0,0.0,0.0
S6_ENTRY_E3_COMBINED,2025-03-18,603496,恒为科技,s6setup-e9040e7f92b0891f1911,WATCH_CANDIDATE,SUPPORT_CONFIRMED,True,3,NOT_EVALUATED,0,0.0,0.0,0.0
S6_ENTRY_E3_COMBINED,2025-03-18,688070,纵横股份,s6setup-414023d3ba4d311ce03e,WATCH_CANDIDATE,SUPPORT_CONFIRMED,True,5,NOT_EVALUATED,0,0.0,0.0,0.0
S6_ENTRY_E3_COMBINED,2025-03-18,688103,国力电子,s6setup-460d5619c1ccd0b42ede,WATCH_CANDIDATE,SUPPORT_CONFIRMED,True,4,NOT_EVALUATED,0,0.0,0.0,0.0
S6_ENTRY_E3_COMBINED,2025-03-18,688114,华大智造,s6setup-0cd9198cac2957d72afb,WATCH_CANDIDATE,SUPPORT_CONFIRMED,True,3,NOT_EVALUATED,0,0.0,0.0,0.0
S6_ENTRY_E3_COMBINED,2025-03-18,688116,天奈科技,s6setup-f3f4c3e098a92dd7a8a7,KEY_CANDIDATE,SUPPORT_CONFIRMED,True,3,RELIABLE,250,0.4,0.272,0.75583
S6_ENTRY_E3_COMBINED,2025-03-18,688428,诺诚健华,s6setup-7fc4a65be0b689d9920c,KEY_CANDIDATE,SUPPORT_CONFIRMED,True,5,NOT_EVALUATED,0,0.0,0.0,0.0
S6_ENTRY_E3_COMBINED,2025-03-18,688611,杭州柯林,s6setup-a7e02101c7f032c59cc9,WATCH_CANDIDATE,SUPPORT_CONFIRMED,True,5,NOT_EVALUATED,0,0.0,0.0,0.0
S6_ENTRY_E3_COMBINED,2025-03-19,002414,高德红外,s6setup-e79fa17af18d8e91488d,WATCH_CANDIDATE,SUPPORT_FORMING,False,2,NOT_EVALUATED,0,0.0,0.0,0.0
S6_ENTRY_E3_COMBINED,2025-03-19,002582,好想你,s6setup-a64be5b2f42331849268,WATCH_CANDIDATE,SUPPORT_CONFIRMED,True,3,NOT_EVALUATED,0,0.0,0.0,0.0
S6_ENTRY_E3_COMBINED,2025-03-19,300473,德尔股份,s6setup-18307867e16b3953aa40,WATCH_CANDIDATE,SUPPORT_CONFIRMED,True,3,NOT_EVALUATED,0,0.0,0.0,0.0
S6_ENTRY_E3_COMBINED,2025-03-19,300870,欧陆通,s6setup-22eb66334993fd01e02f,WATCH_CANDIDATE,SUPPORT_CONFIRMED,True,3,NOT_EVALUATED,0,0.0,0.0,0.0
S6_ENTRY_E3_COMBINED,2025-03-19,600114,东睦股份,s6setup-a49725eba065cb5dc455,WATCH_CANDIDATE,SUPPORT_CONFIRMED,True,3,NOT_EVALUATED,0,0.0,0.0,0.0
S6_ENTRY_E3_COMBINED,2025-03-19,603496,恒为科技,s6setup-e9040e7f92b0891f1911,KEY_CANDIDATE,SUPPORT_CONFIRMED,True,5,RELIABLE,250,0.308,0.168,0.233341
S6_ENTRY_E3_COMBINED,2025-03-19,603583,捷昌驱动,s6setup-2b680aec3ac2ae09d9cb,WATCH_CANDIDATE,SUPPORT_CONFIRMED,True,5,NOT_EVALUATED,0,0.0,0.0,0.0
S6_ENTRY_E3_COMBINED,2025-03-19,603887,城地香江,s6setup-1d43275aa4335d06764a,WATCH_CANDIDATE,NOT_APPLICABLE,False,0,NOT_EVALUATED,0,0.0,0.0,0.0
S6_ENTRY_E3_COMBINED,2025-03-19,688081,兴图新科,s6setup-e68d61bcf0d2acd44105,WATCH_CANDIDATE,NOT_APPLICABLE,False,0,NOT_EVALUATED,0,0.0,0.0,0.0
S6_ENTRY_E3_COMBINED,2025-03-19,688103,国力电子,s6setup-460d5619c1ccd0b42ede,KEY_CANDIDATE,SUPPORT_CONFIRMED,True,3,NOT_EVALUATED,0,0.0,0.0,0.0
S6_ENTRY_E3_COMBINED,2025-03-19,688114,华大智造,s6setup-0cd9198cac2957d72afb,WATCH_CANDIDATE,NOT_APPLICABLE,False,0,NOT_EVALUATED,0,0.0,0.0,0.0
S6_ENTRY_E3_COMBINED,2025-03-19,688266,泽璟制药,s6setup-eb2c77ff2d313ed90396,WATCH_CANDIDATE,NOT_APPLICABLE,False,0,NOT_EVALUATED,0,0.0,0.0,0.0
S6_ENTRY_E3_COMBINED,2025-03-19,688428,诺诚健华,s6setup-fb0c092ba8b95d201733,KEY_CANDIDATE,SUPPORT_CONFIRMED,True,3,NOT_EVALUATED,0,0.0,0.0,0.0
S6_ENTRY_E3_COMBINED,2025-03-20,300183,东软载波,s6setup-314c58c296b156d1537c,KEY_CANDIDATE,SUPPORT_CONFIRMED,True,4,NOT_EVALUATED,0,0.0,0.0,0.0
S6_ENTRY_E3_COMBINED,2025-03-20,300738,奥飞数据,s6setup-d192d8a6fa45f6875f3a,KEY_CANDIDATE,SUPPORT_CONFIRMED,True,3,NOT_EVALUATED,0,0.0,0.0,0.0
S6_ENTRY_E3_COMBINED,2025-03-20,300777,中简科技,s6setup-ea5a0a3dcfe8be19d0c6,WATCH_CANDIDATE,SUPPORT_FORMING,False,2,NOT_EVALUATED,0,0.0,0.0,0.0
S6_ENTRY_E3_COMBINED,2025-03-20,300870,欧陆通,s6setup-560e869d0aba56ceeec8,WATCH_CANDIDATE,NOT_APPLICABLE,False,0,NOT_EVALUATED,0,0.0,0.0,0.0
S6_ENTRY_E3_COMBINED,2025-03-20,603887,城地香江,s6setup-1d43275aa4335d06764a,WATCH_CANDIDATE,SUPPORT_FORMING,False,2,NOT_EVALUATED,0,0.0,0.0,0.0
S6_ENTRY_E3_COMBINED,2025-03-20,688266,泽璟制药,s6setup-6efad0bc55ebf522decc,WATCH_CANDIDATE,NOT_APPLICABLE,False,0,NOT_EVALUATED,0,0.0,0.0,0.0
S6_ENTRY_E3_COMBINED,2025-03-20,688428,诺诚健华,s6setup-76060df902c86edffba2,KEY_CANDIDATE,SUPPORT_CONFIRMED,True,3,NOT_EVALUATED,0,0.0,0.0,0.0
S6_ENTRY_E3_COMBINED,2025-03-21,300777,中简科技,s6setup-87dda88ed4214ac5df61,WATCH_CANDIDATE,SUPPORT_FORMING,False,4,NOT_EVALUATED,0,0.0,0.0,0.0
S6_ENTRY_E3_COMBINED,2025-03-21,688266,泽璟制药,s6setup-01498b9e96072f6812f1,WATCH_CANDIDATE,NOT_APPLICABLE,False,0,NOT_EVALUATED,0,0.0,0.0,0.0
S6_ENTRY_E3_COMBINED,2025-03-24,601881,XD中国银,s6setup-da407f8d08dd81c247b6,WATCH_CANDIDATE,NOT_APPLICABLE,False,0,NOT_EVALUATED,0,0.0,0.0,0.0
S6_ENTRY_E3_COMBINED,2025-03-24,688266,泽璟制药,s6setup-01498b9e96072f6812f1,WATCH_CANDIDATE,SUPPORT_FORMING,False,2,NOT_EVALUATED,0,0.0,0.0,0.0
S6_ENTRY_E3_COMBINED,2025-03-25,300035,中科电气,s6setup-3c5e0aed12a341c184e7,WATCH_CANDIDATE,SUPPORT_CONFIRMED,True,5,NOT_EVALUATED,0,0.0,0.0,0.0
S6_ENTRY_E3_COMBINED,2025-03-25,300469,信息发展,s6setup-b1cf7e1a90a3897814cc,WATCH_CANDIDATE,SUPPORT_CONFIRMED,True,3,NOT_EVALUATED,0,0.0,0.0,0.0
S6_ENTRY_E3_COMBINED,2025-03-25,688700,东威科技,s6setup-612c755c54dd8f6408e8,WATCH_CANDIDATE,SUPPORT_CONFIRMED,True,5,NOT_EVALUATED,0,0.0,0.0,0.0
S6_ENTRY_E3_COMBINED,2025-03-26,300035,中科电气,s6setup-3c5e0aed12a341c184e7,WATCH_CANDIDATE,SUPPORT_CONFIRMED,True,3,NOT_EVALUATED,0,0.0,0.0,0.0
S6_ENTRY_E3_COMBINED,2025-03-27,689009,九号公司,s6setup-86f7690a6c97e1935a47,WATCH_CANDIDATE,NOT_APPLICABLE,False,0,NOT_EVALUATED,0,0.0,0.0,0.0
S6_ENTRY_E3_COMBINED,2025-03-28,300258,精锻科技,s6setup-067f3d614b1a9b2ca067,WATCH_CANDIDATE,SUPPORT_CONFIRMED,True,4,NOT_EVALUATED,0,0.0,0.0,0.0
S6_ENTRY_E3_COMBINED,2025-03-28,689009,九号公司,s6setup-5f57b574130e3f4093b4,WATCH_CANDIDATE,NOT_APPLICABLE,False,0,NOT_EVALUATED,0,0.0,0.0,0.0
S6_ENTRY_E3_COMBINED,2025-03-31,689009,九号公司,s6setup-02d7326cfc51e8d6b2de,WATCH_CANDIDATE,NOT_APPLICABLE,False,0,NOT_EVALUATED,0,0.0,0.0,0.0
S6_ENTRY_E3_COMBINED,2025-04-01,688521,芯原股份,s6setup-919c1bd1592da18d9049,WATCH_CANDIDATE,SUPPORT_CONFIRMED,True,3,NOT_EVALUATED,0,0.0,0.0,0.0
S6_ENTRY_E3_COMBINED,2025-04-02,603678,火炬电子,s6setup-54b2a559c7ad59b371ae,WATCH_CANDIDATE,SUPPORT_CONFIRMED,True,3,NOT_EVALUATED,0,0.0,0.0,0.0
S6_ENTRY_E3_COMBINED,2025-04-03,000997,新 大 陆,s6setup-1e2d25294585f6e19ab8,WATCH_CANDIDATE,SUPPORT_CONFIRMED,True,3,RELIABLE,250,0.64,0.272,0.671898
S6_ENTRY_E3_COMBINED,2025-04-03,603678,火炬电子,s6setup-ff30d4f93e8b818443fb,WATCH_CANDIDATE,SUPPORT_CONFIRMED,True,4,RELIABLE,250,0.656,0.164,0.655121
S6_ENTRY_E3_COMBINED,2025-04-14,688178,万德斯,s6setup-2e2e62f8c57148f33f36,WATCH_CANDIDATE,SUPPORT_CONFIRMED,True,4,NOT_EVALUATED,0,0.0,0.0,0.0
S6_ENTRY_E3_COMBINED,2025-04-15,688178,万德斯,s6setup-d6572d299243798c5c79,WATCH_CANDIDATE,SUPPORT_CONFIRMED,True,5,NOT_EVALUATED,0,0.0,0.0,0.0
S6_ENTRY_E3_COMBINED,2025-04-21,688186,广大特材,s6setup-981db2cb4cbb2d4ee947,WATCH_CANDIDATE,NOT_APPLICABLE,False,0,NOT_EVALUATED,0,0.0,0.0,0.0
S6_ENTRY_E3_COMBINED,2025-04-21,688776,国光电气,s6setup-b862b5109c23c838ff8a,WATCH_CANDIDATE,SUPPORT_CONFIRMED,True,5,NOT_EVALUATED,0,0.0,0.0,0.0
S6_ENTRY_E3_COMBINED,2025-04-22,000876,新 希 望,s6setup-76e1598d90c3acec1fdc,WATCH_CANDIDATE,SUPPORT_CONFIRMED,True,3,NOT_EVALUATED,0,0.0,0.0,0.0
S6_ENTRY_E3_COMBINED,2025-04-23,688580,伟思医疗,s6setup-641baa10d8724eb28812,WATCH_CANDIDATE,SUPPORT_CONFIRMED,True,4,NOT_EVALUATED,0,0.0,0.0,0.0
S6_ENTRY_E3_COMBINED,2025-04-24,605499,东鹏饮料,s6setup-2b970302ad49532611b6,WATCH_CANDIDATE,SUPPORT_CONFIRMED,True,5,NOT_EVALUATED,0,0.0,0.0,0.0
S6_ENTRY_E3_COMBINED,2025-04-24,688065,凯赛生物,s6setup-69910d5c6bd94a133606,WATCH_CANDIDATE,NOT_APPLICABLE,False,0,NOT_EVALUATED,0,0.0,0.0,0.0
S6_ENTRY_E3_COMBINED,2025-04-25,688065,凯赛生物,s6setup-69910d5c6bd94a133606,WATCH_CANDIDATE,NOT_APPLICABLE,False,0,NOT_EVALUATED,0,0.0,0.0,0.0
S6_ENTRY_E3_COMBINED,2025-05-06,300723,一品红,s6setup-9e030ba86f6a41585748,KEY_CANDIDATE,SUPPORT_CONFIRMED,True,4,RELIABLE,250,0.48,0.172,0.516653
S6_ENTRY_E3_COMBINED,2025-05-06,688600,皖仪科技,s6setup-8f1482991fd6d89ad23a,WATCH_CANDIDATE,NOT_APPLICABLE,False,0,NOT_EVALUATED,0,0.0,0.0,0.0
S6_ENTRY_E3_COMBINED,2025-05-07,300723,一品红,s6setup-9e030ba86f6a41585748,KEY_CANDIDATE,SUPPORT_CONFIRMED,True,3,NOT_EVALUATED,0,0.0,0.0,0.0
S6_ENTRY_E3_COMBINED,2025-05-07,688600,皖仪科技,s6setup-c7c68dc7bdbd306bc2fc,WATCH_CANDIDATE,NOT_APPLICABLE,False,0,NOT_EVALUATED,0,0.0,0.0,0.0
S6_ENTRY_E3_COMBINED,2025-05-08,688600,皖仪科技,s6setup-c7c68dc7bdbd306bc2fc,WATCH_CANDIDATE,SUPPORT_CONFIRMED,True,4,NOT_EVALUATED,0,0.0,0.0,0.0
S6_ENTRY_E3_COMBINED,2025-05-09,001212,中旗新材,s6setup-3d692b717827051456f1,WATCH_CANDIDATE,SUPPORT_CONFIRMED,True,3,NOT_EVALUATED,0,0.0,0.0,0.0
S6_ENTRY_E3_COMBINED,2025-05-13,688117,圣诺生物,s6setup-45220c57334d58bf17cd,WATCH_CANDIDATE,SUPPORT_CONFIRMED,True,4,NOT_EVALUATED,0,0.0,0.0,0.0
S6_ENTRY_E3_COMBINED,2025-05-13,688501,青达环保,s6setup-dfe520807e0db502e5f0,WATCH_CANDIDATE,NOT_APPLICABLE,False,0,NOT_EVALUATED,0,0.0,0.0,0.0
S6_ENTRY_E3_COMBINED,2025-05-14,688501,青达环保,s6setup-dfe520807e0db502e5f0,WATCH_CANDIDATE,SUPPORT_CONFIRMED,True,3,NOT_EVALUATED,0,0.0,0.0,0.0
S6_ENTRY_E3_COMBINED,2025-05-15,688501,青达环保,s6setup-dfe520807e0db502e5f0,WATCH_CANDIDATE,SUPPORT_CONFIRMED,True,3,NOT_EVALUATED,0,0.0,0.0,0.0
S6_ENTRY_E3_COMBINED,2025-05-16,688501,青达环保,s6setup-0f91ffcd59c0cb319b88,WATCH_CANDIDATE,SUPPORT_CONFIRMED,True,5,NOT_EVALUATED,0,0.0,0.0,0.0
S6_ENTRY_E3_COMBINED,2025-05-19,300353,东土科技,s6setup-ca9f5bb3325d84899bbd,WATCH_CANDIDATE,NOT_APPLICABLE,False,0,NOT_EVALUATED,0,0.0,0.0,0.0
S6_ENTRY_E3_COMBINED,2025-05-19,688093,世华科技,s6setup-41bcdfb7e197b5fb367a,WATCH_CANDIDATE,SUPPORT_FORMING,False,4,NOT_EVALUATED,0,0.0,0.0,0.0
S6_ENTRY_E3_COMBINED,2025-05-19,688501,青达环保,s6setup-aa7d8acf4755c3e308ec,WATCH_CANDIDATE,SUPPORT_CONFIRMED,True,4,NOT_EVALUATED,0,0.0,0.0,0.0
S6_ENTRY_E3_COMBINED,2025-05-19,688767,博拓生物,s6setup-bf70062bec795b360945,WATCH_CANDIDATE,SUPPORT_FORMING,False,4,NOT_EVALUATED,0,0.0,0.0,0.0
S6_ENTRY_E3_COMBINED,2025-05-20,688501,青达环保,s6setup-66bdac291b9f5e54849d,WATCH_CANDIDATE,NOT_APPLICABLE,False,0,NOT_EVALUATED,0,0.0,0.0,0.0
S6_ENTRY_E3_COMBINED,2025-05-21,688128,中国电研,s6setup-558ca6606b8a183fe613,WATCH_CANDIDATE,WAITING_BREAKOUT,False,0,NOT_EVALUATED,0,0.0,0.0,0.0
S6_ENTRY_E3_COMBINED,2025-05-21,688233,神工股份,s6setup-361ea9d5d896aa6aeacd,WATCH_CANDIDATE,SUPPORT_CONFIRMED,True,3,NOT_EVALUATED,0,0.0,0.0,0.0
S6_ENTRY_E3_COMBINED,2025-05-21,688313,仕佳光子,s6setup-14605b552daa7ebd2184,WATCH_CANDIDATE,NOT_APPLICABLE,False,0,NOT_EVALUATED,0,0.0,0.0,0.0
S6_ENTRY_E3_COMBINED,2025-05-21,688501,青达环保,s6setup-1a854159058baa7ac0fc,WATCH_CANDIDATE,SUPPORT_CONFIRMED,True,3,NOT_EVALUATED,0,0.0,0.0,0.0
S6_ENTRY_E3_COMBINED,2025-05-21,688722,同益中,s6setup-cdbc5becdb2b0aec2a55,WATCH_CANDIDATE,SUPPORT_FORMING,False,2,NOT_EVALUATED,0,0.0,0.0,0.0
S6_ENTRY_E3_COMBINED,2025-05-22,688128,中国电研,s6setup-7b3723d2f89fd4ca149b,WATCH_CANDIDATE,WAITING_BREAKOUT,False,0,NOT_EVALUATED,0,0.0,0.0,0.0
S6_ENTRY_E3_COMBINED,2025-05-22,688313,仕佳光子,s6setup-14605b552daa7ebd2184,KEY_CANDIDATE,SUPPORT_CONFIRMED,True,3,NOT_EVALUATED,0,0.0,0.0,0.0
S6_ENTRY_E3_COMBINED,2025-05-22,688501,青达环保,s6setup-51231e8f904ec57ab00c,WATCH_CANDIDATE,NOT_APPLICABLE,False,0,NOT_EVALUATED,0,0.0,0.0,0.0
S6_ENTRY_E3_COMBINED,2025-05-23,688313,仕佳光子,s6setup-14605b552daa7ebd2184,WATCH_CANDIDATE,SUPPORT_FORMING,False,2,NOT_EVALUATED,0,0.0,0.0,0.0
S6_ENTRY_E3_COMBINED,2025-05-26,603809,豪能股份,s6setup-415457793a9556486569,WATCH_CANDIDATE,SUPPORT_CONFIRMED,True,3,RELIABLE,250,0.576,0.244,0.768518
S6_ENTRY_E3_COMBINED,2025-05-26,688128,中国电研,s6setup-7b3723d2f89fd4ca149b,WATCH_CANDIDATE,SUPPORT_FORMING,False,3,NOT_EVALUATED,0,0.0,0.0,0.0
S6_ENTRY_E3_COMBINED,2025-05-26,688313,仕佳光子,s6setup-14605b552daa7ebd2184,WATCH_CANDIDATE,SUPPORT_FORMING,False,3,NOT_EVALUATED,0,0.0,0.0,0.0
S6_ENTRY_E3_COMBINED,2025-05-27,688128,中国电研,s6setup-f2a5c66ddcf54c6ffda1,KEY_CANDIDATE,SUPPORT_CONFIRMED,True,5,NOT_EVALUATED,0,0.0,0.0,0.0
S6_ENTRY_E3_COMBINED,2025-05-27,688667,菱电电控,s6setup-03808ad7ef803f59220a,WATCH_CANDIDATE,NOT_APPLICABLE,False,0,NOT_EVALUATED,0,0.0,0.0,0.0
S6_ENTRY_E3_COMBINED,2025-05-28,600592,龙溪股份,s6setup-24cc6f1502a0a5d823a2,WATCH_CANDIDATE,SUPPORT_CONFIRMED,True,5,NOT_EVALUATED,0,0.0,0.0,0.0
S6_ENTRY_E3_COMBINED,2025-05-28,688313,仕佳光子,s6setup-14605b552daa7ebd2184,KEY_CANDIDATE,SUPPORT_CONFIRMED,True,5,NOT_EVALUATED,0,0.0,0.0,0.0
S6_ENTRY_E3_COMBINED,2025-05-28,688667,菱电电控,s6setup-038a552984e465159848,KEY_CANDIDATE,SUPPORT_CONFIRMED,True,5,NOT_EVALUATED,0,0.0,0.0,0.0
S6_ENTRY_E3_COMBINED,2025-05-29,688297,中无人机,s6setup-e5b01dcbb14d34ef0d8f,KEY_CANDIDATE,SUPPORT_CONFIRMED,True,5,RELIABLE,250,0.348,0.164,0.24198
S6_ENTRY_E3_COMBINED,2025-05-29,688767,博拓生物,s6setup-6a74d2b8bd7ebd939b5d,WATCH_CANDIDATE,NOT_APPLICABLE,False,0,NOT_EVALUATED,0,0.0,0.0,0.0
S6_ENTRY_E3_COMBINED,2025-05-30,300047,天源迪科,s6setup-205764369053b53f46ce,WATCH_CANDIDATE,SUPPORT_CONFIRMED,True,3,NOT_EVALUATED,0,0.0,0.0,0.0
S6_ENTRY_E3_COMBINED,2025-05-30,688117,圣诺生物,s6setup-04791a11266fccefb339,WATCH_CANDIDATE,NOT_APPLICABLE,False,0,NOT_EVALUATED,0,0.0,0.0,0.0
S6_ENTRY_E3_COMBINED,2025-05-30,688297,中无人机,s6setup-e5b01dcbb14d34ef0d8f,WATCH_CANDIDATE,SUPPORT_FORMING,False,4,RELIABLE,250,0.332,0.156,0.317916
S6_ENTRY_E3_COMBINED,2025-05-30,688767,博拓生物,s6setup-6a74d2b8bd7ebd939b5d,WATCH_CANDIDATE,SUPPORT_CONFIRMED,True,4,NOT_EVALUATED,0,0.0,0.0,0.0
S6_ENTRY_E3_COMBINED,2025-06-03,002891,中宠股份,s6setup-23f11bf3513b19a47d73,WATCH_CANDIDATE,NOT_APPLICABLE,False,0,NOT_EVALUATED,0,0.0,0.0,0.0
S6_ENTRY_E3_COMBINED,2025-06-03,688767,博拓生物,s6setup-998e226009a9574861d5,WATCH_CANDIDATE,NOT_APPLICABLE,False,0,NOT_EVALUATED,0,0.0,0.0,0.0
S6_ENTRY_E3_COMBINED,2025-06-04,688767,博拓生物,s6setup-f6bc69faac31187db8e1,WATCH_CANDIDATE,NOT_APPLICABLE,False,0,NOT_EVALUATED,0,0.0,0.0,0.0
S6_ENTRY_E3_COMBINED,2025-06-05,000722,湖南发展,s6setup-73ae5bb71010ee426865,WATCH_CANDIDATE,SUPPORT_CONFIRMED,True,3,NOT_EVALUATED,0,0.0,0.0,0.0
S6_ENTRY_E3_COMBINED,2025-06-05,002074,国轩高科,s6setup-b0a14cf7e8cfe9e8e6dc,WATCH_CANDIDATE,SUPPORT_CONFIRMED,True,3,NOT_EVALUATED,0,0.0,0.0,0.0
S6_ENTRY_E3_COMBINED,2025-06-05,688171,纬德信息,s6setup-bb31e32885ee84db11ea,WATCH_CANDIDATE,SUPPORT_CONFIRMED,True,5,NOT_EVALUATED,0,0.0,0.0,0.0
S6_ENTRY_E3_COMBINED,2025-06-06,688171,纬德信息,s6setup-bb2b504a5c6f62af5e75,WATCH_CANDIDATE,SUPPORT_CONFIRMED,True,4,NOT_EVALUATED,0,0.0,0.0,0.0
S6_ENTRY_E3_COMBINED,2025-06-09,000859,国风新材,s6setup-1f3480720eb9c5570b71,KEY_CANDIDATE,SUPPORT_CONFIRMED,True,5,RELIABLE,250,0.588,0.24,0.797594
S6_ENTRY_E3_COMBINED,2025-06-10,002584,西陇科学,s6setup-0e3885c48e6091598fec,WATCH_CANDIDATE,SUPPORT_CONFIRMED,True,5,NOT_EVALUATED,0,0.0,0.0,0.0
S6_ENTRY_E3_COMBINED,2025-06-10,600105,永鼎股份,s6setup-5b27f659dd0e230e2a52,WATCH_CANDIDATE,SUPPORT_CONFIRMED,True,3,NOT_EVALUATED,0,0.0,0.0,0.0
S6_ENTRY_E3_COMBINED,2025-06-10,600550,保变电气,s6setup-b495a3465d15fcca0340,WATCH_CANDIDATE,SUPPORT_FORMING,False,2,RELIABLE,250,0.384,0.144,0.291555
S6_ENTRY_E3_COMBINED,2025-06-11,600105,永鼎股份,s6setup-c3731ceba7c31c7b38ea,WATCH_CANDIDATE,SUPPORT_CONFIRMED,True,3,NOT_EVALUATED,0,0.0,0.0,0.0
S6_ENTRY_E3_COMBINED,2025-06-11,601601,中国太保,s6setup-b986c4e469da63b62700,WATCH_CANDIDATE,NOT_APPLICABLE,False,0,NOT_EVALUATED,0,0.0,0.0,0.0
S6_ENTRY_E3_COMBINED,2025-06-12,600105,永鼎股份,s6setup-c3731ceba7c31c7b38ea,WATCH_CANDIDATE,NOT_APPLICABLE,False,0,NOT_EVALUATED,0,0.0,0.0,0.0
S6_ENTRY_E3_COMBINED,2025-06-12,688211,中科微至,s6setup-5fd917843eae226689bc,KEY_CANDIDATE,SUPPORT_CONFIRMED,True,5,NOT_EVALUATED,0,0.0,0.0,0.0
S6_ENTRY_E3_COMBINED,2025-06-13,002174,游族网络,s6setup-efb966241fd1357193be,WATCH_CANDIDATE,SUPPORT_FORMING,False,2,NOT_EVALUATED,0,0.0,0.0,0.0
S6_ENTRY_E3_COMBINED,2025-06-13,688550,瑞联新材,s6setup-5add3dc797a3d7edb0a4,WATCH_CANDIDATE,SUPPORT_FORMING,False,3,NOT_EVALUATED,0,0.0,0.0,0.0
S6_ENTRY_E3_COMBINED,2025-06-16,002174,游族网络,s6setup-fcdaa609d9c430fa4491,WATCH_CANDIDATE,SUPPORT_CONFIRMED,True,4,NOT_EVALUATED,0,0.0,0.0,0.0
S6_ENTRY_E3_COMBINED,2025-06-16,002215,诺 普 信,s6setup-3ec37812310d180bb5c5,KEY_CANDIDATE,SUPPORT_CONFIRMED,True,4,NOT_EVALUATED,0,0.0,0.0,0.0
S6_ENTRY_E3_COMBINED,2025-06-17,600105,永鼎股份,s6setup-c3731ceba7c31c7b38ea,WATCH_CANDIDATE,SUPPORT_CONFIRMED,True,3,RELIABLE,250,0.592,0.284,1.083548
S6_ENTRY_E3_COMBINED,2025-06-17,688206,概伦电子,s6setup-1a641d1ac9caf0d71300,WATCH_CANDIDATE,SUPPORT_CONFIRMED,True,4,NOT_EVALUATED,0,0.0,0.0,0.0
S6_ENTRY_E3_COMBINED,2025-06-17,688379,华光新材,s6setup-1523b1c327b833a3721c,WATCH_CANDIDATE,SUPPORT_CONFIRMED,True,5,NOT_EVALUATED,0,0.0,0.0,0.0
S6_ENTRY_E3_COMBINED,2025-06-19,688103,国力电子,s6setup-172a1bad3022718fff73,WATCH_CANDIDATE,SUPPORT_FORMING,False,2,NOT_EVALUATED,0,0.0,0.0,0.0
S6_ENTRY_E3_COMBINED,2025-06-20,688600,皖仪科技,s6setup-18bd9a0c8b00652bf1e3,WATCH_CANDIDATE,SUPPORT_FORMING,False,2,NOT_EVALUATED,0,0.0,0.0,0.0
S6_ENTRY_E3_COMBINED,2025-06-23,688196,卓越新能,s6setup-a789564ce640373e5994,WATCH_CANDIDATE,SUPPORT_CONFIRMED,True,4,NOT_EVALUATED,0,0.0,0.0,0.0
S6_ENTRY_E3_COMBINED,2025-06-24,688196,卓越新能,s6setup-ecd0280fa2ab38bb0d88,WATCH_CANDIDATE,SUPPORT_FORMING,False,4,NOT_EVALUATED,0,0.0,0.0,0.0
S6_ENTRY_E3_COMBINED,2025-06-24,688266,泽璟制药,s6setup-2c0916c727d49ac27651,WATCH_CANDIDATE,SUPPORT_CONFIRMED,True,4,NOT_EVALUATED,0,0.0,0.0,0.0
S6_ENTRY_E3_COMBINED,2025-06-24,688600,皖仪科技,s6setup-b1b55f6d7c48197fe892,WATCH_CANDIDATE,NOT_APPLICABLE,False,0,NOT_EVALUATED,0,0.0,0.0,0.0
S6_ENTRY_E3_COMBINED,2025-06-25,300204,舒泰神,s6setup-9c182d59a5d74d9b9c2f,WATCH_CANDIDATE,NOT_APPLICABLE,False,0,NOT_EVALUATED,0,0.0,0.0,0.0
S6_ENTRY_E3_COMBINED,2025-06-25,688215,瑞晟智能,s6setup-2787916ddcfc6dd462ce,WATCH_CANDIDATE,NOT_APPLICABLE,False,0,NOT_EVALUATED,0,0.0,0.0,0.0
S6_ENTRY_E3_COMBINED,2025-06-26,300204,舒泰神,s6setup-9c182d59a5d74d9b9c2f,WATCH_CANDIDATE,SUPPORT_FORMING,False,4,NOT_EVALUATED,0,0.0,0.0,0.0
S6_ENTRY_E3_COMBINED,2025-06-26,688235,百济神州,s6setup-9c2a00b496c3276ebfcc,WATCH_CANDIDATE,SUPPORT_CONFIRMED,True,4,NOT_EVALUATED,0,0.0,0.0,0.0
S6_ENTRY_E3_COMBINED,2025-06-27,300199,翰宇药业,s6setup-98b6d5982ad98654f26b,KEY_CANDIDATE,SUPPORT_CONFIRMED,True,3,RELIABLE,250,0.476,0.284,0.996784
S6_ENTRY_E3_COMBINED,2025-06-27,300204,舒泰神,s6setup-9c182d59a5d74d9b9c2f,WATCH_CANDIDATE,NOT_APPLICABLE,False,0,NOT_EVALUATED,0,0.0,0.0,0.0
S6_ENTRY_E3_COMBINED,2025-06-27,300299,富春股份,s6setup-fe57ace2f3bd9f89704c,KEY_CANDIDATE,SUPPORT_CONFIRMED,True,5,RELIABLE,250,0.316,0.276,0.24163
S6_ENTRY_E3_COMBINED,2025-06-27,600353,旭光电子,s6setup-515d78758d504540b297,WATCH_CANDIDATE,SUPPORT_CONFIRMED,True,5,RELIABLE,250,0.432,0.244,0.625331
S6_ENTRY_E3_COMBINED,2025-06-27,688196,卓越新能,s6setup-a789564ce640373e5994,KEY_CANDIDATE,SUPPORT_CONFIRMED,True,5,NOT_EVALUATED,0,0.0,0.0,0.0
S6_ENTRY_E3_COMBINED,2025-06-30,300043,星辉娱乐,s6setup-f6a7f5890555cf3a6d76,WATCH_CANDIDATE,SUPPORT_CONFIRMED,True,5,NOT_EVALUATED,0,0.0,0.0,0.0
S6_ENTRY_E3_COMBINED,2025-06-30,300199,翰宇药业,s6setup-95eb8d6782437a290e25,WATCH_CANDIDATE,SUPPORT_CONFIRMED,True,5,NOT_EVALUATED,0,0.0,0.0,0.0
S6_ENTRY_E3_COMBINED,2025-06-30,300204,舒泰神,s6setup-9c182d59a5d74d9b9c2f,WATCH_CANDIDATE,NOT_APPLICABLE,False,0,NOT_EVALUATED,0,0.0,0.0,0.0
S6_ENTRY_E3_COMBINED,2025-06-30,600353,旭光电子,s6setup-ed62b8948c41e192b4a6,WATCH_CANDIDATE,NOT_APPLICABLE,False,0,NOT_EVALUATED,0,0.0,0.0,0.0
S6_ENTRY_E3_COMBINED,2025-06-30,600392,盛和资源,s6setup-ce4b7ca71cf102533f26,WATCH_CANDIDATE,SUPPORT_CONFIRMED,True,5,NOT_EVALUATED,0,0.0,0.0,0.0
S6_ENTRY_E3_COMBINED,2025-07-01,000766,通化金马,s6setup-59623e563d0da8f46a90,KEY_CANDIDATE,SUPPORT_CONFIRMED,True,3,NOT_EVALUATED,0,0.0,0.0,0.0
S6_ENTRY_E3_COMBINED,2025-07-01,002317,众生药业,s6setup-7cf3aadef71694a02d4f,WATCH_CANDIDATE,SUPPORT_CONFIRMED,True,5,RELIABLE,250,0.368,0.228,0.436167
S6_ENTRY_E3_COMBINED,2025-07-01,300299,富春股份,s6setup-fe57ace2f3bd9f89704c,KEY_CANDIDATE,SUPPORT_CONFIRMED,True,3,RELIABLE,250,0.3,0.292,0.178442
S6_ENTRY_E3_COMBINED,2025-07-02,300299,富春股份,s6setup-fe57ace2f3bd9f89704c,KEY_CANDIDATE,SUPPORT_CONFIRMED,True,4,RELIABLE,250,0.304,0.296,0.225126
S6_ENTRY_E3_COMBINED,2025-07-03,002550,千红制药,s6setup-f1c97bd07e9e81b642cd,WATCH_CANDIDATE,NOT_APPLICABLE,False,0,NOT_EVALUATED,0,0.0,0.0,0.0
S6_ENTRY_E3_COMBINED,2025-07-03,300299,富春股份,s6setup-fe57ace2f3bd9f89704c,KEY_CANDIDATE,SUPPORT_CONFIRMED,True,3,RELIABLE,250,0.252,0.212,0.437008
S6_ENTRY_E3_COMBINED,2025-07-03,688619,罗普特,s6setup-735ca3a91750dc4692c1,WATCH_CANDIDATE,NOT_APPLICABLE,False,0,NOT_EVALUATED,0,0.0,0.0,0.0
S6_ENTRY_E3_COMBINED,2025-07-04,300180,华峰超纤,s6setup-3df680df65206ff003c0,WATCH_CANDIDATE,SUPPORT_CONFIRMED,True,4,NOT_EVALUATED,0,0.0,0.0,0.0
S6_ENTRY_E3_COMBINED,2025-07-04,688619,罗普特,s6setup-735ca3a91750dc4692c1,WATCH_CANDIDATE,SUPPORT_FORMING,False,2,NOT_EVALUATED,0,0.0,0.0,0.0
S6_ENTRY_E3_COMBINED,2025-07-07,300386,飞天诚信,s6setup-3cbfa8d687c8a76f1b76,WATCH_CANDIDATE,NOT_APPLICABLE,False,0,NOT_EVALUATED,0,0.0,0.0,0.0
S6_ENTRY_E3_COMBINED,2025-07-07,300457,赢合科技,s6setup-299bd8ef7828db0ae0df,KEY_CANDIDATE,SUPPORT_CONFIRMED,True,5,NOT_EVALUATED,0,0.0,0.0,0.0
S6_ENTRY_E3_COMBINED,2025-07-07,300468,四方精创,s6setup-b5f3c1335eb3444dbfc4,WATCH_CANDIDATE,NOT_APPLICABLE,False,0,NOT_EVALUATED,0,0.0,0.0,0.0
S6_ENTRY_E3_COMBINED,2025-07-07,688183,生益电子,s6setup-3a152a7ec1bfaca2be54,WATCH_CANDIDATE,NOT_APPLICABLE,False,0,NOT_EVALUATED,0,0.0,0.0,0.0
S6_ENTRY_E3_COMBINED,2025-07-07,688619,罗普特,s6setup-d13a6c535c5f05eb28f3,WATCH_CANDIDATE,SUPPORT_FORMING,False,4,NOT_EVALUATED,0,0.0,0.0,0.0
S6_ENTRY_E3_COMBINED,2025-07-08,300386,飞天诚信,s6setup-3cbfa8d687c8a76f1b76,WATCH_CANDIDATE,NOT_APPLICABLE,False,0,NOT_EVALUATED,0,0.0,0.0,0.0
S6_ENTRY_E3_COMBINED,2025-07-08,300457,赢合科技,s6setup-299bd8ef7828db0ae0df,KEY_CANDIDATE,SUPPORT_CONFIRMED,True,5,NOT_EVALUATED,0,0.0,0.0,0.0
S6_ENTRY_E3_COMBINED,2025-07-08,300468,四方精创,s6setup-b5f3c1335eb3444dbfc4,WATCH_CANDIDATE,NOT_APPLICABLE,False,0,NOT_EVALUATED,0,0.0,0.0,0.0
S6_ENTRY_E3_COMBINED,2025-07-08,300698,万马科技,s6setup-6668ff7ac7cef8a955df,WATCH_CANDIDATE,SUPPORT_CONFIRMED,True,5,NOT_EVALUATED,0,0.0,0.0,0.0
S6_ENTRY_E3_COMBINED,2025-07-08,688183,生益电子,s6setup-3a152a7ec1bfaca2be54,WATCH_CANDIDATE,NOT_APPLICABLE,False,0,NOT_EVALUATED,0,0.0,0.0,0.0
S6_ENTRY_E3_COMBINED,2025-07-08,688619,罗普特,s6setup-d13a6c535c5f05eb28f3,KEY_CANDIDATE,SUPPORT_CONFIRMED,True,4,NOT_EVALUATED,0,0.0,0.0,0.0
S6_ENTRY_E3_COMBINED,2025-07-09,300386,飞天诚信,s6setup-3cbfa8d687c8a76f1b76,WATCH_CANDIDATE,SUPPORT_CONFIRMED,True,3,NOT_EVALUATED,0,0.0,0.0,0.0
S6_ENTRY_E3_COMBINED,2025-07-09,300450,先导智能,s6setup-adf6c601c300982c2d25,WATCH_CANDIDATE,SUPPORT_CONFIRMED,True,3,NOT_EVALUATED,0,0.0,0.0,0.0
S6_ENTRY_E3_COMBINED,2025-07-09,300468,四方精创,s6setup-b5f3c1335eb3444dbfc4,WATCH_CANDIDATE,SUPPORT_CONFIRMED,True,3,NOT_EVALUATED,0,0.0,0.0,0.0
S6_ENTRY_E3_COMBINED,2025-07-09,300773,拉卡拉,s6setup-0015f29d48d62fab711c,KEY_CANDIDATE,SUPPORT_CONFIRMED,True,3,RELIABLE,250,0.416,0.16,0.508554
S6_ENTRY_E3_COMBINED,2025-07-09,600178,东安动力,s6setup-d813adf2283cf382647f,WATCH_CANDIDATE,SUPPORT_CONFIRMED,True,3,NOT_EVALUATED,0,0.0,0.0,0.0
S6_ENTRY_E3_COMBINED,2025-07-09,688183,生益电子,s6setup-3a152a7ec1bfaca2be54,KEY_CANDIDATE,SUPPORT_CONFIRMED,True,3,NOT_EVALUATED,0,0.0,0.0,0.0
S6_ENTRY_E3_COMBINED,2025-07-10,688143,长盈通,s6setup-b2682305a9609112432f,WATCH_CANDIDATE,SUPPORT_CONFIRMED,True,4,NOT_EVALUATED,0,0.0,0.0,0.0
S6_ENTRY_E3_COMBINED,2025-07-10,688183,生益电子,s6setup-3a152a7ec1bfaca2be54,WATCH_CANDIDATE,NOT_APPLICABLE,False,0,NOT_EVALUATED,0,0.0,0.0,0.0
S6_ENTRY_E3_COMBINED,2025-07-10,688267,中触媒,s6setup-6cd374be7a0320858639,WATCH_CANDIDATE,NOT_APPLICABLE,False,0,NOT_EVALUATED,0,0.0,0.0,0.0
S6_ENTRY_E3_COMBINED,2025-07-10,688297,中无人机,s6setup-5cee559a66fa7937a45f,WATCH_CANDIDATE,NOT_APPLICABLE,False,0,NOT_EVALUATED,0,0.0,0.0,0.0
S6_ENTRY_E3_COMBINED,2025-07-11,002074,国轩高科,s6setup-2ca32ff829370255b97d,WATCH_CANDIDATE,SUPPORT_CONFIRMED,True,5,NOT_EVALUATED,0,0.0,0.0,0.0
S6_ENTRY_E3_COMBINED,2025-07-11,600178,东安动力,s6setup-b14ad88c96db773f63b3,WATCH_CANDIDATE,SUPPORT_CONFIRMED,True,5,NOT_EVALUATED,0,0.0,0.0,0.0
S6_ENTRY_E3_COMBINED,2025-07-11,688498,源杰科技,s6setup-7dac45509423022383a9,WATCH_CANDIDATE,NOT_APPLICABLE,False,0,NOT_EVALUATED,0,0.0,0.0,0.0
S6_ENTRY_E3_COMBINED,2025-07-11,688499,利元亨,s6setup-74f372bf66beabfdd5b9,KEY_CANDIDATE,SUPPORT_CONFIRMED,True,3,RELIABLE,250,0.452,0.332,0.921481
S6_ENTRY_E3_COMBINED,2025-07-14,000519,中兵红箭,s6setup-d125da2ab6d89687d74c,WATCH_CANDIDATE,SUPPORT_CONFIRMED,True,3,NOT_EVALUATED,0,0.0,0.0,0.0
S6_ENTRY_E3_COMBINED,2025-07-14,002125,湘潭电化,s6setup-7e75682ebabd402c55ab,WATCH_CANDIDATE,SUPPORT_CONFIRMED,True,4,NOT_EVALUATED,0,0.0,0.0,0.0
S6_ENTRY_E3_COMBINED,2025-07-14,600178,东安动力,s6setup-3fb1d338d8940b3e806e,WATCH_CANDIDATE,SUPPORT_CONFIRMED,True,3,NOT_EVALUATED,0,0.0,0.0,0.0
S6_ENTRY_E3_COMBINED,2025-07-14,688498,源杰科技,s6setup-e7988503288262c6e9da,WATCH_CANDIDATE,SUPPORT_CONFIRMED,True,5,RELIABLE,250,0.624,0.216,0.907772
S6_ENTRY_E3_COMBINED,2025-07-14,688499,利元亨,s6setup-7df94c56685a2b5bee69,KEY_CANDIDATE,SUPPORT_CONFIRMED,True,4,NOT_EVALUATED,0,0.0,0.0,0.0
S6_ENTRY_E3_COMBINED,2025-07-15,000519,中兵红箭,s6setup-d125da2ab6d89687d74c,WATCH_CANDIDATE,SUPPORT_CONFIRMED,True,3,NOT_EVALUATED,0,0.0,0.0,0.0
S6_ENTRY_E3_COMBINED,2025-07-15,301205,联特科技,s6setup-60999f27e1235d996029,WATCH_CANDIDATE,SUPPORT_CONFIRMED,True,4,NOT_EVALUATED,0,0.0,0.0,0.0
S6_ENTRY_E3_COMBINED,2025-07-15,688267,中触媒,s6setup-875f4b92169e442ea23e,WATCH_CANDIDATE,NOT_APPLICABLE,False,0,NOT_EVALUATED,0,0.0,0.0,0.0
S6_ENTRY_E3_COMBINED,2025-07-15,688498,源杰科技,s6setup-335aa82abdabfb8430e2,WATCH_CANDIDATE,NOT_APPLICABLE,False,0,NOT_EVALUATED,0,0.0,0.0,0.0
S6_ENTRY_E3_COMBINED,2025-07-15,688499,利元亨,s6setup-9425b6f1af2efec011d4,WATCH_CANDIDATE,NOT_APPLICABLE,False,0,NOT_EVALUATED,0,0.0,0.0,0.0
S6_ENTRY_E3_COMBINED,2025-07-16,002210,飞马国际,s6setup-3c527aa803492bc46e6e,WATCH_CANDIDATE,SUPPORT_CONFIRMED,True,3,NOT_EVALUATED,0,0.0,0.0,0.0
S6_ENTRY_E3_COMBINED,2025-07-16,600666,奥瑞德,s6setup-4a1258ac2843d19b3f32,WATCH_CANDIDATE,SUPPORT_FORMING,False,2,NOT_EVALUATED,0,0.0,0.0,0.0
S6_ENTRY_E3_COMBINED,2025-07-16,688499,利元亨,s6setup-7df94c56685a2b5bee69,KEY_CANDIDATE,SUPPORT_CONFIRMED,True,3,NOT_EVALUATED,0,0.0,0.0,0.0
S6_ENTRY_E3_COMBINED,2025-07-17,002549,凯美特气,s6setup-94d323a8e87e2f5f2975,WATCH_CANDIDATE,SUPPORT_FORMING,False,4,NOT_EVALUATED,0,0.0,0.0,0.0
S6_ENTRY_E3_COMBINED,2025-07-17,300293,蓝英装备,s6setup-2c01acb7c2b4c647169a,WATCH_CANDIDATE,NOT_APPLICABLE,False,0,NOT_EVALUATED,0,0.0,0.0,0.0
S6_ENTRY_E3_COMBINED,2025-07-17,600570,恒生电子,s6setup-e582264ca0749f43de5d,WATCH_CANDIDATE,NOT_APPLICABLE,False,0,NOT_EVALUATED,0,0.0,0.0,0.0
S6_ENTRY_E3_COMBINED,2025-07-17,600666,奥瑞德,s6setup-4a1258ac2843d19b3f32,KEY_CANDIDATE,SUPPORT_CONFIRMED,True,5,RELIABLE,250,0.552,0.236,0.825125
S6_ENTRY_E3_COMBINED,2025-07-17,600967,内蒙一机,s6setup-617a61badb000ef99227,WATCH_CANDIDATE,NOT_APPLICABLE,False,0,NOT_EVALUATED,0,0.0,0.0,0.0
S6_ENTRY_E3_COMBINED,2025-07-17,688398,赛特新材,s6setup-a2064b7c632da1883039,KEY_CANDIDATE,SUPPORT_CONFIRMED,True,5,NOT_EVALUATED,0,0.0,0.0,0.0
S6_ENTRY_E3_COMBINED,2025-07-18,002549,凯美特气,s6setup-94d323a8e87e2f5f2975,WATCH_CANDIDATE,NOT_APPLICABLE,False,0,NOT_EVALUATED,0,0.0,0.0,0.0
S6_ENTRY_E3_COMBINED,2025-07-18,600095,湘财股份,s6setup-e1d85bbb7310d7c7de05,WATCH_CANDIDATE,NOT_APPLICABLE,False,0,NOT_EVALUATED,0,0.0,0.0,0.0
S6_ENTRY_E3_COMBINED,2025-07-18,601162,天风证券,s6setup-d38b0f68ca0e92fc6098,WATCH_CANDIDATE,SUPPORT_CONFIRMED,True,3,NOT_EVALUATED,0,0.0,0.0,0.0
S6_ENTRY_E3_COMBINED,2025-07-18,688191,智洋创新,s6setup-c322353cc4fe738b3788,WATCH_CANDIDATE,NOT_APPLICABLE,False,0,NOT_EVALUATED,0,0.0,0.0,0.0
S6_ENTRY_E3_COMBINED,2025-07-18,688398,赛特新材,s6setup-12dfd70fe13ef9e04d00,WATCH_CANDIDATE,NOT_APPLICABLE,False,0,NOT_EVALUATED,0,0.0,0.0,0.0
S6_ENTRY_E3_COMBINED,2025-07-21,002189,中光学,s6setup-04e5a63a128999110382,WATCH_CANDIDATE,NOT_APPLICABLE,False,0,NOT_EVALUATED,0,0.0,0.0,0.0
S6_ENTRY_E3_COMBINED,2025-07-21,600095,湘财股份,s6setup-24ebde40885e351460b5,KEY_CANDIDATE,SUPPORT_CONFIRMED,True,5,NOT_EVALUATED,0,0.0,0.0,0.0
S6_ENTRY_E3_COMBINED,2025-07-21,601162,天风证券,s6setup-d38b0f68ca0e92fc6098,WATCH_CANDIDATE,SUPPORT_CONFIRMED,True,5,NOT_EVALUATED,0,0.0,0.0,0.0
S6_ENTRY_E3_COMBINED,2025-07-21,688398,赛特新材,s6setup-12dfd70fe13ef9e04d00,KEY_CANDIDATE,SUPPORT_CONFIRMED,True,3,NOT_EVALUATED,0,0.0,0.0,0.0
S6_ENTRY_E3_COMBINED,2025-07-22,600095,湘财股份,s6setup-e1d85bbb7310d7c7de05,WATCH_CANDIDATE,NOT_APPLICABLE,False,0,NOT_EVALUATED,0,0.0,0.0,0.0
S6_ENTRY_E3_COMBINED,2025-07-22,601162,天风证券,s6setup-d38b0f68ca0e92fc6098,WATCH_CANDIDATE,SUPPORT_FORMING,False,4,NOT_EVALUATED,0,0.0,0.0,0.0
S6_ENTRY_E3_COMBINED,2025-07-23,300533,冰川网络,s6setup-d305e702383d30689c52,WATCH_CANDIDATE,SUPPORT_FORMING,False,3,NOT_EVALUATED,0,0.0,0.0,0.0
S6_ENTRY_E3_COMBINED,2025-07-23,688260,昀冢科技,s6setup-d870080aa7f4b73ebf0d,WATCH_CANDIDATE,NOT_APPLICABLE,False,0,NOT_EVALUATED,0,0.0,0.0,0.0
S6_ENTRY_E3_COMBINED,2025-07-24,002048,宁波华翔,s6setup-f5421e73dd4081027fbf,WATCH_CANDIDATE,SUPPORT_CONFIRMED,True,4,RELIABLE,250,0.772,0.204,0.710349
S6_ENTRY_E3_COMBINED,2025-07-24,002342,巨力索具,s6setup-9d1b0130a0ec33cd3b7d,KEY_CANDIDATE,SUPPORT_CONFIRMED,True,5,NOT_EVALUATED,0,0.0,0.0,0.0
S6_ENTRY_E3_COMBINED,2025-07-24,688260,昀冢科技,s6setup-50c8b1672d9f17e4bc47,WATCH_CANDIDATE,WAITING_BREAKOUT,False,0,NOT_EVALUATED,0,0.0,0.0,0.0
S6_ENTRY_E3_COMBINED,2025-07-25,301389,隆扬电子,s6setup-5a07dec4b31cd092b84c,KEY_CANDIDATE,SUPPORT_CONFIRMED,True,3,NOT_EVALUATED,0,0.0,0.0,0.0
S6_ENTRY_E3_COMBINED,2025-07-25,603228,景旺电子,s6setup-e4aabaeb4a177d943648,WATCH_CANDIDATE,NOT_APPLICABLE,False,0,NOT_EVALUATED,0,0.0,0.0,0.0
S6_ENTRY_E3_COMBINED,2025-07-28,002342,巨力索具,s6setup-9d1b0130a0ec33cd3b7d,WATCH_CANDIDATE,SUPPORT_FORMING,False,4,NOT_EVALUATED,0,0.0,0.0,0.0
S6_ENTRY_E3_COMBINED,2025-07-28,002636,金安国纪,s6setup-b227bd5020185bae3e64,WATCH_CANDIDATE,NOT_APPLICABLE,False,0,NOT_EVALUATED,0,0.0,0.0,0.0
S6_ENTRY_E3_COMBINED,2025-07-28,688382,益方生物,s6setup-60835cee0f3698187eeb,WATCH_CANDIDATE,SUPPORT_CONFIRMED,True,5,NOT_EVALUATED,0,0.0,0.0,0.0
S6_ENTRY_E3_COMBINED,2025-07-28,688663,新风光,s6setup-21392e3a9f8d76d3f882,WATCH_CANDIDATE,SUPPORT_CONFIRMED,True,5,NOT_EVALUATED,0,0.0,0.0,0.0
S6_ENTRY_E3_COMBINED,2025-07-29,000989,九芝堂,s6setup-d71494a0ad33658203ce,WATCH_CANDIDATE,SUPPORT_FORMING,False,4,NOT_EVALUATED,0,0.0,0.0,0.0
S6_ENTRY_E3_COMBINED,2025-07-29,600267,海正药业,s6setup-26c625d3baf9fe440cdf,WATCH_CANDIDATE,SUPPORT_FORMING,False,4,NOT_EVALUATED,0,0.0,0.0,0.0
S6_ENTRY_E3_COMBINED,2025-07-29,600698,湖南天雁,s6setup-4f3f2cc081b7d9f2d7f2,WATCH_CANDIDATE,NOT_APPLICABLE,False,0,NOT_EVALUATED,0,0.0,0.0,0.0
S6_ENTRY_E3_COMBINED,2025-07-29,688117,圣诺生物,s6setup-f6f7025a60edbf05d598,WATCH_CANDIDATE,NOT_APPLICABLE,False,0,NOT_EVALUATED,0,0.0,0.0,0.0
S6_ENTRY_E3_COMBINED,2025-07-29,688382,益方生物,s6setup-60835cee0f3698187eeb,WATCH_CANDIDATE,NOT_APPLICABLE,False,0,NOT_EVALUATED,0,0.0,0.0,0.0
S6_ENTRY_E3_COMBINED,2025-07-30,002716,湖南白银,s6setup-eec3a4d42e6b845df250,WATCH_CANDIDATE,SUPPORT_CONFIRMED,True,3,NOT_EVALUATED,0,0.0,0.0,0.0
S6_ENTRY_E3_COMBINED,2025-07-30,688117,圣诺生物,s6setup-f6f7025a60edbf05d598,WATCH_CANDIDATE,NOT_APPLICABLE,False,0,NOT_EVALUATED,0,0.0,0.0,0.0
S6_ENTRY_E3_COMBINED,2025-07-30,688265,南模生物,s6setup-280cc84c2c7d58f57f2b,WATCH_CANDIDATE,SUPPORT_CONFIRMED,True,3,NOT_EVALUATED,0,0.0,0.0,0.0
S6_ENTRY_E3_COMBINED,2025-07-30,688382,益方生物,s6setup-60835cee0f3698187eeb,WATCH_CANDIDATE,SUPPORT_CONFIRMED,True,3,RELIABLE,250,0.804,0.252,0.927518
S6_ENTRY_E3_COMBINED,2025-07-30,688428,诺诚健华,s6setup-d952d452209891ee0557,WATCH_CANDIDATE,SUPPORT_CONFIRMED,True,3,NOT_EVALUATED,0,0.0,0.0,0.0
S6_ENTRY_E3_COMBINED,2025-07-31,601519,大智慧,s6setup-a60ecf27e93ba5fe66e2,WATCH_CANDIDATE,SUPPORT_FORMING,False,2,NOT_EVALUATED,0,0.0,0.0,0.0
S6_ENTRY_E3_COMBINED,2025-07-31,688143,长盈通,s6setup-188a77f6c471cdcc4c16,WATCH_CANDIDATE,SUPPORT_CONFIRMED,True,4,NOT_EVALUATED,0,0.0,0.0,0.0
S6_ENTRY_E3_COMBINED,2025-07-31,688265,南模生物,s6setup-d8fb30d6f0a575a4fe36,WATCH_CANDIDATE,SUPPORT_FORMING,False,2,NOT_EVALUATED,0,0.0,0.0,0.0
S6_ENTRY_E3_COMBINED,2025-08-01,000989,九芝堂,s6setup-d71494a0ad33658203ce,WATCH_CANDIDATE,SUPPORT_FORMING,False,4,NOT_EVALUATED,0,0.0,0.0,0.0
S6_ENTRY_E3_COMBINED,2025-08-01,002121,科陆电子,s6setup-7c504b256b2719dc9fca,WATCH_CANDIDATE,NOT_APPLICABLE,False,0,NOT_EVALUATED,0,0.0,0.0,0.0
S6_ENTRY_E3_COMBINED,2025-08-01,688307,中润光学,s6setup-810023653f14ef16bf66,WATCH_CANDIDATE,NOT_APPLICABLE,False,0,NOT_EVALUATED,0,0.0,0.0,0.0
S6_ENTRY_E3_COMBINED,2025-08-04,000989,九芝堂,s6setup-d71494a0ad33658203ce,WATCH_CANDIDATE,SUPPORT_FORMING,False,3,NOT_EVALUATED,0,0.0,0.0,0.0
S6_ENTRY_E3_COMBINED,2025-08-04,002167,东方锆业,s6setup-2db78dd56c59ceb70947,WATCH_CANDIDATE,NOT_APPLICABLE,False,0,NOT_EVALUATED,0,0.0,0.0,0.0
S6_ENTRY_E3_COMBINED,2025-08-04,002550,千红制药,s6setup-1d8cce98bcfe1a142389,WATCH_CANDIDATE,SUPPORT_CONFIRMED,True,5,NOT_EVALUATED,0,0.0,0.0,0.0
S6_ENTRY_E3_COMBINED,2025-08-04,002716,湖南白银,s6setup-f3c82aa895561e3aa7ff,READY_CANDIDATE,SUPPORT_CONFIRMED,True,5,NOT_EVALUATED,0,0.0,0.0,0.0
S6_ENTRY_E3_COMBINED,2025-08-04,688117,圣诺生物,s6setup-43d0b6c04e4fe7863f8f,WATCH_CANDIDATE,SUPPORT_FORMING,False,4,NOT_EVALUATED,0,0.0,0.0,0.0
S6_ENTRY_E3_COMBINED,2025-08-04,688307,中润光学,s6setup-4dd4473fe082601640c3,WATCH_CANDIDATE,NOT_APPLICABLE,False,0,NOT_EVALUATED,0,0.0,0.0,0.0
S6_ENTRY_E3_COMBINED,2025-08-05,002550,千红制药,s6setup-1d8cce98bcfe1a142389,WATCH_CANDIDATE,SUPPORT_CONFIRMED,True,3,NOT_EVALUATED,0,0.0,0.0,0.0
S6_ENTRY_E3_COMBINED,2025-08-05,600751,海航科技,s6setup-c9a7c7446fa693b596db,WATCH_CANDIDATE,NOT_APPLICABLE,False,0,NOT_EVALUATED,0,0.0,0.0,0.0
S6_ENTRY_E3_COMBINED,2025-08-05,601208,东材科技,s6setup-943aee4145a0956ad753,WATCH_CANDIDATE,NOT_APPLICABLE,False,0,NOT_EVALUATED,0,0.0,0.0,0.0
S6_ENTRY_E3_COMBINED,2025-08-05,601868,中国能建,s6setup-dd77d6e41b8afc91a237,WATCH_CANDIDATE,SUPPORT_CONFIRMED,True,5,NOT_EVALUATED,0,0.0,0.0,0.0
S6_ENTRY_E3_COMBINED,2025-08-05,688202,美迪西,s6setup-4a027ef3cdd811824e39,WATCH_CANDIDATE,NOT_APPLICABLE,False,0,NOT_EVALUATED,0,0.0,0.0,0.0
S6_ENTRY_E3_COMBINED,2025-08-05,688360,德马科技,s6setup-a7c795d7a40c684cc76a,WATCH_CANDIDATE,NOT_APPLICABLE,False,0,NOT_EVALUATED,0,0.0,0.0,0.0
S6_ENTRY_E3_COMBINED,2025-08-06,000932,华菱钢铁,s6setup-e112473ba7fccbb736ed,WATCH_CANDIDATE,NOT_APPLICABLE,False,0,NOT_EVALUATED,0,0.0,0.0,0.0
S6_ENTRY_E3_COMBINED,2025-08-06,002167,东方锆业,s6setup-85f6927b89a425123231,WATCH_CANDIDATE,SUPPORT_CONFIRMED,True,3,NOT_EVALUATED,0,0.0,0.0,0.0
S6_ENTRY_E3_COMBINED,2025-08-06,002266,浙富控股,s6setup-4cab1a9a8619d98012cf,WATCH_CANDIDATE,SUPPORT_CONFIRMED,True,5,NOT_EVALUATED,0,0.0,0.0,0.0
S6_ENTRY_E3_COMBINED,2025-08-06,300748,金力永磁,s6setup-eec7e79d4070d31833e4,WATCH_CANDIDATE,NOT_APPLICABLE,False,0,NOT_EVALUATED,0,0.0,0.0,0.0
S6_ENTRY_E3_COMBINED,2025-08-06,600875,东方电气,s6setup-93eb128ab6ce4fc6345b,WATCH_CANDIDATE,SUPPORT_CONFIRMED,True,4,NOT_EVALUATED,0,0.0,0.0,0.0
S6_ENTRY_E3_COMBINED,2025-08-06,601208,东材科技,s6setup-943aee4145a0956ad753,WATCH_CANDIDATE,NOT_APPLICABLE,False,0,NOT_EVALUATED,0,0.0,0.0,0.0
S6_ENTRY_E3_COMBINED,2025-08-06,688202,美迪西,s6setup-4a027ef3cdd811824e39,KEY_CANDIDATE,SUPPORT_CONFIRMED,True,3,NOT_EVALUATED,0,0.0,0.0,0.0
S6_ENTRY_E3_COMBINED,2025-08-06,688321,微芯生物,s6setup-5377fd2a99f58cc9c3ef,WATCH_CANDIDATE,SUPPORT_CONFIRMED,True,3,NOT_EVALUATED,0,0.0,0.0,0.0
S6_ENTRY_E3_COMBINED,2025-08-06,688718,唯赛勃,s6setup-587e5aa084c9ac94571a,KEY_CANDIDATE,SUPPORT_CONFIRMED,True,3,NOT_EVALUATED,0,0.0,0.0,0.0
S6_ENTRY_E3_COMBINED,2025-08-07,000758,中色股份,s6setup-993b4afe570f8c7d2858,WATCH_CANDIDATE,NOT_APPLICABLE,False,0,NOT_EVALUATED,0,0.0,0.0,0.0
S6_ENTRY_E3_COMBINED,2025-08-07,002167,东方锆业,s6setup-ba567dd5684552a75a60,WATCH_CANDIDATE,NOT_APPLICABLE,False,0,NOT_EVALUATED,0,0.0,0.0,0.0
S6_ENTRY_E3_COMBINED,2025-08-07,300476,胜宏科技,s6setup-3a514f007a046a076145,WATCH_CANDIDATE,NOT_APPLICABLE,False,0,NOT_EVALUATED,0,0.0,0.0,0.0
S6_ENTRY_E3_COMBINED,2025-08-07,300748,金力永磁,s6setup-328e9be037b690700a4d,WATCH_CANDIDATE,NOT_APPLICABLE,False,0,NOT_EVALUATED,0,0.0,0.0,0.0
S6_ENTRY_E3_COMBINED,2025-08-07,600259,中稀有色,s6setup-6269b43b909404dd33ac,WATCH_CANDIDATE,WAITING_BREAKOUT,False,0,NOT_EVALUATED,0,0.0,0.0,0.0
S6_ENTRY_E3_COMBINED,2025-08-07,600528,中铁工业,s6setup-683dc450a5cedcef3079,WATCH_CANDIDATE,SUPPORT_CONFIRMED,True,3,NOT_EVALUATED,0,0.0,0.0,0.0
S6_ENTRY_E3_COMBINED,2025-08-07,600751,海航科技,s6setup-c9a7c7446fa693b596db,WATCH_CANDIDATE,NOT_APPLICABLE,False,0,NOT_EVALUATED,0,0.0,0.0,0.0
S6_ENTRY_E3_COMBINED,2025-08-07,600801,华新建材,s6setup-19ce1de975b65f1252f1,KEY_CANDIDATE,SUPPORT_CONFIRMED,True,4,NOT_EVALUATED,0,0.0,0.0,0.0
S6_ENTRY_E3_COMBINED,2025-08-08,000932,华菱钢铁,s6setup-e112473ba7fccbb736ed,WATCH_CANDIDATE,NOT_APPLICABLE,False,0,NOT_EVALUATED,0,0.0,0.0,0.0
S6_ENTRY_E3_COMBINED,2025-08-08,002320,海峡股份,s6setup-f5a15e8088587ad71f14,WATCH_CANDIDATE,SUPPORT_CONFIRMED,True,5,NOT_EVALUATED,0,0.0,0.0,0.0
S6_ENTRY_E3_COMBINED,2025-08-08,002497,雅化集团,s6setup-cf20e1fed216940f1881,WATCH_CANDIDATE,NOT_APPLICABLE,False,0,NOT_EVALUATED,0,0.0,0.0,0.0
S6_ENTRY_E3_COMBINED,2025-08-08,002736,国信证券,s6setup-80f9b3481d3dc454be12,KEY_CANDIDATE,SUPPORT_CONFIRMED,True,4,RELIABLE,250,0.652,0.292,1.132282
S6_ENTRY_E3_COMBINED,2025-08-08,601696,中银证券,s6setup-43ca95e27d2be3639d49,WATCH_CANDIDATE,SUPPORT_FORMING,False,4,NOT_EVALUATED,0,0.0,0.0,0.0
S6_ENTRY_E3_COMBINED,2025-08-08,688156,路德科技,s6setup-e7a7fa42e720b4bdcd48,WATCH_CANDIDATE,NOT_APPLICABLE,False,0,NOT_EVALUATED,0,0.0,0.0,0.0
S6_ENTRY_E3_COMBINED,2025-08-08,688619,罗普特,s6setup-7c01ea40d583d6ba5ac5,WATCH_CANDIDATE,NOT_APPLICABLE,False,0,NOT_EVALUATED,0,0.0,0.0,0.0
S6_ENTRY_E3_COMBINED,2025-08-08,688718,唯赛勃,s6setup-587e5aa084c9ac94571a,WATCH_CANDIDATE,SUPPORT_FORMING,False,4,NOT_EVALUATED,0,0.0,0.0,0.0
S6_ENTRY_E3_COMBINED,2025-08-11,002320,海峡股份,s6setup-75a051b002ec2857a2d9,WATCH_CANDIDATE,NOT_APPLICABLE,False,0,NOT_EVALUATED,0,0.0,0.0,0.0
S6_ENTRY_E3_COMBINED,2025-08-11,002384,东山精密,s6setup-54711404d4e96e1c7c62,WATCH_CANDIDATE,SUPPORT_CONFIRMED,True,5,NOT_EVALUATED,0,0.0,0.0,0.0
S6_ENTRY_E3_COMBINED,2025-08-11,600418,江淮汽车,s6setup-1bc395233ee8e4509cec,WATCH_CANDIDATE,SUPPORT_FORMING,False,4,NOT_EVALUATED,0,0.0,0.0,0.0
S6_ENTRY_E3_COMBINED,2025-08-11,601208,东材科技,s6setup-36f0f2909d391d6e38bc,WATCH_CANDIDATE,SUPPORT_CONFIRMED,True,5,NOT_EVALUATED,0,0.0,0.0,0.0
S6_ENTRY_E3_COMBINED,2025-08-11,601696,中银证券,s6setup-43ca95e27d2be3639d49,WATCH_CANDIDATE,SUPPORT_CONFIRMED,True,3,NOT_EVALUATED,0,0.0,0.0,0.0
S6_ENTRY_E3_COMBINED,2025-08-11,688051,佳华科技,s6setup-104981bd2fba18d90be6,WATCH_CANDIDATE,NOT_APPLICABLE,False,0,NOT_EVALUATED,0,0.0,0.0,0.0
S6_ENTRY_E3_COMBINED,2025-08-11,688156,路德科技,s6setup-c91f1dc33af262dcbd9e,WATCH_CANDIDATE,NOT_APPLICABLE,False,0,NOT_EVALUATED,0,0.0,0.0,0.0
S6_ENTRY_E3_COMBINED,2025-08-11,688619,罗普特,s6setup-e1c90a5393f6e38a6a7d,WATCH_CANDIDATE,SUPPORT_CONFIRMED,True,5,NOT_EVALUATED,0,0.0,0.0,0.0
S6_ENTRY_E3_COMBINED,2025-08-11,688718,唯赛勃,s6setup-587e5aa084c9ac94571a,WATCH_CANDIDATE,NOT_APPLICABLE,False,0,NOT_EVALUATED,0,0.0,0.0,0.0
S6_ENTRY_E3_COMBINED,2025-08-12,002736,国信证券,s6setup-f4cdd39f619657adc0b6,WATCH_CANDIDATE,SUPPORT_CONFIRMED,True,3,RELIABLE,250,0.74,0.316,1.105256
S6_ENTRY_E3_COMBINED,2025-08-12,300395,菲利华,s6setup-57bcd605c67faf9172c7,WATCH_CANDIDATE,SUPPORT_FORMING,False,4,NOT_EVALUATED,0,0.0,0.0,0.0
S6_ENTRY_E3_COMBINED,2025-08-12,601208,东材科技,s6setup-66ff23da83b73dbac3e3,WATCH_CANDIDATE,SUPPORT_CONFIRMED,True,3,NOT_EVALUATED,0,0.0,0.0,0.0
S6_ENTRY_E3_COMBINED,2025-08-12,601696,中银证券,s6setup-43ca95e27d2be3639d49,WATCH_CANDIDATE,NOT_APPLICABLE,False,0,NOT_EVALUATED,0,0.0,0.0,0.0
S6_ENTRY_E3_COMBINED,2025-08-12,603444,吉比特,s6setup-5495057d612d3532c841,WATCH_CANDIDATE,NOT_APPLICABLE,False,0,NOT_EVALUATED,0,0.0,0.0,0.0
S6_ENTRY_E3_COMBINED,2025-08-12,603486,科沃斯,s6setup-47bc24e67bfced45806f,WATCH_CANDIDATE,SUPPORT_CONFIRMED,True,3,RELIABLE,250,0.732,0.216,0.903778
S6_ENTRY_E3_COMBINED,2025-08-12,603993,洛阳钼业,s6setup-b480475ca9ae290a0c96,WATCH_CANDIDATE,NOT_APPLICABLE,False,0,NOT_EVALUATED,0,0.0,0.0,0.0
S6_ENTRY_E3_COMBINED,2025-08-12,688051,佳华科技,s6setup-3ce14f1cd14688c5860b,WATCH_CANDIDATE,NOT_APPLICABLE,False,0,NOT_EVALUATED,0,0.0,0.0,0.0
S6_ENTRY_E3_COMBINED,2025-08-12,688619,罗普特,s6setup-e1c90a5393f6e38a6a7d,WATCH_CANDIDATE,NOT_APPLICABLE,False,0,NOT_EVALUATED,0,0.0,0.0,0.0
S6_ENTRY_E3_COMBINED,2025-08-12,688718,唯赛勃,s6setup-587e5aa084c9ac94571a,WATCH_CANDIDATE,SUPPORT_CONFIRMED,True,3,NOT_EVALUATED,0,0.0,0.0,0.0
S6_ENTRY_E3_COMBINED,2025-08-13,300149,睿智医药,s6setup-14e2fd006350f69eb194,WATCH_CANDIDATE,SUPPORT_CONFIRMED,True,5,NOT_EVALUATED,0,0.0,0.0,0.0
S6_ENTRY_E3_COMBINED,2025-08-13,301205,联特科技,s6setup-808964121f9c9756fb5d,WATCH_CANDIDATE,NOT_APPLICABLE,False,0,NOT_EVALUATED,0,0.0,0.0,0.0
S6_ENTRY_E3_COMBINED,2025-08-13,600010,包钢股份,s6setup-4fe377f3079b4d40efa0,KEY_CANDIDATE,SUPPORT_CONFIRMED,True,3,RELIABLE,250,0.336,0.204,0.458559
S6_ENTRY_E3_COMBINED,2025-08-13,601696,中银证券,s6setup-7b9444423ee5055c15dd,WATCH_CANDIDATE,NOT_APPLICABLE,False,0,NOT_EVALUATED,0,0.0,0.0,0.0
S6_ENTRY_E3_COMBINED,2025-08-13,603444,吉比特,s6setup-5495057d612d3532c841,WATCH_CANDIDATE,NOT_APPLICABLE,False,0,NOT_EVALUATED,0,0.0,0.0,0.0
S6_ENTRY_E3_COMBINED,2025-08-13,603486,科沃斯,s6setup-470f43d1726fab973716,WATCH_CANDIDATE,SUPPORT_CONFIRMED,True,5,RELIABLE,250,0.828,0.24,0.898273
S6_ENTRY_E3_COMBINED,2025-08-13,688062,迈威生物,s6setup-f58a2dbfae45133fcf4f,WATCH_CANDIDATE,NOT_APPLICABLE,False,0,NOT_EVALUATED,0,0.0,0.0,0.0
S6_ENTRY_E3_COMBINED,2025-08-13,688166,博瑞医药,s6setup-5b3367285908984eeb2d,WATCH_CANDIDATE,NOT_APPLICABLE,False,0,NOT_EVALUATED,0,0.0,0.0,0.0
S6_ENTRY_E3_COMBINED,2025-08-13,688278,特宝生物,s6setup-a8fa994084285c828d33,WATCH_CANDIDATE,SUPPORT_CONFIRMED,True,5,NOT_EVALUATED,0,0.0,0.0,0.0
S6_ENTRY_E3_COMBINED,2025-08-14,300149,睿智医药,s6setup-14e2fd006350f69eb194,WATCH_CANDIDATE,SUPPORT_CONFIRMED,True,3,NOT_EVALUATED,0,0.0,0.0,0.0
S6_ENTRY_E3_COMBINED,2025-08-14,300835,龙磁科技,s6setup-e47593b0fd6194b50ca0,WATCH_CANDIDATE,SUPPORT_CONFIRMED,True,3,RELIABLE,250,0.6,0.28,0.670112
S6_ENTRY_E3_COMBINED,2025-08-14,600111,北方稀土,s6setup-d0cb7bb1e73364345296,KEY_CANDIDATE,SUPPORT_CONFIRMED,True,5,NOT_EVALUATED,0,0.0,0.0,0.0
S6_ENTRY_E3_COMBINED,2025-08-14,603486,科沃斯,s6setup-470f43d1726fab973716,WATCH_CANDIDATE,SUPPORT_CONFIRMED,True,3,RELIABLE,250,0.756,0.188,0.872798
S6_ENTRY_E3_COMBINED,2025-08-15,002437,誉衡药业,s6setup-5442f11c5e91b7c56495,WATCH_CANDIDATE,NOT_APPLICABLE,False,0,NOT_EVALUATED,0,0.0,0.0,0.0
S6_ENTRY_E3_COMBINED,2025-08-15,002468,申通快递,s6setup-66821b502a63d7b903c1,KEY_CANDIDATE,SUPPORT_CONFIRMED,True,5,NOT_EVALUATED,0,0.0,0.0,0.0
S6_ENTRY_E3_COMBINED,2025-08-15,300835,龙磁科技,s6setup-b89e78056c5700207419,WATCH_CANDIDATE,SUPPORT_FORMING,False,4,RELIABLE,250,0.804,0.264,0.912034
S6_ENTRY_E3_COMBINED,2025-08-15,600111,北方稀土,s6setup-ee7524a4bbf0748140c0,WATCH_CANDIDATE,SUPPORT_CONFIRMED,True,5,RELIABLE,250,0.692,0.264,0.726109
S6_ENTRY_E3_COMBINED,2025-08-15,603367,辰欣药业,s6setup-6768125f8d087509f817,WATCH_CANDIDATE,SUPPORT_CONFIRMED,True,5,NOT_EVALUATED,0,0.0,0.0,0.0
S6_ENTRY_E3_COMBINED,2025-08-15,603486,科沃斯,s6setup-470f43d1726fab973716,WATCH_CANDIDATE,NOT_APPLICABLE,False,0,NOT_EVALUATED,0,0.0,0.0,0.0
S6_ENTRY_E3_COMBINED,2025-08-15,688166,博瑞医药,s6setup-43f97e3badd8202b13e5,WATCH_CANDIDATE,SUPPORT_CONFIRMED,True,4,RELIABLE,250,0.784,0.272,1.20515
S6_ENTRY_E3_COMBINED,2025-08-15,688278,特宝生物,s6setup-02bdc87ef3d89554e3b1,WATCH_CANDIDATE,SUPPORT_FORMING,False,3,NOT_EVALUATED,0,0.0,0.0,0.0
S6_ENTRY_E3_COMBINED,2025-08-18,002370,亚太药业,s6setup-fe289e76158a79f63716,WATCH_CANDIDATE,NOT_APPLICABLE,False,0,NOT_EVALUATED,0,0.0,0.0,0.0
S6_ENTRY_E3_COMBINED,2025-08-18,002570,贝因美,s6setup-fb7486452e9473d13c9e,WATCH_CANDIDATE,SUPPORT_CONFIRMED,True,5,NOT_EVALUATED,0,0.0,0.0,0.0
S6_ENTRY_E3_COMBINED,2025-08-18,300624,万兴科技,s6setup-c22cd4b2e561cbf60d9f,WATCH_CANDIDATE,SUPPORT_CONFIRMED,True,5,NOT_EVALUATED,0,0.0,0.0,0.0
S6_ENTRY_E3_COMBINED,2025-08-18,301171,易点天下,s6setup-cfd4132eac82cffd3d85,WATCH_CANDIDATE,NOT_APPLICABLE,False,0,NOT_EVALUATED,0,0.0,0.0,0.0
S6_ENTRY_E3_COMBINED,2025-08-18,600010,包钢股份,s6setup-4fe377f3079b4d40efa0,WATCH_CANDIDATE,NOT_APPLICABLE,False,0,NOT_EVALUATED,0,0.0,0.0,0.0
S6_ENTRY_E3_COMBINED,2025-08-18,603200,上海洗霸,s6setup-b77ecfed67879a74832d,WATCH_CANDIDATE,SUPPORT_CONFIRMED,True,5,NOT_EVALUATED,0,0.0,0.0,0.0
S6_ENTRY_E3_COMBINED,2025-08-18,603486,科沃斯,s6setup-470f43d1726fab973716,WATCH_CANDIDATE,NOT_APPLICABLE,False,0,NOT_EVALUATED,0,0.0,0.0,0.0
S6_ENTRY_E3_COMBINED,2025-08-18,688118,普元信息,s6setup-5432c73552dd1d9dabb9,KEY_CANDIDATE,SUPPORT_CONFIRMED,True,4,NOT_EVALUATED,0,0.0,0.0,0.0
S6_ENTRY_E3_COMBINED,2025-08-18,688163,赛伦生物,s6setup-5ed925011de066dfabcf,WATCH_CANDIDATE,NOT_APPLICABLE,False,0,NOT_EVALUATED,0,0.0,0.0,0.0
S6_ENTRY_E3_COMBINED,2025-08-18,688166,博瑞医药,s6setup-ea5cc446b042bb37d50c,WATCH_CANDIDATE,NOT_APPLICABLE,False,0,NOT_EVALUATED,0,0.0,0.0,0.0
S6_ENTRY_E3_COMBINED,2025-08-19,002468,申通快递,s6setup-66821b502a63d7b903c1,WATCH_CANDIDATE,NOT_APPLICABLE,False,0,NOT_EVALUATED,0,0.0,0.0,0.0
S6_ENTRY_E3_COMBINED,2025-08-19,002570,贝因美,s6setup-09685ae07a1322de6348,WATCH_CANDIDATE,NOT_APPLICABLE,False,0,NOT_EVALUATED,0,0.0,0.0,0.0
S6_ENTRY_E3_COMBINED,2025-08-19,603367,辰欣药业,s6setup-4fb3b799ff588c2f84cc,WATCH_CANDIDATE,NOT_APPLICABLE,False,0,NOT_EVALUATED,0,0.0,0.0,0.0
S6_ENTRY_E3_COMBINED,2025-08-19,688166,博瑞医药,s6setup-ea5cc446b042bb37d50c,WATCH_CANDIDATE,SUPPORT_FORMING,False,2,NOT_EVALUATED,0,0.0,0.0,0.0
S6_ENTRY_E3_COMBINED,2025-08-19,688171,纬德信息,s6setup-13e1106ba97e88d232a2,WATCH_CANDIDATE,NOT_APPLICABLE,False,0,NOT_EVALUATED,0,0.0,0.0,0.0
S6_ENTRY_E3_COMBINED,2025-08-20,300581,晨曦航空,s6setup-8764343d809f6e381476,WATCH_CANDIDATE,SUPPORT_CONFIRMED,True,4,NOT_EVALUATED,0,0.0,0.0,0.0
S6_ENTRY_E3_COMBINED,2025-08-20,603367,辰欣药业,s6setup-4fb3b799ff588c2f84cc,WATCH_CANDIDATE,SUPPORT_FORMING,False,2,NOT_EVALUATED,0,0.0,0.0,0.0
S6_ENTRY_E3_COMBINED,2025-08-20,688166,博瑞医药,s6setup-5b3367285908984eeb2d,WATCH_CANDIDATE,SUPPORT_FORMING,False,3,NOT_EVALUATED,0,0.0,0.0,0.0
S6_ENTRY_E3_COMBINED,2025-08-20,688171,纬德信息,s6setup-31a941667c3af445228c,WATCH_CANDIDATE,SUPPORT_CONFIRMED,True,4,NOT_EVALUATED,0,0.0,0.0,0.0
S6_ENTRY_E3_COMBINED,2025-08-20,688466,金科环境,s6setup-bd351bf55507977990c2,WATCH_CANDIDATE,SUPPORT_CONFIRMED,True,5,NOT_EVALUATED,0,0.0,0.0,0.0
S6_ENTRY_E3_COMBINED,2025-08-21,300009,安科生物,s6setup-7c0a2e31b657333f72d7,WATCH_CANDIDATE,NOT_APPLICABLE,False,0,NOT_EVALUATED,0,0.0,0.0,0.0
S6_ENTRY_E3_COMBINED,2025-08-21,300644,南京聚隆,s6setup-0ad2951473f2b0d260d8,WATCH_CANDIDATE,SUPPORT_CONFIRMED,True,3,NOT_EVALUATED,0,0.0,0.0,0.0
S6_ENTRY_E3_COMBINED,2025-08-21,688171,纬德信息,s6setup-21a71258455e9c272f77,WATCH_CANDIDATE,NOT_APPLICABLE,False,0,NOT_EVALUATED,0,0.0,0.0,0.0
S6_ENTRY_E3_COMBINED,2025-08-21,688507,索辰科技,s6setup-987937c145bed8deb782,KEY_CANDIDATE,SUPPORT_CONFIRMED,True,3,NOT_EVALUATED,0,0.0,0.0,0.0
S6_ENTRY_E3_COMBINED,2025-08-22,300009,安科生物,s6setup-b0925db5e4e62724fea7,WATCH_CANDIDATE,SUPPORT_FORMING,False,3,NOT_EVALUATED,0,0.0,0.0,0.0
S6_ENTRY_E3_COMBINED,2025-08-22,300600,国瑞科技,s6setup-505fdc69398e03985840,WATCH_CANDIDATE,SUPPORT_FORMING,False,3,NOT_EVALUATED,0,0.0,0.0,0.0
S6_ENTRY_E3_COMBINED,2025-08-22,300677,英科医疗,s6setup-643de4ab37ff183c8d60,WATCH_CANDIDATE,NOT_APPLICABLE,False,0,NOT_EVALUATED,0,0.0,0.0,0.0
S6_ENTRY_E3_COMBINED,2025-08-22,301389,隆扬电子,s6setup-a6837231cfdf54aa08e7,KEY_CANDIDATE,SUPPORT_CONFIRMED,True,5,NOT_EVALUATED,0,0.0,0.0,0.0
S6_ENTRY_E3_COMBINED,2025-08-22,600184,光电股份,s6setup-a7c11205c842d67862c0,WATCH_CANDIDATE,SUPPORT_FORMING,False,4,NOT_EVALUATED,0,0.0,0.0,0.0
S6_ENTRY_E3_COMBINED,2025-08-22,600629,华建集团,s6setup-9b4aa7e551d0adac65f9,WATCH_CANDIDATE,SUPPORT_CONFIRMED,True,5,NOT_EVALUATED,0,0.0,0.0,0.0
S6_ENTRY_E3_COMBINED,2025-08-25,002317,众生药业,s6setup-dd1f38847239157305df,WATCH_CANDIDATE,SUPPORT_CONFIRMED,True,5,NOT_EVALUATED,0,0.0,0.0,0.0
S6_ENTRY_E3_COMBINED,2025-08-25,300009,安科生物,s6setup-202be4c3970aed5518b3,WATCH_CANDIDATE,SUPPORT_CONFIRMED,True,5,NOT_EVALUATED,0,0.0,0.0,0.0
S6_ENTRY_E3_COMBINED,2025-08-25,300600,国瑞科技,s6setup-505fdc69398e03985840,WATCH_CANDIDATE,SUPPORT_FORMING,False,3,NOT_EVALUATED,0,0.0,0.0,0.0
S6_ENTRY_E3_COMBINED,2025-08-25,300677,英科医疗,s6setup-df4ae981180f5c5a8c07,WATCH_CANDIDATE,NOT_APPLICABLE,False,0,NOT_EVALUATED,0,0.0,0.0,0.0
S6_ENTRY_E3_COMBINED,2025-08-25,300706,阿石创,s6setup-4a4c09b4357671ae65c4,WATCH_CANDIDATE,SUPPORT_CONFIRMED,True,4,NOT_EVALUATED,0,0.0,0.0,0.0
S6_ENTRY_E3_COMBINED,2025-08-25,300841,康华生物,s6setup-85b7e487b3678d3e645e,KEY_CANDIDATE,SUPPORT_CONFIRMED,True,4,NOT_EVALUATED,0,0.0,0.0,0.0
S6_ENTRY_E3_COMBINED,2025-08-25,300875,捷强装备,s6setup-54b2ea3088df36967b33,WATCH_CANDIDATE,NOT_APPLICABLE,False,0,NOT_EVALUATED,0,0.0,0.0,0.0
S6_ENTRY_E3_COMBINED,2025-08-25,300885,海昌新材,s6setup-91a7df50d36c56618b19,KEY_CANDIDATE,SUPPORT_CONFIRMED,True,5,NOT_EVALUATED,0,0.0,0.0,0.0
S6_ENTRY_E3_COMBINED,2025-08-25,301389,隆扬电子,s6setup-c4db0ea54a9916e2ca2f,WATCH_CANDIDATE,NOT_APPLICABLE,False,0,NOT_EVALUATED,0,0.0,0.0,0.0
S6_ENTRY_E3_COMBINED,2025-08-25,688551,科威尔,s6setup-bddb947dce9126d52aeb,KEY_CANDIDATE,SUPPORT_CONFIRMED,True,4,NOT_EVALUATED,0,0.0,0.0,0.0
S6_ENTRY_E3_COMBINED,2025-08-25,688580,伟思医疗,s6setup-226dc50c5699e0586f0a,WATCH_CANDIDATE,NOT_APPLICABLE,False,0,NOT_EVALUATED,0,0.0,0.0,0.0
S6_ENTRY_E3_COMBINED,2025-08-26,002020,京新药业,s6setup-735a7477be0fea18fc9c,WATCH_CANDIDATE,NOT_APPLICABLE,False,0,NOT_EVALUATED,0,0.0,0.0,0.0
S6_ENTRY_E3_COMBINED,2025-08-26,300009,安科生物,s6setup-993ceb978dfc476a231f,WATCH_CANDIDATE,SUPPORT_CONFIRMED,True,3,NOT_EVALUATED,0,0.0,0.0,0.0
S6_ENTRY_E3_COMBINED,2025-08-26,300841,康华生物,s6setup-85b7e487b3678d3e645e,KEY_CANDIDATE,SUPPORT_CONFIRMED,True,3,NOT_EVALUATED,0,0.0,0.0,0.0
S6_ENTRY_E3_COMBINED,2025-08-26,300875,捷强装备,s6setup-97303033618698e750c3,KEY_CANDIDATE,SUPPORT_CONFIRMED,True,3,NOT_EVALUATED,0,0.0,0.0,0.0
S6_ENTRY_E3_COMBINED,2025-08-26,301357,北方长龙,s6setup-ef0e9918778ead33c400,WATCH_CANDIDATE,SUPPORT_CONFIRMED,True,4,NOT_EVALUATED,0,0.0,0.0,0.0
S6_ENTRY_E3_COMBINED,2025-08-26,301389,隆扬电子,s6setup-412d7a24e21a48d36b65,KEY_CANDIDATE,SUPPORT_CONFIRMED,True,3,NOT_EVALUATED,0,0.0,0.0,0.0
S6_ENTRY_E3_COMBINED,2025-08-26,688258,卓易信息,s6setup-27ba67f0c9d04314e9b1,WATCH_CANDIDATE,SUPPORT_FORMING,False,4,NOT_EVALUATED,0,0.0,0.0,0.0
S6_ENTRY_E3_COMBINED,2025-08-26,688403,汇成股份,s6setup-228e8589ec4fb8ab919f,WATCH_CANDIDATE,NOT_APPLICABLE,False,0,NOT_EVALUATED,0,0.0,0.0,0.0
S6_ENTRY_E3_COMBINED,2025-08-26,688580,伟思医疗,s6setup-b85e5d261c56c40edb68,WATCH_CANDIDATE,SUPPORT_CONFIRMED,True,3,NOT_EVALUATED,0,0.0,0.0,0.0
S6_ENTRY_E3_COMBINED,2025-08-27,000901,航天科技,s6setup-91fdaaeb5fd78ee71f25,WATCH_CANDIDATE,SUPPORT_CONFIRMED,True,3,NOT_EVALUATED,0,0.0,0.0,0.0
S6_ENTRY_E3_COMBINED,2025-08-27,300322,硕贝德,s6setup-e9a0df59c2144700236e,KEY_CANDIDATE,SUPPORT_CONFIRMED,True,3,NOT_EVALUATED,0,0.0,0.0,0.0
S6_ENTRY_E3_COMBINED,2025-08-27,688403,汇成股份,s6setup-228e8589ec4fb8ab919f,WATCH_CANDIDATE,SUPPORT_FORMING,False,2,NOT_EVALUATED,0,0.0,0.0,0.0
S6_ENTRY_E3_COMBINED,2025-08-28,000901,航天科技,s6setup-91fdaaeb5fd78ee71f25,WATCH_CANDIDATE,SUPPORT_FORMING,False,4,RELIABLE,250,0.4,0.264,0.682872
S6_ENTRY_E3_COMBINED,2025-08-28,002173,创新医疗,s6setup-34f9db971598aff4b345,WATCH_CANDIDATE,SUPPORT_FORMING,False,4,NOT_EVALUATED,0,0.0,0.0,0.0
S6_ENTRY_E3_COMBINED,2025-08-28,002670,国盛证券,s6setup-13ae253b04326b17a3fa,WATCH_CANDIDATE,SUPPORT_FORMING,False,4,NOT_EVALUATED,0,0.0,0.0,0.0
S6_ENTRY_E3_COMBINED,2025-08-28,301357,北方长龙,s6setup-08c6aa33048d16225b93,WATCH_CANDIDATE,NOT_APPLICABLE,False,0,NOT_EVALUATED,0,0.0,0.0,0.0
S6_ENTRY_E3_COMBINED,2025-08-28,688403,汇成股份,s6setup-228e8589ec4fb8ab919f,WATCH_CANDIDATE,SUPPORT_CONFIRMED,True,5,NOT_EVALUATED,0,0.0,0.0,0.0
S6_ENTRY_E3_COMBINED,2025-08-29,002342,巨力索具,s6setup-f1bd8e60b4e063aa9cd2,WATCH_CANDIDATE,NOT_APPLICABLE,False,0,NOT_EVALUATED,0,0.0,0.0,0.0
S6_ENTRY_E3_COMBINED,2025-08-29,002670,国盛证券,s6setup-13ae253b04326b17a3fa,WATCH_CANDIDATE,SUPPORT_CONFIRMED,True,4,NOT_EVALUATED,0,0.0,0.0,0.0
S6_ENTRY_E3_COMBINED,2025-08-29,300400,劲拓股份,s6setup-93472d59cb6a2b06e093,WATCH_CANDIDATE,NOT_APPLICABLE,False,0,NOT_EVALUATED,0,0.0,0.0,0.0
S6_ENTRY_E3_COMBINED,2025-08-29,301095,广立微,s6setup-ec4268cdb3ff4d155204,WATCH_CANDIDATE,NOT_APPLICABLE,False,0,NOT_EVALUATED,0,0.0,0.0,0.0
S6_ENTRY_E3_COMBINED,2025-08-29,688403,汇成股份,s6setup-228e8589ec4fb8ab919f,WATCH_CANDIDATE,NOT_APPLICABLE,False,0,NOT_EVALUATED,0,0.0,0.0,0.0
S6_ENTRY_E3_COMBINED,2025-09-01,000561,烽火电子,s6setup-4e4bdb4f02b2642cc0dd,KEY_CANDIDATE,SUPPORT_CONFIRMED,True,3,NOT_EVALUATED,0,0.0,0.0,0.0
S6_ENTRY_E3_COMBINED,2025-09-01,000901,航天科技,s6setup-91fdaaeb5fd78ee71f25,WATCH_CANDIDATE,SUPPORT_CONFIRMED,True,3,NOT_EVALUATED,0,0.0,0.0,0.0
S6_ENTRY_E3_COMBINED,2025-09-01,002670,国盛证券,s6setup-13ae253b04326b17a3fa,WATCH_CANDIDATE,SUPPORT_CONFIRMED,True,4,NOT_EVALUATED,0,0.0,0.0,0.0
S6_ENTRY_E3_COMBINED,2025-09-01,300400,劲拓股份,s6setup-93472d59cb6a2b06e093,KEY_CANDIDATE,SUPPORT_CONFIRMED,True,4,RELIABLE,250,0.652,0.256,0.902242
S6_ENTRY_E3_COMBINED,2025-09-01,301095,广立微,s6setup-ec4268cdb3ff4d155204,KEY_CANDIDATE,SUPPORT_CONFIRMED,True,5,RELIABLE,250,0.656,0.256,1.114578
S6_ENTRY_E3_COMBINED,2025-09-01,600143,金发科技,s6setup-edfdf6faacd2275dbc44,WATCH_CANDIDATE,SUPPORT_CONFIRMED,True,3,NOT_EVALUATED,0,0.0,0.0,0.0
S6_ENTRY_E3_COMBINED,2025-09-02,301095,广立微,s6setup-ec4268cdb3ff4d155204,WATCH_CANDIDATE,SUPPORT_FORMING,False,2,NOT_EVALUATED,0,0.0,0.0,0.0
S6_ENTRY_E3_COMBINED,2025-09-02,600208,衢州发展,s6setup-58ca7e3a74ab63f1ed03,WATCH_CANDIDATE,SUPPORT_CONFIRMED,True,3,NOT_EVALUATED,0,0.0,0.0,0.0
S6_ENTRY_E3_COMBINED,2025-09-02,688146,中船特气,s6setup-c824dd1450fd60c3bd7e,WATCH_CANDIDATE,SUPPORT_FORMING,False,2,NOT_EVALUATED,0,0.0,0.0,0.0
S6_ENTRY_E3_COMBINED,2025-09-03,301217,铜冠铜箔,s6setup-de70759c7759d1a5514d,WATCH_CANDIDATE,SUPPORT_FORMING,False,4,NOT_EVALUATED,0,0.0,0.0,0.0
S6_ENTRY_E3_COMBINED,2025-09-03,600208,衢州发展,s6setup-0ae7fb503de1b253a957,WATCH_CANDIDATE,SUPPORT_CONFIRMED,True,4,RELIABLE,250,0.452,0.332,1.148813
S6_ENTRY_E3_COMBINED,2025-09-03,688146,中船特气,s6setup-c824dd1450fd60c3bd7e,WATCH_CANDIDATE,SUPPORT_FORMING,False,3,NOT_EVALUATED,0,0.0,0.0,0.0
S6_ENTRY_E3_COMBINED,2025-09-03,688767,博拓生物,s6setup-14642204952b1afeca0e,KEY_CANDIDATE,SUPPORT_CONFIRMED,True,3,NOT_EVALUATED,0,0.0,0.0,0.0
S6_ENTRY_E3_COMBINED,2025-09-04,688370,丛麟科技,s6setup-217f312a9e7738e5738e,WATCH_CANDIDATE,SUPPORT_CONFIRMED,True,3,NOT_EVALUATED,0,0.0,0.0,0.0
S6_ENTRY_E3_COMBINED,2025-09-05,688621,阳光诺和,s6setup-e257d4b49d88615d8254,WATCH_CANDIDATE,SUPPORT_FORMING,False,4,NOT_EVALUATED,0,0.0,0.0,0.0
S6_ENTRY_E3_COMBINED,2025-09-09,002249,大洋电机,s6setup-9fc5786185f683e6c331,WATCH_CANDIDATE,SUPPORT_CONFIRMED,True,4,NOT_EVALUATED,0,0.0,0.0,0.0
S6_ENTRY_E3_COMBINED,2025-09-09,002428,云南锗业,s6setup-dc2887ba620b0c0442bf,WATCH_CANDIDATE,SUPPORT_CONFIRMED,True,3,NOT_EVALUATED,0,0.0,0.0,0.0
S6_ENTRY_E3_COMBINED,2025-09-09,002518,科士达,s6setup-519086fb04a79bcf4f92,WATCH_CANDIDATE,SUPPORT_CONFIRMED,True,4,NOT_EVALUATED,0,0.0,0.0,0.0
S6_ENTRY_E3_COMBINED,2025-09-09,002664,信质集团,s6setup-24cdf0717c0aac441538,WATCH_CANDIDATE,NOT_APPLICABLE,False,0,NOT_EVALUATED,0,0.0,0.0,0.0
S6_ENTRY_E3_COMBINED,2025-09-09,600113,浙江东日,s6setup-916872a47211c5f1a806,WATCH_CANDIDATE,NOT_APPLICABLE,False,0,NOT_EVALUATED,0,0.0,0.0,0.0
S6_ENTRY_E3_COMBINED,2025-09-09,600728,佳都科技,s6setup-a9f50975f20ed58922b0,WATCH_CANDIDATE,SUPPORT_CONFIRMED,True,5,NOT_EVALUATED,0,0.0,0.0,0.0
S6_ENTRY_E3_COMBINED,2025-09-09,688099,晶晨股份,s6setup-04b43703d8c20e8af02d,WATCH_CANDIDATE,SUPPORT_CONFIRMED,True,3,NOT_EVALUATED,0,0.0,0.0,0.0
S6_ENTRY_E3_COMBINED,2025-09-09,688260,昀冢科技,s6setup-d3f9e34eee55f308d761,KEY_CANDIDATE,SUPPORT_CONFIRMED,True,3,NOT_EVALUATED,0,0.0,0.0,0.0
S6_ENTRY_E3_COMBINED,2025-09-09,688621,阳光诺和,s6setup-e257d4b49d88615d8254,WATCH_CANDIDATE,SUPPORT_CONFIRMED,True,3,NOT_EVALUATED,0,0.0,0.0,0.0
S6_ENTRY_E3_COMBINED,2025-09-10,002428,云南锗业,s6setup-dc2887ba620b0c0442bf,WATCH_CANDIDATE,SUPPORT_CONFIRMED,True,3,NOT_EVALUATED,0,0.0,0.0,0.0
S6_ENTRY_E3_COMBINED,2025-09-10,300740,水羊股份,s6setup-90152e3f07386ecbf73a,WATCH_CANDIDATE,SUPPORT_CONFIRMED,True,4,NOT_EVALUATED,0,0.0,0.0,0.0
S6_ENTRY_E3_COMBINED,2025-09-10,300811,铂科新材,s6setup-acc775790aca3c3a5d2d,WATCH_CANDIDATE,SUPPORT_CONFIRMED,True,4,NOT_EVALUATED,0,0.0,0.0,0.0
S6_ENTRY_E3_COMBINED,2025-09-10,600111,北方稀土,s6setup-24ec443b7db1f38c8092,WATCH_CANDIDATE,SUPPORT_CONFIRMED,True,3,NOT_EVALUATED,0,0.0,0.0,0.0
S6_ENTRY_E3_COMBINED,2025-09-10,600113,浙江东日,s6setup-916872a47211c5f1a806,WATCH_CANDIDATE,NOT_APPLICABLE,False,0,NOT_EVALUATED,0,0.0,0.0,0.0
S6_ENTRY_E3_COMBINED,2025-09-11,000063,中兴通讯,s6setup-2a2011176a13f3224d4c,WATCH_CANDIDATE,SUPPORT_CONFIRMED,True,5,NOT_EVALUATED,0,0.0,0.0,0.0
S6_ENTRY_E3_COMBINED,2025-09-11,000887,中鼎股份,s6setup-713d8c6af9bd6e72126e,WATCH_CANDIDATE,NOT_APPLICABLE,False,0,NOT_EVALUATED,0,0.0,0.0,0.0
S6_ENTRY_E3_COMBINED,2025-09-11,002402,和而泰,s6setup-54aa95c9f92ab1eac954,WATCH_CANDIDATE,SUPPORT_CONFIRMED,True,5,RELIABLE,250,0.688,0.416,1.158414
S6_ENTRY_E3_COMBINED,2025-09-11,002428,云南锗业,s6setup-b916abb1b1f46de52429,WATCH_CANDIDATE,SUPPORT_CONFIRMED,True,5,RELIABLE,250,0.468,0.264,0.976654
S6_ENTRY_E3_COMBINED,2025-09-11,002600,领益智造,s6setup-a55089e1a7af6bc6423f,WATCH_CANDIDATE,NOT_APPLICABLE,False,0,NOT_EVALUATED,0,0.0,0.0,0.0
S6_ENTRY_E3_COMBINED,2025-09-11,002837,英维克,s6setup-1e83c9645327965425f1,WATCH_CANDIDATE,NOT_APPLICABLE,False,0,NOT_EVALUATED,0,0.0,0.0,0.0
S6_ENTRY_E3_COMBINED,2025-09-11,300113,顺网科技,s6setup-2c76e99aa1035f5e855a,KEY_CANDIDATE,SUPPORT_CONFIRMED,True,5,RELIABLE,250,0.48,0.264,0.748314
S6_ENTRY_E3_COMBINED,2025-09-11,300222,科大智能,s6setup-6f0d1255bc10d57b5fc4,WATCH_CANDIDATE,NOT_APPLICABLE,False,0,NOT_EVALUATED,0,0.0,0.0,0.0
S6_ENTRY_E3_COMBINED,2025-09-11,300496,中科创达,s6setup-7e2225ba9bc99627057c,WATCH_CANDIDATE,SUPPORT_FORMING,False,4,NOT_EVALUATED,0,0.0,0.0,0.0
S6_ENTRY_E3_COMBINED,2025-09-11,300503,昊志机电,s6setup-dee8f20edaf2344d5bc5,WATCH_CANDIDATE,NOT_APPLICABLE,False,0,NOT_EVALUATED,0,0.0,0.0,0.0
S6_ENTRY_E3_COMBINED,2025-09-11,300604,长川科技,s6setup-c2d763f154d5a3e7bd51,WATCH_CANDIDATE,NOT_APPLICABLE,False,0,NOT_EVALUATED,0,0.0,0.0,0.0
S6_ENTRY_E3_COMBINED,2025-09-11,300748,金力永磁,s6setup-318e120c4e48ebd32066,WATCH_CANDIDATE,SUPPORT_CONFIRMED,True,5,NOT_EVALUATED,0,0.0,0.0,0.0
S6_ENTRY_E3_COMBINED,2025-09-11,300843,胜蓝股份,s6setup-effbbcfbd9f6a9ade213,KEY_CANDIDATE,SUPPORT_CONFIRMED,True,5,RELIABLE,250,0.536,0.26,0.696793
S6_ENTRY_E3_COMBINED,2025-09-11,301165,锐捷网络,s6setup-bbe02001b6d47dcd3cec,KEY_CANDIDATE,SUPPORT_CONFIRMED,True,5,RELIABLE,250,0.516,0.328,1.218615
S6_ENTRY_E3_COMBINED,2025-09-11,301183,东田微,s6setup-68177011c742dd19c388,WATCH_CANDIDATE,NOT_APPLICABLE,False,0,NOT_EVALUATED,0,0.0,0.0,0.0
S6_ENTRY_E3_COMBINED,2025-09-11,600111,北方稀土,s6setup-337d1b5067eb226db598,WATCH_CANDIDATE,SUPPORT_CONFIRMED,True,5,NOT_EVALUATED,0,0.0,0.0,0.0
S6_ENTRY_E3_COMBINED,2025-09-11,600113,浙江东日,s6setup-916872a47211c5f1a806,WATCH_CANDIDATE,NOT_APPLICABLE,False,0,NOT_EVALUATED,0,0.0,0.0,0.0
S6_ENTRY_E3_COMBINED,2025-09-11,600160,巨化股份,s6setup-2cb9d15ec58e0a22e661,WATCH_CANDIDATE,NOT_APPLICABLE,False,0,NOT_EVALUATED,0,0.0,0.0,0.0
S6_ENTRY_E3_COMBINED,2025-09-11,600660,福耀玻璃,s6setup-8285309b61cb1f1643c8,WATCH_CANDIDATE,NOT_APPLICABLE,False,0,NOT_EVALUATED,0,0.0,0.0,0.0
S6_ENTRY_E3_COMBINED,2025-09-11,688020,方邦股份,s6setup-4a801fc3f2fc18be9e5e,WATCH_CANDIDATE,NOT_APPLICABLE,False,0,NOT_EVALUATED,0,0.0,0.0,0.0
S6_ENTRY_E3_COMBINED,2025-09-11,688372,伟测科技,s6setup-222f95ff4fd43da40b08,WATCH_CANDIDATE,SUPPORT_FORMING,False,4,NOT_EVALUATED,0,0.0,0.0,0.0
S6_ENTRY_E3_COMBINED,2025-09-11,688588,凌志软件,s6setup-655b9cae242f4439872d,KEY_CANDIDATE,SUPPORT_CONFIRMED,True,5,NOT_EVALUATED,0,0.0,0.0,0.0
S6_ENTRY_E3_COMBINED,2025-09-11,688612,威迈斯,s6setup-4284ff150498708639c9,WATCH_CANDIDATE,SUPPORT_CONFIRMED,True,5,NOT_EVALUATED,0,0.0,0.0,0.0
S6_ENTRY_E3_COMBINED,2025-09-11,688629,华丰科技,s6setup-b6a5bde1aef90947efae,WATCH_CANDIDATE,NOT_APPLICABLE,False,0,NOT_EVALUATED,0,0.0,0.0,0.0
S6_ENTRY_E3_COMBINED,2025-09-12,000063,中兴通讯,s6setup-2a2011176a13f3224d4c,WATCH_CANDIDATE,SUPPORT_CONFIRMED,True,4,NOT_EVALUATED,0,0.0,0.0,0.0
S6_ENTRY_E3_COMBINED,2025-09-12,002212,天融信,s6setup-a8f6370a9b42a2234e28,KEY_CANDIDATE,SUPPORT_CONFIRMED,True,4,RELIABLE,250,0.248,0.224,0.123066
S6_ENTRY_E3_COMBINED,2025-09-12,002378,章源钨业,s6setup-c4520a011b1400a27c31,KEY_CANDIDATE,SUPPORT_CONFIRMED,True,5,RELIABLE,250,0.52,0.34,1.130258
S6_ENTRY_E3_COMBINED,2025-09-12,002402,和而泰,s6setup-653d0556fe8b29b42e88,WATCH_CANDIDATE,NOT_APPLICABLE,False,0,NOT_EVALUATED,0,0.0,0.0,0.0
S6_ENTRY_E3_COMBINED,2025-09-12,002428,云南锗业,s6setup-f7b90b3340153eac10f2,WATCH_CANDIDATE,NOT_APPLICABLE,False,0,NOT_EVALUATED,0,0.0,0.0,0.0
S6_ENTRY_E3_COMBINED,2025-09-12,002600,领益智造,s6setup-a55089e1a7af6bc6423f,KEY_CANDIDATE,SUPPORT_CONFIRMED,True,3,NOT_EVALUATED,0,0.0,0.0,0.0
S6_ENTRY_E3_COMBINED,2025-09-12,002664,信质集团,s6setup-45ba32e65109520f608d,WATCH_CANDIDATE,SUPPORT_CONFIRMED,True,3,RELIABLE,250,0.76,0.368,1.31473
S6_ENTRY_E3_COMBINED,2025-09-12,300496,中科创达,s6setup-73d07e00f41a126beb7d,WATCH_CANDIDATE,SUPPORT_CONFIRMED,True,4,NOT_EVALUATED,0,0.0,0.0,0.0
S6_ENTRY_E3_COMBINED,2025-09-12,300503,昊志机电,s6setup-e3bb9aaec454e28f57b7,WATCH_CANDIDATE,NOT_APPLICABLE,False,0,NOT_EVALUATED,0,0.0,0.0,0.0
S6_ENTRY_E3_COMBINED,2025-09-12,301165,锐捷网络,s6setup-bbe02001b6d47dcd3cec,WATCH_CANDIDATE,NOT_APPLICABLE,False,0,NOT_EVALUATED,0,0.0,0.0,0.0
S6_ENTRY_E3_COMBINED,2025-09-12,301183,东田微,s6setup-68177011c742dd19c388,WATCH_CANDIDATE,NOT_APPLICABLE,False,0,NOT_EVALUATED,0,0.0,0.0,0.0
S6_ENTRY_E3_COMBINED,2025-09-12,600111,北方稀土,s6setup-0c186be8dd4f4f83177e,WATCH_CANDIDATE,NOT_APPLICABLE,False,0,NOT_EVALUATED,0,0.0,0.0,0.0
S6_ENTRY_E3_COMBINED,2025-09-12,600660,福耀玻璃,s6setup-8285309b61cb1f1643c8,WATCH_CANDIDATE,SUPPORT_CONFIRMED,True,3,NOT_EVALUATED,0,0.0,0.0,0.0
S6_ENTRY_E3_COMBINED,2025-09-12,603319,美湖股份,s6setup-53b07e70702ac2bdc128,WATCH_CANDIDATE,NOT_APPLICABLE,False,0,NOT_EVALUATED,0,0.0,0.0,0.0
S6_ENTRY_E3_COMBINED,2025-09-12,688099,晶晨股份,s6setup-b92348116496ea5d1a8a,WATCH_CANDIDATE,SUPPORT_CONFIRMED,True,3,RELIABLE,250,0.612,0.196,0.719937
S6_ENTRY_E3_COMBINED,2025-09-15,002062,宏润建设,s6setup-84f992301aabeed207c7,WATCH_CANDIDATE,NOT_APPLICABLE,False,0,NOT_EVALUATED,0,0.0,0.0,0.0
S6_ENTRY_E3_COMBINED,2025-09-15,002402,和而泰,s6setup-653d0556fe8b29b42e88,WATCH_CANDIDATE,SUPPORT_CONFIRMED,True,3,RELIABLE,250,0.608,0.384,1.492006
S6_ENTRY_E3_COMBINED,2025-09-15,002428,云南锗业,s6setup-f7b90b3340153eac10f2,WATCH_CANDIDATE,SUPPORT_CONFIRMED,True,3,NOT_EVALUATED,0,0.0,0.0,0.0
S6_ENTRY_E3_COMBINED,2025-09-15,002600,领益智造,s6setup-15c1604499c396f1967b,KEY_CANDIDATE,SUPPORT_CONFIRMED,True,5,NOT_EVALUATED,0,0.0,0.0,0.0
S6_ENTRY_E3_COMBINED,2025-09-15,002664,信质集团,s6setup-d344bac6191c1cf69595,WATCH_CANDIDATE,NOT_APPLICABLE,False,0,NOT_EVALUATED,0,0.0,0.0,0.0
S6_ENTRY_E3_COMBINED,2025-09-15,300465,高伟达,s6setup-61c5d78719f9d5af5af6,KEY_CANDIDATE,SUPPORT_CONFIRMED,True,3,NOT_EVALUATED,0,0.0,0.0,0.0
S6_ENTRY_E3_COMBINED,2025-09-15,300503,昊志机电,s6setup-e3bb9aaec454e28f57b7,WATCH_CANDIDATE,NOT_APPLICABLE,False,0,NOT_EVALUATED,0,0.0,0.0,0.0
S6_ENTRY_E3_COMBINED,2025-09-15,300604,长川科技,s6setup-fbd5a788ad18d78c7821,WATCH_CANDIDATE,NOT_APPLICABLE,False,0,NOT_EVALUATED,0,0.0,0.0,0.0
S6_ENTRY_E3_COMBINED,2025-09-15,301183,东田微,s6setup-a0f79c4d75be782ec826,KEY_CANDIDATE,SUPPORT_CONFIRMED,True,3,NOT_EVALUATED,0,0.0,0.0,0.0
S6_ENTRY_E3_COMBINED,2025-09-15,600111,北方稀土,s6setup-0c186be8dd4f4f83177e,WATCH_CANDIDATE,SUPPORT_CONFIRMED,True,3,NOT_EVALUATED,0,0.0,0.0,0.0
S6_ENTRY_E3_COMBINED,2025-09-15,600660,福耀玻璃,s6setup-11d9dcd7650cc1ca2b80,WATCH_CANDIDATE,SUPPORT_CONFIRMED,True,5,NOT_EVALUATED,0,0.0,0.0,0.0
S6_ENTRY_E3_COMBINED,2025-09-15,688261,东微半导,s6setup-eefefb1710023049dce6,WATCH_CANDIDATE,SUPPORT_CONFIRMED,True,5,NOT_EVALUATED,0,0.0,0.0,0.0
S6_ENTRY_E3_COMBINED,2025-09-15,688371,菲沃泰,s6setup-78606e8efa5d728c4c39,WATCH_CANDIDATE,NOT_APPLICABLE,False,0,NOT_EVALUATED,0,0.0,0.0,0.0
S6_ENTRY_E3_COMBINED,2025-09-15,688480,赛恩斯,s6setup-85cd93587da6d8b0a5fd,WATCH_CANDIDATE,SUPPORT_CONFIRMED,True,5,NOT_EVALUATED,0,0.0,0.0,0.0
S6_ENTRY_E3_COMBINED,2025-09-16,002062,宏润建设,s6setup-84f992301aabeed207c7,WATCH_CANDIDATE,NOT_APPLICABLE,False,0,NOT_EVALUATED,0,0.0,0.0,0.0
S6_ENTRY_E3_COMBINED,2025-09-16,002145,钛能化学,s6setup-e61dd12f1f218d763053,WATCH_CANDIDATE,WAITING_BREAKOUT,False,0,RELIABLE,250,0.596,0.348,0.393874
S6_ENTRY_E3_COMBINED,2025-09-16,300465,高伟达,s6setup-61c5d78719f9d5af5af6,KEY_CANDIDATE,SUPPORT_CONFIRMED,True,5,RELIABLE,250,0.6,0.364,0.983019
S6_ENTRY_E3_COMBINED,2025-09-16,300604,长川科技,s6setup-541f126d80173b7eb722,KEY_CANDIDATE,SUPPORT_CONFIRMED,True,3,RELIABLE,250,0.6,0.208,0.816155
S6_ENTRY_E3_COMBINED,2025-09-16,600105,永鼎股份,s6setup-efdebdc927d1177541a4,WATCH_CANDIDATE,SUPPORT_CONFIRMED,True,5,RELIABLE,250,0.768,0.36,1.379823
S6_ENTRY_E3_COMBINED,2025-09-16,600660,福耀玻璃,s6setup-d910168be31bbf8c8b92,WATCH_CANDIDATE,NOT_APPLICABLE,False,0,NOT_EVALUATED,0,0.0,0.0,0.0
S6_ENTRY_E3_COMBINED,2025-09-16,688063,派能科技,s6setup-6fd60e456ad516bcb45b,KEY_CANDIDATE,SUPPORT_CONFIRMED,True,3,RELIABLE,250,0.488,0.2,0.813409
S6_ENTRY_E3_COMBINED,2025-09-16,688222,成都先导,s6setup-6fb055c09204cc538110,KEY_CANDIDATE,SUPPORT_CONFIRMED,True,5,NOT_EVALUATED,0,0.0,0.0,0.0
S6_ENTRY_E3_COMBINED,2025-09-16,688261,东微半导,s6setup-457afb98aab7503e7344,KEY_CANDIDATE,SUPPORT_CONFIRMED,True,3,RELIABLE,250,0.472,0.224,0.782292
S6_ENTRY_E3_COMBINED,2025-09-16,688371,菲沃泰,s6setup-78606e8efa5d728c4c39,WATCH_CANDIDATE,NOT_APPLICABLE,False,0,NOT_EVALUATED,0,0.0,0.0,0.0
S6_ENTRY_E3_COMBINED,2025-09-17,002484,江海股份,s6setup-edd02d178efbc752c41c,WATCH_CANDIDATE,SUPPORT_CONFIRMED,True,4,NOT_EVALUATED,0,0.0,0.0,0.0
S6_ENTRY_E3_COMBINED,2025-09-17,300465,高伟达,s6setup-61c5d78719f9d5af5af6,KEY_CANDIDATE,SUPPORT_CONFIRMED,True,3,RELIABLE,250,0.428,0.26,0.991996
S6_ENTRY_E3_COMBINED,2025-09-17,600660,福耀玻璃,s6setup-8f823c12a7c6507cfb0b,WATCH_CANDIDATE,NOT_APPLICABLE,False,0,NOT_EVALUATED,0,0.0,0.0,0.0
S6_ENTRY_E3_COMBINED,2025-09-17,688063,派能科技,s6setup-a6e76f7fe1203a8e778a,KEY_CANDIDATE,SUPPORT_CONFIRMED,True,5,NOT_EVALUATED,0,0.0,0.0,0.0
S6_ENTRY_E3_COMBINED,2025-09-17,688141,杰华特,s6setup-7e5b679759f4559a4557,WATCH_CANDIDATE,NOT_APPLICABLE,False,0,NOT_EVALUATED,0,0.0,0.0,0.0
S6_ENTRY_E3_COMBINED,2025-09-17,688261,东微半导,s6setup-587e3b000ff4e253cc89,WATCH_CANDIDATE,NOT_APPLICABLE,False,0,NOT_EVALUATED,0,0.0,0.0,0.0
S6_ENTRY_E3_COMBINED,2025-09-18,002484,江海股份,s6setup-edd02d178efbc752c41c,WATCH_CANDIDATE,SUPPORT_FORMING,False,2,NOT_EVALUATED,0,0.0,0.0,0.0
S6_ENTRY_E3_COMBINED,2025-09-18,300394,天孚通信,s6setup-8617597dc0fa1383b10d,KEY_CANDIDATE,SUPPORT_CONFIRMED,True,3,NOT_EVALUATED,0,0.0,0.0,0.0
S6_ENTRY_E3_COMBINED,2025-09-18,300465,高伟达,s6setup-f5b3da7578ea5fcbc3c4,WATCH_CANDIDATE,SUPPORT_FORMING,False,3,NOT_EVALUATED,0,0.0,0.0,0.0
S6_ENTRY_E3_COMBINED,2025-09-18,301486,致尚科技,s6setup-a791e260f9aac882d8f0,WATCH_CANDIDATE,SUPPORT_CONFIRMED,True,4,NOT_EVALUATED,0,0.0,0.0,0.0
S6_ENTRY_E3_COMBINED,2025-09-18,601877,正泰电器,s6setup-bb0a6512ba296ba29adf,KEY_CANDIDATE,SUPPORT_CONFIRMED,True,3,NOT_EVALUATED,0,0.0,0.0,0.0
S6_ENTRY_E3_COMBINED,2025-09-18,688063,派能科技,s6setup-6fd60e456ad516bcb45b,WATCH_CANDIDATE,SUPPORT_FORMING,False,2,NOT_EVALUATED,0,0.0,0.0,0.0
S6_ENTRY_E3_COMBINED,2025-09-18,688331,荣昌生物,s6setup-e9466fad676b2c9b8c72,WATCH_CANDIDATE,NOT_APPLICABLE,False,0,NOT_EVALUATED,0,0.0,0.0,0.0
S6_ENTRY_E3_COMBINED,2025-09-19,000962,东方钽业,s6setup-9e5c6168d65ef4ca8426,WATCH_CANDIDATE,SUPPORT_CONFIRMED,True,5,NOT_EVALUATED,0,0.0,0.0,0.0
S6_ENTRY_E3_COMBINED,2025-09-19,002484,江海股份,s6setup-edd02d178efbc752c41c,WATCH_CANDIDATE,SUPPORT_FORMING,False,2,NOT_EVALUATED,0,0.0,0.0,0.0
S6_ENTRY_E3_COMBINED,2025-09-19,300394,天孚通信,s6setup-ae4b243983b20bc0b5f9,KEY_CANDIDATE,SUPPORT_CONFIRMED,True,4,RELIABLE,250,0.496,0.372,0.87111
S6_ENTRY_E3_COMBINED,2025-09-19,601877,正泰电器,s6setup-621fba1ef2b07aedcb06,KEY_CANDIDATE,SUPPORT_CONFIRMED,True,5,NOT_EVALUATED,0,0.0,0.0,0.0
S6_ENTRY_E3_COMBINED,2025-09-19,688183,生益电子,s6setup-c454dce9dae0a5eac1f5,WATCH_CANDIDATE,NOT_APPLICABLE,False,0,NOT_EVALUATED,0,0.0,0.0,0.0
S6_ENTRY_E3_COMBINED,2025-09-19,688235,百济神州,s6setup-769745a929022e58a476,WATCH_CANDIDATE,SUPPORT_FORMING,False,2,NOT_EVALUATED,0,0.0,0.0,0.0
S6_ENTRY_E3_COMBINED,2025-09-19,688331,荣昌生物,s6setup-e053c4492bbcb3016b5a,WATCH_CANDIDATE,NOT_APPLICABLE,False,0,NOT_EVALUATED,0,0.0,0.0,0.0
S6_ENTRY_E3_COMBINED,2025-09-22,300035,中科电气,s6setup-e1fa5ddd63e54797f3ee,KEY_CANDIDATE,SUPPORT_CONFIRMED,True,5,RELIABLE,250,0.52,0.316,1.149919
S6_ENTRY_E3_COMBINED,2025-09-22,300394,天孚通信,s6setup-ae4b243983b20bc0b5f9,KEY_CANDIDATE,SUPPORT_CONFIRMED,True,4,RELIABLE,250,0.42,0.332,0.917566
S6_ENTRY_E3_COMBINED,2025-09-22,300415,伊之密,s6setup-182e4147b9219916f379,WATCH_CANDIDATE,SUPPORT_FORMING,False,2,NOT_EVALUATED,0,0.0,0.0,0.0
S6_ENTRY_E3_COMBINED,2025-09-22,300990,同飞股份,s6setup-f8900fead8840a342b0e,WATCH_CANDIDATE,SUPPORT_CONFIRMED,True,5,NOT_EVALUATED,0,0.0,0.0,0.0
S6_ENTRY_E3_COMBINED,2025-09-22,603612,索通发展,s6setup-e2176f4c641347e3af3a,WATCH_CANDIDATE,SUPPORT_CONFIRMED,True,4,NOT_EVALUATED,0,0.0,0.0,0.0
S6_ENTRY_E3_COMBINED,2025-09-22,688063,派能科技,s6setup-c2fd1a235da71c264e7e,KEY_CANDIDATE,SUPPORT_CONFIRMED,True,5,NOT_EVALUATED,0,0.0,0.0,0.0
S6_ENTRY_E3_COMBINED,2025-09-22,688141,杰华特,s6setup-1533be6620f7e49b28f6,KEY_CANDIDATE,SUPPORT_CONFIRMED,True,5,RELIABLE,250,0.556,0.18,0.751832
S6_ENTRY_E3_COMBINED,2025-09-22,688183,生益电子,s6setup-8ad879673856045750cb,WATCH_CANDIDATE,NOT_APPLICABLE,False,0,NOT_EVALUATED,0,0.0,0.0,0.0
S6_ENTRY_E3_COMBINED,2025-09-22,688235,百济神州,s6setup-bea30948481b1e887e0f,WATCH_CANDIDATE,SUPPORT_FORMING,False,4,NOT_EVALUATED,0,0.0,0.0,0.0
S6_ENTRY_E3_COMBINED,2025-09-22,688499,利元亨,s6setup-3fd254de526a65ccefaf,WATCH_CANDIDATE,SUPPORT_FORMING,False,4,NOT_EVALUATED,0,0.0,0.0,0.0
S6_ENTRY_E3_COMBINED,2025-09-23,002484,江海股份,s6setup-edd02d178efbc752c41c,WATCH_CANDIDATE,SUPPORT_CONFIRMED,True,4,NOT_EVALUATED,0,0.0,0.0,0.0
S6_ENTRY_E3_COMBINED,2025-09-23,300035,中科电气,s6setup-0997d5202e9b69bb5081,WATCH_CANDIDATE,NOT_APPLICABLE,False,0,NOT_EVALUATED,0,0.0,0.0,0.0
S6_ENTRY_E3_COMBINED,2025-09-23,300394,天孚通信,s6setup-cac8a1d8746ec62e8f7e,KEY_CANDIDATE,SUPPORT_CONFIRMED,True,4,RELIABLE,250,0.492,0.368,1.035328
S6_ENTRY_E3_COMBINED,2025-09-23,300990,同飞股份,s6setup-f4d7e7ab7d7a245c87eb,WATCH_CANDIDATE,NOT_APPLICABLE,False,0,NOT_EVALUATED,0,0.0,0.0,0.0
S6_ENTRY_E3_COMBINED,2025-09-23,688013,天臣医疗,s6setup-d80f2ced0e3cb981c9af,WATCH_CANDIDATE,NOT_APPLICABLE,False,0,NOT_EVALUATED,0,0.0,0.0,0.0
S6_ENTRY_E3_COMBINED,2025-09-23,688141,杰华特,s6setup-1533be6620f7e49b28f6,WATCH_CANDIDATE,SUPPORT_FORMING,False,4,RELIABLE,250,0.636,0.208,0.787012
S6_ENTRY_E3_COMBINED,2025-09-23,688183,生益电子,s6setup-6e322181eb4a62bec9dd,WATCH_CANDIDATE,NOT_APPLICABLE,False,0,NOT_EVALUATED,0,0.0,0.0,0.0
S6_ENTRY_E3_COMBINED,2025-09-23,688331,荣昌生物,s6setup-767c1a94d9d24c05438b,WATCH_CANDIDATE,SUPPORT_CONFIRMED,True,3,NOT_EVALUATED,0,0.0,0.0,0.0
S6_ENTRY_E3_COMBINED,2025-09-23,688499,利元亨,s6setup-3fd254de526a65ccefaf,WATCH_CANDIDATE,SUPPORT_FORMING,False,4,NOT_EVALUATED,0,0.0,0.0,0.0
S6_ENTRY_E3_COMBINED,2025-09-24,002074,国轩高科,s6setup-ddd242a85968b864c223,WATCH_CANDIDATE,SUPPORT_FORMING,False,4,NOT_EVALUATED,0,0.0,0.0,0.0
S6_ENTRY_E3_COMBINED,2025-09-24,300790,宇瞳光学,s6setup-9b48a0dfdfd7ea144be2,WATCH_CANDIDATE,SUPPORT_CONFIRMED,True,5,NOT_EVALUATED,0,0.0,0.0,0.0
S6_ENTRY_E3_COMBINED,2025-09-24,688183,生益电子,s6setup-3ab98ba4e6aa6ee621c4,WATCH_CANDIDATE,NOT_APPLICABLE,False,0,NOT_EVALUATED,0,0.0,0.0,0.0
S6_ENTRY_E3_COMBINED,2025-09-24,688235,百济神州,s6setup-6364bf1d4be532256cf2,KEY_CANDIDATE,SUPPORT_CONFIRMED,True,5,NOT_EVALUATED,0,0.0,0.0,0.0
S6_ENTRY_E3_COMBINED,2025-09-24,688331,荣昌生物,s6setup-8c876f4b12b2d5d5fd20,WATCH_CANDIDATE,SUPPORT_CONFIRMED,True,5,NOT_EVALUATED,0,0.0,0.0,0.0
S6_ENTRY_E3_COMBINED,2025-09-24,688388,嘉元科技,s6setup-374aba872fa4f996a037,WATCH_CANDIDATE,NOT_APPLICABLE,False,0,NOT_EVALUATED,0,0.0,0.0,0.0
S6_ENTRY_E3_COMBINED,2025-09-24,688779,五矿新能,s6setup-17d26768cf8c49e6074e,WATCH_CANDIDATE,SUPPORT_CONFIRMED,True,5,NOT_EVALUATED,0,0.0,0.0,0.0
S6_ENTRY_E3_COMBINED,2025-09-25,000426,兴业银锡,s6setup-fb9f1459e01656d3a6f2,WATCH_CANDIDATE,NOT_APPLICABLE,False,0,NOT_EVALUATED,0,0.0,0.0,0.0
S6_ENTRY_E3_COMBINED,2025-09-25,000796,凯撒旅业,s6setup-bba77eab5c130632d0e3,WATCH_CANDIDATE,SUPPORT_CONFIRMED,True,5,NOT_EVALUATED,0,0.0,0.0,0.0
S6_ENTRY_E3_COMBINED,2025-09-25,002074,国轩高科,s6setup-ddd242a85968b864c223,WATCH_CANDIDATE,NOT_APPLICABLE,False,0,NOT_EVALUATED,0,0.0,0.0,0.0
S6_ENTRY_E3_COMBINED,2025-09-25,002407,多氟多,s6setup-5b781edcd82a9664c916,KEY_CANDIDATE,SUPPORT_CONFIRMED,True,3,NOT_EVALUATED,0,0.0,0.0,0.0
S6_ENTRY_E3_COMBINED,2025-09-25,300035,中科电气,s6setup-05c1b4d829f66812bd4e,WATCH_CANDIDATE,SUPPORT_CONFIRMED,True,3,NOT_EVALUATED,0,0.0,0.0,0.0
S6_ENTRY_E3_COMBINED,2025-09-25,300568,星源材质,s6setup-264b4fa1922eeea044ab,READY_CANDIDATE,SUPPORT_CONFIRMED,True,3,NOT_EVALUATED,0,0.0,0.0,0.0
S6_ENTRY_E3_COMBINED,2025-09-25,300619,金银河,s6setup-922230b3e37111fd7d82,WATCH_CANDIDATE,SUPPORT_CONFIRMED,True,3,NOT_EVALUATED,0,0.0,0.0,0.0
S6_ENTRY_E3_COMBINED,2025-09-25,300772,运达股份,s6setup-7ab0e59e9fb2a5694aa0,WATCH_CANDIDATE,NOT_APPLICABLE,False,0,NOT_EVALUATED,0,0.0,0.0,0.0
S6_ENTRY_E3_COMBINED,2025-09-25,600276,恒瑞医药,s6setup-a62f87e4b34911f97b44,WATCH_CANDIDATE,SUPPORT_CONFIRMED,True,4,NOT_EVALUATED,0,0.0,0.0,0.0
S6_ENTRY_E3_COMBINED,2025-09-25,600362,江西铜业,s6setup-45ac314161c5cdbd49ed,WATCH_CANDIDATE,SUPPORT_CONFIRMED,True,4,NOT_EVALUATED,0,0.0,0.0,0.0
S6_ENTRY_E3_COMBINED,2025-09-25,603319,美湖股份,s6setup-33a8d4b25d72b3dc0baa,WATCH_CANDIDATE,SUPPORT_CONFIRMED,True,4,NOT_EVALUATED,0,0.0,0.0,0.0
S6_ENTRY_E3_COMBINED,2025-09-25,688116,天奈科技,s6setup-cecb0529ee0f187d6279,WATCH_CANDIDATE,SUPPORT_CONFIRMED,True,3,RELIABLE,250,0.884,0.356,1.315826
S6_ENTRY_E3_COMBINED,2025-09-25,688235,百济神州,s6setup-4e007621adf207db42e2,KEY_CANDIDATE,SUPPORT_CONFIRMED,True,4,NOT_EVALUATED,0,0.0,0.0,0.0
S6_ENTRY_E3_COMBINED,2025-09-25,688331,荣昌生物,s6setup-a010857fd580d388330c,WATCH_CANDIDATE,NOT_APPLICABLE,False,0,NOT_EVALUATED,0,0.0,0.0,0.0
S6_ENTRY_E3_COMBINED,2025-09-25,688388,嘉元科技,s6setup-711c59be807f5bfa2e8a,WATCH_CANDIDATE,NOT_APPLICABLE,False,0,NOT_EVALUATED,0,0.0,0.0,0.0
S6_ENTRY_E3_COMBINED,2025-09-25,688779,五矿新能,s6setup-affd795824619560ce8c,KEY_CANDIDATE,SUPPORT_CONFIRMED,True,5,NOT_EVALUATED,0,0.0,0.0,0.0
S6_ENTRY_E3_COMBINED,2025-09-26,300953,震裕科技,s6setup-1e6cb85e40e24aac5c88,WATCH_CANDIDATE,SUPPORT_CONFIRMED,True,3,RELIABLE,250,0.724,0.252,1.07563
S6_ENTRY_E3_COMBINED,2025-09-26,603119,浙江荣泰,s6setup-796cb0a388ba90add440,WATCH_CANDIDATE,NOT_APPLICABLE,False,0,NOT_EVALUATED,0,0.0,0.0,0.0
S6_ENTRY_E3_COMBINED,2025-09-26,603319,美湖股份,s6setup-33a8d4b25d72b3dc0baa,WATCH_CANDIDATE,NOT_APPLICABLE,False,0,NOT_EVALUATED,0,0.0,0.0,0.0
S6_ENTRY_E3_COMBINED,2025-09-26,688017,绿的谐波,s6setup-ccd52baaab642b15b1c7,WATCH_CANDIDATE,NOT_APPLICABLE,False,0,NOT_EVALUATED,0,0.0,0.0,0.0
S6_ENTRY_E3_COMBINED,2025-09-26,688116,天奈科技,s6setup-cecb0529ee0f187d6279,WATCH_CANDIDATE,NOT_APPLICABLE,False,0,NOT_EVALUATED,0,0.0,0.0,0.0
S6_ENTRY_E3_COMBINED,2025-09-26,688131,皓元医药,s6setup-de8a35130200259e121c,WATCH_CANDIDATE,SUPPORT_CONFIRMED,True,4,RELIABLE,250,0.916,0.352,1.39934
S6_ENTRY_E3_COMBINED,2025-09-26,688388,嘉元科技,s6setup-34da95e8348a8043649f,WATCH_CANDIDATE,SUPPORT_CONFIRMED,True,3,RELIABLE,250,0.78,0.304,1.333526
S6_ENTRY_E3_COMBINED,2025-09-26,688779,五矿新能,s6setup-affd795824619560ce8c,WATCH_CANDIDATE,SUPPORT_CONFIRMED,True,3,NOT_EVALUATED,0,0.0,0.0,0.0
S6_ENTRY_E3_COMBINED,2025-09-29,002074,国轩高科,s6setup-4e0d8a63acdc01f12ff1,WATCH_CANDIDATE,SUPPORT_CONFIRMED,True,5,NOT_EVALUATED,0,0.0,0.0,0.0
S6_ENTRY_E3_COMBINED,2025-09-29,002779,中坚科技,s6setup-5b9954ffa38d55aae644,WATCH_CANDIDATE,NOT_APPLICABLE,False,0,NOT_EVALUATED,0,0.0,0.0,0.0
S6_ENTRY_E3_COMBINED,2025-09-29,003021,兆威机电,s6setup-77c168047de37b309dbb,WATCH_CANDIDATE,SUPPORT_CONFIRMED,True,5,NOT_EVALUATED,0,0.0,0.0,0.0
S6_ENTRY_E3_COMBINED,2025-09-29,301150,中一科技,s6setup-b8ad5334d77d0885e535,KEY_CANDIDATE,SUPPORT_CONFIRMED,True,5,NOT_EVALUATED,0,0.0,0.0,0.0
S6_ENTRY_E3_COMBINED,2025-09-29,601069,西部黄金,s6setup-6100ae38d450adf8a83d,WATCH_CANDIDATE,NOT_APPLICABLE,False,0,NOT_EVALUATED,0,0.0,0.0,0.0
S6_ENTRY_E3_COMBINED,2025-09-29,603319,美湖股份,s6setup-8e5ebc79909a2668e31d,WATCH_CANDIDATE,NOT_APPLICABLE,False,0,NOT_EVALUATED,0,0.0,0.0,0.0
S6_ENTRY_E3_COMBINED,2025-09-29,688017,绿的谐波,s6setup-ccd52baaab642b15b1c7,WATCH_CANDIDATE,NOT_APPLICABLE,False,0,NOT_EVALUATED,0,0.0,0.0,0.0
S6_ENTRY_E3_COMBINED,2025-09-29,688779,五矿新能,s6setup-329719f11f68a21d977c,WATCH_CANDIDATE,NOT_APPLICABLE,False,0,NOT_EVALUATED,0,0.0,0.0,0.0
S6_ENTRY_E3_COMBINED,2025-09-30,002074,国轩高科,s6setup-22f3945be4f6dee4012f,WATCH_CANDIDATE,SUPPORT_CONFIRMED,True,5,NOT_EVALUATED,0,0.0,0.0,0.0
S6_ENTRY_E3_COMBINED,2025-09-30,002176,江特电机,s6setup-6b6ff969af11dd8937ab,WATCH_CANDIDATE,SUPPORT_CONFIRMED,True,5,RELIABLE,250,0.708,0.332,0.834443
S6_ENTRY_E3_COMBINED,2025-09-30,002183,怡 亚 通,s6setup-c1dded25a893939cb221,KEY_CANDIDATE,SUPPORT_CONFIRMED,True,5,NOT_EVALUATED,0,0.0,0.0,0.0
S6_ENTRY_E3_COMBINED,2025-09-30,002624,完美世界,s6setup-f9859bec5b06a4db59b1,WATCH_CANDIDATE,WAITING_BREAKOUT,False,0,RELIABLE,250,0.584,0.444,0.345941
S6_ENTRY_E3_COMBINED,2025-09-30,002779,中坚科技,s6setup-5b9954ffa38d55aae644,WATCH_CANDIDATE,SUPPORT_CONFIRMED,True,3,NOT_EVALUATED,0,0.0,0.0,0.0
S6_ENTRY_E3_COMBINED,2025-09-30,002916,深南电路,s6setup-c757cc2e63e23d207547,WATCH_CANDIDATE,SUPPORT_CONFIRMED,True,3,RELIABLE,250,0.792,0.328,1.144382
S6_ENTRY_E3_COMBINED,2025-09-30,300007,汉威科技,s6setup-4f7fa1af5e31b7da1c19,WATCH_CANDIDATE,NOT_APPLICABLE,False,0,NOT_EVALUATED,0,0.0,0.0,0.0
S6_ENTRY_E3_COMBINED,2025-09-30,300331,苏大维格,s6setup-5fbf8ac3bf6446ab47a8,WATCH_CANDIDATE,SUPPORT_CONFIRMED,True,4,NOT_EVALUATED,0,0.0,0.0,0.0
S6_ENTRY_E3_COMBINED,2025-09-30,300469,信息发展,s6setup-9b076a7334c850f93fd0,WATCH_CANDIDATE,SUPPORT_FORMING,False,3,NOT_EVALUATED,0,0.0,0.0,0.0
S6_ENTRY_E3_COMBINED,2025-09-30,600489,中金黄金,s6setup-6df7b0e8295664e5943a,WATCH_CANDIDATE,NOT_APPLICABLE,False,0,NOT_EVALUATED,0,0.0,0.0,0.0
S6_ENTRY_E3_COMBINED,2025-09-30,601138,工业富联,s6setup-549b8b40985a235e30cd,WATCH_CANDIDATE,NOT_APPLICABLE,False,0,NOT_EVALUATED,0,0.0,0.0,0.0
S6_ENTRY_E3_COMBINED,2025-09-30,601208,东材科技,s6setup-81cc4960a1a3257ec94d,WATCH_CANDIDATE,SUPPORT_CONFIRMED,True,3,NOT_EVALUATED,0,0.0,0.0,0.0
S6_ENTRY_E3_COMBINED,2025-09-30,601872,招商轮船,s6setup-279667d2b1b01bdb0a95,WATCH_CANDIDATE,SUPPORT_CONFIRMED,True,5,NOT_EVALUATED,0,0.0,0.0,0.0
S6_ENTRY_E3_COMBINED,2025-09-30,603119,浙江荣泰,s6setup-2374b9d39f87fc8f74cb,WATCH_CANDIDATE,SUPPORT_CONFIRMED,True,4,RELIABLE,250,0.804,0.416,1.304871
S6_ENTRY_E3_COMBINED,2025-09-30,603179,新泉股份,s6setup-6762e812ce871789c37b,WATCH_CANDIDATE,NOT_APPLICABLE,False,0,NOT_EVALUATED,0,0.0,0.0,0.0
S6_ENTRY_E3_COMBINED,2025-09-30,603319,美湖股份,s6setup-8e5ebc79909a2668e31d,WATCH_CANDIDATE,SUPPORT_CONFIRMED,True,4,NOT_EVALUATED,0,0.0,0.0,0.0
S6_ENTRY_E3_COMBINED,2025-09-30,688779,五矿新能,s6setup-83acccd9d7560dd2a726,WATCH_CANDIDATE,NOT_APPLICABLE,False,0,NOT_EVALUATED,0,0.0,0.0,0.0
S6_ENTRY_E3_COMBINED,2025-10-09,002008,大族激光,s6setup-c41cf311890f660da644,WATCH_CANDIDATE,SUPPORT_CONFIRMED,True,3,NOT_EVALUATED,0,0.0,0.0,0.0
S6_ENTRY_E3_COMBINED,2025-10-09,002164,宁波东力,s6setup-6ea15fe5658413a537eb,WATCH_CANDIDATE,NOT_APPLICABLE,False,0,NOT_EVALUATED,0,0.0,0.0,0.0
S6_ENTRY_E3_COMBINED,2025-10-09,002176,江特电机,s6setup-6b6ff969af11dd8937ab,WATCH_CANDIDATE,NOT_APPLICABLE,False,0,NOT_EVALUATED,0,0.0,0.0,0.0
S6_ENTRY_E3_COMBINED,2025-10-09,002182,宝武镁业,s6setup-cf3d675d3aee8f032232,WATCH_CANDIDATE,NOT_APPLICABLE,False,0,NOT_EVALUATED,0,0.0,0.0,0.0
S6_ENTRY_E3_COMBINED,2025-10-09,002183,怡 亚 通,s6setup-c1dded25a893939cb221,WATCH_CANDIDATE,NOT_APPLICABLE,False,0,NOT_EVALUATED,0,0.0,0.0,0.0
S6_ENTRY_E3_COMBINED,2025-10-09,002436,兴森科技,s6setup-d8d831c89fa9b91181f2,WATCH_CANDIDATE,SUPPORT_CONFIRMED,True,4,NOT_EVALUATED,0,0.0,0.0,0.0
S6_ENTRY_E3_COMBINED,2025-10-09,002624,完美世界,s6setup-f9859bec5b06a4db59b1,WATCH_CANDIDATE,SUPPORT_FORMING,False,2,NOT_EVALUATED,0,0.0,0.0,0.0
S6_ENTRY_E3_COMBINED,2025-10-09,002683,广东宏大,s6setup-f2b2b481551a05209173,WATCH_CANDIDATE,WAITING_BREAKOUT,False,0,NOT_EVALUATED,0,0.0,0.0,0.0
S6_ENTRY_E3_COMBINED,2025-10-09,003021,兆威机电,s6setup-8fc5eb945042a136f608,WATCH_CANDIDATE,SUPPORT_CONFIRMED,True,5,NOT_EVALUATED,0,0.0,0.0,0.0
S6_ENTRY_E3_COMBINED,2025-10-09,300007,汉威科技,s6setup-eba4cf7be83b461c8a78,WATCH_CANDIDATE,SUPPORT_FORMING,False,2,NOT_EVALUATED,0,0.0,0.0,0.0
S6_ENTRY_E3_COMBINED,2025-10-09,300660,江苏雷利,s6setup-0e6ccbcbcebf1b5b283a,WATCH_CANDIDATE,SUPPORT_CONFIRMED,True,5,NOT_EVALUATED,0,0.0,0.0,0.0
S6_ENTRY_E3_COMBINED,2025-10-09,300680,隆盛科技,s6setup-31e9deb4faca4adbd7fb,WATCH_CANDIDATE,SUPPORT_FORMING,False,2,NOT_EVALUATED,0,0.0,0.0,0.0
S6_ENTRY_E3_COMBINED,2025-10-09,600114,东睦股份,s6setup-188dd61e30dad51706d0,WATCH_CANDIDATE,SUPPORT_CONFIRMED,True,3,NOT_EVALUATED,0,0.0,0.0,0.0
S6_ENTRY_E3_COMBINED,2025-10-09,601138,工业富联,s6setup-549b8b40985a235e30cd,WATCH_CANDIDATE,NOT_APPLICABLE,False,0,NOT_EVALUATED,0,0.0,0.0,0.0
S6_ENTRY_E3_COMBINED,2025-10-09,603119,浙江荣泰,s6setup-c5ff5044c6a383480dae,WATCH_CANDIDATE,SUPPORT_CONFIRMED,True,3,NOT_EVALUATED,0,0.0,0.0,0.0
S6_ENTRY_E3_COMBINED,2025-10-09,603308,应流股份,s6setup-eb3d08c4e6d4e02cf9b9,WATCH_CANDIDATE,NOT_APPLICABLE,False,0,NOT_EVALUATED,0,0.0,0.0,0.0
S6_ENTRY_E3_COMBINED,2025-10-09,688017,绿的谐波,s6setup-9fc8b9246cea1f486934,WATCH_CANDIDATE,SUPPORT_CONFIRMED,True,4,RELIABLE,250,0.832,0.268,0.976542
S6_ENTRY_E3_COMBINED,2025-10-09,688141,杰华特,s6setup-a002f9a0d0eff15e47b7,WATCH_CANDIDATE,SUPPORT_CONFIRMED,True,4,NOT_EVALUATED,0,0.0,0.0,0.0
S6_ENTRY_E3_COMBINED,2025-10-09,688167,炬光科技,s6setup-5108d3f94d5e98e23292,WATCH_CANDIDATE,SUPPORT_CONFIRMED,True,5,NOT_EVALUATED,0,0.0,0.0,0.0
S6_ENTRY_E3_COMBINED,2025-10-09,688234,天岳先进,s6setup-ca55c52aa162f3095096,WATCH_CANDIDATE,SUPPORT_CONFIRMED,True,5,NOT_EVALUATED,0,0.0,0.0,0.0
S6_ENTRY_E3_COMBINED,2025-10-10,002176,江特电机,s6setup-b1b5adfd7a0f4fe905f7,WATCH_CANDIDATE,SUPPORT_CONFIRMED,True,3,RELIABLE,250,0.568,0.252,0.975332
S6_ENTRY_E3_COMBINED,2025-10-10,002335,科华数据,s6setup-80810a7e40509e905d2e,WATCH_CANDIDATE,SUPPORT_FORMING,False,2,NOT_EVALUATED,0,0.0,0.0,0.0
S6_ENTRY_E3_COMBINED,2025-10-10,002463,沪电股份,s6setup-2e48c0ac952559a9f304,WATCH_CANDIDATE,SUPPORT_FORMING,False,2,NOT_EVALUATED,0,0.0,0.0,0.0
S6_ENTRY_E3_COMBINED,2025-10-10,002683,广东宏大,s6setup-f2b2b481551a05209173,WATCH_CANDIDATE,SUPPORT_CONFIRMED,True,4,NOT_EVALUATED,0,0.0,0.0,0.0
S6_ENTRY_E3_COMBINED,2025-10-10,300660,江苏雷利,s6setup-0e6ccbcbcebf1b5b283a,WATCH_CANDIDATE,SUPPORT_CONFIRMED,True,3,NOT_EVALUATED,0,0.0,0.0,0.0
S6_ENTRY_E3_COMBINED,2025-10-10,300680,隆盛科技,s6setup-31e9deb4faca4adbd7fb,KEY_CANDIDATE,SUPPORT_CONFIRMED,True,3,NOT_EVALUATED,0,0.0,0.0,0.0
S6_ENTRY_E3_COMBINED,2025-10-10,300953,震裕科技,s6setup-58797812908225647959,WATCH_CANDIDATE,NOT_APPLICABLE,False,0,NOT_EVALUATED,0,0.0,0.0,0.0
S6_ENTRY_E3_COMBINED,2025-10-10,600114,东睦股份,s6setup-4ff0c1cc1b101a9b9057,WATCH_CANDIDATE,SUPPORT_CONFIRMED,True,4,NOT_EVALUATED,0,0.0,0.0,0.0
S6_ENTRY_E3_COMBINED,2025-10-10,600143,金发科技,s6setup-64401623e5c8301b2bfd,WATCH_CANDIDATE,SUPPORT_CONFIRMED,True,3,NOT_EVALUATED,0,0.0,0.0,0.0
S6_ENTRY_E3_COMBINED,2025-10-10,601138,工业富联,s6setup-549b8b40985a235e30cd,WATCH_CANDIDATE,NOT_APPLICABLE,False,0,NOT_EVALUATED,0,0.0,0.0,0.0
S6_ENTRY_E3_COMBINED,2025-10-10,603308,应流股份,s6setup-6bf102eefcbf962310f2,WATCH_CANDIDATE,NOT_APPLICABLE,False,0,NOT_EVALUATED,0,0.0,0.0,0.0
S6_ENTRY_E3_COMBINED,2025-10-10,688017,绿的谐波,s6setup-7a3c8cafe5d006caa7a2,WATCH_CANDIDATE,SUPPORT_FORMING,False,2,RELIABLE,250,0.608,0.28,0.828969
S6_ENTRY_E3_COMBINED,2025-10-10,688141,杰华特,s6setup-c717c93a011d4cfbfb0e,WATCH_CANDIDATE,NOT_APPLICABLE,False,0,NOT_EVALUATED,0,0.0,0.0,0.0
S6_ENTRY_E3_COMBINED,2025-10-13,688141,杰华特,s6setup-3cd169f2df8338164e66,WATCH_CANDIDATE,NOT_APPLICABLE,False,0,NOT_EVALUATED,0,0.0,0.0,0.0
S6_ENTRY_E3_COMBINED,2025-10-16,002518,科士达,s6setup-738120e21d1a406dc0b5,WATCH_CANDIDATE,NOT_APPLICABLE,False,0,NOT_EVALUATED,0,0.0,0.0,0.0
S6_ENTRY_E3_COMBINED,2025-10-17,002210,飞马国际,s6setup-7157d5833e9cba4d9d1b,KEY_CANDIDATE,SUPPORT_CONFIRMED,True,3,RELIABLE,250,0.624,0.264,1.10197
S6_ENTRY_E3_COMBINED,2025-10-17,300073,当升科技,s6setup-20517d0e7a512fd83e92,KEY_CANDIDATE,SUPPORT_CONFIRMED,True,3,RELIABLE,250,0.528,0.32,1.336592
S6_ENTRY_E3_COMBINED,2025-10-20,002249,大洋电机,s6setup-a65b62c2e98f9ab6f8f2,KEY_CANDIDATE,SUPPORT_CONFIRMED,True,5,NOT_EVALUATED,0,0.0,0.0,0.0
S6_ENTRY_E3_COMBINED,2025-10-20,300073,当升科技,s6setup-6aaf4bd6d838fdf1316e,WATCH_CANDIDATE,NOT_APPLICABLE,False,0,NOT_EVALUATED,0,0.0,0.0,0.0
S6_ENTRY_E3_COMBINED,2025-10-20,300507,苏奥传感,s6setup-3aa58fbead45c91c50b2,WATCH_CANDIDATE,SUPPORT_FORMING,False,2,NOT_EVALUATED,0,0.0,0.0,0.0
S6_ENTRY_E3_COMBINED,2025-10-21,002249,大洋电机,s6setup-223a945d2479dceaccc4,WATCH_CANDIDATE,NOT_APPLICABLE,False,0,NOT_EVALUATED,0,0.0,0.0,0.0
S6_ENTRY_E3_COMBINED,2025-10-21,002709,天赐材料,s6setup-0c843cc5db500181bac6,WATCH_CANDIDATE,SUPPORT_CONFIRMED,True,4,NOT_EVALUATED,0,0.0,0.0,0.0
S6_ENTRY_E3_COMBINED,2025-10-21,300073,当升科技,s6setup-b462b4d77066b05af091,KEY_CANDIDATE,SUPPORT_CONFIRMED,True,3,RELIABLE,250,0.54,0.328,1.243601
S6_ENTRY_E3_COMBINED,2025-10-21,300507,苏奥传感,s6setup-f26a8499b91549be5903,WATCH_CANDIDATE,SUPPORT_FORMING,False,4,NOT_EVALUATED,0,0.0,0.0,0.0
S6_ENTRY_E3_COMBINED,2025-10-21,300604,长川科技,s6setup-de80a953d02eacc30e5d,WATCH_CANDIDATE,SUPPORT_FORMING,False,4,NOT_EVALUATED,0,0.0,0.0,0.0
S6_ENTRY_E3_COMBINED,2025-10-21,603786,科博达,s6setup-0b0ba46814574b34fc35,KEY_CANDIDATE,SUPPORT_CONFIRMED,True,5,NOT_EVALUATED,0,0.0,0.0,0.0
S6_ENTRY_E3_COMBINED,2025-10-21,688019,安集科技,s6setup-940f40f9768978882465,WATCH_CANDIDATE,NOT_APPLICABLE,False,0,NOT_EVALUATED,0,0.0,0.0,0.0
S6_ENTRY_E3_COMBINED,2025-10-21,688072,拓荆科技,s6setup-5aacc296dcfaa98adfe0,WATCH_CANDIDATE,SUPPORT_CONFIRMED,True,4,NOT_EVALUATED,0,0.0,0.0,0.0
S6_ENTRY_E3_COMBINED,2025-10-21,688082,盛美上海,s6setup-55d47d00c93b356eb6e2,KEY_CANDIDATE,SUPPORT_CONFIRMED,True,5,NOT_EVALUATED,0,0.0,0.0,0.0
S6_ENTRY_E3_COMBINED,2025-10-21,688469,芯联集成,s6setup-4f26f5b925788d16026b,WATCH_CANDIDATE,SUPPORT_CONFIRMED,True,5,NOT_EVALUATED,0,0.0,0.0,0.0
S6_ENTRY_E3_COMBINED,2025-10-21,688531,日联科技,s6setup-85c520ba0ce20277c4eb,WATCH_CANDIDATE,NOT_APPLICABLE,False,0,NOT_EVALUATED,0,0.0,0.0,0.0
S6_ENTRY_E3_COMBINED,2025-10-22,002150,正泰电源,s6setup-a0fd6d6bec6aad7bcb7a,WATCH_CANDIDATE,SUPPORT_CONFIRMED,True,3,NOT_EVALUATED,0,0.0,0.0,0.0
S6_ENTRY_E3_COMBINED,2025-10-22,002475,立讯精密,s6setup-278336658c72358f4295,WATCH_CANDIDATE,SUPPORT_CONFIRMED,True,3,NOT_EVALUATED,0,0.0,0.0,0.0
S6_ENTRY_E3_COMBINED,2025-10-22,300073,当升科技,s6setup-b462b4d77066b05af091,WATCH_CANDIDATE,SUPPORT_FORMING,False,2,RELIABLE,250,0.528,0.36,1.082864
S6_ENTRY_E3_COMBINED,2025-10-22,300604,长川科技,s6setup-de80a953d02eacc30e5d,WATCH_CANDIDATE,SUPPORT_CONFIRMED,True,5,NOT_EVALUATED,0,0.0,0.0,0.0
S6_ENTRY_E3_COMBINED,2025-10-22,688072,拓荆科技,s6setup-cc4286b155eba87be70b,WATCH_CANDIDATE,SUPPORT_CONFIRMED,True,5,NOT_EVALUATED,0,0.0,0.0,0.0
S6_ENTRY_E3_COMBINED,2025-10-22,688082,盛美上海,s6setup-55d47d00c93b356eb6e2,KEY_CANDIDATE,SUPPORT_CONFIRMED,True,3,NOT_EVALUATED,0,0.0,0.0,0.0
S6_ENTRY_E3_COMBINED,2025-10-22,688388,嘉元科技,s6setup-87f0014e99781db37a79,WATCH_CANDIDATE,SUPPORT_CONFIRMED,True,4,RELIABLE,250,0.86,0.32,1.281506
S6_ENTRY_E3_COMBINED,2025-10-22,688469,芯联集成,s6setup-4f26f5b925788d16026b,WATCH_CANDIDATE,SUPPORT_FORMING,False,3,NOT_EVALUATED,0,0.0,0.0,0.0
S6_ENTRY_E3_COMBINED,2025-10-22,688531,日联科技,s6setup-c97604de9a5761e502f9,WATCH_CANDIDATE,SUPPORT_CONFIRMED,True,3,NOT_EVALUATED,0,0.0,0.0,0.0
S6_ENTRY_E3_COMBINED,2025-10-23,002150,正泰电源,s6setup-cddeebd3a9b6141abbcd,WATCH_CANDIDATE,NOT_APPLICABLE,False,0,NOT_EVALUATED,0,0.0,0.0,0.0
S6_ENTRY_E3_COMBINED,2025-10-23,300539,横河精密,s6setup-99d7bb8dad8b230a03d0,WATCH_CANDIDATE,SUPPORT_FORMING,False,2,NOT_EVALUATED,0,0.0,0.0,0.0
S6_ENTRY_E3_COMBINED,2025-10-23,601168,西部矿业,s6setup-fcdecb9da0a8c656bf74,WATCH_CANDIDATE,WAITING_BREAKOUT,False,0,NOT_EVALUATED,0,0.0,0.0,0.0
S6_ENTRY_E3_COMBINED,2025-10-23,688072,拓荆科技,s6setup-c76fb55067ee7b53a9ad,WATCH_CANDIDATE,NOT_APPLICABLE,False,0,NOT_EVALUATED,0,0.0,0.0,0.0
S6_ENTRY_E3_COMBINED,2025-10-23,688123,聚辰股份,s6setup-5100f9abeba05aecb98d,WATCH_CANDIDATE,SUPPORT_CONFIRMED,True,4,RELIABLE,250,0.612,0.208,0.865093
S6_ENTRY_E3_COMBINED,2025-10-23,688525,佰维存储,s6setup-2ea1587f9593e4876763,WATCH_CANDIDATE,SUPPORT_FORMING,False,4,NOT_EVALUATED,0,0.0,0.0,0.0
S6_ENTRY_E3_COMBINED,2025-10-24,000630,铜陵有色,s6setup-60d6fd6b2c2cbebf8e4f,WATCH_CANDIDATE,NOT_APPLICABLE,False,0,NOT_EVALUATED,0,0.0,0.0,0.0
S6_ENTRY_E3_COMBINED,2025-10-24,000878,云南铜业,s6setup-b188f38397ff23ca20f3,WATCH_CANDIDATE,NOT_APPLICABLE,False,0,NOT_EVALUATED,0,0.0,0.0,0.0
S6_ENTRY_E3_COMBINED,2025-10-24,002156,通富微电,s6setup-8f05572f8470a60dffd7,WATCH_CANDIDATE,NOT_APPLICABLE,False,0,NOT_EVALUATED,0,0.0,0.0,0.0
S6_ENTRY_E3_COMBINED,2025-10-24,300274,阳光电源,s6setup-97855adfeab9799975d5,WATCH_CANDIDATE,NOT_APPLICABLE,False,0,NOT_EVALUATED,0,0.0,0.0,0.0
S6_ENTRY_E3_COMBINED,2025-10-24,300539,横河精密,s6setup-a5a86bfd984507ceb868,WATCH_CANDIDATE,SUPPORT_FORMING,False,2,NOT_EVALUATED,0,0.0,0.0,0.0
S6_ENTRY_E3_COMBINED,2025-10-24,300604,长川科技,s6setup-4151d272f01653b16d89,WATCH_CANDIDATE,SUPPORT_CONFIRMED,True,5,NOT_EVALUATED,0,0.0,0.0,0.0
S6_ENTRY_E3_COMBINED,2025-10-24,600362,江西铜业,s6setup-5f9d2b49198822facc04,WATCH_CANDIDATE,SUPPORT_CONFIRMED,True,5,NOT_EVALUATED,0,0.0,0.0,0.0
S6_ENTRY_E3_COMBINED,2025-10-24,601168,西部矿业,s6setup-963e885d502821cc389e,WATCH_CANDIDATE,NOT_APPLICABLE,False,0,NOT_EVALUATED,0,0.0,0.0,0.0
S6_ENTRY_E3_COMBINED,2025-10-24,601218,吉鑫科技,s6setup-931daa23d1fa27a6c286,WATCH_CANDIDATE,SUPPORT_CONFIRMED,True,3,NOT_EVALUATED,0,0.0,0.0,0.0
S6_ENTRY_E3_COMBINED,2025-10-24,603993,洛阳钼业,s6setup-abf04063308da2e9d179,WATCH_CANDIDATE,NOT_APPLICABLE,False,0,NOT_EVALUATED,0,0.0,0.0,0.0
S6_ENTRY_E3_COMBINED,2025-10-24,605358,立昂微,s6setup-1552d32801806320da78,WATCH_CANDIDATE,SUPPORT_CONFIRMED,True,5,NOT_EVALUATED,0,0.0,0.0,0.0
S6_ENTRY_E3_COMBINED,2025-10-24,688249,晶合集成,s6setup-0ad33087d3f08f6f45e1,WATCH_CANDIDATE,NOT_APPLICABLE,False,0,NOT_EVALUATED,0,0.0,0.0,0.0
S6_ENTRY_E3_COMBINED,2025-10-24,688469,芯联集成,s6setup-e22e593f68a130238a02,WATCH_CANDIDATE,NOT_APPLICABLE,False,0,NOT_EVALUATED,0,0.0,0.0,0.0
S6_ENTRY_E3_COMBINED,2025-10-27,000063,中兴通讯,s6setup-9c59ec914cec250db2fc,WATCH_CANDIDATE,NOT_APPLICABLE,False,0,NOT_EVALUATED,0,0.0,0.0,0.0
S6_ENTRY_E3_COMBINED,2025-10-27,000630,铜陵有色,s6setup-8932d40eff99a7ea0742,WATCH_CANDIDATE,NOT_APPLICABLE,False,0,NOT_EVALUATED,0,0.0,0.0,0.0
S6_ENTRY_E3_COMBINED,2025-10-27,000878,云南铜业,s6setup-c4676972ef6a87215a47,WATCH_CANDIDATE,NOT_APPLICABLE,False,0,NOT_EVALUATED,0,0.0,0.0,0.0
S6_ENTRY_E3_COMBINED,2025-10-27,002156,通富微电,s6setup-e176d00e2386a8951895,WATCH_CANDIDATE,NOT_APPLICABLE,False,0,NOT_EVALUATED,0,0.0,0.0,0.0
S6_ENTRY_E3_COMBINED,2025-10-27,002460,赣锋锂业,s6setup-732d9e80f8d3fe7bd051,WATCH_CANDIDATE,NOT_APPLICABLE,False,0,NOT_EVALUATED,0,0.0,0.0,0.0
S6_ENTRY_E3_COMBINED,2025-10-27,300666,江丰电子,s6setup-36c375b3c156d1fb248e,WATCH_CANDIDATE,SUPPORT_CONFIRMED,True,5,NOT_EVALUATED,0,0.0,0.0,0.0
S6_ENTRY_E3_COMBINED,2025-10-27,600577,精达股份,s6setup-03e742594afed14a3aac,WATCH_CANDIDATE,SUPPORT_CONFIRMED,True,5,NOT_EVALUATED,0,0.0,0.0,0.0
S6_ENTRY_E3_COMBINED,2025-10-27,601688,华泰证券,s6setup-e282d3272c07f66093d1,WATCH_CANDIDATE,WAITING_BREAKOUT,False,0,NOT_EVALUATED,0,0.0,0.0,0.0
S6_ENTRY_E3_COMBINED,2025-10-27,603650,彤程新材,s6setup-e4e5d9e7c533b0bf2f40,WATCH_CANDIDATE,SUPPORT_CONFIRMED,True,4,NOT_EVALUATED,0,0.0,0.0,0.0
S6_ENTRY_E3_COMBINED,2025-10-27,603799,华友钴业,s6setup-15630377163f6c48d79f,WATCH_CANDIDATE,NOT_APPLICABLE,False,0,NOT_EVALUATED,0,0.0,0.0,0.0
S6_ENTRY_E3_COMBINED,2025-10-27,605358,立昂微,s6setup-1552d32801806320da78,WATCH_CANDIDATE,NOT_APPLICABLE,False,0,NOT_EVALUATED,0,0.0,0.0,0.0
S6_ENTRY_E3_COMBINED,2025-10-27,688128,中国电研,s6setup-9f464a7256484e45a2c5,WATCH_CANDIDATE,NOT_APPLICABLE,False,0,NOT_EVALUATED,0,0.0,0.0,0.0
S6_ENTRY_E3_COMBINED,2025-10-27,688409,富创精密,s6setup-2fea69aad44dbce802b3,WATCH_CANDIDATE,SUPPORT_CONFIRMED,True,5,NOT_EVALUATED,0,0.0,0.0,0.0
S6_ENTRY_E3_COMBINED,2025-10-27,688469,芯联集成,s6setup-0ebcda22e5fa9f307ed4,WATCH_CANDIDATE,NOT_APPLICABLE,False,0,NOT_EVALUATED,0,0.0,0.0,0.0
S6_ENTRY_E3_COMBINED,2025-10-28,002460,赣锋锂业,s6setup-12759454df13e708e003,KEY_CANDIDATE,SUPPORT_CONFIRMED,True,3,RELIABLE,250,0.564,0.288,1.062652
S6_ENTRY_E3_COMBINED,2025-10-28,300001,特锐德,s6setup-8e6c71012fb3d3d76322,WATCH_CANDIDATE,SUPPORT_CONFIRMED,True,3,NOT_EVALUATED,0,0.0,0.0,0.0
S6_ENTRY_E3_COMBINED,2025-10-28,300274,阳光电源,s6setup-97855adfeab9799975d5,WATCH_CANDIDATE,NOT_APPLICABLE,False,0,NOT_EVALUATED,0,0.0,0.0,0.0
S6_ENTRY_E3_COMBINED,2025-10-28,600089,特变电工,s6setup-425269feeefcb6ffd33a,WATCH_CANDIDATE,SUPPORT_CONFIRMED,True,3,NOT_EVALUATED,0,0.0,0.0,0.0
S6_ENTRY_E3_COMBINED,2025-10-28,600490,鹏欣资源,s6setup-a8f6e5e527714bb7679c,WATCH_CANDIDATE,SUPPORT_CONFIRMED,True,3,NOT_EVALUATED,0,0.0,0.0,0.0
S6_ENTRY_E3_COMBINED,2025-10-28,688361,中科飞测,s6setup-5ac0c6968f6c8479695f,KEY_CANDIDATE,SUPPORT_CONFIRMED,True,4,RELIABLE,250,0.508,0.252,0.659656
S6_ENTRY_E3_COMBINED,2025-10-28,688377,迪威尔,s6setup-ced7925d6efb35e890a4,WATCH_CANDIDATE,NOT_APPLICABLE,False,0,NOT_EVALUATED,0,0.0,0.0,0.0
S6_ENTRY_E3_COMBINED,2025-10-28,688409,富创精密,s6setup-45795528ad6336fc4943,WATCH_CANDIDATE,SUPPORT_CONFIRMED,True,3,NOT_EVALUATED,0,0.0,0.0,0.0
S6_ENTRY_E3_COMBINED,2025-10-29,002922,伊戈尔,s6setup-5c9ccba6d50768351f6a,WATCH_CANDIDATE,NOT_APPLICABLE,False,0,NOT_EVALUATED,0,0.0,0.0,0.0
S6_ENTRY_E3_COMBINED,2025-10-29,300073,当升科技,s6setup-20517d0e7a512fd83e92,WATCH_CANDIDATE,NOT_APPLICABLE,False,0,NOT_EVALUATED,0,0.0,0.0,0.0
S6_ENTRY_E3_COMBINED,2025-10-29,300127,银河磁体,s6setup-dc92fe3a0f3482c354f1,WATCH_CANDIDATE,SUPPORT_CONFIRMED,True,5,NOT_EVALUATED,0,0.0,0.0,0.0
S6_ENTRY_E3_COMBINED,2025-10-29,600490,鹏欣资源,s6setup-5ca17db33f87b3b76412,WATCH_CANDIDATE,SUPPORT_CONFIRMED,True,5,NOT_EVALUATED,0,0.0,0.0,0.0
S6_ENTRY_E3_COMBINED,2025-10-29,601218,吉鑫科技,s6setup-607d41629cbe3613d06c,WATCH_CANDIDATE,NOT_APPLICABLE,False,0,NOT_EVALUATED,0,0.0,0.0,0.0
S6_ENTRY_E3_COMBINED,2025-10-29,601899,紫金矿业,s6setup-a90fde919ab2ebf75565,WATCH_CANDIDATE,NOT_APPLICABLE,False,0,NOT_EVALUATED,0,0.0,0.0,0.0
S6_ENTRY_E3_COMBINED,2025-10-29,688109,品茗科技,s6setup-edf8e39b0ada683384e2,WATCH_CANDIDATE,NOT_APPLICABLE,False,0,NOT_EVALUATED,0,0.0,0.0,0.0
S6_ENTRY_E3_COMBINED,2025-10-30,002941,新疆交建,s6setup-a39177bc86e1234db634,KEY_CANDIDATE,SUPPORT_CONFIRMED,True,3,RELIABLE,250,0.504,0.26,1.296858
S6_ENTRY_E3_COMBINED,2025-10-30,600490,鹏欣资源,s6setup-ae5446c6b89c90cbe792,KEY_CANDIDATE,SUPPORT_CONFIRMED,True,3,NOT_EVALUATED,0,0.0,0.0,0.0
S6_ENTRY_E3_COMBINED,2025-10-30,601899,紫金矿业,s6setup-832812ec0a63395fcd77,WATCH_CANDIDATE,NOT_APPLICABLE,False,0,NOT_EVALUATED,0,0.0,0.0,0.0
S6_ENTRY_E3_COMBINED,2025-10-30,688249,晶合集成,s6setup-8f4f7a006aabcd4114df,KEY_CANDIDATE,SUPPORT_CONFIRMED,True,3,RELIABLE,250,0.464,0.264,0.982879
S6_ENTRY_E3_COMBINED,2025-10-30,688377,迪威尔,s6setup-8afc0648c4d2f961429c,WATCH_CANDIDATE,SUPPORT_CONFIRMED,True,3,NOT_EVALUATED,0,0.0,0.0,0.0
S6_ENTRY_E3_COMBINED,2025-10-30,688480,赛恩斯,s6setup-1ee9a9afea96750fe1f1,KEY_CANDIDATE,SUPPORT_CONFIRMED,True,3,NOT_EVALUATED,0,0.0,0.0,0.0
S6_ENTRY_E3_COMBINED,2025-10-31,002941,新疆交建,s6setup-533e5bd7f8f75b92e0be,KEY_CANDIDATE,SUPPORT_CONFIRMED,True,4,NOT_EVALUATED,0,0.0,0.0,0.0
S6_ENTRY_E3_COMBINED,2025-10-31,600490,鹏欣资源,s6setup-6f74b0323bd14cc4c0e3,KEY_CANDIDATE,SUPPORT_CONFIRMED,True,3,NOT_EVALUATED,0,0.0,0.0,0.0
S6_ENTRY_E3_COMBINED,2025-10-31,601212,白银有色,s6setup-403eb70203523a546ba4,KEY_CANDIDATE,SUPPORT_CONFIRMED,True,3,RELIABLE,250,0.328,0.3,0.728874
S6_ENTRY_E3_COMBINED,2025-10-31,601899,紫金矿业,s6setup-4558a4761f57a6ac7229,KEY_CANDIDATE,SUPPORT_CONFIRMED,True,3,RELIABLE,250,0.516,0.256,1.154809
S6_ENTRY_E3_COMBINED,2025-10-31,688480,赛恩斯,s6setup-1ee9a9afea96750fe1f1,WATCH_CANDIDATE,SUPPORT_FORMING,False,3,NOT_EVALUATED,0,0.0,0.0,0.0
S6_ENTRY_E3_COMBINED,2025-11-03,000980,众泰汽车,s6setup-0d0158e532de8c412535,WATCH_CANDIDATE,NOT_APPLICABLE,False,0,NOT_EVALUATED,0,0.0,0.0,0.0
S6_ENTRY_E3_COMBINED,2025-11-03,002941,新疆交建,s6setup-95b0f66b91a78501b282,KEY_CANDIDATE,SUPPORT_CONFIRMED,True,3,RELIABLE,250,0.5,0.26,1.289776
S6_ENTRY_E3_COMBINED,2025-11-05,300179,四方达,s6setup-9558daf0ee21fcc071b8,WATCH_CANDIDATE,SUPPORT_CONFIRMED,True,5,NOT_EVALUATED,0,0.0,0.0,0.0
S6_ENTRY_E3_COMBINED,2025-11-05,601288,农业银行,s6setup-41ce0257d5e0dfa67f84,WATCH_CANDIDATE,SUPPORT_CONFIRMED,True,5,NOT_EVALUATED,0,0.0,0.0,0.0
S6_ENTRY_E3_COMBINED,2025-11-05,688377,迪威尔,s6setup-ced7925d6efb35e890a4,WATCH_CANDIDATE,SUPPORT_FORMING,False,4,NOT_EVALUATED,0,0.0,0.0,0.0
S6_ENTRY_E3_COMBINED,2025-11-05,688663,新风光,s6setup-5d882ee7449828261d7b,WATCH_CANDIDATE,NOT_APPLICABLE,False,0,NOT_EVALUATED,0,0.0,0.0,0.0
S6_ENTRY_E3_COMBINED,2025-11-06,002171,楚江新材,s6setup-e055314d6892b431c9f1,WATCH_CANDIDATE,SUPPORT_FORMING,False,4,NOT_EVALUATED,0,0.0,0.0,0.0
S6_ENTRY_E3_COMBINED,2025-11-06,300179,四方达,s6setup-26d0c32d83cb8c011635,WATCH_CANDIDATE,SUPPORT_CONFIRMED,True,3,NOT_EVALUATED,0,0.0,0.0,0.0
S6_ENTRY_E3_COMBINED,2025-11-06,601288,农业银行,s6setup-1f36b9c74bc2cefe8a1e,WATCH_CANDIDATE,SUPPORT_CONFIRMED,True,4,NOT_EVALUATED,0,0.0,0.0,0.0
S6_ENTRY_E3_COMBINED,2025-11-06,688377,迪威尔,s6setup-ced7925d6efb35e890a4,KEY_CANDIDATE,SUPPORT_CONFIRMED,True,3,NOT_EVALUATED,0,0.0,0.0,0.0
S6_ENTRY_E3_COMBINED,2025-11-06,688585,上纬新材,s6setup-9a9bc7c3d2a7db553a40,WATCH_CANDIDATE,SUPPORT_CONFIRMED,True,5,NOT_EVALUATED,0,0.0,0.0,0.0
S6_ENTRY_E3_COMBINED,2025-11-07,300179,四方达,s6setup-e0c1e5ba70b875138868,WATCH_CANDIDATE,NOT_APPLICABLE,False,0,NOT_EVALUATED,0,0.0,0.0,0.0
S6_ENTRY_E3_COMBINED,2025-11-07,688377,迪威尔,s6setup-ced7925d6efb35e890a4,KEY_CANDIDATE,SUPPORT_CONFIRMED,True,3,NOT_EVALUATED,0,0.0,0.0,0.0
S6_ENTRY_E3_COMBINED,2025-11-10,001287,中电港,s6setup-8400bd32af8d497f3733,WATCH_CANDIDATE,SUPPORT_CONFIRMED,True,3,NOT_EVALUATED,0,0.0,0.0,0.0
S6_ENTRY_E3_COMBINED,2025-11-10,300308,中际旭创,s6setup-988348ddc9d2061c5eda,WATCH_CANDIDATE,SUPPORT_CONFIRMED,True,4,RELIABLE,250,0.58,0.268,1.087159
S6_ENTRY_E3_COMBINED,2025-11-10,301200,大族数控,s6setup-5c258545cef2aab3123a,WATCH_CANDIDATE,NOT_APPLICABLE,False,0,NOT_EVALUATED,0,0.0,0.0,0.0
S6_ENTRY_E3_COMBINED,2025-11-10,601608,中信重工,s6setup-1d95ad7f92b55763e0a8,WATCH_CANDIDATE,SUPPORT_CONFIRMED,True,4,NOT_EVALUATED,0,0.0,0.0,0.0
S6_ENTRY_E3_COMBINED,2025-11-10,688377,迪威尔,s6setup-ced7925d6efb35e890a4,WATCH_CANDIDATE,NOT_APPLICABLE,False,0,NOT_EVALUATED,0,0.0,0.0,0.0
S6_ENTRY_E3_COMBINED,2025-11-11,001287,中电港,s6setup-0ef40d7278ce749ab26a,KEY_CANDIDATE,SUPPORT_CONFIRMED,True,4,NOT_EVALUATED,0,0.0,0.0,0.0
S6_ENTRY_E3_COMBINED,2025-11-11,002171,楚江新材,s6setup-d1f1a0f12a210c1396a4,WATCH_CANDIDATE,NOT_APPLICABLE,False,0,NOT_EVALUATED,0,0.0,0.0,0.0
S6_ENTRY_E3_COMBINED,2025-11-11,301200,大族数控,s6setup-2c4bbb328f5078d10720,WATCH_CANDIDATE,SUPPORT_CONFIRMED,True,3,NOT_EVALUATED,0,0.0,0.0,0.0
S6_ENTRY_E3_COMBINED,2025-11-11,601608,中信重工,s6setup-4de2643acc860e8c8db9,KEY_CANDIDATE,SUPPORT_CONFIRMED,True,3,NOT_EVALUATED,0,0.0,0.0,0.0
S6_ENTRY_E3_COMBINED,2025-11-12,300136,信维通信,s6setup-4117735c3afe45d20380,WATCH_CANDIDATE,SUPPORT_CONFIRMED,True,4,NOT_EVALUATED,0,0.0,0.0,0.0
S6_ENTRY_E3_COMBINED,2025-11-12,301200,大族数控,s6setup-245cc89f55559d51894e,WATCH_CANDIDATE,SUPPORT_CONFIRMED,True,5,NOT_EVALUATED,0,0.0,0.0,0.0
S6_ENTRY_E3_COMBINED,2025-11-13,301200,大族数控,s6setup-2e81c84853c18b705a82,WATCH_CANDIDATE,SUPPORT_CONFIRMED,True,3,RELIABLE,250,0.48,0.268,0.956962
S6_ENTRY_E3_COMBINED,2025-11-13,600021,上海电力,s6setup-c43b5710ab76eac9ed6c,WATCH_CANDIDATE,SUPPORT_CONFIRMED,True,3,NOT_EVALUATED,0,0.0,0.0,0.0
S6_ENTRY_E3_COMBINED,2025-11-13,600549,厦门钨业,s6setup-12d2a0ea20e38cbc1534,WATCH_CANDIDATE,SUPPORT_CONFIRMED,True,4,NOT_EVALUATED,0,0.0,0.0,0.0
S6_ENTRY_E3_COMBINED,2025-11-13,600595,中孚实业,s6setup-d9c8c9a667f9d8ffe73e,WATCH_CANDIDATE,NOT_APPLICABLE,False,0,NOT_EVALUATED,0,0.0,0.0,0.0
S6_ENTRY_E3_COMBINED,2025-11-13,601611,中国核建,s6setup-523a09f50b44b3299369,WATCH_CANDIDATE,SUPPORT_FORMING,False,4,NOT_EVALUATED,0,0.0,0.0,0.0
S6_ENTRY_E3_COMBINED,2025-11-13,603301,振德医疗,s6setup-1865ba63164b49b9d9b6,WATCH_CANDIDATE,SUPPORT_CONFIRMED,True,3,NOT_EVALUATED,0,0.0,0.0,0.0
S6_ENTRY_E3_COMBINED,2025-11-14,600595,中孚实业,s6setup-100f5c3cd4f69e5ae4f6,WATCH_CANDIDATE,SUPPORT_CONFIRMED,True,3,NOT_EVALUATED,0,0.0,0.0,0.0
S6_ENTRY_E3_COMBINED,2025-11-14,603301,振德医疗,s6setup-380658457793e1170035,WATCH_CANDIDATE,SUPPORT_CONFIRMED,True,5,NOT_EVALUATED,0,0.0,0.0,0.0
S6_ENTRY_E3_COMBINED,2025-11-17,000892,欢瑞世纪,s6setup-1c1f7a036cb2a694a431,WATCH_CANDIDATE,SUPPORT_CONFIRMED,True,5,NOT_EVALUATED,0,0.0,0.0,0.0
S6_ENTRY_E3_COMBINED,2025-11-17,300454,深信服,s6setup-478345d5e6f6770a72b4,WATCH_CANDIDATE,SUPPORT_FORMING,False,4,NOT_EVALUATED,0,0.0,0.0,0.0
S6_ENTRY_E3_COMBINED,2025-11-17,300520,科大国创,s6setup-db0db0e777752f50b52f,WATCH_CANDIDATE,SUPPORT_FORMING,False,4,NOT_EVALUATED,0,0.0,0.0,0.0
S6_ENTRY_E3_COMBINED,2025-11-17,600515,海南机场,s6setup-7520b9018ef27977fe3b,WATCH_CANDIDATE,SUPPORT_CONFIRMED,True,3,NOT_EVALUATED,0,0.0,0.0,0.0
S6_ENTRY_E3_COMBINED,2025-11-18,300454,深信服,s6setup-cd40f11933069d604ab4,WATCH_CANDIDATE,SUPPORT_CONFIRMED,True,4,NOT_EVALUATED,0,0.0,0.0,0.0
S6_ENTRY_E3_COMBINED,2025-11-18,300814,中富电路,s6setup-c8e2a112f1ee166b60ab,WATCH_CANDIDATE,SUPPORT_CONFIRMED,True,3,NOT_EVALUATED,0,0.0,0.0,0.0
S6_ENTRY_E3_COMBINED,2025-11-18,601898,中煤能源,s6setup-76f1f31a0b4983585ccc,WATCH_CANDIDATE,SUPPORT_CONFIRMED,True,3,NOT_EVALUATED,0,0.0,0.0,0.0
S6_ENTRY_E3_COMBINED,2025-11-19,601898,中煤能源,s6setup-76f1f31a0b4983585ccc,WATCH_CANDIDATE,NOT_APPLICABLE,False,0,NOT_EVALUATED,0,0.0,0.0,0.0
S6_ENTRY_E3_COMBINED,2025-11-20,002028,思源电气,s6setup-015b9fc1c4e7060fe9ee,WATCH_CANDIDATE,SUPPORT_FORMING,False,2,NOT_EVALUATED,0,0.0,0.0,0.0
S6_ENTRY_E3_COMBINED,2025-11-20,600219,南山铝业,s6setup-459331fdc8307de59b61,WATCH_CANDIDATE,SUPPORT_CONFIRMED,True,3,NOT_EVALUATED,0,0.0,0.0,0.0
S6_ENTRY_E3_COMBINED,2025-11-20,603516,淳中科技,s6setup-d0e6944fe48379037e2f,WATCH_CANDIDATE,SUPPORT_CONFIRMED,True,4,NOT_EVALUATED,0,0.0,0.0,0.0
S6_ENTRY_E3_COMBINED,2025-11-25,000338,潍柴动力,s6setup-7540ae0a7a3f5ceb9f3a,WATCH_CANDIDATE,SUPPORT_CONFIRMED,True,5,NOT_EVALUATED,0,0.0,0.0,0.0
S6_ENTRY_E3_COMBINED,2025-11-25,002028,思源电气,s6setup-41b6ce58c8d1e6c622c3,WATCH_CANDIDATE,SUPPORT_CONFIRMED,True,5,NOT_EVALUATED,0,0.0,0.0,0.0
S6_ENTRY_E3_COMBINED,2025-11-25,688585,上纬新材,s6setup-d64d85a6021fcaaaa11a,WATCH_CANDIDATE,NOT_APPLICABLE,False,0,NOT_EVALUATED,0,0.0,0.0,0.0
S6_ENTRY_E3_COMBINED,2025-11-28,000830,鲁西化工,s6setup-6fb24fe91307e74ac3cb,WATCH_CANDIDATE,SUPPORT_CONFIRMED,True,5,NOT_EVALUATED,0,0.0,0.0,0.0
S6_ENTRY_E3_COMBINED,2025-11-28,600737,中粮糖业,s6setup-3bee24a85bdaab6ae92d,WATCH_CANDIDATE,SUPPORT_FORMING,False,4,NOT_EVALUATED,0,0.0,0.0,0.0
S6_ENTRY_E3_COMBINED,2025-12-01,000830,鲁西化工,s6setup-6fb24fe91307e74ac3cb,WATCH_CANDIDATE,SUPPORT_CONFIRMED,True,5,NOT_EVALUATED,0,0.0,0.0,0.0
S6_ENTRY_E3_COMBINED,2025-12-01,002426,胜利精密,s6setup-6d3fcdb0125fc5a3bb2e,WATCH_CANDIDATE,SUPPORT_CONFIRMED,True,5,NOT_EVALUATED,0,0.0,0.0,0.0
S6_ENTRY_E3_COMBINED,2025-12-01,002497,雅化集团,s6setup-b61ee20491e865eaa98a,WATCH_CANDIDATE,NOT_APPLICABLE,False,0,NOT_EVALUATED,0,0.0,0.0,0.0
S6_ENTRY_E3_COMBINED,2025-12-01,600737,中粮糖业,s6setup-4874f73198b3cb2bf11a,WATCH_CANDIDATE,SUPPORT_CONFIRMED,True,4,NOT_EVALUATED,0,0.0,0.0,0.0
S6_ENTRY_E3_COMBINED,2025-12-01,600815,厦工股份,s6setup-abddcf8ce10784f22653,WATCH_CANDIDATE,NOT_APPLICABLE,False,0,NOT_EVALUATED,0,0.0,0.0,0.0
S6_ENTRY_E3_COMBINED,2025-12-01,601969,海南矿业,s6setup-ca9797effd3ab4993fd5,WATCH_CANDIDATE,SUPPORT_CONFIRMED,True,4,NOT_EVALUATED,0,0.0,0.0,0.0
S6_ENTRY_E3_COMBINED,2025-12-02,002108,沧州明珠,s6setup-99d281ed96633fc2934b,WATCH_CANDIDATE,NOT_APPLICABLE,False,0,NOT_EVALUATED,0,0.0,0.0,0.0
S6_ENTRY_E3_COMBINED,2025-12-02,002426,胜利精密,s6setup-6d3fcdb0125fc5a3bb2e,WATCH_CANDIDATE,SUPPORT_CONFIRMED,True,4,NOT_EVALUATED,0,0.0,0.0,0.0
S6_ENTRY_E3_COMBINED,2025-12-02,601888,XD中国中,s6setup-afe12cc74c60779ff82e,WATCH_CANDIDATE,NOT_APPLICABLE,False,0,NOT_EVALUATED,0,0.0,0.0,0.0
S6_ENTRY_E3_COMBINED,2025-12-03,000833,粤桂股份,s6setup-c7e1dcf42328ff372e2a,WATCH_CANDIDATE,SUPPORT_CONFIRMED,True,3,NOT_EVALUATED,0,0.0,0.0,0.0
S6_ENTRY_E3_COMBINED,2025-12-04,300390,天华新能,s6setup-febba4e8286185632756,WATCH_CANDIDATE,SUPPORT_FORMING,False,2,NOT_EVALUATED,0,0.0,0.0,0.0
S6_ENTRY_E3_COMBINED,2025-12-16,605255,天普股份,s6setup-e48de09982940e62af28,WATCH_CANDIDATE,NOT_APPLICABLE,False,0,NOT_EVALUATED,0,0.0,0.0,0.0
S6_ENTRY_E3_COMBINED,2025-12-17,605255,天普股份,s6setup-f0c8e486ddf086ee9ca7,WATCH_CANDIDATE,NOT_APPLICABLE,False,0,NOT_EVALUATED,0,0.0,0.0,0.0
S6_ENTRY_E3_COMBINED,2025-12-18,000510,新金路,s6setup-e0e5cd45beeb94e21841,WATCH_CANDIDATE,NOT_APPLICABLE,False,0,NOT_EVALUATED,0,0.0,0.0,0.0
S6_ENTRY_E3_COMBINED,2025-12-18,605255,天普股份,s6setup-e48de09982940e62af28,WATCH_CANDIDATE,NOT_APPLICABLE,False,0,NOT_EVALUATED,0,0.0,0.0,0.0
S6_ENTRY_E3_COMBINED,2025-12-18,688110,东芯股份,s6setup-a7bdb0fc119a26842f6a,WATCH_CANDIDATE,SUPPORT_CONFIRMED,True,5,NOT_EVALUATED,0,0.0,0.0,0.0
S6_ENTRY_E3_COMBINED,2025-12-19,300131,英唐智控,s6setup-447cb6fa7b373adb8810,WATCH_CANDIDATE,SUPPORT_CONFIRMED,True,3,NOT_EVALUATED,0,0.0,0.0,0.0
S6_ENTRY_E3_COMBINED,2025-12-19,300620,光库科技,s6setup-6da27825b7ecf0774d0d,WATCH_CANDIDATE,SUPPORT_CONFIRMED,True,3,NOT_EVALUATED,0,0.0,0.0,0.0
S6_ENTRY_E3_COMBINED,2025-12-19,600595,中孚实业,s6setup-def073ea22e01988a3cf,WATCH_CANDIDATE,NOT_APPLICABLE,False,0,NOT_EVALUATED,0,0.0,0.0,0.0
S6_ENTRY_E3_COMBINED,2025-12-19,605255,天普股份,s6setup-f0c8e486ddf086ee9ca7,WATCH_CANDIDATE,NOT_APPLICABLE,False,0,NOT_EVALUATED,0,0.0,0.0,0.0
S6_ENTRY_E3_COMBINED,2025-12-23,002029,七 匹 狼,s6setup-0eba66d04ba807005d51,WATCH_CANDIDATE,SUPPORT_CONFIRMED,True,3,NOT_EVALUATED,0,0.0,0.0,0.0
S6_ENTRY_E3_COMBINED,2025-12-23,605255,天普股份,s6setup-f0c8e486ddf086ee9ca7,WATCH_CANDIDATE,SUPPORT_CONFIRMED,True,4,NOT_EVALUATED,0,0.0,0.0,0.0
S6_ENTRY_E3_COMBINED,2025-12-24,300502,新易盛,s6setup-0380d67ff019d0cabadd,WATCH_CANDIDATE,SUPPORT_CONFIRMED,True,3,NOT_EVALUATED,0,0.0,0.0,0.0
S6_ENTRY_E3_COMBINED,2025-12-24,605255,天普股份,s6setup-f0c8e486ddf086ee9ca7,WATCH_CANDIDATE,NOT_APPLICABLE,False,0,NOT_EVALUATED,0,0.0,0.0,0.0
S6_ENTRY_E3_COMBINED,2025-12-24,688231,隆达股份,s6setup-631aceb90dcce648d738,WATCH_CANDIDATE,NOT_APPLICABLE,False,0,NOT_EVALUATED,0,0.0,0.0,0.0
S6_ENTRY_E3_COMBINED,2025-12-25,300502,新易盛,s6setup-d0756c36d764792175ea,WATCH_CANDIDATE,NOT_APPLICABLE,False,0,NOT_EVALUATED,0,0.0,0.0,0.0
S6_ENTRY_E3_COMBINED,2025-12-25,688313,仕佳光子,s6setup-b3e21472ed237276500b,WATCH_CANDIDATE,SUPPORT_FORMING,False,4,NOT_EVALUATED,0,0.0,0.0,0.0
S6_ENTRY_E3_COMBINED,2025-12-26,001267,汇绿生态,s6setup-83b4984040abb1e38d25,WATCH_CANDIDATE,SUPPORT_CONFIRMED,True,5,NOT_EVALUATED,0,0.0,0.0,0.0
S6_ENTRY_E3_COMBINED,2025-12-26,300502,新易盛,s6setup-e9c5dc29a23bf65f1cc5,WATCH_CANDIDATE,NOT_APPLICABLE,False,0,NOT_EVALUATED,0,0.0,0.0,0.0
S6_ENTRY_E3_COMBINED,2025-12-26,300751,迈为股份,s6setup-de4002f9b5390100f0b3,WATCH_CANDIDATE,NOT_APPLICABLE,False,0,NOT_EVALUATED,0,0.0,0.0,0.0
S6_ENTRY_E3_COMBINED,2025-12-29,001267,汇绿生态,s6setup-223e50ba051c0a8871db,KEY_CANDIDATE,SUPPORT_CONFIRMED,True,4,RELIABLE,250,0.504,0.416,0.78432
S6_ENTRY_E3_COMBINED,2025-12-29,300502,新易盛,s6setup-ca599d86b768b8b09c65,WATCH_CANDIDATE,NOT_APPLICABLE,False,0,NOT_EVALUATED,0,0.0,0.0,0.0
S6_ENTRY_E3_COMBINED,2025-12-29,688167,炬光科技,s6setup-29ed83eec61eb5f8a012,WATCH_CANDIDATE,SUPPORT_FORMING,False,4,NOT_EVALUATED,0,0.0,0.0,0.0
S6_ENTRY_E3_COMBINED,2025-12-30,001267,汇绿生态,s6setup-c72ee24097cfb90caf7f,KEY_CANDIDATE,SUPPORT_CONFIRMED,True,4,RELIABLE,250,0.62,0.532,0.689859
S6_ENTRY_E3_COMBINED,2025-12-30,002353,杰瑞股份,s6setup-e96d08e08af4d241ee72,KEY_CANDIDATE,SUPPORT_CONFIRMED,True,3,RELIABLE,250,0.58,0.224,0.999266
S6_ENTRY_E3_COMBINED,2025-12-30,300502,新易盛,s6setup-48005534497e2d6e8304,WATCH_CANDIDATE,NOT_APPLICABLE,False,0,NOT_EVALUATED,0,0.0,0.0,0.0
S6_ENTRY_E3_COMBINED,2025-12-31,003031,中瓷电子,s6setup-143692decf1688b7f3f7,WATCH_CANDIDATE,SUPPORT_FORMING,False,2,NOT_EVALUATED,0,0.0,0.0,0.0
S6_ENTRY_E3_COMBINED,2025-12-31,688167,炬光科技,s6setup-badd66725cdae56586ed,WATCH_CANDIDATE,SUPPORT_CONFIRMED,True,3,NOT_EVALUATED,0,0.0,0.0,0.0
