evaluation_date,code,name,setup_id,candidate_type,candidate_event_id,candidate_event_sequence,first_candidate_date,first_executable_date,is_first_candidate_event,is_first_executable_event,entry_archetype
2024-03-18,300210,森远股份,s6setup-86918b98cb309eb4bbcc,WATCH_CANDIDATE,s6event-13cf94fd89b294dda261,1,2024-03-18,2024-03-18,True,True,SUPPORT_PULLBACK
2024-03-19,300210,森远股份,s6setup-179339c621cd4c0f40fb,WATCH_CANDIDATE,s6event-13cf94fd89b294dda261,2,2024-03-18,2024-03-18,False,False,SUPPORT_PULLBACK
2024-03-21,601127,赛力斯,s6setup-d3a8809dcb194c286c7f,KEY_CANDIDATE,s6event-f6d2eaf75d31265104a8,1,2024-03-21,,True,False,NONE
2024-03-22,300210,森远股份,s6setup-34ead3d1be0fa4bc244f,WATCH_CANDIDATE,s6event-13cf94fd89b294dda261,3,2024-03-18,2024-03-18,False,False,SUPPORT_PULLBACK
2024-03-22,601127,赛力斯,s6setup-3fb8101e69f6778c6f0d,WATCH_CANDIDATE,s6event-f6d2eaf75d31265104a8,2,2024-03-21,,False,False,NONE
2024-03-25,002463,沪电股份,s6setup-d6af2725e1ec60f512e7,WATCH_CANDIDATE,s6event-27f1ed90cf1b7cd9f677,1,2024-03-25,2024-03-25,True,True,SUPPORT_PULLBACK
2024-03-25,601127,赛力斯,s6setup-437d28e1721ada013542,WATCH_CANDIDATE,s6event-f6d2eaf75d31265104a8,3,2024-03-21,2024-03-25,False,True,SUPPORT_PULLBACK
2024-03-25,688278,特宝生物,s6setup-f06222f7a04b3347b3a9,WATCH_CANDIDATE,s6event-36f7c28e98b3e88c964f,1,2024-03-25,2024-03-25,True,True,SUPPORT_PULLBACK
2024-03-26,688278,特宝生物,s6setup-f06222f7a04b3347b3a9,WATCH_CANDIDATE,s6event-36f7c28e98b3e88c964f,2,2024-03-25,2024-03-25,False,False,SUPPORT_PULLBACK
2024-03-28,000630,铜陵有色,s6setup-c91fd7b614b740b9d6bf,WATCH_CANDIDATE,s6event-a80c39bf7b6ec122ea5f,1,2024-03-28,,True,False,NONE
2024-03-29,000630,铜陵有色,s6setup-c91fd7b614b740b9d6bf,WATCH_CANDIDATE,s6event-a80c39bf7b6ec122ea5f,2,2024-03-28,,False,False,NONE
2024-03-29,300781,因赛集团,s6setup-6d464b8c5b5936e80a75,WATCH_CANDIDATE,s6event-93a30c044b49694ac073,1,2024-03-29,2024-03-29,True,True,SUPPORT_PULLBACK
2024-04-01,300781,因赛集团,s6setup-6d464b8c5b5936e80a75,WATCH_CANDIDATE,s6event-93a30c044b49694ac073,2,2024-03-29,2024-03-29,False,False,SUPPORT_PULLBACK
2024-04-01,601168,西部矿业,s6setup-a8d44e8860c7bc613f58,KEY_CANDIDATE,s6event-aad69ab76914bd642f44,1,2024-04-01,,True,False,NONE
2024-04-12,600160,巨化股份,s6setup-b4db41ce30d046a12733,WATCH_CANDIDATE,s6event-c62e28e1db6b70bb3d10,1,2024-04-12,2024-04-12,True,True,SUPPORT_PULLBACK
2024-04-15,600160,巨化股份,s6setup-b4db41ce30d046a12733,WATCH_CANDIDATE,s6event-c62e28e1db6b70bb3d10,2,2024-04-12,2024-04-12,False,False,SUPPORT_PULLBACK
2024-05-06,000426,兴业银锡,s6setup-d2447255d82b4e7de908,WATCH_CANDIDATE,s6event-ade88a7e3340f0c608e4,1,2024-05-06,2024-05-06,True,True,SUPPORT_PULLBACK
2024-05-13,000777,中核科技,s6setup-e8d29abdf82f10859d35,WATCH_CANDIDATE,s6event-d9a68bad3c5ecef6c2eb,1,2024-05-13,2024-05-13,True,True,SUPPORT_PULLBACK
2024-05-14,000777,中核科技,s6setup-2d242922bc99ecab9776,WATCH_CANDIDATE,s6event-d9a68bad3c5ecef6c2eb,2,2024-05-13,2024-05-13,False,False,SUPPORT_PULLBACK
2024-05-15,600160,巨化股份,s6setup-f9df34d7948c1f03a54a,WATCH_CANDIDATE,s6event-c62e28e1db6b70bb3d10,3,2024-04-12,2024-04-12,False,False,NONE
2024-05-17,300067,安诺其,s6setup-be0b960820e1965a8848,WATCH_CANDIDATE,s6event-2a0f1b26a03dc3320251,1,2024-05-17,2024-05-17,True,True,SUPPORT_PULLBACK
2024-05-30,000933,神火股份,s6setup-7e67e50667dcc64f113d,WATCH_CANDIDATE,s6event-8047ef9f52333fc5da81,1,2024-05-30,,True,False,NONE
2024-05-31,000933,神火股份,s6setup-7e67e50667dcc64f113d,WATCH_CANDIDATE,s6event-8047ef9f52333fc5da81,2,2024-05-30,2024-05-31,False,True,SUPPORT_PULLBACK
2024-06-25,600312,平高电气,s6setup-c72bafc2d96134d3950c,WATCH_CANDIDATE,s6event-f1fd56ab48217c0e7639,1,2024-06-25,,True,False,NONE
2024-06-26,600312,平高电气,s6setup-0c6f98c23df38c4e22a8,WATCH_CANDIDATE,s6event-f1fd56ab48217c0e7639,2,2024-06-25,2024-06-26,False,True,SUPPORT_PULLBACK
2024-06-27,300552,万集科技,s6setup-05e745ce4e00e98baaf2,WATCH_CANDIDATE,s6event-b66e302502c396138c1c,1,2024-06-27,,True,False,NONE
2024-06-27,601138,工业富联,s6setup-30949657f005e4e7ad28,WATCH_CANDIDATE,s6event-3c06f3afe185c23baf5b,1,2024-06-27,,True,False,NONE
2024-06-28,601138,工业富联,s6setup-30949657f005e4e7ad28,WATCH_CANDIDATE,s6event-3c06f3afe185c23baf5b,2,2024-06-27,2024-06-28,False,True,SUPPORT_PULLBACK
2024-07-01,601138,工业富联,s6setup-30949657f005e4e7ad28,WATCH_CANDIDATE,s6event-3c06f3afe185c23baf5b,3,2024-06-27,2024-06-28,False,False,NONE
2024-07-02,601138,工业富联,s6setup-30949657f005e4e7ad28,WATCH_CANDIDATE,s6event-3c06f3afe185c23baf5b,4,2024-06-27,2024-06-28,False,False,SUPPORT_PULLBACK
2024-07-03,002463,沪电股份,s6setup-36dae2d212a409c0fe1f,WATCH_CANDIDATE,s6event-b3c87a794a9222581218,1,2024-07-03,2024-07-03,True,True,SUPPORT_PULLBACK
2024-07-04,002463,沪电股份,s6setup-36dae2d212a409c0fe1f,WATCH_CANDIDATE,s6event-b3c87a794a9222581218,2,2024-07-03,2024-07-03,False,False,SUPPORT_PULLBACK
2024-07-05,002463,沪电股份,s6setup-5a1263c01542aa63ccf8,WATCH_CANDIDATE,s6event-b3c87a794a9222581218,3,2024-07-03,2024-07-03,False,False,NONE
2024-07-08,002463,沪电股份,s6setup-36dae2d212a409c0fe1f,WATCH_CANDIDATE,s6event-b3c87a794a9222581218,4,2024-07-03,2024-07-03,False,False,SUPPORT_PULLBACK
2024-07-15,600312,平高电气,s6setup-e9a560efcad557642ac1,WATCH_CANDIDATE,s6event-f1fd56ab48217c0e7639,3,2024-06-25,2024-06-26,False,False,NONE
2024-09-19,600418,江淮汽车,s6setup-9856079f5e2d0d43fc87,WATCH_CANDIDATE,s6event-31099867eed08725ba61,1,2024-09-19,,True,False,NONE
2024-10-23,002142,宁波银行,s6setup-97cfe18a693f17ebc4f6,WATCH_CANDIDATE,s6event-a5acafd9c44265c25654,1,2024-10-23,,True,False,NONE
2024-10-24,002142,宁波银行,s6setup-1e29f4e0d840d2523b33,WATCH_CANDIDATE,s6event-a5acafd9c44265c25654,2,2024-10-23,2024-10-24,False,True,SUPPORT_PULLBACK
2024-10-25,002142,宁波银行,s6setup-502a5dcb540786350afb,WATCH_CANDIDATE,s6event-a5acafd9c44265c25654,3,2024-10-23,2024-10-24,False,False,SUPPORT_PULLBACK
2024-10-25,300925,法本信息,s6setup-d30fce650daba787ff76,WATCH_CANDIDATE,s6event-30c6891ca5ec417fab68,1,2024-10-25,2024-10-25,True,True,SUPPORT_PULLBACK
2024-10-25,601186,中国铁建,s6setup-af11af9996de7f907a8d,WATCH_CANDIDATE,s6event-22abb3eb478dbb2950ea,1,2024-10-25,,True,False,NONE
2024-10-25,601318,中国平安,s6setup-dd9d59b135b21a91db46,WATCH_CANDIDATE,s6event-73fe630f396084a35fea,1,2024-10-25,2024-10-25,True,True,SUPPORT_PULLBACK
2024-10-25,601336,新华保险,s6setup-ae409aecc4671570a769,KEY_CANDIDATE,s6event-db89ee5348405801f24e,1,2024-10-25,,True,False,NONE
2024-10-25,688090,瑞松科技,s6setup-f5b842b9eed62e75172e,WATCH_CANDIDATE,s6event-7846be0a0c0946182394,1,2024-10-25,2024-10-25,True,True,SUPPORT_PULLBACK
2024-10-28,002371,北方华创,s6setup-f52b8d8051a025bd2150,WATCH_CANDIDATE,s6event-2f70f9e7560974239f43,1,2024-10-28,,True,False,NONE
2024-10-28,300293,蓝英装备,s6setup-9bd84923404891e10b11,WATCH_CANDIDATE,s6event-65b03df8846380bd20fc,1,2024-10-28,,True,False,NONE
2024-10-28,300709,精研科技,s6setup-5b2041e9a58ee0c21425,WATCH_CANDIDATE,s6event-c847e2286a4d9449dd22,1,2024-10-28,,True,False,NONE
2024-10-28,300750,宁德时代,s6setup-9e65aa9fcaf21c87e545,KEY_CANDIDATE,s6event-5544629afb4ed516095b,1,2024-10-28,2024-10-28,True,True,SUPPORT_PULLBACK
2024-10-28,601186,中国铁建,s6setup-af11af9996de7f907a8d,KEY_CANDIDATE,s6event-22abb3eb478dbb2950ea,2,2024-10-25,2024-10-28,False,True,SUPPORT_PULLBACK
2024-10-28,601318,中国平安,s6setup-98c0b474d9979a45cc3c,WATCH_CANDIDATE,s6event-73fe630f396084a35fea,2,2024-10-25,2024-10-25,False,False,NONE
2024-10-28,688658,悦康药业,s6setup-1597925ea0841ae92584,KEY_CANDIDATE,s6event-7b6d8f049b22a60f029d,1,2024-10-28,2024-10-28,True,True,SUPPORT_PULLBACK
2024-10-29,300293,蓝英装备,s6setup-2f57feeea609bcb0e16b,WATCH_CANDIDATE,s6event-65b03df8846380bd20fc,2,2024-10-28,2024-10-29,False,True,SUPPORT_PULLBACK
2024-10-29,300433,蓝思科技,s6setup-ce55436529fac87c0148,WATCH_CANDIDATE,s6event-9fc9833e4a2aefe9d913,1,2024-10-29,,True,False,NONE
2024-10-29,300709,精研科技,s6setup-1a47687228730efc7c66,WATCH_CANDIDATE,s6event-c847e2286a4d9449dd22,2,2024-10-28,2024-10-29,False,True,SUPPORT_PULLBACK
2024-10-29,300750,宁德时代,s6setup-9e65aa9fcaf21c87e545,KEY_CANDIDATE,s6event-5544629afb4ed516095b,2,2024-10-28,2024-10-28,False,False,SUPPORT_PULLBACK
2024-10-29,601336,新华保险,s6setup-96f5e92fb6957b29f889,KEY_CANDIDATE,s6event-db89ee5348405801f24e,2,2024-10-25,2024-10-29,False,True,SUPPORT_PULLBACK
2024-10-29,688658,悦康药业,s6setup-1597925ea0841ae92584,KEY_CANDIDATE,s6event-7b6d8f049b22a60f029d,2,2024-10-28,2024-10-28,False,False,SUPPORT_PULLBACK
2024-10-30,300293,蓝英装备,s6setup-2f57feeea609bcb0e16b,WATCH_CANDIDATE,s6event-65b03df8846380bd20fc,3,2024-10-28,2024-10-29,False,False,SUPPORT_PULLBACK
2024-10-30,300310,宜通世纪,s6setup-bad2851bb68ffb07f8d7,WATCH_CANDIDATE,s6event-9001d46f047d295104e8,1,2024-10-30,,True,False,NONE
2024-10-30,300433,蓝思科技,s6setup-ce55436529fac87c0148,WATCH_CANDIDATE,s6event-9fc9833e4a2aefe9d913,2,2024-10-29,,False,False,NONE
2024-10-30,688658,悦康药业,s6setup-1597925ea0841ae92584,KEY_CANDIDATE,s6event-7b6d8f049b22a60f029d,3,2024-10-28,2024-10-28,False,False,SUPPORT_PULLBACK
2024-10-31,000768,中航西飞,s6setup-bd4b5f1a5e26f455d992,KEY_CANDIDATE,s6event-421adacf093169439f79,1,2024-10-31,2024-10-31,True,True,SUPPORT_PULLBACK
2024-10-31,300139,晓程科技,s6setup-03ac53b95d0ed4d67393,KEY_CANDIDATE,s6event-69df3a7c103f9a68ab46,1,2024-10-31,2024-10-31,True,True,SUPPORT_PULLBACK
2024-10-31,300293,蓝英装备,s6setup-2f57feeea609bcb0e16b,WATCH_CANDIDATE,s6event-65b03df8846380bd20fc,4,2024-10-28,2024-10-29,False,False,SUPPORT_PULLBACK
2024-10-31,300433,蓝思科技,s6setup-ce55436529fac87c0148,KEY_CANDIDATE,s6event-9fc9833e4a2aefe9d913,3,2024-10-29,,False,False,WAIT_BREAKOUT
2024-10-31,300469,信息发展,s6setup-972ecff6bc6b3c765fc4,WATCH_CANDIDATE,s6event-d9bc89faedf09307f2bc,1,2024-10-31,2024-10-31,True,True,SUPPORT_PULLBACK
2024-10-31,600415,小商品城,s6setup-972b529ace9e37bf0db0,WATCH_CANDIDATE,s6event-f9f7a9ec98b9e48f99c9,1,2024-10-31,2024-10-31,True,True,SUPPORT_PULLBACK
2024-10-31,688658,悦康药业,s6setup-ad8817890ee0b72512c3,KEY_CANDIDATE,s6event-7b6d8f049b22a60f029d,4,2024-10-28,2024-10-28,False,False,SUPPORT_PULLBACK
2024-11-01,300139,晓程科技,s6setup-06fe080981f712a2689e,WATCH_CANDIDATE,s6event-69df3a7c103f9a68ab46,2,2024-10-31,2024-10-31,False,False,SUPPORT_PULLBACK
2024-11-01,300293,蓝英装备,s6setup-2f57feeea609bcb0e16b,WATCH_CANDIDATE,s6event-65b03df8846380bd20fc,5,2024-10-28,2024-10-29,False,False,SUPPORT_PULLBACK
2024-11-01,600326,西藏天路,s6setup-f5d42d94a6ae9189bdc1,WATCH_CANDIDATE,s6event-2f56f6cb87bd3fbcfcc4,1,2024-11-01,2024-11-01,True,True,SUPPORT_PULLBACK
2024-11-04,300394,天孚通信,s6setup-a0e81f7cbc75b159986b,WATCH_CANDIDATE,s6event-d0d09a173cec791a8828,1,2024-11-04,,True,False,NONE
2024-11-05,300394,天孚通信,s6setup-8ead4a2d70dd6c4cbec2,WATCH_CANDIDATE,s6event-d0d09a173cec791a8828,2,2024-11-04,,False,False,NONE
2024-11-05,603606,东方电缆,s6setup-39fd8e4c4023e6fc31b9,WATCH_CANDIDATE,s6event-7a658b7f65627bf3b1aa,1,2024-11-05,,True,False,NONE
2024-11-06,002130,沃尔核材,s6setup-b3bfe3b0c2577df77662,WATCH_CANDIDATE,s6event-44ba49386672a162979d,1,2024-11-06,2024-11-06,True,True,SUPPORT_PULLBACK
2024-11-06,603893,瑞芯微,s6setup-5b52a644932ad736476a,WATCH_CANDIDATE,s6event-e8e2c08883a4e9b3aadb,1,2024-11-06,,True,False,WAIT_BREAKOUT
2024-11-07,002130,沃尔核材,s6setup-601520cd7eade1a86625,WATCH_CANDIDATE,s6event-44ba49386672a162979d,2,2024-11-06,2024-11-06,False,False,SUPPORT_PULLBACK
2024-11-07,603893,瑞芯微,s6setup-5c8f844a5bd2c3275a12,WATCH_CANDIDATE,s6event-e8e2c08883a4e9b3aadb,2,2024-11-06,,False,False,WAIT_BREAKOUT
2024-11-08,002130,沃尔核材,s6setup-0ea994a0114ea261040e,WATCH_CANDIDATE,s6event-44ba49386672a162979d,3,2024-11-06,2024-11-06,False,False,SUPPORT_PULLBACK
2024-11-08,002600,领益智造,s6setup-683787f79104f8ee2e19,KEY_CANDIDATE,s6event-59d8b9663583928e9f7b,1,2024-11-08,2024-11-08,True,True,SUPPORT_PULLBACK
2024-11-08,300067,安诺其,s6setup-00fcccb83fb3b2701a5b,KEY_CANDIDATE,s6event-759b48ea271bddf08145,1,2024-11-08,2024-11-08,True,True,SUPPORT_PULLBACK
2024-11-08,300192,科德教育,s6setup-18e91cf1670e563726d6,KEY_CANDIDATE,s6event-c1b0c52aed9ab19c2f1c,1,2024-11-08,2024-11-08,True,True,SUPPORT_PULLBACK
2024-11-08,300303,聚飞光电,s6setup-481bd3cc8486c5ed323e,WATCH_CANDIDATE,s6event-2b2a4a9c6ed612eabecd,1,2024-11-08,2024-11-08,True,True,SUPPORT_PULLBACK
2024-11-08,300394,天孚通信,s6setup-bd38c99a8f41f1f6d00a,WATCH_CANDIDATE,s6event-d0d09a173cec791a8828,3,2024-11-04,,False,False,NONE
2024-11-08,300397,天和防务,s6setup-5c56c4f571876e4504e9,KEY_CANDIDATE,s6event-5cc0f359029d713c665a,1,2024-11-08,2024-11-08,True,True,SUPPORT_PULLBACK
2024-11-08,300563,神宇股份,s6setup-3b141611a0adf956336b,WATCH_CANDIDATE,s6event-eda15cdb2fdb663f1565,1,2024-11-08,,True,False,NONE
2024-11-08,600601,方正科技,s6setup-a3a1e64d42ee99d21b57,KEY_CANDIDATE,s6event-adc123d11dc69d2a7f2a,1,2024-11-08,2024-11-08,True,True,SUPPORT_PULLBACK
2024-11-08,600990,四创电子,s6setup-bc80c558b01b30a21e16,WATCH_CANDIDATE,s6event-2ced8214ece184e0ff11,1,2024-11-08,2024-11-08,True,True,SUPPORT_PULLBACK
2024-11-08,603893,瑞芯微,s6setup-a63db8c9eb7d11d047d3,KEY_CANDIDATE,s6event-e8e2c08883a4e9b3aadb,3,2024-11-06,2024-11-08,False,True,SUPPORT_PULLBACK
2024-11-08,688252,天德钰,s6setup-99a79916c8c7e6f3c311,KEY_CANDIDATE,s6event-cc4e1f772400fe4f601d,1,2024-11-08,2024-11-08,True,True,SUPPORT_PULLBACK
2024-11-11,002130,沃尔核材,s6setup-3dc4536bdb7bfa83e949,WATCH_CANDIDATE,s6event-44ba49386672a162979d,4,2024-11-06,2024-11-06,False,False,SUPPORT_PULLBACK
2024-11-11,300061,旗天科技,s6setup-da799d9c466c9a1bd1c9,KEY_CANDIDATE,s6event-31f5373379c3781adcbd,1,2024-11-11,2024-11-11,True,True,SUPPORT_PULLBACK
2024-11-11,300067,安诺其,s6setup-27e1e1132118e57a2304,KEY_CANDIDATE,s6event-759b48ea271bddf08145,2,2024-11-08,2024-11-08,False,False,NONE
2024-11-11,300284,苏交科,s6setup-c755ba4efb03e1e282b2,KEY_CANDIDATE,s6event-4330e2e4a423e80f8d8e,1,2024-11-11,2024-11-11,True,True,SUPPORT_PULLBACK
2024-11-11,300394,天孚通信,s6setup-8ead4a2d70dd6c4cbec2,WATCH_CANDIDATE,s6event-d0d09a173cec791a8828,4,2024-11-04,,False,False,NONE
2024-11-11,600601,方正科技,s6setup-69badbc1a77b36f76c90,WATCH_CANDIDATE,s6event-adc123d11dc69d2a7f2a,2,2024-11-08,2024-11-08,False,False,NONE
2024-11-11,600990,四创电子,s6setup-f60a3a82f18a788290ae,KEY_CANDIDATE,s6event-2ced8214ece184e0ff11,2,2024-11-08,2024-11-08,False,False,SUPPORT_PULLBACK
2024-11-11,603486,科沃斯,s6setup-6898d3a1d4a6f35be2f0,WATCH_CANDIDATE,s6event-c8a6b02b3aa5854e7b49,1,2024-11-11,2024-11-11,True,True,SUPPORT_PULLBACK
2024-11-11,603893,瑞芯微,s6setup-a63db8c9eb7d11d047d3,KEY_CANDIDATE,s6event-e8e2c08883a4e9b3aadb,4,2024-11-06,2024-11-08,False,False,NONE
2024-11-12,300046,台基股份,s6setup-80d778573b45a6448eaf,KEY_CANDIDATE,s6event-10a57412646a78fedf11,1,2024-11-12,2024-11-12,True,True,SUPPORT_PULLBACK
2024-11-12,300102,乾照光电,s6setup-5c64756c89da797ce137,KEY_CANDIDATE,s6event-1f338a529659d92e3327,1,2024-11-12,2024-11-12,True,True,SUPPORT_PULLBACK
2024-11-12,300292,吴通控股,s6setup-01f82f10d02fa98a0dc6,KEY_CANDIDATE,s6event-70d3ed881f506535acd7,1,2024-11-12,2024-11-12,True,True,SUPPORT_PULLBACK
2024-11-12,300397,天和防务,s6setup-d1889779ea60fdef1231,WATCH_CANDIDATE,s6event-5cc0f359029d713c665a,2,2024-11-08,2024-11-08,False,False,SUPPORT_PULLBACK
2024-11-12,603893,瑞芯微,s6setup-a63db8c9eb7d11d047d3,KEY_CANDIDATE,s6event-e8e2c08883a4e9b3aadb,5,2024-11-06,2024-11-08,False,False,NONE
2024-11-13,300008,天海防务,s6setup-6690c342fe613eb7b44d,WATCH_CANDIDATE,s6event-923e8700c8c748825ae6,1,2024-11-13,2024-11-13,True,True,SUPPORT_PULLBACK
2024-11-13,300046,台基股份,s6setup-80d778573b45a6448eaf,KEY_CANDIDATE,s6event-10a57412646a78fedf11,2,2024-11-12,2024-11-12,False,False,SUPPORT_PULLBACK
2024-11-13,300085,银之杰,s6setup-e42a370d8980d8402bcb,WATCH_CANDIDATE,s6event-30992034cfbdfeb2ceb9,1,2024-11-13,2024-11-13,True,True,SUPPORT_PULLBACK
2024-11-13,300102,乾照光电,s6setup-5c64756c89da797ce137,KEY_CANDIDATE,s6event-1f338a529659d92e3327,2,2024-11-12,2024-11-12,False,False,SUPPORT_PULLBACK
2024-11-13,300292,吴通控股,s6setup-9c48f58a27fc6f188c7b,WATCH_CANDIDATE,s6event-70d3ed881f506535acd7,2,2024-11-12,2024-11-12,False,False,NONE
2024-11-13,300424,航新科技,s6setup-be858b46ff0d049233b9,WATCH_CANDIDATE,s6event-4078c31fc7789642ae88,1,2024-11-13,2024-11-13,True,True,SUPPORT_PULLBACK
2024-11-13,300570,太辰光,s6setup-38a6a6d341095f048664,WATCH_CANDIDATE,s6event-6177b2a0e001adb36e64,1,2024-11-13,2024-11-13,True,True,SUPPORT_PULLBACK
2024-11-13,301091,深城交,s6setup-1fdb4e96ccfdd131bd2a,KEY_CANDIDATE,s6event-186229517f1898689760,1,2024-11-13,,True,False,NONE
2024-11-13,603893,瑞芯微,s6setup-a63db8c9eb7d11d047d3,KEY_CANDIDATE,s6event-e8e2c08883a4e9b3aadb,6,2024-11-06,2024-11-08,False,False,SUPPORT_PULLBACK
2024-11-14,000829,天音控股,s6setup-085cfe806f3931768d77,KEY_CANDIDATE,s6event-e833f826186a061d7954,1,2024-11-14,2024-11-14,True,True,SUPPORT_PULLBACK
2024-11-14,300256,星星科技,s6setup-f5234fdcb28fc48d4666,WATCH_CANDIDATE,s6event-ca2834b6bec5f4aa58aa,1,2024-11-14,,True,False,NONE
2024-11-14,600843,上工申贝,s6setup-85db4a2ab7750e044af3,KEY_CANDIDATE,s6event-ac4622bd39b6183386ea,1,2024-11-14,2024-11-14,True,True,SUPPORT_PULLBACK
2024-11-15,000829,天音控股,s6setup-085cfe806f3931768d77,KEY_CANDIDATE,s6event-e833f826186a061d7954,2,2024-11-14,2024-11-14,False,False,SUPPORT_PULLBACK
2024-11-15,300256,星星科技,s6setup-f5234fdcb28fc48d4666,WATCH_CANDIDATE,s6event-ca2834b6bec5f4aa58aa,2,2024-11-14,,False,False,NONE
2024-11-15,300322,硕贝德,s6setup-3e5c7024c90b1574be62,WATCH_CANDIDATE,s6event-6d2bb6c02e9fde1aa6a0,1,2024-11-15,,True,False,NONE
2024-11-15,300776,帝尔激光,s6setup-c76fc897bc2b7cd6f146,KEY_CANDIDATE,s6event-cf4328f2cab914cc501f,1,2024-11-15,2024-11-15,True,True,SUPPORT_PULLBACK
2024-11-18,002281,光迅科技,s6setup-b8d2a449d0045b5a5ce1,WATCH_CANDIDATE,s6event-060a9ace70fcc7fa9928,1,2024-11-18,2024-11-18,True,True,SUPPORT_PULLBACK
2024-11-18,300776,帝尔激光,s6setup-8c07e4dcf09a7e8c17bc,KEY_CANDIDATE,s6event-cf4328f2cab914cc501f,2,2024-11-15,2024-11-15,False,False,SUPPORT_PULLBACK
2024-11-19,002273,水晶光电,s6setup-5be11763ef3d6bd00c66,WATCH_CANDIDATE,s6event-e5f061fa741c93e4e351,1,2024-11-19,,True,False,NONE
2024-11-19,002281,光迅科技,s6setup-b8d2a449d0045b5a5ce1,KEY_CANDIDATE,s6event-060a9ace70fcc7fa9928,2,2024-11-18,2024-11-18,False,False,SUPPORT_PULLBACK
2024-11-19,300059,东方财富,s6setup-f33f2ffc7cab91125159,WATCH_CANDIDATE,s6event-02c8f8adf967ca8e97ef,1,2024-11-19,2024-11-19,True,True,SUPPORT_PULLBACK
2024-11-19,600879,航天电子,s6setup-9543c99369764b5ccdd8,WATCH_CANDIDATE,s6event-59d981c25ba6c9e7261a,1,2024-11-19,2024-11-19,True,True,SUPPORT_PULLBACK
2024-11-19,603920,世运电路,s6setup-d587b9f81f181660d2f5,WATCH_CANDIDATE,s6event-40ebcbaf0797fa9c62fa,1,2024-11-19,,True,False,NONE
2024-11-20,002273,水晶光电,s6setup-5be11763ef3d6bd00c66,WATCH_CANDIDATE,s6event-e5f061fa741c93e4e351,2,2024-11-19,2024-11-20,False,True,SUPPORT_PULLBACK
2024-11-20,002281,光迅科技,s6setup-e1af045107ab081f5b6e,KEY_CANDIDATE,s6event-060a9ace70fcc7fa9928,3,2024-11-18,2024-11-18,False,False,SUPPORT_PULLBACK
2024-11-20,300059,东方财富,s6setup-f33f2ffc7cab91125159,WATCH_CANDIDATE,s6event-02c8f8adf967ca8e97ef,2,2024-11-19,2024-11-19,False,False,SUPPORT_PULLBACK
2024-11-20,603920,世运电路,s6setup-d587b9f81f181660d2f5,WATCH_CANDIDATE,s6event-40ebcbaf0797fa9c62fa,2,2024-11-19,,False,False,NONE
2024-11-20,688015,交控科技,s6setup-379b47d4a8f9a2b84d9b,WATCH_CANDIDATE,s6event-dd14f44988f6dcbe85de,1,2024-11-20,,True,False,NONE
2024-11-20,688256,寒武纪,s6setup-8a4e7f4aa3a11b6e31f8,WATCH_CANDIDATE,s6event-095fbda3e15f22cf6d59,1,2024-11-20,,True,False,NONE
2024-11-21,002273,水晶光电,s6setup-52ee156bbd13078c93bf,WATCH_CANDIDATE,s6event-e5f061fa741c93e4e351,3,2024-11-19,2024-11-20,False,False,SUPPORT_PULLBACK
2024-11-21,002281,光迅科技,s6setup-245f99defd9d51049930,KEY_CANDIDATE,s6event-060a9ace70fcc7fa9928,4,2024-11-18,2024-11-18,False,False,SUPPORT_PULLBACK
2024-11-21,603920,世运电路,s6setup-d587b9f81f181660d2f5,WATCH_CANDIDATE,s6event-40ebcbaf0797fa9c62fa,3,2024-11-19,2024-11-21,False,True,SUPPORT_PULLBACK
2024-11-21,688015,交控科技,s6setup-379b47d4a8f9a2b84d9b,WATCH_CANDIDATE,s6event-dd14f44988f6dcbe85de,2,2024-11-20,2024-11-21,False,True,SUPPORT_PULLBACK
2024-11-22,300857,协创数据,s6setup-42f12e312df88455db31,KEY_CANDIDATE,s6event-ed3ee52d627c38eb96e7,1,2024-11-22,2024-11-22,True,True,SUPPORT_PULLBACK
2024-11-22,603099,长白山,s6setup-f5596be19bb7272c4656,KEY_CANDIDATE,s6event-4e5be90ee4ed8e45b2a1,1,2024-11-22,2024-11-22,True,True,SUPPORT_PULLBACK
2024-11-25,002979,雷赛智能,s6setup-313394d2517122d09fe9,KEY_CANDIDATE,s6event-ecd2f2d68aef3fd30d77,1,2024-11-25,2024-11-25,True,True,SUPPORT_PULLBACK
2024-11-25,600010,包钢股份,s6setup-dbea198c47162c06a439,KEY_CANDIDATE,s6event-6430e928249ca2be0c85,1,2024-11-25,2024-11-25,True,True,SUPPORT_PULLBACK
2024-11-25,603099,长白山,s6setup-7b16baa68ddbd2d18b34,KEY_CANDIDATE,s6event-4e5be90ee4ed8e45b2a1,2,2024-11-22,2024-11-22,False,False,SUPPORT_PULLBACK
2024-11-25,688418,震有科技,s6setup-c900465decb008272a75,KEY_CANDIDATE,s6event-75ed7f22e5627652b622,1,2024-11-25,,True,False,NONE
2024-11-26,603099,长白山,s6setup-7b16baa68ddbd2d18b34,WATCH_CANDIDATE,s6event-4e5be90ee4ed8e45b2a1,3,2024-11-22,2024-11-22,False,False,NONE
2024-11-26,688418,震有科技,s6setup-76ad98e4224f639a066d,WATCH_CANDIDATE,s6event-75ed7f22e5627652b622,2,2024-11-25,,False,False,NONE
2024-12-02,688027,国盾量子,s6setup-cc6c31f79103fda91a9f,WATCH_CANDIDATE,s6event-10ab4ad3674026702744,1,2024-12-02,,True,False,NONE
2024-12-02,688116,天奈科技,s6setup-ae1919e95f7b3d37f2ad,KEY_CANDIDATE,s6event-f4c18c3aeeff2d55f5aa,1,2024-12-02,,True,False,NONE
2024-12-03,688027,国盾量子,s6setup-cc6c31f79103fda91a9f,WATCH_CANDIDATE,s6event-10ab4ad3674026702744,2,2024-12-02,,False,False,NONE
2024-12-03,688299,长阳科技,s6setup-43afa70145b72df89eb9,WATCH_CANDIDATE,s6event-4095879fec5110746473,1,2024-12-03,2024-12-03,True,True,SUPPORT_PULLBACK
2024-12-04,300622,博士眼镜,s6setup-0016297a5a560bad3b35,WATCH_CANDIDATE,s6event-4849622c6aaa4bdecfcc,1,2024-12-04,,True,False,NONE
2024-12-04,688116,天奈科技,s6setup-ae1919e95f7b3d37f2ad,KEY_CANDIDATE,s6event-f4c18c3aeeff2d55f5aa,2,2024-12-02,2024-12-04,False,True,SUPPORT_PULLBACK
2024-12-04,688299,长阳科技,s6setup-43afa70145b72df89eb9,WATCH_CANDIDATE,s6event-4095879fec5110746473,2,2024-12-03,2024-12-03,False,False,SUPPORT_PULLBACK
2024-12-05,002241,歌尔股份,s6setup-c8f06de1d14a601c92f2,WATCH_CANDIDATE,s6event-f73a616002a1a0cfc8d0,1,2024-12-05,,True,False,NONE
2024-12-05,300622,博士眼镜,s6setup-0016297a5a560bad3b35,WATCH_CANDIDATE,s6event-4849622c6aaa4bdecfcc,2,2024-12-04,2024-12-05,False,True,SUPPORT_PULLBACK
2024-12-05,688027,国盾量子,s6setup-cc6c31f79103fda91a9f,WATCH_CANDIDATE,s6event-10ab4ad3674026702744,3,2024-12-02,2024-12-05,False,True,SUPPORT_PULLBACK
2024-12-06,300131,英唐智控,s6setup-8d7f3cd60a44c38e966c,WATCH_CANDIDATE,s6event-bea5055d3221e44e3dad,1,2024-12-06,2024-12-06,True,True,SUPPORT_PULLBACK
2024-12-06,688047,龙芯中科,s6setup-14e014135a88f7a17339,WATCH_CANDIDATE,s6event-ce19f60da75aed390b9e,1,2024-12-06,,True,False,NONE
2024-12-09,002245,蔚蓝锂芯,s6setup-7cfb7c6ade0dd98f80b1,KEY_CANDIDATE,s6event-07d0cf57454c7cc4184c,1,2024-12-09,2024-12-09,True,True,SUPPORT_PULLBACK
2024-12-09,600104,上汽集团,s6setup-16907d8b1e8abc6aa0b4,KEY_CANDIDATE,s6event-06d62bae53a90fa01174,1,2024-12-09,2024-12-09,True,True,SUPPORT_PULLBACK
2024-12-10,002245,蔚蓝锂芯,s6setup-bb09aca5ea8ef855f0f4,KEY_CANDIDATE,s6event-07d0cf57454c7cc4184c,2,2024-12-09,2024-12-09,False,False,SUPPORT_PULLBACK
2024-12-11,002194,武汉凡谷,s6setup-3612f5ac72a5762c6014,KEY_CANDIDATE,s6event-fdf3abf19eddc202c642,1,2024-12-11,2024-12-11,True,True,SUPPORT_PULLBACK
2024-12-11,600776,东方通信,s6setup-2d0fcc865c125bc42520,KEY_CANDIDATE,s6event-24bb43e5ecfd944c3de5,1,2024-12-11,,True,False,NONE
2024-12-11,601360,三六零,s6setup-6271e09715fb99b07d7c,KEY_CANDIDATE,s6event-b169413ceb6d517710ae,1,2024-12-11,2024-12-11,True,True,SUPPORT_PULLBACK
2024-12-12,600776,东方通信,s6setup-2d0fcc865c125bc42520,KEY_CANDIDATE,s6event-24bb43e5ecfd944c3de5,2,2024-12-11,,False,False,NONE
2024-12-12,601615,明阳智能,s6setup-8d97ee6c589ea1ecf708,WATCH_CANDIDATE,s6event-5009bb16d6aef0b8fd99,1,2024-12-12,,True,False,WAIT_BREAKOUT
2024-12-12,603078,江化微,s6setup-5e35a695f2bd5244a9c7,KEY_CANDIDATE,s6event-6f59b3c69b820faa0c8c,1,2024-12-12,2024-12-12,True,True,SUPPORT_PULLBACK
2024-12-13,300377,赢时胜,s6setup-861e18604179a7947c08,WATCH_CANDIDATE,s6event-6b7d949c83b5b7968218,1,2024-12-13,2024-12-13,True,True,SUPPORT_PULLBACK
2024-12-13,601615,明阳智能,s6setup-8d97ee6c589ea1ecf708,WATCH_CANDIDATE,s6event-5009bb16d6aef0b8fd99,2,2024-12-12,2024-12-13,False,True,SUPPORT_PULLBACK
2024-12-16,300694,蠡湖股份,s6setup-16fbe563d003ec7102ed,WATCH_CANDIDATE,s6event-b595ac4c76f8ae0f5caa,1,2024-12-16,,True,False,NONE
2024-12-16,600292,电投水电,s6setup-6e3280140834bf327467,WATCH_CANDIDATE,s6event-18d4ebc0506f2cd2ad38,1,2024-12-16,2024-12-16,True,True,SUPPORT_PULLBACK
2024-12-17,300694,蠡湖股份,s6setup-16fbe563d003ec7102ed,WATCH_CANDIDATE,s6event-b595ac4c76f8ae0f5caa,2,2024-12-16,,False,False,NONE
2024-12-18,600601,方正科技,s6setup-c456d52e3d99d7b05be2,WATCH_CANDIDATE,s6event-c10b5d7ff1948e718b95,1,2024-12-18,2024-12-18,True,True,SUPPORT_PULLBACK
2024-12-19,300370,安控科技,s6setup-407f2bb2aee712d9378a,WATCH_CANDIDATE,s6event-449ebfe24e0b3f910735,1,2024-12-19,2024-12-19,True,True,SUPPORT_PULLBACK
2024-12-19,300459,汤姆猫,s6setup-dbc04670d4bf601779fa,WATCH_CANDIDATE,s6event-99a5e35ae22e99e9a682,1,2024-12-19,2024-12-19,True,True,SUPPORT_PULLBACK
2024-12-20,300182,捷成股份,s6setup-d2c15ade4641dee97cba,WATCH_CANDIDATE,s6event-f05032540888655bac9e,1,2024-12-20,,True,False,NONE
2024-12-20,300459,汤姆猫,s6setup-dbc04670d4bf601779fa,KEY_CANDIDATE,s6event-99a5e35ae22e99e9a682,2,2024-12-19,2024-12-19,False,False,SUPPORT_PULLBACK
2024-12-20,300660,江苏雷利,s6setup-04ef634a8a882f10d1b6,KEY_CANDIDATE,s6event-67875665aeceb31a8ce9,1,2024-12-20,,True,False,NONE
2024-12-20,600864,哈投股份,s6setup-2dcaee0f6253a30902e6,WATCH_CANDIDATE,s6event-91cee0cc37286ab99f3c,1,2024-12-20,2024-12-20,True,True,SUPPORT_PULLBACK
2024-12-23,300660,江苏雷利,s6setup-04ef634a8a882f10d1b6,WATCH_CANDIDATE,s6event-67875665aeceb31a8ce9,2,2024-12-20,2024-12-23,False,True,SUPPORT_PULLBACK
2024-12-24,002139,拓邦股份,s6setup-fd1e90188568d41c4d76,KEY_CANDIDATE,s6event-abe50c620aeb03c254f2,1,2024-12-24,2024-12-24,True,True,SUPPORT_PULLBACK
2024-12-24,002979,雷赛智能,s6setup-19de00fa889a1c2ce895,WATCH_CANDIDATE,s6event-3ff55fa9dddb0ce68145,1,2024-12-24,,True,False,NONE
2024-12-24,300660,江苏雷利,s6setup-04ef634a8a882f10d1b6,KEY_CANDIDATE,s6event-67875665aeceb31a8ce9,3,2024-12-20,2024-12-23,False,False,NONE
2024-12-25,002139,拓邦股份,s6setup-fd1e90188568d41c4d76,KEY_CANDIDATE,s6event-abe50c620aeb03c254f2,2,2024-12-24,2024-12-24,False,False,SUPPORT_PULLBACK
2024-12-25,300276,三丰智能,s6setup-6def61aaa26d7a0e6f00,WATCH_CANDIDATE,s6event-ea9dd03830f9f8dd5b9e,1,2024-12-25,2024-12-25,True,True,SUPPORT_PULLBACK
2024-12-25,300660,江苏雷利,s6setup-82318e9097d5e2ae5a75,KEY_CANDIDATE,s6event-67875665aeceb31a8ce9,4,2024-12-20,2024-12-23,False,False,SUPPORT_PULLBACK
2024-12-26,002139,拓邦股份,s6setup-fd1e90188568d41c4d76,WATCH_CANDIDATE,s6event-abe50c620aeb03c254f2,3,2024-12-24,2024-12-24,False,False,SUPPORT_PULLBACK
2024-12-26,300276,三丰智能,s6setup-6def61aaa26d7a0e6f00,WATCH_CANDIDATE,s6event-ea9dd03830f9f8dd5b9e,2,2024-12-25,2024-12-25,False,False,SUPPORT_PULLBACK
2024-12-26,300503,昊志机电,s6setup-4be758aa7cd2b076adfe,WATCH_CANDIDATE,s6event-eae8ded838d613114f9c,1,2024-12-26,2024-12-26,True,True,SUPPORT_PULLBACK
2024-12-27,002139,拓邦股份,s6setup-fd1e90188568d41c4d76,WATCH_CANDIDATE,s6event-abe50c620aeb03c254f2,4,2024-12-24,2024-12-24,False,False,WAIT_BREAKOUT
2024-12-27,300403,汉宇集团,s6setup-16b388b01bcdba9acf84,WATCH_CANDIDATE,s6event-1c1530e7cdef34ee9d20,1,2024-12-27,2024-12-27,True,True,SUPPORT_PULLBACK
2024-12-27,300660,江苏雷利,s6setup-04ef634a8a882f10d1b6,WATCH_CANDIDATE,s6event-67875665aeceb31a8ce9,5,2024-12-20,2024-12-23,False,False,SUPPORT_PULLBACK
2024-12-27,688787,海天瑞声,s6setup-d3019118655a97c1c18a,WATCH_CANDIDATE,s6event-77458ebca9d455be3c96,1,2024-12-27,2024-12-27,True,True,SUPPORT_PULLBACK
2024-12-30,688205,德科立,s6setup-97ceb9eb89758d0cd3b1,WATCH_CANDIDATE,s6event-c0718da91785d4bfccd5,1,2024-12-30,,True,False,NONE
2024-12-30,688787,海天瑞声,s6setup-7432ad1cb6aa3d94c1cc,WATCH_CANDIDATE,s6event-77458ebca9d455be3c96,2,2024-12-27,2024-12-27,False,False,SUPPORT_PULLBACK
2025-01-03,688205,德科立,s6setup-65fe963253d88d0a6493,WATCH_CANDIDATE,s6event-c0718da91785d4bfccd5,2,2024-12-30,2025-01-03,False,True,SUPPORT_PULLBACK
2025-01-14,300153,科泰电源,s6setup-0a4db8a473032dbd1ffb,WATCH_CANDIDATE,s6event-9fe80043f054b5813b56,1,2025-01-14,2025-01-14,True,True,SUPPORT_PULLBACK
2025-01-14,300913,兆龙互连,s6setup-e8eb38b1be1b6db794ca,WATCH_CANDIDATE,s6event-6812948621d189b1f6a0,1,2025-01-14,2025-01-14,True,True,SUPPORT_PULLBACK
2025-01-14,603236,移远通信,s6setup-c798af28efd589de84d8,WATCH_CANDIDATE,s6event-71d9da9e6ad06f61fc79,1,2025-01-14,,True,False,NONE
2025-01-15,300383,光环新网,s6setup-055f624a2e78d5a0096b,WATCH_CANDIDATE,s6event-80beba2085c36669cf94,1,2025-01-15,,True,False,NONE
2025-01-16,002837,英维克,s6setup-d237c63e5ef4128ba007,WATCH_CANDIDATE,s6event-a6e600476257146e80fa,1,2025-01-16,2025-01-16,True,True,SUPPORT_PULLBACK
2025-01-17,002837,英维克,s6setup-db6b8624ef8fbb8c39bb,WATCH_CANDIDATE,s6event-a6e600476257146e80fa,2,2025-01-16,2025-01-16,False,False,SUPPORT_PULLBACK
2025-01-17,300548,长芯博创,s6setup-c5c467da96963d5f8101,WATCH_CANDIDATE,s6event-2e6d01a258443199b945,1,2025-01-17,,True,False,NONE
2025-01-17,688300,联瑞新材,s6setup-cf361e9a86cd625db123,WATCH_CANDIDATE,s6event-05e466b07cb6aa518ed5,1,2025-01-17,,True,False,NONE
2025-01-20,002837,英维克,s6setup-c5404b55eadcccdf475a,WATCH_CANDIDATE,s6event-a6e600476257146e80fa,3,2025-01-16,2025-01-16,False,False,NONE
2025-01-20,002916,深南电路,s6setup-d5115329e96a644ef467,WATCH_CANDIDATE,s6event-b19f0a644b6d8bec9a6d,1,2025-01-20,,True,False,NONE
2025-01-21,002837,英维克,s6setup-f67c342e5e1c5b0460b4,WATCH_CANDIDATE,s6event-a6e600476257146e80fa,4,2025-01-16,2025-01-16,False,False,NONE
2025-01-22,300708,聚灿光电,s6setup-0a630f7143c7c44f29df,KEY_CANDIDATE,s6event-b58f6f8584bac646521c,1,2025-01-22,2025-01-22,True,True,SUPPORT_PULLBACK
2025-01-23,300708,聚灿光电,s6setup-819b55c44b879628da21,WATCH_CANDIDATE,s6event-b58f6f8584bac646521c,2,2025-01-22,2025-01-22,False,False,NONE
2025-02-06,002779,中坚科技,s6setup-eaeec946631a8c7068b1,WATCH_CANDIDATE,s6event-d9f4b5e88719082b8bc3,1,2025-02-06,,True,False,NONE
2025-02-06,688571,杭华股份,s6setup-124316f9ae6e7421f426,WATCH_CANDIDATE,s6event-906c49f7cc62fc19c874,1,2025-02-06,,True,False,NONE
2025-02-07,300684,中石科技,s6setup-28fe5a89fa9261a77ef7,WATCH_CANDIDATE,s6event-97e903bc9c028f55b17e,1,2025-02-07,2025-02-07,True,True,SUPPORT_PULLBACK
2025-02-10,002119,康强电子,s6setup-0128d555faa09eeebb8f,WATCH_CANDIDATE,s6event-720e36ef853d1cbbfb7e,1,2025-02-10,,True,False,NONE
2025-02-10,300684,中石科技,s6setup-e1ffb4c368f38b7370dd,WATCH_CANDIDATE,s6event-4ff575d5bdd615b666e2,1,2025-02-10,2025-02-10,True,True,SUPPORT_PULLBACK
2025-02-11,002119,康强电子,s6setup-ee83bf34d16fd61dbe6e,WATCH_CANDIDATE,s6event-720e36ef853d1cbbfb7e,2,2025-02-10,2025-02-11,False,True,SUPPORT_PULLBACK
2025-02-11,600601,方正科技,s6setup-f532cfcef1961d07d7a5,KEY_CANDIDATE,s6event-677e4c803b1030f7e12c,1,2025-02-11,2025-02-11,True,True,SUPPORT_PULLBACK
2025-02-11,603015,弘讯科技,s6setup-84ab2f527131a37304df,KEY_CANDIDATE,s6event-f141cdc4512356527e2a,1,2025-02-11,,True,False,NONE
2025-02-12,600601,方正科技,s6setup-f532cfcef1961d07d7a5,KEY_CANDIDATE,s6event-677e4c803b1030f7e12c,2,2025-02-11,2025-02-11,False,False,NONE
2025-02-12,603986,兆易创新,s6setup-7a6580f669fe0713c9ea,WATCH_CANDIDATE,s6event-ffb2fbee398f10a179d6,1,2025-02-12,,True,False,WAIT_BREAKOUT
2025-02-13,002779,中坚科技,s6setup-a87bc4274e1797816b7e,WATCH_CANDIDATE,s6event-d9f4b5e88719082b8bc3,2,2025-02-06,,False,False,NONE
2025-02-13,600183,生益科技,s6setup-cddc9fa2ae414bb11d69,WATCH_CANDIDATE,s6event-5ac1c5336a686e6636be,1,2025-02-13,2025-02-13,True,True,SUPPORT_PULLBACK
2025-02-13,688288,鸿泉技术,s6setup-218c603583976a102055,KEY_CANDIDATE,s6event-84cbfcd657b2e217a2fd,1,2025-02-13,,True,False,NONE
2025-02-14,002779,中坚科技,s6setup-18aae797240da13c306a,WATCH_CANDIDATE,s6event-d9f4b5e88719082b8bc3,3,2025-02-06,,False,False,NONE
2025-02-14,300433,蓝思科技,s6setup-1cb2d12993de1176da44,WATCH_CANDIDATE,s6event-8814a42e754b3e0f798e,1,2025-02-14,,True,False,NONE
2025-02-17,002779,中坚科技,s6setup-18aae797240da13c306a,WATCH_CANDIDATE,s6event-d9f4b5e88719082b8bc3,4,2025-02-06,,False,False,NONE
2025-02-17,300433,蓝思科技,s6setup-65f64be8e941ebd44b99,WATCH_CANDIDATE,s6event-8814a42e754b3e0f798e,2,2025-02-14,,False,False,NONE
2025-02-17,301000,肇民科技,s6setup-918da66ce65af122abad,WATCH_CANDIDATE,s6event-4ae5f9c31a604728129c,1,2025-02-17,,True,False,NONE
2025-02-18,300433,蓝思科技,s6setup-65f64be8e941ebd44b99,KEY_CANDIDATE,s6event-8814a42e754b3e0f798e,3,2025-02-14,,False,False,NONE
2025-02-18,301000,肇民科技,s6setup-918da66ce65af122abad,WATCH_CANDIDATE,s6event-4ae5f9c31a604728129c,2,2025-02-17,2025-02-18,False,True,SUPPORT_PULLBACK
2025-02-18,603809,豪能股份,s6setup-b711397711c1038bd559,WATCH_CANDIDATE,s6event-d73eb82512902f98d8af,1,2025-02-18,,True,False,NONE
2025-02-18,688160,步科股份,s6setup-bb256764512af0a8dbea,WATCH_CANDIDATE,s6event-604a3fe62651a9d5529f,1,2025-02-18,,True,False,NONE
2025-02-19,300613,富瀚微,s6setup-a6e1ba2cf256a30223eb,WATCH_CANDIDATE,s6event-6365413cfd02937e65b8,1,2025-02-19,2025-02-19,True,True,SUPPORT_PULLBACK
2025-02-19,301000,肇民科技,s6setup-918da66ce65af122abad,WATCH_CANDIDATE,s6event-4ae5f9c31a604728129c,3,2025-02-17,2025-02-18,False,False,NONE
2025-02-19,603809,豪能股份,s6setup-51dd18023b551d7f64d7,WATCH_CANDIDATE,s6event-d73eb82512902f98d8af,2,2025-02-18,,False,False,NONE
2025-02-19,688160,步科股份,s6setup-bb256764512af0a8dbea,WATCH_CANDIDATE,s6event-604a3fe62651a9d5529f,2,2025-02-18,,False,False,NONE
2025-02-20,300433,蓝思科技,s6setup-1cb2d12993de1176da44,WATCH_CANDIDATE,s6event-8814a42e754b3e0f798e,4,2025-02-14,,False,False,NONE
2025-02-20,300613,富瀚微,s6setup-ccef6534bb60e0821650,WATCH_CANDIDATE,s6event-6365413cfd02937e65b8,2,2025-02-19,2025-02-19,False,False,NONE
2025-02-20,603809,豪能股份,s6setup-b711397711c1038bd559,KEY_CANDIDATE,s6event-d73eb82512902f98d8af,3,2025-02-18,,False,False,NONE
2025-02-21,603236,移远通信,s6setup-0ea4f7f9586e556c39d6,WATCH_CANDIDATE,s6event-b1f717c78a45bda973d5,1,2025-02-21,2025-02-21,True,True,SUPPORT_PULLBACK
2025-02-21,603809,豪能股份,s6setup-b711397711c1038bd559,WATCH_CANDIDATE,s6event-d73eb82512902f98d8af,4,2025-02-18,2025-02-21,False,True,SUPPORT_PULLBACK
2025-02-24,300433,蓝思科技,s6setup-1cb2d12993de1176da44,WATCH_CANDIDATE,s6event-8814a42e754b3e0f798e,5,2025-02-14,,False,False,NONE
2025-02-25,300433,蓝思科技,s6setup-1cb2d12993de1176da44,WATCH_CANDIDATE,s6event-8814a42e754b3e0f798e,6,2025-02-14,2025-02-25,False,True,SUPPORT_PULLBACK
2025-02-25,300634,彩讯股份,s6setup-ed8712b062c23b890d99,KEY_CANDIDATE,s6event-7f9d2cedbcf91b4efedc,1,2025-02-25,2025-02-25,True,True,SUPPORT_PULLBACK
2025-02-25,300925,法本信息,s6setup-38cff9e0e7e0419fec38,WATCH_CANDIDATE,s6event-050f76d94166e98295e9,1,2025-02-25,,True,False,NONE
2025-02-26,002517,恺英网络,s6setup-09f68dca72be920caa28,KEY_CANDIDATE,s6event-0caab65fc5abd404952e,1,2025-02-26,,True,False,NONE
2025-02-26,300229,拓尔思,s6setup-8351a4c7023572b12be5,KEY_CANDIDATE,s6event-9956cb653d515e4ad6c1,1,2025-02-26,2025-02-26,True,True,SUPPORT_PULLBACK
2025-02-26,300634,彩讯股份,s6setup-d887655c5a20d3bbae0d,KEY_CANDIDATE,s6event-7f9d2cedbcf91b4efedc,2,2025-02-25,2025-02-25,False,False,SUPPORT_PULLBACK
2025-02-26,300925,法本信息,s6setup-38cff9e0e7e0419fec38,WATCH_CANDIDATE,s6event-050f76d94166e98295e9,2,2025-02-25,2025-02-26,False,True,SUPPORT_PULLBACK
2025-02-26,600186,莲花控股,s6setup-4d929ef3b104891ee150,WATCH_CANDIDATE,s6event-d2e0bab13a2cbf0fc2fe,1,2025-02-26,,True,False,NONE
2025-02-26,688178,万德斯,s6setup-a82e2950ef5eb410c141,KEY_CANDIDATE,s6event-97a04ca9c5e2ee2b4e4f,1,2025-02-26,,True,False,NONE
2025-02-27,002517,恺英网络,s6setup-7c5bd582e895de16e58c,WATCH_CANDIDATE,s6event-0caab65fc5abd404952e,2,2025-02-26,,False,False,NONE
2025-02-27,600186,莲花控股,s6setup-4d929ef3b104891ee150,KEY_CANDIDATE,s6event-d2e0bab13a2cbf0fc2fe,2,2025-02-26,2025-02-27,False,True,SUPPORT_PULLBACK
2025-02-27,688178,万德斯,s6setup-a82e2950ef5eb410c141,KEY_CANDIDATE,s6event-97a04ca9c5e2ee2b4e4f,2,2025-02-26,,False,False,NONE
2025-02-28,600120,浙江东方,s6setup-b1c1dcfaa4a6e6244291,WATCH_CANDIDATE,s6event-0393c5d3967f19dc1996,1,2025-02-28,2025-02-28,True,True,SUPPORT_PULLBACK
2025-02-28,600186,莲花控股,s6setup-4d929ef3b104891ee150,KEY_CANDIDATE,s6event-d2e0bab13a2cbf0fc2fe,3,2025-02-26,2025-02-27,False,False,SUPPORT_PULLBACK
2025-03-03,600186,莲花控股,s6setup-1705233833b71d9111cb,KEY_CANDIDATE,s6event-d2e0bab13a2cbf0fc2fe,4,2025-02-26,2025-02-27,False,False,SUPPORT_PULLBACK
2025-03-03,688225,亚信安全,s6setup-b7da79bddadf3235431b,KEY_CANDIDATE,s6event-10744018ebd319a084f1,1,2025-03-03,2025-03-03,True,True,SUPPORT_PULLBACK
2025-03-04,002036,联创电子,s6setup-cfc0e0c32a83cacd1e5f,WATCH_CANDIDATE,s6event-231d4fce5a173092f63c,1,2025-03-04,2025-03-04,True,True,SUPPORT_PULLBACK
2025-03-04,603005,晶方科技,s6setup-87b9f7f054113f42440d,WATCH_CANDIDATE,s6event-377abc3323f352efdfb5,1,2025-03-04,2025-03-04,True,True,SUPPORT_PULLBACK
2025-03-04,603486,科沃斯,s6setup-1329ee6d6176dab5aff4,WATCH_CANDIDATE,s6event-a95e334a52fb0601e3a6,1,2025-03-04,,True,False,NONE
2025-03-04,688135,利扬芯片,s6setup-e4c6a22c1b5169163ff6,WATCH_CANDIDATE,s6event-5a0ec600ee6cb49b9730,1,2025-03-04,2025-03-04,True,True,SUPPORT_PULLBACK
2025-03-04,688225,亚信安全,s6setup-d497a32a40f10abe4f15,KEY_CANDIDATE,s6event-10744018ebd319a084f1,2,2025-03-03,2025-03-03,False,False,NONE
2025-03-04,688685,迈信林,s6setup-dcd16c635329d8c8710e,KEY_CANDIDATE,s6event-201da142dce16012430f,1,2025-03-04,,True,False,NONE
2025-03-05,002036,联创电子,s6setup-cfc0e0c32a83cacd1e5f,WATCH_CANDIDATE,s6event-231d4fce5a173092f63c,2,2025-03-04,2025-03-04,False,False,SUPPORT_PULLBACK
2025-03-05,603005,晶方科技,s6setup-fb99a9ea9bf6c482cf37,WATCH_CANDIDATE,s6event-021f5254cc1395bdb32d,1,2025-03-05,2025-03-05,True,True,SUPPORT_PULLBACK
2025-03-05,688225,亚信安全,s6setup-d497a32a40f10abe4f15,WATCH_CANDIDATE,s6event-10744018ebd319a084f1,3,2025-03-03,2025-03-03,False,False,SUPPORT_PULLBACK
2025-03-05,688466,金科环境,s6setup-62f194e30b1b2d2fada4,WATCH_CANDIDATE,s6event-b1b47d61e98afec01ef2,1,2025-03-05,2025-03-05,True,True,SUPPORT_PULLBACK
2025-03-06,002036,联创电子,s6setup-cfc0e0c32a83cacd1e5f,WATCH_CANDIDATE,s6event-231d4fce5a173092f63c,3,2025-03-04,2025-03-04,False,False,SUPPORT_PULLBACK
2025-03-06,300307,慈星股份,s6setup-5578ad8289ff4165fed9,KEY_CANDIDATE,s6event-31d02eb60f8c6a6014c3,1,2025-03-06,2025-03-06,True,True,SUPPORT_PULLBACK
2025-03-06,300603,立昂技术,s6setup-e4b882cc76f264f60fa3,WATCH_CANDIDATE,s6event-e6246efb01ae14a000f1,1,2025-03-06,2025-03-06,True,True,SUPPORT_PULLBACK
2025-03-06,300672,国科微,s6setup-53bbe2b1467590242655,WATCH_CANDIDATE,s6event-cf9334b6f5044ec03d90,1,2025-03-06,2025-03-06,True,True,SUPPORT_PULLBACK
2025-03-06,603501,豪威集团,s6setup-3d291caa03eb71207405,WATCH_CANDIDATE,s6event-caeba2f826388322f01d,1,2025-03-06,,True,False,NONE
2025-03-06,688048,长光华芯,s6setup-7a7cabda6a8687592f97,WATCH_CANDIDATE,s6event-6752ba00d6c4719a7f85,1,2025-03-06,2025-03-06,True,True,SUPPORT_PULLBACK
2025-03-06,688225,亚信安全,s6setup-d497a32a40f10abe4f15,WATCH_CANDIDATE,s6event-10744018ebd319a084f1,4,2025-03-03,2025-03-03,False,False,NONE
2025-03-06,688468,科美诊断,s6setup-5d40eefc6fbb0f7a552a,WATCH_CANDIDATE,s6event-cd663eb1c0b6b351ce96,1,2025-03-06,,True,False,NONE
2025-03-07,002518,科士达,s6setup-efe52db6cbf333d06fe7,WATCH_CANDIDATE,s6event-69b0cb3cbd448aa0c8e5,1,2025-03-07,2025-03-07,True,True,SUPPORT_PULLBACK
2025-03-07,300603,立昂技术,s6setup-e4b882cc76f264f60fa3,WATCH_CANDIDATE,s6event-e6246efb01ae14a000f1,2,2025-03-06,2025-03-06,False,False,SUPPORT_PULLBACK
2025-03-07,300672,国科微,s6setup-53bbe2b1467590242655,KEY_CANDIDATE,s6event-cf9334b6f5044ec03d90,2,2025-03-06,2025-03-06,False,False,SUPPORT_PULLBACK
2025-03-07,600050,中国联通,s6setup-db2f19295490f4aaa303,KEY_CANDIDATE,s6event-4bfc186b12f1fe57120f,1,2025-03-07,2025-03-07,True,True,SUPPORT_PULLBACK
2025-03-07,600143,金发科技,s6setup-e813f922d445d7fff884,KEY_CANDIDATE,s6event-79e66440755ed30d44d2,1,2025-03-07,2025-03-07,True,True,SUPPORT_PULLBACK
2025-03-07,600850,电科数字,s6setup-5bb2edf1d6217631e0ae,WATCH_CANDIDATE,s6event-e5239eaa5477694238b7,1,2025-03-07,2025-03-07,True,True,SUPPORT_PULLBACK
2025-03-07,601728,中国电信,s6setup-c1daba4df39d22dd0650,WATCH_CANDIDATE,s6event-1e60734ddcb1c7cb2558,1,2025-03-07,2025-03-07,True,True,SUPPORT_PULLBACK
2025-03-07,603501,豪威集团,s6setup-e9dfe6dc7b1f76c08f27,KEY_CANDIDATE,s6event-caeba2f826388322f01d,2,2025-03-06,2025-03-07,False,True,SUPPORT_PULLBACK
2025-03-07,688225,亚信安全,s6setup-6c0295ad1ca057113cb8,KEY_CANDIDATE,s6event-10744018ebd319a084f1,5,2025-03-03,2025-03-03,False,False,SUPPORT_PULLBACK
2025-03-07,688400,凌云光,s6setup-a10c49ad4f4a9fbf2286,KEY_CANDIDATE,s6event-d6fd01a0961d61c5ad09,1,2025-03-07,2025-03-07,True,True,SUPPORT_PULLBACK
2025-03-07,688466,金科环境,s6setup-6265561dc48fb2874b9e,KEY_CANDIDATE,s6event-b1b47d61e98afec01ef2,2,2025-03-05,2025-03-05,False,False,SUPPORT_PULLBACK
2025-03-07,688468,科美诊断,s6setup-abdc2d85fb6ae0c66461,KEY_CANDIDATE,s6event-cd663eb1c0b6b351ce96,2,2025-03-06,2025-03-07,False,True,SUPPORT_PULLBACK
2025-03-10,000948,南天信息,s6setup-bf5fe9b2633a0e197b51,WATCH_CANDIDATE,s6event-ae4e2e37047c942f1774,1,2025-03-10,2025-03-10,True,True,SUPPORT_PULLBACK
2025-03-10,002334,英威腾,s6setup-9573a2607c2d6860603b,WATCH_CANDIDATE,s6event-f8853e289a6b6252e2c6,1,2025-03-10,2025-03-10,True,True,SUPPORT_PULLBACK
2025-03-10,002518,科士达,s6setup-f206f39667a370bf3be5,WATCH_CANDIDATE,s6event-69b0cb3cbd448aa0c8e5,2,2025-03-07,2025-03-07,False,False,SUPPORT_PULLBACK
2025-03-10,002536,飞龙股份,s6setup-f1e5726770c12a03fc53,WATCH_CANDIDATE,s6event-7f39f03b95d86c2dca28,1,2025-03-10,2025-03-10,True,True,SUPPORT_PULLBACK
2025-03-10,002664,信质集团,s6setup-5aabe4ff777a59307a84,WATCH_CANDIDATE,s6event-c7b67be1f7d2bc738802,1,2025-03-10,2025-03-10,True,True,SUPPORT_PULLBACK
2025-03-10,002837,英维克,s6setup-1282cc1d601a891eee3b,WATCH_CANDIDATE,s6event-2db34b22840f9b598a64,1,2025-03-10,,True,False,NONE
2025-03-10,300124,汇川技术,s6setup-37ab076fbd8d138d9531,WATCH_CANDIDATE,s6event-0de3a7b3b489afc46e49,1,2025-03-10,,True,False,NONE
2025-03-10,301018,申菱环境,s6setup-7de0bc422549ebd1bf4f,KEY_CANDIDATE,s6event-4c48cddce9e0d50343a2,1,2025-03-10,2025-03-10,True,True,SUPPORT_PULLBACK
2025-03-10,301101,明月镜片,s6setup-0ba7938bc0abd5c5e782,WATCH_CANDIDATE,s6event-fda989e906891291bd04,1,2025-03-10,,True,False,NONE
2025-03-10,600143,金发科技,s6setup-e813f922d445d7fff884,KEY_CANDIDATE,s6event-79e66440755ed30d44d2,2,2025-03-07,2025-03-07,False,False,SUPPORT_PULLBACK
2025-03-10,601777,千里科技,s6setup-569de22093b0693f5a7b,WATCH_CANDIDATE,s6event-c9d2cb6a18c875d87a92,1,2025-03-10,2025-03-10,True,True,SUPPORT_PULLBACK
2025-03-10,603501,豪威集团,s6setup-3d291caa03eb71207405,KEY_CANDIDATE,s6event-caeba2f826388322f01d,3,2025-03-06,2025-03-07,False,False,SUPPORT_PULLBACK
2025-03-10,688272,富吉瑞,s6setup-fb7127c3a9b03473442b,KEY_CANDIDATE,s6event-d411dd2bc303482e48f9,1,2025-03-10,2025-03-10,True,True,SUPPORT_PULLBACK
2025-03-10,688400,凌云光,s6setup-a10c49ad4f4a9fbf2286,KEY_CANDIDATE,s6event-d6fd01a0961d61c5ad09,2,2025-03-07,2025-03-07,False,False,NONE
2025-03-10,688466,金科环境,s6setup-62f194e30b1b2d2fada4,KEY_CANDIDATE,s6event-b1b47d61e98afec01ef2,3,2025-03-05,2025-03-05,False,False,SUPPORT_PULLBACK
2025-03-11,000948,南天信息,s6setup-bf5fe9b2633a0e197b51,KEY_CANDIDATE,s6event-ae4e2e37047c942f1774,2,2025-03-10,2025-03-10,False,False,NONE
2025-03-11,002518,科士达,s6setup-2ce17238c2c01e4fa623,WATCH_CANDIDATE,s6event-69b0cb3cbd448aa0c8e5,3,2025-03-07,2025-03-07,False,False,SUPPORT_PULLBACK
2025-03-11,002536,飞龙股份,s6setup-cfe55e9a48cfc111937a,WATCH_CANDIDATE,s6event-7f39f03b95d86c2dca28,2,2025-03-10,2025-03-10,False,False,NONE
2025-03-11,002837,英维克,s6setup-eafbd7beab4fe5429946,WATCH_CANDIDATE,s6event-2db34b22840f9b598a64,2,2025-03-10,,False,False,NONE
2025-03-11,300124,汇川技术,s6setup-a3ddd2294c9714599d13,WATCH_CANDIDATE,s6event-0de3a7b3b489afc46e49,2,2025-03-10,2025-03-11,False,True,SUPPORT_PULLBACK
2025-03-11,300276,三丰智能,s6setup-cfdfc980247dba9596c3,KEY_CANDIDATE,s6event-6bdad12e7ca62d35a560,1,2025-03-11,,True,False,NONE
2025-03-11,300383,光环新网,s6setup-44e0c9033a1d6e65cc28,KEY_CANDIDATE,s6event-717f7c60804c3f35a62b,1,2025-03-11,2025-03-11,True,True,SUPPORT_PULLBACK
2025-03-11,300672,国科微,s6setup-53bbe2b1467590242655,WATCH_CANDIDATE,s6event-cf9334b6f5044ec03d90,3,2025-03-06,2025-03-06,False,False,SUPPORT_PULLBACK
2025-03-11,301018,申菱环境,s6setup-2ae58d8f9f65aa0ad013,KEY_CANDIDATE,s6event-4c48cddce9e0d50343a2,2,2025-03-10,2025-03-10,False,False,SUPPORT_PULLBACK
2025-03-11,301101,明月镜片,s6setup-d02b318eb42f11265766,WATCH_CANDIDATE,s6event-fda989e906891291bd04,2,2025-03-10,,False,False,NONE
2025-03-11,301238,瑞泰新材,s6setup-38d6d5119bdaf06abb39,WATCH_CANDIDATE,s6event-d7a72ac82c0a76dc76af,1,2025-03-11,2025-03-11,True,True,SUPPORT_PULLBACK
2025-03-11,600143,金发科技,s6setup-ce8fa1a557656f1f9aa3,WATCH_CANDIDATE,s6event-79e66440755ed30d44d2,3,2025-03-07,2025-03-07,False,False,SUPPORT_PULLBACK
2025-03-11,603915,国茂股份,s6setup-a268ff9470f36410b3b1,WATCH_CANDIDATE,s6event-5cc556dc797166998d59,1,2025-03-11,,True,False,NONE
2025-03-11,688041,海光信息,s6setup-9a7648a71876120ebaaf,KEY_CANDIDATE,s6event-c57e8dfa99461c914387,1,2025-03-11,,True,False,NONE
2025-03-11,688213,思特威,s6setup-cfd64463a895f91c7e92,WATCH_CANDIDATE,s6event-a16c6fd6365e5ec2f988,1,2025-03-11,,True,False,NONE
2025-03-11,688400,凌云光,s6setup-e30b6543c9a4f715fb66,WATCH_CANDIDATE,s6event-d6fd01a0961d61c5ad09,3,2025-03-07,2025-03-07,False,False,NONE
2025-03-11,688466,金科环境,s6setup-74bacd272ba85bd07fb0,KEY_CANDIDATE,s6event-b1b47d61e98afec01ef2,4,2025-03-05,2025-03-05,False,False,SUPPORT_PULLBACK
2025-03-12,002152,广电运通,s6setup-1a652941f4d2ba4d952d,KEY_CANDIDATE,s6event-30988e0ebcc3bcf790ea,1,2025-03-12,2025-03-12,True,True,SUPPORT_PULLBACK
2025-03-12,002334,英威腾,s6setup-9573a2607c2d6860603b,WATCH_CANDIDATE,s6event-f8853e289a6b6252e2c6,2,2025-03-10,2025-03-10,False,False,NONE
2025-03-12,002402,和而泰,s6setup-f5a9455758a7c2d37c34,WATCH_CANDIDATE,s6event-57723a093a645c375d2d,1,2025-03-12,,True,False,NONE
2025-03-12,002536,飞龙股份,s6setup-9dd30987d243c86137a3,WATCH_CANDIDATE,s6event-7f39f03b95d86c2dca28,3,2025-03-10,2025-03-10,False,False,SUPPORT_PULLBACK
2025-03-12,300065,海兰信,s6setup-7ad83946d6b5e7a18b02,KEY_CANDIDATE,s6event-a4fd482f47647be76689,1,2025-03-12,2025-03-12,True,True,SUPPORT_PULLBACK
2025-03-12,300276,三丰智能,s6setup-a2e8f236483f82aaa623,KEY_CANDIDATE,s6event-6bdad12e7ca62d35a560,2,2025-03-11,2025-03-12,False,True,SUPPORT_PULLBACK
2025-03-12,300307,慈星股份,s6setup-c4931d99b7cb67258402,WATCH_CANDIDATE,s6event-31d02eb60f8c6a6014c3,2,2025-03-06,2025-03-06,False,False,SUPPORT_PULLBACK
2025-03-12,300602,飞荣达,s6setup-70826988a04612db155f,WATCH_CANDIDATE,s6event-ee55bf849dccf9f63e2f,1,2025-03-12,,True,False,NONE
2025-03-12,300846,首都在线,s6setup-e638d1e29bfa0e8b492d,KEY_CANDIDATE,s6event-7d638298379559953087,1,2025-03-12,2025-03-12,True,True,SUPPORT_PULLBACK
2025-03-12,600143,金发科技,s6setup-32ff951c8a2e04623c92,WATCH_CANDIDATE,s6event-79e66440755ed30d44d2,4,2025-03-07,2025-03-07,False,False,SUPPORT_PULLBACK
2025-03-12,688213,思特威,s6setup-e587c432324694e3816e,WATCH_CANDIDATE,s6event-a16c6fd6365e5ec2f988,2,2025-03-11,2025-03-12,False,True,SUPPORT_PULLBACK
2025-03-12,688400,凌云光,s6setup-e30b6543c9a4f715fb66,KEY_CANDIDATE,s6event-d6fd01a0961d61c5ad09,4,2025-03-07,2025-03-07,False,False,SUPPORT_PULLBACK
2025-03-12,688722,同益中,s6setup-7d4617d1763b1294ea24,WATCH_CANDIDATE,s6event-c59323939099ede9b45d,1,2025-03-12,2025-03-12,True,True,SUPPORT_PULLBACK
2025-03-13,002152,广电运通,s6setup-1a652941f4d2ba4d952d,KEY_CANDIDATE,s6event-30988e0ebcc3bcf790ea,2,2025-03-12,2025-03-12,False,False,SUPPORT_PULLBACK
2025-03-13,002334,英威腾,s6setup-9573a2607c2d6860603b,WATCH_CANDIDATE,s6event-f8853e289a6b6252e2c6,3,2025-03-10,2025-03-10,False,False,SUPPORT_PULLBACK
2025-03-13,002517,恺英网络,s6setup-efbec065a0e63a0e65f3,KEY_CANDIDATE,s6event-0caab65fc5abd404952e,3,2025-02-26,2025-03-13,False,True,SUPPORT_PULLBACK
2025-03-13,300124,汇川技术,s6setup-5f1e06d6e268d09e8023,WATCH_CANDIDATE,s6event-0de3a7b3b489afc46e49,3,2025-03-10,2025-03-11,False,False,SUPPORT_PULLBACK
2025-03-13,300383,光环新网,s6setup-44e0c9033a1d6e65cc28,KEY_CANDIDATE,s6event-717f7c60804c3f35a62b,2,2025-03-11,2025-03-11,False,False,SUPPORT_PULLBACK
2025-03-13,688041,海光信息,s6setup-39e835b206d36a70c71e,KEY_CANDIDATE,s6event-c57e8dfa99461c914387,2,2025-03-11,2025-03-13,False,True,SUPPORT_PULLBACK
2025-03-13,688116,天奈科技,s6setup-f3f4c3e098a92dd7a8a7,WATCH_CANDIDATE,s6event-34156e5518c1928e93ec,1,2025-03-13,2025-03-13,True,True,SUPPORT_PULLBACK
2025-03-13,688466,金科环境,s6setup-729dc03dd333692f47b0,KEY_CANDIDATE,s6event-b1b47d61e98afec01ef2,5,2025-03-05,2025-03-05,False,False,SUPPORT_PULLBACK
2025-03-13,688611,杭州柯林,s6setup-26e7e31a7ac13a6c69e4,WATCH_CANDIDATE,s6event-271998c0c3bdbe325d19,1,2025-03-13,2025-03-13,True,True,SUPPORT_PULLBACK
2025-03-13,689009,九号公司,s6setup-02d7326cfc51e8d6b2de,WATCH_CANDIDATE,s6event-4816ce8900b9d273cf0f,1,2025-03-13,2025-03-13,True,True,SUPPORT_PULLBACK
2025-03-14,001309,德明利,s6setup-65cc2cee22d5d9c46cf7,WATCH_CANDIDATE,s6event-e1e8a3a4b6b6347a53f0,1,2025-03-14,2025-03-14,True,True,SUPPORT_PULLBACK
2025-03-14,002139,拓邦股份,s6setup-a395f4053d44b2b95a38,WATCH_CANDIDATE,s6event-0aa69f76018ab02a5392,1,2025-03-14,2025-03-14,True,True,SUPPORT_PULLBACK
2025-03-14,002602,世纪华通,s6setup-8a6a27bd74f29483a17c,WATCH_CANDIDATE,s6event-b23cc22021b0d97c0df8,1,2025-03-14,,True,False,NONE
2025-03-14,301165,锐捷网络,s6setup-660eb4bcfb0bb97473c2,WATCH_CANDIDATE,s6event-ad2c8dd4d7ad696b600a,1,2025-03-14,,True,False,NONE
2025-03-14,301308,江波龙,s6setup-10c6f89509a55b7c641f,WATCH_CANDIDATE,s6event-2c60d5a3f8e5e2a8bc66,1,2025-03-14,2025-03-14,True,True,SUPPORT_PULLBACK
2025-03-14,688103,国力电子,s6setup-460d5619c1ccd0b42ede,WATCH_CANDIDATE,s6event-3f254eb9175e7d7a2673,1,2025-03-14,,True,False,NONE
2025-03-14,688116,天奈科技,s6setup-f3f4c3e098a92dd7a8a7,WATCH_CANDIDATE,s6event-34156e5518c1928e93ec,2,2025-03-13,2025-03-13,False,False,SUPPORT_PULLBACK
2025-03-14,688466,金科环境,s6setup-9cbc88c67d20123c55a0,WATCH_CANDIDATE,s6event-b1b47d61e98afec01ef2,6,2025-03-05,2025-03-05,False,False,NONE
2025-03-17,300007,汉威科技,s6setup-c6f59562fc29e1b7aa0f,WATCH_CANDIDATE,s6event-b0389bd6e1ecc3550b7b,1,2025-03-17,,True,False,NONE
2025-03-17,300035,中科电气,s6setup-3851eef3d0ecff5bba32,KEY_CANDIDATE,s6event-968ed71f5dd296699d09,1,2025-03-17,,True,False,NONE
2025-03-17,300473,德尔股份,s6setup-4269b9bb4f194278f827,WATCH_CANDIDATE,s6event-18d2afd050a77c4b0209,1,2025-03-17,2025-03-17,True,True,SUPPORT_PULLBACK
2025-03-17,300503,昊志机电,s6setup-b365884df694ce2f0407,WATCH_CANDIDATE,s6event-2c56416ec280ba8ac8e8,1,2025-03-17,2025-03-17,True,True,SUPPORT_PULLBACK
2025-03-17,300687,赛意信息,s6setup-babc61c53c3fbd5dbdd9,KEY_CANDIDATE,s6event-77b00d1e628ab8e77512,1,2025-03-17,2025-03-17,True,True,SUPPORT_PULLBACK
2025-03-17,301308,江波龙,s6setup-76e7dc0279f16bacf0cd,WATCH_CANDIDATE,s6event-2c60d5a3f8e5e2a8bc66,2,2025-03-14,2025-03-14,False,False,NONE
2025-03-17,603496,恒为科技,s6setup-57487f4860bdd0246506,KEY_CANDIDATE,s6event-fe1d618f877150f377e6,1,2025-03-17,2025-03-17,True,True,SUPPORT_PULLBACK
2025-03-17,688103,国力电子,s6setup-62e204826e22d40919f8,KEY_CANDIDATE,s6event-3f254eb9175e7d7a2673,2,2025-03-14,2025-03-17,False,True,SUPPORT_PULLBACK
2025-03-17,688116,天奈科技,s6setup-f3f4c3e098a92dd7a8a7,WATCH_CANDIDATE,s6event-34156e5518c1928e93ec,3,2025-03-13,2025-03-13,False,False,SUPPORT_PULLBACK
2025-03-17,688428,诺诚健华,s6setup-ec7b7291a38d04bcf218,KEY_CANDIDATE,s6event-8d422b58846141ec2975,1,2025-03-17,2025-03-17,True,True,SUPPORT_PULLBACK
2025-03-18,002414,高德红外,s6setup-9eb0785d7e71d7a4ffb1,WATCH_CANDIDATE,s6event-591fd36cf3bc7862faec,1,2025-03-18,2025-03-18,True,True,SUPPORT_PULLBACK
2025-03-18,300473,德尔股份,s6setup-18307867e16b3953aa40,WATCH_CANDIDATE,s6event-18d2afd050a77c4b0209,2,2025-03-17,2025-03-17,False,False,SUPPORT_PULLBACK
2025-03-18,301308,江波龙,s6setup-76e7dc0279f16bacf0cd,WATCH_CANDIDATE,s6event-2c60d5a3f8e5e2a8bc66,3,2025-03-14,2025-03-14,False,False,SUPPORT_PULLBACK
2025-03-18,603496,恒为科技,s6setup-e9040e7f92b0891f1911,WATCH_CANDIDATE,s6event-fe1d618f877150f377e6,2,2025-03-17,2025-03-17,False,False,SUPPORT_PULLBACK
2025-03-18,688070,纵横股份,s6setup-414023d3ba4d311ce03e,WATCH_CANDIDATE,s6event-93390cd60687dc8b45e7,1,2025-03-18,2025-03-18,True,True,SUPPORT_PULLBACK
2025-03-18,688103,国力电子,s6setup-460d5619c1ccd0b42ede,WATCH_CANDIDATE,s6event-3f254eb9175e7d7a2673,3,2025-03-14,2025-03-17,False,False,SUPPORT_PULLBACK
2025-03-18,688114,华大智造,s6setup-0cd9198cac2957d72afb,WATCH_CANDIDATE,s6event-0bcac81f587051a7acbc,1,2025-03-18,2025-03-18,True,True,SUPPORT_PULLBACK
2025-03-18,688116,天奈科技,s6setup-f3f4c3e098a92dd7a8a7,KEY_CANDIDATE,s6event-34156e5518c1928e93ec,4,2025-03-13,2025-03-13,False,False,SUPPORT_PULLBACK
2025-03-18,688428,诺诚健华,s6setup-7fc4a65be0b689d9920c,KEY_CANDIDATE,s6event-8d422b58846141ec2975,2,2025-03-17,2025-03-17,False,False,SUPPORT_PULLBACK
2025-03-18,688611,杭州柯林,s6setup-a7e02101c7f032c59cc9,WATCH_CANDIDATE,s6event-271998c0c3bdbe325d19,2,2025-03-13,2025-03-13,False,False,SUPPORT_PULLBACK
2025-03-19,002414,高德红外,s6setup-e79fa17af18d8e91488d,WATCH_CANDIDATE,s6event-591fd36cf3bc7862faec,2,2025-03-18,2025-03-18,False,False,SUPPORT_PULLBACK
2025-03-19,002582,好想你,s6setup-a64be5b2f42331849268,WATCH_CANDIDATE,s6event-789798dcb97412e96995,1,2025-03-19,2025-03-19,True,True,SUPPORT_PULLBACK
2025-03-19,300473,德尔股份,s6setup-18307867e16b3953aa40,WATCH_CANDIDATE,s6event-18d2afd050a77c4b0209,3,2025-03-17,2025-03-17,False,False,SUPPORT_PULLBACK
2025-03-19,300870,欧陆通,s6setup-22eb66334993fd01e02f,WATCH_CANDIDATE,s6event-a48e853f7721c8a6d22d,1,2025-03-19,2025-03-19,True,True,SUPPORT_PULLBACK
2025-03-19,600114,东睦股份,s6setup-a49725eba065cb5dc455,WATCH_CANDIDATE,s6event-1d01534ae2f3f63c867b,1,2025-03-19,2025-03-19,True,True,SUPPORT_PULLBACK
2025-03-19,603496,恒为科技,s6setup-e9040e7f92b0891f1911,KEY_CANDIDATE,s6event-fe1d618f877150f377e6,3,2025-03-17,2025-03-17,False,False,SUPPORT_PULLBACK
2025-03-19,603583,捷昌驱动,s6setup-2b680aec3ac2ae09d9cb,WATCH_CANDIDATE,s6event-f516f030efa4a0da832e,1,2025-03-19,2025-03-19,True,True,SUPPORT_PULLBACK
2025-03-19,603887,城地香江,s6setup-1d43275aa4335d06764a,WATCH_CANDIDATE,s6event-f63caa52a63f0a4cdb1f,1,2025-03-19,,True,False,NONE
2025-03-19,688081,兴图新科,s6setup-e68d61bcf0d2acd44105,WATCH_CANDIDATE,s6event-c6de2a4246f2d3ab5bf4,1,2025-03-19,,True,False,NONE
2025-03-19,688103,国力电子,s6setup-460d5619c1ccd0b42ede,KEY_CANDIDATE,s6event-3f254eb9175e7d7a2673,4,2025-03-14,2025-03-17,False,False,SUPPORT_PULLBACK
2025-03-19,688114,华大智造,s6setup-0cd9198cac2957d72afb,WATCH_CANDIDATE,s6event-0bcac81f587051a7acbc,2,2025-03-18,2025-03-18,False,False,NONE
2025-03-19,688266,泽璟制药,s6setup-eb2c77ff2d313ed90396,WATCH_CANDIDATE,s6event-c86fdd9d63c68d1f08a1,1,2025-03-19,,True,False,NONE
2025-03-19,688428,诺诚健华,s6setup-fb0c092ba8b95d201733,KEY_CANDIDATE,s6event-8d422b58846141ec2975,3,2025-03-17,2025-03-17,False,False,SUPPORT_PULLBACK
2025-03-20,300183,东软载波,s6setup-314c58c296b156d1537c,KEY_CANDIDATE,s6event-bd3c7d516658b72871e1,1,2025-03-20,2025-03-20,True,True,SUPPORT_PULLBACK
2025-03-20,300738,奥飞数据,s6setup-d192d8a6fa45f6875f3a,KEY_CANDIDATE,s6event-2fb2bf745613ad401332,1,2025-03-20,2025-03-20,True,True,SUPPORT_PULLBACK
2025-03-20,300777,中简科技,s6setup-ea5a0a3dcfe8be19d0c6,KEY_CANDIDATE,s6event-1033cc398e52d4f5ec1f,1,2025-03-20,2025-03-20,True,True,SUPPORT_PULLBACK
2025-03-20,300870,欧陆通,s6setup-560e869d0aba56ceeec8,WATCH_CANDIDATE,s6event-a48e853f7721c8a6d22d,2,2025-03-19,2025-03-19,False,False,NONE
2025-03-20,603887,城地香江,s6setup-1d43275aa4335d06764a,WATCH_CANDIDATE,s6event-f63caa52a63f0a4cdb1f,2,2025-03-19,2025-03-20,False,True,SUPPORT_PULLBACK
2025-03-20,688266,泽璟制药,s6setup-6efad0bc55ebf522decc,WATCH_CANDIDATE,s6event-c86fdd9d63c68d1f08a1,2,2025-03-19,,False,False,NONE
2025-03-20,688428,诺诚健华,s6setup-76060df902c86edffba2,KEY_CANDIDATE,s6event-8d422b58846141ec2975,4,2025-03-17,2025-03-17,False,False,SUPPORT_PULLBACK
2025-03-21,300777,中简科技,s6setup-87dda88ed4214ac5df61,KEY_CANDIDATE,s6event-1033cc398e52d4f5ec1f,2,2025-03-20,2025-03-20,False,False,SUPPORT_PULLBACK
2025-03-21,688266,泽璟制药,s6setup-01498b9e96072f6812f1,WATCH_CANDIDATE,s6event-c86fdd9d63c68d1f08a1,3,2025-03-19,,False,False,NONE
2025-03-24,601881,XD中国银,s6setup-da407f8d08dd81c247b6,KEY_CANDIDATE,s6event-3501936aeb913a60abe6,1,2025-03-24,,True,False,NONE
2025-03-24,688266,泽璟制药,s6setup-01498b9e96072f6812f1,KEY_CANDIDATE,s6event-c86fdd9d63c68d1f08a1,4,2025-03-19,2025-03-24,False,True,SUPPORT_PULLBACK
2025-03-25,300035,中科电气,s6setup-3c5e0aed12a341c184e7,WATCH_CANDIDATE,s6event-968ed71f5dd296699d09,2,2025-03-17,2025-03-25,False,True,SUPPORT_PULLBACK
2025-03-25,300469,信息发展,s6setup-b1cf7e1a90a3897814cc,WATCH_CANDIDATE,s6event-47054235d680449e42f1,1,2025-03-25,2025-03-25,True,True,SUPPORT_PULLBACK
2025-03-25,688700,东威科技,s6setup-612c755c54dd8f6408e8,WATCH_CANDIDATE,s6event-005aadb3a3fc47c27fe2,1,2025-03-25,2025-03-25,True,True,SUPPORT_PULLBACK
2025-03-26,300035,中科电气,s6setup-3c5e0aed12a341c184e7,WATCH_CANDIDATE,s6event-968ed71f5dd296699d09,3,2025-03-17,2025-03-25,False,False,SUPPORT_PULLBACK
2025-03-27,689009,九号公司,s6setup-86f7690a6c97e1935a47,WATCH_CANDIDATE,s6event-4816ce8900b9d273cf0f,2,2025-03-13,2025-03-13,False,False,NONE
2025-03-28,300258,精锻科技,s6setup-067f3d614b1a9b2ca067,WATCH_CANDIDATE,s6event-863b0e3fe1db61dcc232,1,2025-03-28,2025-03-28,True,True,SUPPORT_PULLBACK
2025-03-28,689009,九号公司,s6setup-5f57b574130e3f4093b4,WATCH_CANDIDATE,s6event-4816ce8900b9d273cf0f,3,2025-03-13,2025-03-13,False,False,NONE
2025-03-31,689009,九号公司,s6setup-02d7326cfc51e8d6b2de,WATCH_CANDIDATE,s6event-4816ce8900b9d273cf0f,4,2025-03-13,2025-03-13,False,False,NONE
2025-04-01,688521,芯原股份,s6setup-919c1bd1592da18d9049,WATCH_CANDIDATE,s6event-ab1ffba7680b456636dd,1,2025-04-01,2025-04-01,True,True,SUPPORT_PULLBACK
2025-04-02,603678,火炬电子,s6setup-54b2a559c7ad59b371ae,WATCH_CANDIDATE,s6event-94dcbe367b589db19041,1,2025-04-02,2025-04-02,True,True,SUPPORT_PULLBACK
2025-04-03,000997,新 大 陆,s6setup-1e2d25294585f6e19ab8,WATCH_CANDIDATE,s6event-1b150ed92b8b87159ba1,1,2025-04-03,2025-04-03,True,True,SUPPORT_PULLBACK
2025-04-03,603678,火炬电子,s6setup-ff30d4f93e8b818443fb,WATCH_CANDIDATE,s6event-94dcbe367b589db19041,2,2025-04-02,2025-04-02,False,False,SUPPORT_PULLBACK
2025-04-14,688178,万德斯,s6setup-2e2e62f8c57148f33f36,WATCH_CANDIDATE,s6event-2a4b168067d38b89217c,1,2025-04-14,2025-04-14,True,True,SUPPORT_PULLBACK
2025-04-15,688178,万德斯,s6setup-d6572d299243798c5c79,WATCH_CANDIDATE,s6event-2a4b168067d38b89217c,2,2025-04-14,2025-04-14,False,False,SUPPORT_PULLBACK
2025-04-21,688186,广大特材,s6setup-981db2cb4cbb2d4ee947,WATCH_CANDIDATE,s6event-80150eaf4f8467150511,1,2025-04-21,,True,False,NONE
2025-04-21,688776,国光电气,s6setup-b862b5109c23c838ff8a,WATCH_CANDIDATE,s6event-d8e0757f2196e5711ec5,1,2025-04-21,2025-04-21,True,True,SUPPORT_PULLBACK
2025-04-22,000876,新 希 望,s6setup-76e1598d90c3acec1fdc,WATCH_CANDIDATE,s6event-b7a1e45588db1141bd87,1,2025-04-22,2025-04-22,True,True,SUPPORT_PULLBACK
2025-04-23,688580,伟思医疗,s6setup-641baa10d8724eb28812,WATCH_CANDIDATE,s6event-7e3db1218746ad738bf6,1,2025-04-23,2025-04-23,True,True,SUPPORT_PULLBACK
2025-04-24,605499,东鹏饮料,s6setup-2b970302ad49532611b6,WATCH_CANDIDATE,s6event-7f9e330fe30fd8af58f3,1,2025-04-24,2025-04-24,True,True,SUPPORT_PULLBACK
2025-04-24,688065,凯赛生物,s6setup-69910d5c6bd94a133606,WATCH_CANDIDATE,s6event-5e1761657d3552c1ecbf,1,2025-04-24,,True,False,NONE
2025-04-25,688065,凯赛生物,s6setup-69910d5c6bd94a133606,WATCH_CANDIDATE,s6event-5e1761657d3552c1ecbf,2,2025-04-24,,False,False,NONE
2025-05-06,300723,一品红,s6setup-9e030ba86f6a41585748,KEY_CANDIDATE,s6event-1d8c63a125c2fb56ce8b,1,2025-05-06,2025-05-06,True,True,SUPPORT_PULLBACK
2025-05-06,688600,皖仪科技,s6setup-8f1482991fd6d89ad23a,WATCH_CANDIDATE,s6event-b22cb2c2ac82aa89d0e3,1,2025-05-06,,True,False,NONE
2025-05-07,300723,一品红,s6setup-9e030ba86f6a41585748,KEY_CANDIDATE,s6event-1d8c63a125c2fb56ce8b,2,2025-05-06,2025-05-06,False,False,SUPPORT_PULLBACK
2025-05-07,688600,皖仪科技,s6setup-c7c68dc7bdbd306bc2fc,WATCH_CANDIDATE,s6event-b22cb2c2ac82aa89d0e3,2,2025-05-06,,False,False,NONE
2025-05-08,688600,皖仪科技,s6setup-c7c68dc7bdbd306bc2fc,WATCH_CANDIDATE,s6event-b22cb2c2ac82aa89d0e3,3,2025-05-06,2025-05-08,False,True,SUPPORT_PULLBACK
2025-05-09,001212,中旗新材,s6setup-3d692b717827051456f1,WATCH_CANDIDATE,s6event-e76a168f29eb30f66638,1,2025-05-09,2025-05-09,True,True,SUPPORT_PULLBACK
2025-05-13,688117,圣诺生物,s6setup-45220c57334d58bf17cd,WATCH_CANDIDATE,s6event-d536845cf482c8e026b2,1,2025-05-13,2025-05-13,True,True,SUPPORT_PULLBACK
2025-05-13,688501,青达环保,s6setup-dfe520807e0db502e5f0,WATCH_CANDIDATE,s6event-c50ea905b0c2099df22f,1,2025-05-13,,True,False,NONE
2025-05-14,688501,青达环保,s6setup-dfe520807e0db502e5f0,WATCH_CANDIDATE,s6event-c50ea905b0c2099df22f,2,2025-05-13,2025-05-14,False,True,SUPPORT_PULLBACK
2025-05-15,688501,青达环保,s6setup-dfe520807e0db502e5f0,WATCH_CANDIDATE,s6event-c50ea905b0c2099df22f,3,2025-05-13,2025-05-14,False,False,SUPPORT_PULLBACK
2025-05-16,688501,青达环保,s6setup-0f91ffcd59c0cb319b88,WATCH_CANDIDATE,s6event-c50ea905b0c2099df22f,4,2025-05-13,2025-05-14,False,False,SUPPORT_PULLBACK
2025-05-19,300353,东土科技,s6setup-ca9f5bb3325d84899bbd,WATCH_CANDIDATE,s6event-f78d254a9bbca2ba4a6d,1,2025-05-19,,True,False,NONE
2025-05-19,688093,世华科技,s6setup-41bcdfb7e197b5fb367a,KEY_CANDIDATE,s6event-8143b4f86201cfed3a12,1,2025-05-19,2025-05-19,True,True,SUPPORT_PULLBACK
2025-05-19,688501,青达环保,s6setup-aa7d8acf4755c3e308ec,WATCH_CANDIDATE,s6event-c50ea905b0c2099df22f,5,2025-05-13,2025-05-14,False,False,SUPPORT_PULLBACK
2025-05-19,688767,博拓生物,s6setup-bf70062bec795b360945,WATCH_CANDIDATE,s6event-ed89241e8b6247ecb4e8,1,2025-05-19,2025-05-19,True,True,SUPPORT_PULLBACK
2025-05-20,688501,青达环保,s6setup-66bdac291b9f5e54849d,WATCH_CANDIDATE,s6event-c50ea905b0c2099df22f,6,2025-05-13,2025-05-14,False,False,NONE
2025-05-21,688128,中国电研,s6setup-558ca6606b8a183fe613,KEY_CANDIDATE,s6event-8a9046abbc5ad577d2d8,1,2025-05-21,,True,False,WAIT_BREAKOUT
2025-05-21,688233,神工股份,s6setup-361ea9d5d896aa6aeacd,WATCH_CANDIDATE,s6event-be24be02518f6ac87cfb,1,2025-05-21,2025-05-21,True,True,SUPPORT_PULLBACK
2025-05-21,688313,仕佳光子,s6setup-14605b552daa7ebd2184,KEY_CANDIDATE,s6event-81cc07d0c21e0406a60b,1,2025-05-21,,True,False,NONE
2025-05-21,688501,青达环保,s6setup-1a854159058baa7ac0fc,WATCH_CANDIDATE,s6event-c50ea905b0c2099df22f,7,2025-05-13,2025-05-14,False,False,SUPPORT_PULLBACK
2025-05-21,688722,同益中,s6setup-cdbc5becdb2b0aec2a55,WATCH_CANDIDATE,s6event-b4959af07ee7840f1ff9,1,2025-05-21,2025-05-21,True,True,SUPPORT_PULLBACK
2025-05-22,688128,中国电研,s6setup-7b3723d2f89fd4ca149b,KEY_CANDIDATE,s6event-8a9046abbc5ad577d2d8,2,2025-05-21,,False,False,WAIT_BREAKOUT
2025-05-22,688313,仕佳光子,s6setup-14605b552daa7ebd2184,KEY_CANDIDATE,s6event-81cc07d0c21e0406a60b,2,2025-05-21,2025-05-22,False,True,SUPPORT_PULLBACK
2025-05-22,688501,青达环保,s6setup-51231e8f904ec57ab00c,WATCH_CANDIDATE,s6event-c50ea905b0c2099df22f,8,2025-05-13,2025-05-14,False,False,NONE
2025-05-23,688313,仕佳光子,s6setup-14605b552daa7ebd2184,KEY_CANDIDATE,s6event-81cc07d0c21e0406a60b,3,2025-05-21,2025-05-22,False,False,SUPPORT_PULLBACK
2025-05-26,603809,豪能股份,s6setup-415457793a9556486569,WATCH_CANDIDATE,s6event-ad4f04c4a5f692f84c04,1,2025-05-26,2025-05-26,True,True,SUPPORT_PULLBACK
2025-05-26,688128,中国电研,s6setup-7b3723d2f89fd4ca149b,READY_CANDIDATE,s6event-8a9046abbc5ad577d2d8,3,2025-05-21,2025-05-26,False,True,SUPPORT_PULLBACK
2025-05-26,688313,仕佳光子,s6setup-14605b552daa7ebd2184,KEY_CANDIDATE,s6event-81cc07d0c21e0406a60b,4,2025-05-21,2025-05-22,False,False,SUPPORT_PULLBACK
2025-05-27,688128,中国电研,s6setup-f2a5c66ddcf54c6ffda1,KEY_CANDIDATE,s6event-8a9046abbc5ad577d2d8,4,2025-05-21,2025-05-26,False,False,SUPPORT_PULLBACK
2025-05-27,688667,菱电电控,s6setup-03808ad7ef803f59220a,KEY_CANDIDATE,s6event-98f14216223ec88c0e07,1,2025-05-27,,True,False,NONE
2025-05-28,600592,龙溪股份,s6setup-24cc6f1502a0a5d823a2,WATCH_CANDIDATE,s6event-a8d00225c1c86a807af3,1,2025-05-28,2025-05-28,True,True,SUPPORT_PULLBACK
2025-05-28,688313,仕佳光子,s6setup-14605b552daa7ebd2184,KEY_CANDIDATE,s6event-81cc07d0c21e0406a60b,5,2025-05-21,2025-05-22,False,False,SUPPORT_PULLBACK
2025-05-28,688667,菱电电控,s6setup-038a552984e465159848,KEY_CANDIDATE,s6event-98f14216223ec88c0e07,2,2025-05-27,2025-05-28,False,True,SUPPORT_PULLBACK
2025-05-29,688297,中无人机,s6setup-e5b01dcbb14d34ef0d8f,KEY_CANDIDATE,s6event-4f2adf798b69c835702b,1,2025-05-29,2025-05-29,True,True,SUPPORT_PULLBACK
2025-05-29,688767,博拓生物,s6setup-6a74d2b8bd7ebd939b5d,WATCH_CANDIDATE,s6event-ed89241e8b6247ecb4e8,2,2025-05-19,2025-05-19,False,False,NONE
2025-05-30,300047,天源迪科,s6setup-205764369053b53f46ce,WATCH_CANDIDATE,s6event-f74c7d728c4b82ec9ffa,1,2025-05-30,2025-05-30,True,True,SUPPORT_PULLBACK
2025-05-30,688117,圣诺生物,s6setup-04791a11266fccefb339,WATCH_CANDIDATE,s6event-d536845cf482c8e026b2,2,2025-05-13,2025-05-13,False,False,NONE
2025-05-30,688297,中无人机,s6setup-e5b01dcbb14d34ef0d8f,KEY_CANDIDATE,s6event-4f2adf798b69c835702b,2,2025-05-29,2025-05-29,False,False,SUPPORT_PULLBACK
2025-05-30,688767,博拓生物,s6setup-6a74d2b8bd7ebd939b5d,WATCH_CANDIDATE,s6event-ed89241e8b6247ecb4e8,3,2025-05-19,2025-05-19,False,False,SUPPORT_PULLBACK
2025-06-03,002891,中宠股份,s6setup-23f11bf3513b19a47d73,WATCH_CANDIDATE,s6event-760b79fccaa727e9fd94,1,2025-06-03,,True,False,NONE
2025-06-03,688767,博拓生物,s6setup-998e226009a9574861d5,WATCH_CANDIDATE,s6event-ed89241e8b6247ecb4e8,4,2025-05-19,2025-05-19,False,False,NONE
2025-06-04,688767,博拓生物,s6setup-f6bc69faac31187db8e1,WATCH_CANDIDATE,s6event-ed89241e8b6247ecb4e8,5,2025-05-19,2025-05-19,False,False,NONE
2025-06-05,000722,湖南发展,s6setup-73ae5bb71010ee426865,WATCH_CANDIDATE,s6event-f3f37f0b690d81e8dc23,1,2025-06-05,2025-06-05,True,True,SUPPORT_PULLBACK
2025-06-05,002074,国轩高科,s6setup-b0a14cf7e8cfe9e8e6dc,WATCH_CANDIDATE,s6event-fbd2facb4b05cc61014d,1,2025-06-05,2025-06-05,True,True,SUPPORT_PULLBACK
2025-06-05,688171,纬德信息,s6setup-bb31e32885ee84db11ea,WATCH_CANDIDATE,s6event-0e0886aaac3414ea8c51,1,2025-06-05,2025-06-05,True,True,SUPPORT_PULLBACK
2025-06-06,688171,纬德信息,s6setup-bb2b504a5c6f62af5e75,WATCH_CANDIDATE,s6event-0e0886aaac3414ea8c51,2,2025-06-05,2025-06-05,False,False,SUPPORT_PULLBACK
2025-06-09,000859,国风新材,s6setup-1f3480720eb9c5570b71,KEY_CANDIDATE,s6event-e6993905123ac6975ad8,1,2025-06-09,2025-06-09,True,True,SUPPORT_PULLBACK
2025-06-10,002584,西陇科学,s6setup-0e3885c48e6091598fec,WATCH_CANDIDATE,s6event-d0fa077c1ad3bb48280c,1,2025-06-10,2025-06-10,True,True,SUPPORT_PULLBACK
2025-06-10,600105,永鼎股份,s6setup-5b27f659dd0e230e2a52,WATCH_CANDIDATE,s6event-946ba74ebe6e3d52e337,1,2025-06-10,2025-06-10,True,True,SUPPORT_PULLBACK
2025-06-10,600550,保变电气,s6setup-b495a3465d15fcca0340,KEY_CANDIDATE,s6event-2d4bc44ee9a95abc5c17,1,2025-06-10,2025-06-10,True,True,SUPPORT_PULLBACK
2025-06-11,600105,永鼎股份,s6setup-c3731ceba7c31c7b38ea,WATCH_CANDIDATE,s6event-946ba74ebe6e3d52e337,2,2025-06-10,2025-06-10,False,False,SUPPORT_PULLBACK
2025-06-11,601601,中国太保,s6setup-b986c4e469da63b62700,WATCH_CANDIDATE,s6event-7b89212e46d9b277c811,1,2025-06-11,,True,False,NONE
2025-06-12,600105,永鼎股份,s6setup-c3731ceba7c31c7b38ea,WATCH_CANDIDATE,s6event-946ba74ebe6e3d52e337,3,2025-06-10,2025-06-10,False,False,NONE
2025-06-12,688211,中科微至,s6setup-5fd917843eae226689bc,KEY_CANDIDATE,s6event-59eab26b95631a084b23,1,2025-06-12,2025-06-12,True,True,SUPPORT_PULLBACK
2025-06-13,002174,游族网络,s6setup-efb966241fd1357193be,WATCH_CANDIDATE,s6event-8a181e0d662c24f48f89,1,2025-06-13,2025-06-13,True,True,SUPPORT_PULLBACK
2025-06-13,688550,瑞联新材,s6setup-5add3dc797a3d7edb0a4,WATCH_CANDIDATE,s6event-03025663ef3743ab1a51,1,2025-06-13,2025-06-13,True,True,SUPPORT_PULLBACK
2025-06-16,002174,游族网络,s6setup-fcdaa609d9c430fa4491,WATCH_CANDIDATE,s6event-8a181e0d662c24f48f89,2,2025-06-13,2025-06-13,False,False,SUPPORT_PULLBACK
2025-06-16,002215,诺 普 信,s6setup-3ec37812310d180bb5c5,KEY_CANDIDATE,s6event-bd98d77de952e48cb579,1,2025-06-16,2025-06-16,True,True,SUPPORT_PULLBACK
2025-06-17,600105,永鼎股份,s6setup-c3731ceba7c31c7b38ea,WATCH_CANDIDATE,s6event-946ba74ebe6e3d52e337,4,2025-06-10,2025-06-10,False,False,SUPPORT_PULLBACK
2025-06-17,688206,概伦电子,s6setup-1a641d1ac9caf0d71300,WATCH_CANDIDATE,s6event-3f193de36fb83ed5319c,1,2025-06-17,2025-06-17,True,True,SUPPORT_PULLBACK
2025-06-17,688379,华光新材,s6setup-1523b1c327b833a3721c,WATCH_CANDIDATE,s6event-0aa6ffdd9d1f4fce1945,1,2025-06-17,2025-06-17,True,True,SUPPORT_PULLBACK
2025-06-19,688103,国力电子,s6setup-172a1bad3022718fff73,WATCH_CANDIDATE,s6event-f07a69854e7da3b7c485,1,2025-06-19,2025-06-19,True,True,SUPPORT_PULLBACK
2025-06-20,688600,皖仪科技,s6setup-18bd9a0c8b00652bf1e3,WATCH_CANDIDATE,s6event-da493a2564dd0df98f9b,1,2025-06-20,2025-06-20,True,True,SUPPORT_PULLBACK
2025-06-23,688196,卓越新能,s6setup-a789564ce640373e5994,WATCH_CANDIDATE,s6event-7dbd9646a79a20d856b6,1,2025-06-23,2025-06-23,True,True,SUPPORT_PULLBACK
2025-06-24,688196,卓越新能,s6setup-ecd0280fa2ab38bb0d88,WATCH_CANDIDATE,s6event-7dbd9646a79a20d856b6,2,2025-06-23,2025-06-23,False,False,SUPPORT_PULLBACK
2025-06-24,688266,泽璟制药,s6setup-2c0916c727d49ac27651,WATCH_CANDIDATE,s6event-78e431e5c22c69380bbf,1,2025-06-24,2025-06-24,True,True,SUPPORT_PULLBACK
2025-06-24,688600,皖仪科技,s6setup-b1b55f6d7c48197fe892,WATCH_CANDIDATE,s6event-da493a2564dd0df98f9b,2,2025-06-20,2025-06-20,False,False,NONE
2025-06-25,300204,舒泰神,s6setup-9c182d59a5d74d9b9c2f,WATCH_CANDIDATE,s6event-50170b2c740db12762ce,1,2025-06-25,,True,False,NONE
2025-06-25,688215,瑞晟智能,s6setup-2787916ddcfc6dd462ce,WATCH_CANDIDATE,s6event-1bc231d2760933d0d3c3,1,2025-06-25,,True,False,NONE
2025-06-26,300204,舒泰神,s6setup-9c182d59a5d74d9b9c2f,WATCH_CANDIDATE,s6event-50170b2c740db12762ce,2,2025-06-25,2025-06-26,False,True,SUPPORT_PULLBACK
2025-06-26,688235,百济神州,s6setup-9c2a00b496c3276ebfcc,WATCH_CANDIDATE,s6event-81f4dd46a9067af1c464,1,2025-06-26,2025-06-26,True,True,SUPPORT_PULLBACK
2025-06-27,300199,翰宇药业,s6setup-98b6d5982ad98654f26b,KEY_CANDIDATE,s6event-3f23edb2c6d7a624a952,1,2025-06-27,2025-06-27,True,True,SUPPORT_PULLBACK
2025-06-27,300204,舒泰神,s6setup-9c182d59a5d74d9b9c2f,WATCH_CANDIDATE,s6event-50170b2c740db12762ce,3,2025-06-25,2025-06-26,False,False,NONE
2025-06-27,300299,富春股份,s6setup-fe57ace2f3bd9f89704c,KEY_CANDIDATE,s6event-ce6942ad4181758d55fe,1,2025-06-27,2025-06-27,True,True,SUPPORT_PULLBACK
2025-06-27,600353,旭光电子,s6setup-515d78758d504540b297,WATCH_CANDIDATE,s6event-d6e96c8475fe2207037a,1,2025-06-27,2025-06-27,True,True,SUPPORT_PULLBACK
2025-06-27,688196,卓越新能,s6setup-a789564ce640373e5994,KEY_CANDIDATE,s6event-7dbd9646a79a20d856b6,3,2025-06-23,2025-06-23,False,False,SUPPORT_PULLBACK
2025-06-30,300043,星辉娱乐,s6setup-f6a7f5890555cf3a6d76,WATCH_CANDIDATE,s6event-c4a84f578d4b6666c623,1,2025-06-30,2025-06-30,True,True,SUPPORT_PULLBACK
2025-06-30,300199,翰宇药业,s6setup-95eb8d6782437a290e25,WATCH_CANDIDATE,s6event-3f23edb2c6d7a624a952,2,2025-06-27,2025-06-27,False,False,SUPPORT_PULLBACK
2025-06-30,300204,舒泰神,s6setup-9c182d59a5d74d9b9c2f,WATCH_CANDIDATE,s6event-50170b2c740db12762ce,4,2025-06-25,2025-06-26,False,False,NONE
2025-06-30,600353,旭光电子,s6setup-ed62b8948c41e192b4a6,WATCH_CANDIDATE,s6event-d6e96c8475fe2207037a,2,2025-06-27,2025-06-27,False,False,NONE
2025-06-30,600392,盛和资源,s6setup-ce4b7ca71cf102533f26,WATCH_CANDIDATE,s6event-a14a0c6d33cc8e211466,1,2025-06-30,2025-06-30,True,True,SUPPORT_PULLBACK
2025-07-01,000766,通化金马,s6setup-59623e563d0da8f46a90,KEY_CANDIDATE,s6event-72aca919e1aa6d764148,1,2025-07-01,2025-07-01,True,True,SUPPORT_PULLBACK
2025-07-01,002317,众生药业,s6setup-7cf3aadef71694a02d4f,WATCH_CANDIDATE,s6event-c6d1676ad100adb667e6,1,2025-07-01,2025-07-01,True,True,SUPPORT_PULLBACK
2025-07-01,300299,富春股份,s6setup-fe57ace2f3bd9f89704c,KEY_CANDIDATE,s6event-ce6942ad4181758d55fe,2,2025-06-27,2025-06-27,False,False,SUPPORT_PULLBACK
2025-07-02,300299,富春股份,s6setup-fe57ace2f3bd9f89704c,KEY_CANDIDATE,s6event-ce6942ad4181758d55fe,3,2025-06-27,2025-06-27,False,False,SUPPORT_PULLBACK
2025-07-03,002550,千红制药,s6setup-f1c97bd07e9e81b642cd,WATCH_CANDIDATE,s6event-b656cc453156735d18f2,1,2025-07-03,,True,False,NONE
2025-07-03,300299,富春股份,s6setup-fe57ace2f3bd9f89704c,KEY_CANDIDATE,s6event-ce6942ad4181758d55fe,4,2025-06-27,2025-06-27,False,False,SUPPORT_PULLBACK
2025-07-03,688619,罗普特,s6setup-735ca3a91750dc4692c1,KEY_CANDIDATE,s6event-16d8a27bf87c3b2f3439,1,2025-07-03,,True,False,NONE
2025-07-04,300180,华峰超纤,s6setup-3df680df65206ff003c0,WATCH_CANDIDATE,s6event-74e53043f5407bc8bdf9,1,2025-07-04,2025-07-04,True,True,SUPPORT_PULLBACK
2025-07-04,688619,罗普特,s6setup-735ca3a91750dc4692c1,KEY_CANDIDATE,s6event-16d8a27bf87c3b2f3439,2,2025-07-03,2025-07-04,False,True,SUPPORT_PULLBACK
2025-07-07,300386,飞天诚信,s6setup-3cbfa8d687c8a76f1b76,WATCH_CANDIDATE,s6event-2ad59a4408dd4d111fa3,1,2025-07-07,,True,False,NONE
2025-07-07,300457,赢合科技,s6setup-299bd8ef7828db0ae0df,KEY_CANDIDATE,s6event-62ff4ac623c1dc7c5acf,1,2025-07-07,2025-07-07,True,True,SUPPORT_PULLBACK
2025-07-07,300468,四方精创,s6setup-b5f3c1335eb3444dbfc4,WATCH_CANDIDATE,s6event-f72697d700140cde9b68,1,2025-07-07,,True,False,NONE
2025-07-07,688183,生益电子,s6setup-3a152a7ec1bfaca2be54,WATCH_CANDIDATE,s6event-8ed52ccf243480c1d1ad,1,2025-07-07,,True,False,NONE
2025-07-07,688619,罗普特,s6setup-d13a6c535c5f05eb28f3,KEY_CANDIDATE,s6event-16d8a27bf87c3b2f3439,3,2025-07-03,2025-07-04,False,False,SUPPORT_PULLBACK
2025-07-08,300386,飞天诚信,s6setup-3cbfa8d687c8a76f1b76,WATCH_CANDIDATE,s6event-2ad59a4408dd4d111fa3,2,2025-07-07,,False,False,NONE
2025-07-08,300457,赢合科技,s6setup-299bd8ef7828db0ae0df,KEY_CANDIDATE,s6event-62ff4ac623c1dc7c5acf,2,2025-07-07,2025-07-07,False,False,SUPPORT_PULLBACK
2025-07-08,300468,四方精创,s6setup-b5f3c1335eb3444dbfc4,WATCH_CANDIDATE,s6event-f72697d700140cde9b68,2,2025-07-07,,False,False,NONE
2025-07-08,300698,万马科技,s6setup-6668ff7ac7cef8a955df,WATCH_CANDIDATE,s6event-a71f65c08cee7a6bda73,1,2025-07-08,2025-07-08,True,True,SUPPORT_PULLBACK
2025-07-08,688183,生益电子,s6setup-3a152a7ec1bfaca2be54,WATCH_CANDIDATE,s6event-8ed52ccf243480c1d1ad,2,2025-07-07,,False,False,NONE
2025-07-08,688619,罗普特,s6setup-d13a6c535c5f05eb28f3,KEY_CANDIDATE,s6event-16d8a27bf87c3b2f3439,4,2025-07-03,2025-07-04,False,False,SUPPORT_PULLBACK
2025-07-09,300386,飞天诚信,s6setup-3cbfa8d687c8a76f1b76,WATCH_CANDIDATE,s6event-2ad59a4408dd4d111fa3,3,2025-07-07,2025-07-09,False,True,SUPPORT_PULLBACK
2025-07-09,300450,先导智能,s6setup-adf6c601c300982c2d25,WATCH_CANDIDATE,s6event-128058d1e8e3b78bb4be,1,2025-07-09,2025-07-09,True,True,SUPPORT_PULLBACK
2025-07-09,300468,四方精创,s6setup-b5f3c1335eb3444dbfc4,WATCH_CANDIDATE,s6event-f72697d700140cde9b68,3,2025-07-07,2025-07-09,False,True,SUPPORT_PULLBACK
2025-07-09,300773,拉卡拉,s6setup-0015f29d48d62fab711c,KEY_CANDIDATE,s6event-a0939b05f71f63c38944,1,2025-07-09,2025-07-09,True,True,SUPPORT_PULLBACK
2025-07-09,600178,东安动力,s6setup-d813adf2283cf382647f,WATCH_CANDIDATE,s6event-1e30afb2041868f1169b,1,2025-07-09,2025-07-09,True,True,SUPPORT_PULLBACK
2025-07-09,688183,生益电子,s6setup-3a152a7ec1bfaca2be54,KEY_CANDIDATE,s6event-8ed52ccf243480c1d1ad,3,2025-07-07,2025-07-09,False,True,SUPPORT_PULLBACK
2025-07-10,688143,长盈通,s6setup-b2682305a9609112432f,WATCH_CANDIDATE,s6event-4653b1381fb97081fef4,1,2025-07-10,2025-07-10,True,True,SUPPORT_PULLBACK
2025-07-10,688183,生益电子,s6setup-3a152a7ec1bfaca2be54,WATCH_CANDIDATE,s6event-8ed52ccf243480c1d1ad,4,2025-07-07,2025-07-09,False,False,NONE
2025-07-10,688267,中触媒,s6setup-6cd374be7a0320858639,WATCH_CANDIDATE,s6event-348ab10163a66851c9a5,1,2025-07-10,,True,False,NONE
2025-07-10,688297,中无人机,s6setup-5cee559a66fa7937a45f,WATCH_CANDIDATE,s6event-f8b68ef9ccd9cf2a0cb4,1,2025-07-10,,True,False,NONE
2025-07-11,002074,国轩高科,s6setup-2ca32ff829370255b97d,WATCH_CANDIDATE,s6event-2711cecdf5b6fd71a334,1,2025-07-11,2025-07-11,True,True,SUPPORT_PULLBACK
2025-07-11,600178,东安动力,s6setup-b14ad88c96db773f63b3,WATCH_CANDIDATE,s6event-1e30afb2041868f1169b,2,2025-07-09,2025-07-09,False,False,SUPPORT_PULLBACK
2025-07-11,688498,源杰科技,s6setup-7dac45509423022383a9,WATCH_CANDIDATE,s6event-f2330f70b021b507a3a8,1,2025-07-11,,True,False,NONE
2025-07-11,688499,利元亨,s6setup-74f372bf66beabfdd5b9,KEY_CANDIDATE,s6event-d08b48a8db4762647209,1,2025-07-11,2025-07-11,True,True,SUPPORT_PULLBACK
2025-07-14,000519,中兵红箭,s6setup-d125da2ab6d89687d74c,WATCH_CANDIDATE,s6event-a30c251bfbf3c7984ce2,1,2025-07-14,2025-07-14,True,True,SUPPORT_PULLBACK
2025-07-14,002125,湘潭电化,s6setup-7e75682ebabd402c55ab,WATCH_CANDIDATE,s6event-d85d8e16766a8c71b940,1,2025-07-14,2025-07-14,True,True,SUPPORT_PULLBACK
2025-07-14,600178,东安动力,s6setup-3fb1d338d8940b3e806e,WATCH_CANDIDATE,s6event-1e30afb2041868f1169b,3,2025-07-09,2025-07-09,False,False,SUPPORT_PULLBACK
2025-07-14,688498,源杰科技,s6setup-e7988503288262c6e9da,WATCH_CANDIDATE,s6event-f2330f70b021b507a3a8,2,2025-07-11,2025-07-14,False,True,SUPPORT_PULLBACK
2025-07-14,688499,利元亨,s6setup-7df94c56685a2b5bee69,KEY_CANDIDATE,s6event-d08b48a8db4762647209,2,2025-07-11,2025-07-11,False,False,SUPPORT_PULLBACK
2025-07-15,000519,中兵红箭,s6setup-d125da2ab6d89687d74c,WATCH_CANDIDATE,s6event-a30c251bfbf3c7984ce2,2,2025-07-14,2025-07-14,False,False,SUPPORT_PULLBACK
2025-07-15,301205,联特科技,s6setup-60999f27e1235d996029,WATCH_CANDIDATE,s6event-c10c7779e5916b4351cb,1,2025-07-15,2025-07-15,True,True,SUPPORT_PULLBACK
2025-07-15,688267,中触媒,s6setup-875f4b92169e442ea23e,WATCH_CANDIDATE,s6event-348ab10163a66851c9a5,2,2025-07-10,,False,False,NONE
2025-07-15,688498,源杰科技,s6setup-335aa82abdabfb8430e2,WATCH_CANDIDATE,s6event-f2330f70b021b507a3a8,3,2025-07-11,2025-07-14,False,False,NONE
2025-07-15,688499,利元亨,s6setup-9425b6f1af2efec011d4,KEY_CANDIDATE,s6event-d08b48a8db4762647209,3,2025-07-11,2025-07-11,False,False,NONE
2025-07-16,002210,飞马国际,s6setup-3c527aa803492bc46e6e,WATCH_CANDIDATE,s6event-e410d8f8b5f89a6d373b,1,2025-07-16,2025-07-16,True,True,SUPPORT_PULLBACK
2025-07-16,600666,奥瑞德,s6setup-4a1258ac2843d19b3f32,WATCH_CANDIDATE,s6event-8775450989c69737efac,1,2025-07-16,2025-07-16,True,True,SUPPORT_PULLBACK
2025-07-16,688499,利元亨,s6setup-7df94c56685a2b5bee69,KEY_CANDIDATE,s6event-d08b48a8db4762647209,4,2025-07-11,2025-07-11,False,False,SUPPORT_PULLBACK
2025-07-17,002549,凯美特气,s6setup-94d323a8e87e2f5f2975,WATCH_CANDIDATE,s6event-d9b3a990b47ce67c83d9,1,2025-07-17,2025-07-17,True,True,SUPPORT_PULLBACK
2025-07-17,300293,蓝英装备,s6setup-2c01acb7c2b4c647169a,KEY_CANDIDATE,s6event-fe50fe100f16d2d0808f,1,2025-07-17,,True,False,NONE
2025-07-17,600570,恒生电子,s6setup-e582264ca0749f43de5d,WATCH_CANDIDATE,s6event-74c8b0d7188a077e4a91,1,2025-07-17,,True,False,NONE
2025-07-17,600666,奥瑞德,s6setup-4a1258ac2843d19b3f32,KEY_CANDIDATE,s6event-8775450989c69737efac,2,2025-07-16,2025-07-16,False,False,SUPPORT_PULLBACK
2025-07-17,600967,内蒙一机,s6setup-617a61badb000ef99227,KEY_CANDIDATE,s6event-d692631e8965df6f8b43,1,2025-07-17,,True,False,NONE
2025-07-17,688398,赛特新材,s6setup-a2064b7c632da1883039,KEY_CANDIDATE,s6event-c2213d10b4756aa3d6e1,1,2025-07-17,2025-07-17,True,True,SUPPORT_PULLBACK
2025-07-18,002549,凯美特气,s6setup-94d323a8e87e2f5f2975,WATCH_CANDIDATE,s6event-d9b3a990b47ce67c83d9,2,2025-07-17,2025-07-17,False,False,NONE
2025-07-18,600095,湘财股份,s6setup-e1d85bbb7310d7c7de05,KEY_CANDIDATE,s6event-ad88b7e772d4c3932501,1,2025-07-18,,True,False,NONE
2025-07-18,601162,天风证券,s6setup-d38b0f68ca0e92fc6098,WATCH_CANDIDATE,s6event-389025e68a2cbc69b49b,1,2025-07-18,2025-07-18,True,True,SUPPORT_PULLBACK
2025-07-18,688191,智洋创新,s6setup-c322353cc4fe738b3788,WATCH_CANDIDATE,s6event-d11d631bbc5c45f07f0a,1,2025-07-18,,True,False,NONE
2025-07-18,688398,赛特新材,s6setup-12dfd70fe13ef9e04d00,KEY_CANDIDATE,s6event-c2213d10b4756aa3d6e1,2,2025-07-17,2025-07-17,False,False,NONE
2025-07-21,002189,中光学,s6setup-04e5a63a128999110382,KEY_CANDIDATE,s6event-5c14282b34d5a55d0d25,1,2025-07-21,,True,False,NONE
2025-07-21,600095,湘财股份,s6setup-24ebde40885e351460b5,KEY_CANDIDATE,s6event-ad88b7e772d4c3932501,2,2025-07-18,2025-07-21,False,True,SUPPORT_PULLBACK
2025-07-21,601162,天风证券,s6setup-d38b0f68ca0e92fc6098,WATCH_CANDIDATE,s6event-389025e68a2cbc69b49b,2,2025-07-18,2025-07-18,False,False,SUPPORT_PULLBACK
2025-07-21,688398,赛特新材,s6setup-12dfd70fe13ef9e04d00,KEY_CANDIDATE,s6event-c2213d10b4756aa3d6e1,3,2025-07-17,2025-07-17,False,False,SUPPORT_PULLBACK
2025-07-22,600095,湘财股份,s6setup-e1d85bbb7310d7c7de05,KEY_CANDIDATE,s6event-ad88b7e772d4c3932501,3,2025-07-18,2025-07-21,False,False,NONE
2025-07-22,601162,天风证券,s6setup-d38b0f68ca0e92fc6098,WATCH_CANDIDATE,s6event-389025e68a2cbc69b49b,3,2025-07-18,2025-07-18,False,False,SUPPORT_PULLBACK
2025-07-23,300533,冰川网络,s6setup-d305e702383d30689c52,WATCH_CANDIDATE,s6event-948a7678e5b4c109d9d6,1,2025-07-23,2025-07-23,True,True,SUPPORT_PULLBACK
2025-07-23,688260,昀冢科技,s6setup-d870080aa7f4b73ebf0d,KEY_CANDIDATE,s6event-d0706a1da4b62f95698c,1,2025-07-23,,True,False,NONE
2025-07-24,002048,宁波华翔,s6setup-f5421e73dd4081027fbf,WATCH_CANDIDATE,s6event-d70a9fc3cedc1e3e8eef,1,2025-07-24,2025-07-24,True,True,SUPPORT_PULLBACK
2025-07-24,002342,巨力索具,s6setup-9d1b0130a0ec33cd3b7d,KEY_CANDIDATE,s6event-49f7c9475ea3f6375d4f,1,2025-07-24,2025-07-24,True,True,SUPPORT_PULLBACK
2025-07-24,688260,昀冢科技,s6setup-50c8b1672d9f17e4bc47,KEY_CANDIDATE,s6event-d0706a1da4b62f95698c,2,2025-07-23,,False,False,WAIT_BREAKOUT
2025-07-25,301389,隆扬电子,s6setup-5a07dec4b31cd092b84c,KEY_CANDIDATE,s6event-c82910a511527b7469e7,1,2025-07-25,2025-07-25,True,True,SUPPORT_PULLBACK
2025-07-25,603228,景旺电子,s6setup-e4aabaeb4a177d943648,WATCH_CANDIDATE,s6event-14c2f9d7544a8ee1b8a5,1,2025-07-25,,True,False,NONE
2025-07-28,002342,巨力索具,s6setup-9d1b0130a0ec33cd3b7d,KEY_CANDIDATE,s6event-49f7c9475ea3f6375d4f,2,2025-07-24,2025-07-24,False,False,SUPPORT_PULLBACK
2025-07-28,002636,金安国纪,s6setup-b227bd5020185bae3e64,WATCH_CANDIDATE,s6event-7d46a77df87aee5d01a4,1,2025-07-28,,True,False,NONE
2025-07-28,688382,益方生物,s6setup-60835cee0f3698187eeb,WATCH_CANDIDATE,s6event-6c8eb73eca5abb58739a,1,2025-07-28,2025-07-28,True,True,SUPPORT_PULLBACK
2025-07-28,688663,新风光,s6setup-21392e3a9f8d76d3f882,WATCH_CANDIDATE,s6event-f5883e319a550cc1b285,1,2025-07-28,2025-07-28,True,True,SUPPORT_PULLBACK
2025-07-29,000989,九芝堂,s6setup-d71494a0ad33658203ce,KEY_CANDIDATE,s6event-84d67e3c1adf35c7bd96,1,2025-07-29,2025-07-29,True,True,SUPPORT_PULLBACK
2025-07-29,600267,海正药业,s6setup-26c625d3baf9fe440cdf,KEY_CANDIDATE,s6event-e0d2fe85c518860ae7da,1,2025-07-29,2025-07-29,True,True,SUPPORT_PULLBACK
2025-07-29,600698,湖南天雁,s6setup-4f3f2cc081b7d9f2d7f2,KEY_CANDIDATE,s6event-3c420544d6c27918b64d,1,2025-07-29,,True,False,NONE
2025-07-29,688117,圣诺生物,s6setup-f6f7025a60edbf05d598,WATCH_CANDIDATE,s6event-431bbfdc7058cfbe558c,1,2025-07-29,,True,False,NONE
2025-07-29,688382,益方生物,s6setup-60835cee0f3698187eeb,WATCH_CANDIDATE,s6event-6c8eb73eca5abb58739a,2,2025-07-28,2025-07-28,False,False,NONE
2025-07-30,002716,湖南白银,s6setup-eec3a4d42e6b845df250,WATCH_CANDIDATE,s6event-535b29e42222598c7e82,1,2025-07-30,2025-07-30,True,True,SUPPORT_PULLBACK
2025-07-30,688117,圣诺生物,s6setup-f6f7025a60edbf05d598,WATCH_CANDIDATE,s6event-431bbfdc7058cfbe558c,2,2025-07-29,,False,False,NONE
2025-07-30,688265,南模生物,s6setup-280cc84c2c7d58f57f2b,WATCH_CANDIDATE,s6event-fa14b46878be4174c5bf,1,2025-07-30,2025-07-30,True,True,SUPPORT_PULLBACK
2025-07-30,688382,益方生物,s6setup-60835cee0f3698187eeb,WATCH_CANDIDATE,s6event-6c8eb73eca5abb58739a,3,2025-07-28,2025-07-28,False,False,SUPPORT_PULLBACK
2025-07-30,688428,诺诚健华,s6setup-d952d452209891ee0557,WATCH_CANDIDATE,s6event-266bc72de3069a809d84,1,2025-07-30,2025-07-30,True,True,SUPPORT_PULLBACK
2025-07-31,601519,大智慧,s6setup-a60ecf27e93ba5fe66e2,KEY_CANDIDATE,s6event-1abdaa3956b6321bb6fe,1,2025-07-31,2025-07-31,True,True,SUPPORT_PULLBACK
2025-07-31,688143,长盈通,s6setup-188a77f6c471cdcc4c16,WATCH_CANDIDATE,s6event-4653b1381fb97081fef4,2,2025-07-10,2025-07-10,False,False,SUPPORT_PULLBACK
2025-07-31,688265,南模生物,s6setup-d8fb30d6f0a575a4fe36,WATCH_CANDIDATE,s6event-fa14b46878be4174c5bf,2,2025-07-30,2025-07-30,False,False,SUPPORT_PULLBACK
2025-08-01,000989,九芝堂,s6setup-d71494a0ad33658203ce,KEY_CANDIDATE,s6event-84d67e3c1adf35c7bd96,2,2025-07-29,2025-07-29,False,False,SUPPORT_PULLBACK
2025-08-01,002121,科陆电子,s6setup-7c504b256b2719dc9fca,WATCH_CANDIDATE,s6event-4bb2627d33a4a91a9edd,1,2025-08-01,,True,False,NONE
2025-08-01,688307,中润光学,s6setup-810023653f14ef16bf66,WATCH_CANDIDATE,s6event-779cc4d792e160e1fb16,1,2025-08-01,,True,False,NONE
2025-08-04,000989,九芝堂,s6setup-d71494a0ad33658203ce,KEY_CANDIDATE,s6event-84d67e3c1adf35c7bd96,3,2025-07-29,2025-07-29,False,False,SUPPORT_PULLBACK
2025-08-04,002167,东方锆业,s6setup-2db78dd56c59ceb70947,WATCH_CANDIDATE,s6event-f81d91ebd4a1706c785d,1,2025-08-04,,True,False,NONE
2025-08-04,002550,千红制药,s6setup-1d8cce98bcfe1a142389,WATCH_CANDIDATE,s6event-9f09b6054cf81a6d5556,1,2025-08-04,2025-08-04,True,True,SUPPORT_PULLBACK
2025-08-04,002716,湖南白银,s6setup-f3c82aa895561e3aa7ff,READY_CANDIDATE,s6event-535b29e42222598c7e82,2,2025-07-30,2025-07-30,False,False,SUPPORT_PULLBACK
2025-08-04,688117,圣诺生物,s6setup-43d0b6c04e4fe7863f8f,KEY_CANDIDATE,s6event-431bbfdc7058cfbe558c,3,2025-07-29,2025-08-04,False,True,SUPPORT_PULLBACK
2025-08-04,688307,中润光学,s6setup-4dd4473fe082601640c3,WATCH_CANDIDATE,s6event-779cc4d792e160e1fb16,2,2025-08-01,,False,False,NONE
2025-08-05,002550,千红制药,s6setup-1d8cce98bcfe1a142389,WATCH_CANDIDATE,s6event-9f09b6054cf81a6d5556,2,2025-08-04,2025-08-04,False,False,SUPPORT_PULLBACK
2025-08-05,600751,海航科技,s6setup-c9a7c7446fa693b596db,WATCH_CANDIDATE,s6event-7ca1571b84c1a71e7513,1,2025-08-05,,True,False,NONE
2025-08-05,601208,东材科技,s6setup-943aee4145a0956ad753,WATCH_CANDIDATE,s6event-0ff0211087397253edce,1,2025-08-05,,True,False,NONE
2025-08-05,601868,中国能建,s6setup-dd77d6e41b8afc91a237,WATCH_CANDIDATE,s6event-e5e613fe70f98c8167c9,1,2025-08-05,2025-08-05,True,True,SUPPORT_PULLBACK
2025-08-05,688202,美迪西,s6setup-4a027ef3cdd811824e39,KEY_CANDIDATE,s6event-18c409df76a3c383cdba,1,2025-08-05,,True,False,NONE
2025-08-05,688360,德马科技,s6setup-a7c795d7a40c684cc76a,WATCH_CANDIDATE,s6event-5fb45536c9b726f19db8,1,2025-08-05,,True,False,NONE
2025-08-06,000932,华菱钢铁,s6setup-e112473ba7fccbb736ed,WATCH_CANDIDATE,s6event-e2eba6981ab8485f99ee,1,2025-08-06,,True,False,NONE
2025-08-06,002167,东方锆业,s6setup-85f6927b89a425123231,WATCH_CANDIDATE,s6event-f81d91ebd4a1706c785d,2,2025-08-04,2025-08-06,False,True,SUPPORT_PULLBACK
2025-08-06,002266,浙富控股,s6setup-4cab1a9a8619d98012cf,WATCH_CANDIDATE,s6event-0a81e898b2afc39b1025,1,2025-08-06,2025-08-06,True,True,SUPPORT_PULLBACK
2025-08-06,300748,金力永磁,s6setup-eec7e79d4070d31833e4,WATCH_CANDIDATE,s6event-85fb7e8248d15fe3e015,1,2025-08-06,,True,False,NONE
2025-08-06,600875,东方电气,s6setup-93eb128ab6ce4fc6345b,WATCH_CANDIDATE,s6event-e83fd96d7c8e4be83e36,1,2025-08-06,2025-08-06,True,True,SUPPORT_PULLBACK
2025-08-06,601208,东材科技,s6setup-943aee4145a0956ad753,WATCH_CANDIDATE,s6event-0ff0211087397253edce,2,2025-08-05,,False,False,NONE
2025-08-06,688202,美迪西,s6setup-4a027ef3cdd811824e39,KEY_CANDIDATE,s6event-18c409df76a3c383cdba,2,2025-08-05,2025-08-06,False,True,SUPPORT_PULLBACK
2025-08-06,688321,微芯生物,s6setup-5377fd2a99f58cc9c3ef,WATCH_CANDIDATE,s6event-2d33d6772dc70c364cf3,1,2025-08-06,2025-08-06,True,True,SUPPORT_PULLBACK
2025-08-06,688718,唯赛勃,s6setup-587e5aa084c9ac94571a,KEY_CANDIDATE,s6event-6d8b18b218b332c25fd3,1,2025-08-06,2025-08-06,True,True,SUPPORT_PULLBACK
2025-08-07,000758,中色股份,s6setup-993b4afe570f8c7d2858,KEY_CANDIDATE,s6event-07cb3e3e74d040983648,1,2025-08-07,,True,False,NONE
2025-08-07,002167,东方锆业,s6setup-ba567dd5684552a75a60,KEY_CANDIDATE,s6event-f81d91ebd4a1706c785d,3,2025-08-04,2025-08-06,False,False,NONE
2025-08-07,300476,胜宏科技,s6setup-3a514f007a046a076145,WATCH_CANDIDATE,s6event-af19e44c61ed308c7814,1,2025-08-07,,True,False,NONE
2025-08-07,300748,金力永磁,s6setup-328e9be037b690700a4d,WATCH_CANDIDATE,s6event-dfb219f79c6635932ef7,1,2025-08-07,,True,False,NONE
2025-08-07,600259,中稀有色,s6setup-6269b43b909404dd33ac,KEY_CANDIDATE,s6event-fd87989bc0eb4a3d92cd,1,2025-08-07,,True,False,WAIT_BREAKOUT
2025-08-07,600528,中铁工业,s6setup-683dc450a5cedcef3079,WATCH_CANDIDATE,s6event-5264ed1157ecc9daef65,1,2025-08-07,2025-08-07,True,True,SUPPORT_PULLBACK
2025-08-07,600751,海航科技,s6setup-c9a7c7446fa693b596db,WATCH_CANDIDATE,s6event-7ca1571b84c1a71e7513,2,2025-08-05,,False,False,NONE
2025-08-07,600801,华新建材,s6setup-19ce1de975b65f1252f1,KEY_CANDIDATE,s6event-3e777513d560e9f3cd36,1,2025-08-07,2025-08-07,True,True,SUPPORT_PULLBACK
2025-08-08,000932,华菱钢铁,s6setup-e112473ba7fccbb736ed,WATCH_CANDIDATE,s6event-e2eba6981ab8485f99ee,2,2025-08-06,,False,False,NONE
2025-08-08,002320,海峡股份,s6setup-f5a15e8088587ad71f14,WATCH_CANDIDATE,s6event-71e7369ef816ea0ed39d,1,2025-08-08,2025-08-08,True,True,SUPPORT_PULLBACK
2025-08-08,002497,雅化集团,s6setup-cf20e1fed216940f1881,KEY_CANDIDATE,s6event-b12b79064de6f5fddb93,1,2025-08-08,,True,False,NONE
2025-08-08,002736,国信证券,s6setup-80f9b3481d3dc454be12,KEY_CANDIDATE,s6event-2f2fd917ac75b035d4d0,1,2025-08-08,2025-08-08,True,True,SUPPORT_PULLBACK
2025-08-08,600875,东方电气,s6setup-93eb128ab6ce4fc6345b,KEY_CANDIDATE,s6event-e83fd96d7c8e4be83e36,2,2025-08-06,2025-08-06,False,False,SUPPORT_PULLBACK
2025-08-08,601696,中银证券,s6setup-43ca95e27d2be3639d49,WATCH_CANDIDATE,s6event-4448abf1df8af477fc80,1,2025-08-08,2025-08-08,True,True,SUPPORT_PULLBACK
2025-08-08,688156,路德科技,s6setup-e7a7fa42e720b4bdcd48,WATCH_CANDIDATE,s6event-39e3a74b97c739b426fd,1,2025-08-08,,True,False,NONE
2025-08-08,688619,罗普特,s6setup-7c01ea40d583d6ba5ac5,KEY_CANDIDATE,s6event-16d8a27bf87c3b2f3439,5,2025-07-03,2025-07-04,False,False,NONE
2025-08-08,688718,唯赛勃,s6setup-587e5aa084c9ac94571a,KEY_CANDIDATE,s6event-6d8b18b218b332c25fd3,2,2025-08-06,2025-08-06,False,False,SUPPORT_PULLBACK
2025-08-11,002320,海峡股份,s6setup-75a051b002ec2857a2d9,WATCH_CANDIDATE,s6event-71e7369ef816ea0ed39d,2,2025-08-08,2025-08-08,False,False,NONE
2025-08-11,002384,东山精密,s6setup-54711404d4e96e1c7c62,WATCH_CANDIDATE,s6event-c121a00045db8b78f7f5,1,2025-08-11,2025-08-11,True,True,SUPPORT_PULLBACK
2025-08-11,600418,江淮汽车,s6setup-1bc395233ee8e4509cec,WATCH_CANDIDATE,s6event-b28e92dece14c478a2d4,1,2025-08-11,2025-08-11,True,True,SUPPORT_PULLBACK
2025-08-11,600875,东方电气,s6setup-fdc17521e378be474b4a,KEY_CANDIDATE,s6event-e83fd96d7c8e4be83e36,3,2025-08-06,2025-08-06,False,False,SUPPORT_PULLBACK
2025-08-11,601208,东材科技,s6setup-36f0f2909d391d6e38bc,WATCH_CANDIDATE,s6event-0ff0211087397253edce,3,2025-08-05,2025-08-11,False,True,SUPPORT_PULLBACK
2025-08-11,601696,中银证券,s6setup-43ca95e27d2be3639d49,WATCH_CANDIDATE,s6event-4448abf1df8af477fc80,2,2025-08-08,2025-08-08,False,False,SUPPORT_PULLBACK
2025-08-11,688051,佳华科技,s6setup-104981bd2fba18d90be6,WATCH_CANDIDATE,s6event-c6795c645f3e24606a35,1,2025-08-11,,True,False,NONE
2025-08-11,688156,路德科技,s6setup-c91f1dc33af262dcbd9e,WATCH_CANDIDATE,s6event-39e3a74b97c739b426fd,2,2025-08-08,,False,False,NONE
2025-08-11,688619,罗普特,s6setup-e1c90a5393f6e38a6a7d,WATCH_CANDIDATE,s6event-16d8a27bf87c3b2f3439,6,2025-07-03,2025-07-04,False,False,SUPPORT_PULLBACK
2025-08-11,688718,唯赛勃,s6setup-587e5aa084c9ac94571a,WATCH_CANDIDATE,s6event-6d8b18b218b332c25fd3,3,2025-08-06,2025-08-06,False,False,NONE
2025-08-12,002736,国信证券,s6setup-f4cdd39f619657adc0b6,WATCH_CANDIDATE,s6event-2f2fd917ac75b035d4d0,2,2025-08-08,2025-08-08,False,False,SUPPORT_PULLBACK
2025-08-12,300395,菲利华,s6setup-57bcd605c67faf9172c7,WATCH_CANDIDATE,s6event-1ce8661914ed30d1681f,1,2025-08-12,2025-08-12,True,True,SUPPORT_PULLBACK
2025-08-12,601208,东材科技,s6setup-66ff23da83b73dbac3e3,WATCH_CANDIDATE,s6event-0ff0211087397253edce,4,2025-08-05,2025-08-11,False,False,SUPPORT_PULLBACK
2025-08-12,601696,中银证券,s6setup-43ca95e27d2be3639d49,WATCH_CANDIDATE,s6event-4448abf1df8af477fc80,3,2025-08-08,2025-08-08,False,False,NONE
2025-08-12,603444,吉比特,s6setup-5495057d612d3532c841,WATCH_CANDIDATE,s6event-48693de559ed1a82211c,1,2025-08-12,,True,False,NONE
2025-08-12,603486,科沃斯,s6setup-47bc24e67bfced45806f,WATCH_CANDIDATE,s6event-a6de733253c6609b7753,1,2025-08-12,2025-08-12,True,True,SUPPORT_PULLBACK
2025-08-12,603993,洛阳钼业,s6setup-b480475ca9ae290a0c96,WATCH_CANDIDATE,s6event-4bd6947d2481f0dc0d6e,1,2025-08-12,,True,False,NONE
2025-08-12,688051,佳华科技,s6setup-3ce14f1cd14688c5860b,WATCH_CANDIDATE,s6event-1ed686bf7fa95040b445,1,2025-08-12,,True,False,NONE
2025-08-12,688619,罗普特,s6setup-e1c90a5393f6e38a6a7d,WATCH_CANDIDATE,s6event-16d8a27bf87c3b2f3439,7,2025-07-03,2025-07-04,False,False,NONE
2025-08-12,688718,唯赛勃,s6setup-587e5aa084c9ac94571a,WATCH_CANDIDATE,s6event-6d8b18b218b332c25fd3,4,2025-08-06,2025-08-06,False,False,SUPPORT_PULLBACK
2025-08-13,300149,睿智医药,s6setup-14e2fd006350f69eb194,WATCH_CANDIDATE,s6event-7a5c06acc7ae83524ac1,1,2025-08-13,2025-08-13,True,True,SUPPORT_PULLBACK
2025-08-13,301205,联特科技,s6setup-808964121f9c9756fb5d,WATCH_CANDIDATE,s6event-c10c7779e5916b4351cb,2,2025-07-15,2025-07-15,False,False,NONE
2025-08-13,600010,包钢股份,s6setup-4fe377f3079b4d40efa0,KEY_CANDIDATE,s6event-8b421cb76667f0297c32,1,2025-08-13,2025-08-13,True,True,SUPPORT_PULLBACK
2025-08-13,601696,中银证券,s6setup-7b9444423ee5055c15dd,WATCH_CANDIDATE,s6event-4448abf1df8af477fc80,4,2025-08-08,2025-08-08,False,False,NONE
2025-08-13,603444,吉比特,s6setup-5495057d612d3532c841,WATCH_CANDIDATE,s6event-48693de559ed1a82211c,2,2025-08-12,,False,False,NONE
2025-08-13,603486,科沃斯,s6setup-470f43d1726fab973716,WATCH_CANDIDATE,s6event-a6de733253c6609b7753,2,2025-08-12,2025-08-12,False,False,SUPPORT_PULLBACK
2025-08-13,688062,迈威生物,s6setup-f58a2dbfae45133fcf4f,WATCH_CANDIDATE,s6event-0de54682742e6e639f5f,1,2025-08-13,,True,False,NONE
2025-08-13,688166,博瑞医药,s6setup-5b3367285908984eeb2d,KEY_CANDIDATE,s6event-ebe7ed2caa25be26d3d3,1,2025-08-13,,True,False,NONE
2025-08-13,688278,特宝生物,s6setup-a8fa994084285c828d33,WATCH_CANDIDATE,s6event-66cb89222d81c95e6822,1,2025-08-13,2025-08-13,True,True,SUPPORT_PULLBACK
2025-08-14,300149,睿智医药,s6setup-14e2fd006350f69eb194,WATCH_CANDIDATE,s6event-7a5c06acc7ae83524ac1,2,2025-08-13,2025-08-13,False,False,SUPPORT_PULLBACK
2025-08-14,300835,龙磁科技,s6setup-e47593b0fd6194b50ca0,WATCH_CANDIDATE,s6event-32192e342f60fdef58b0,1,2025-08-14,2025-08-14,True,True,SUPPORT_PULLBACK
2025-08-14,600111,北方稀土,s6setup-d0cb7bb1e73364345296,KEY_CANDIDATE,s6event-ea0f24b8592c760e22a8,1,2025-08-14,2025-08-14,True,True,SUPPORT_PULLBACK
2025-08-14,603486,科沃斯,s6setup-470f43d1726fab973716,WATCH_CANDIDATE,s6event-a6de733253c6609b7753,3,2025-08-12,2025-08-12,False,False,SUPPORT_PULLBACK
2025-08-15,002437,誉衡药业,s6setup-5442f11c5e91b7c56495,KEY_CANDIDATE,s6event-d4b2cac179effb80c1bd,1,2025-08-15,,True,False,NONE
2025-08-15,002468,申通快递,s6setup-66821b502a63d7b903c1,KEY_CANDIDATE,s6event-f8d7c026730254fece6f,1,2025-08-15,2025-08-15,True,True,SUPPORT_PULLBACK
2025-08-15,300835,龙磁科技,s6setup-b89e78056c5700207419,WATCH_CANDIDATE,s6event-32192e342f60fdef58b0,2,2025-08-14,2025-08-14,False,False,SUPPORT_PULLBACK
2025-08-15,600111,北方稀土,s6setup-ee7524a4bbf0748140c0,WATCH_CANDIDATE,s6event-ea0f24b8592c760e22a8,2,2025-08-14,2025-08-14,False,False,SUPPORT_PULLBACK
2025-08-15,603367,辰欣药业,s6setup-6768125f8d087509f817,WATCH_CANDIDATE,s6event-9d58606275b072147e92,1,2025-08-15,2025-08-15,True,True,SUPPORT_PULLBACK
2025-08-15,603486,科沃斯,s6setup-470f43d1726fab973716,WATCH_CANDIDATE,s6event-a6de733253c6609b7753,4,2025-08-12,2025-08-12,False,False,NONE
2025-08-15,688166,博瑞医药,s6setup-43f97e3badd8202b13e5,WATCH_CANDIDATE,s6event-ebe7ed2caa25be26d3d3,2,2025-08-13,2025-08-15,False,True,SUPPORT_PULLBACK
2025-08-15,688278,特宝生物,s6setup-02bdc87ef3d89554e3b1,KEY_CANDIDATE,s6event-66cb89222d81c95e6822,2,2025-08-13,2025-08-13,False,False,SUPPORT_PULLBACK
2025-08-18,002370,亚太药业,s6setup-fe289e76158a79f63716,WATCH_CANDIDATE,s6event-6dfd7a6da7efa71934de,1,2025-08-18,,True,False,NONE
2025-08-18,002570,贝因美,s6setup-fb7486452e9473d13c9e,WATCH_CANDIDATE,s6event-db492a164356e4f7b4e8,1,2025-08-18,2025-08-18,True,True,SUPPORT_PULLBACK
2025-08-18,300624,万兴科技,s6setup-c22cd4b2e561cbf60d9f,WATCH_CANDIDATE,s6event-ef8004a51296479ad73a,1,2025-08-18,2025-08-18,True,True,SUPPORT_PULLBACK
2025-08-18,301171,易点天下,s6setup-cfd4132eac82cffd3d85,KEY_CANDIDATE,s6event-da20790441b784dc3fdd,1,2025-08-18,,True,False,NONE
2025-08-18,600010,包钢股份,s6setup-4fe377f3079b4d40efa0,KEY_CANDIDATE,s6event-8b421cb76667f0297c32,2,2025-08-13,2025-08-13,False,False,NONE
2025-08-18,603200,上海洗霸,s6setup-b77ecfed67879a74832d,WATCH_CANDIDATE,s6event-eeda90a04e234511721d,1,2025-08-18,2025-08-18,True,True,SUPPORT_PULLBACK
2025-08-18,603486,科沃斯,s6setup-470f43d1726fab973716,WATCH_CANDIDATE,s6event-a6de733253c6609b7753,5,2025-08-12,2025-08-12,False,False,NONE
2025-08-18,688118,普元信息,s6setup-5432c73552dd1d9dabb9,KEY_CANDIDATE,s6event-009e4941c57c8ea98fd6,1,2025-08-18,2025-08-18,True,True,SUPPORT_PULLBACK
2025-08-18,688163,赛伦生物,s6setup-5ed925011de066dfabcf,WATCH_CANDIDATE,s6event-347851109acfa2a22d75,1,2025-08-18,,True,False,NONE
2025-08-18,688166,博瑞医药,s6setup-ea5cc446b042bb37d50c,WATCH_CANDIDATE,s6event-ebe7ed2caa25be26d3d3,3,2025-08-13,2025-08-15,False,False,NONE
2025-08-19,002468,申通快递,s6setup-66821b502a63d7b903c1,WATCH_CANDIDATE,s6event-f8d7c026730254fece6f,2,2025-08-15,2025-08-15,False,False,NONE
2025-08-19,002570,贝因美,s6setup-09685ae07a1322de6348,KEY_CANDIDATE,s6event-db492a164356e4f7b4e8,2,2025-08-18,2025-08-18,False,False,NONE
2025-08-19,603367,辰欣药业,s6setup-4fb3b799ff588c2f84cc,WATCH_CANDIDATE,s6event-9d58606275b072147e92,2,2025-08-15,2025-08-15,False,False,NONE
2025-08-19,688166,博瑞医药,s6setup-ea5cc446b042bb37d50c,WATCH_CANDIDATE,s6event-ebe7ed2caa25be26d3d3,4,2025-08-13,2025-08-15,False,False,SUPPORT_PULLBACK
2025-08-19,688171,纬德信息,s6setup-13e1106ba97e88d232a2,WATCH_CANDIDATE,s6event-1308fc20ccbfc88a0a09,1,2025-08-19,,True,False,NONE
2025-08-20,300581,晨曦航空,s6setup-8764343d809f6e381476,WATCH_CANDIDATE,s6event-fb3091d5224996bdec90,1,2025-08-20,2025-08-20,True,True,SUPPORT_PULLBACK
2025-08-20,603367,辰欣药业,s6setup-4fb3b799ff588c2f84cc,WATCH_CANDIDATE,s6event-9d58606275b072147e92,3,2025-08-15,2025-08-15,False,False,SUPPORT_PULLBACK
2025-08-20,688166,博瑞医药,s6setup-5b3367285908984eeb2d,WATCH_CANDIDATE,s6event-ebe7ed2caa25be26d3d3,5,2025-08-13,2025-08-15,False,False,SUPPORT_PULLBACK
2025-08-20,688171,纬德信息,s6setup-31a941667c3af445228c,WATCH_CANDIDATE,s6event-ecae1ad06cd437d5ad36,1,2025-08-20,2025-08-20,True,True,SUPPORT_PULLBACK
2025-08-20,688466,金科环境,s6setup-bd351bf55507977990c2,WATCH_CANDIDATE,s6event-c93731500434436f93e4,1,2025-08-20,2025-08-20,True,True,SUPPORT_PULLBACK
2025-08-21,300009,安科生物,s6setup-7c0a2e31b657333f72d7,WATCH_CANDIDATE,s6event-52beecec9f0b3dac324b,1,2025-08-21,,True,False,NONE
2025-08-21,300644,南京聚隆,s6setup-0ad2951473f2b0d260d8,WATCH_CANDIDATE,s6event-091ce95963480c6ded9c,1,2025-08-21,2025-08-21,True,True,SUPPORT_PULLBACK
2025-08-21,688171,纬德信息,s6setup-21a71258455e9c272f77,WATCH_CANDIDATE,s6event-ad1171dab94480ec05b3,1,2025-08-21,,True,False,NONE
2025-08-21,688507,索辰科技,s6setup-987937c145bed8deb782,KEY_CANDIDATE,s6event-9126af4323913d1af5a3,1,2025-08-21,2025-08-21,True,True,SUPPORT_PULLBACK
2025-08-22,300009,安科生物,s6setup-b0925db5e4e62724fea7,WATCH_CANDIDATE,s6event-52beecec9f0b3dac324b,2,2025-08-21,2025-08-22,False,True,SUPPORT_PULLBACK
2025-08-22,300600,国瑞科技,s6setup-505fdc69398e03985840,WATCH_CANDIDATE,s6event-40132ab68596f6811617,1,2025-08-22,2025-08-22,True,True,SUPPORT_PULLBACK
2025-08-22,300677,英科医疗,s6setup-643de4ab37ff183c8d60,WATCH_CANDIDATE,s6event-9b331a1cd1b04f6ffcfb,1,2025-08-22,,True,False,NONE
2025-08-22,301389,隆扬电子,s6setup-a6837231cfdf54aa08e7,KEY_CANDIDATE,s6event-c82910a511527b7469e7,2,2025-07-25,2025-07-25,False,False,SUPPORT_PULLBACK
2025-08-22,600184,光电股份,s6setup-a7c11205c842d67862c0,WATCH_CANDIDATE,s6event-a4d996cc11c09c7054f0,1,2025-08-22,2025-08-22,True,True,SUPPORT_PULLBACK
2025-08-22,600629,华建集团,s6setup-9b4aa7e551d0adac65f9,WATCH_CANDIDATE,s6event-97ecd243fe547a9d9cd4,1,2025-08-22,2025-08-22,True,True,SUPPORT_PULLBACK
2025-08-25,002317,众生药业,s6setup-dd1f38847239157305df,WATCH_CANDIDATE,s6event-b4f942168b86b94eb5c8,1,2025-08-25,2025-08-25,True,True,SUPPORT_PULLBACK
2025-08-25,300009,安科生物,s6setup-202be4c3970aed5518b3,WATCH_CANDIDATE,s6event-52beecec9f0b3dac324b,3,2025-08-21,2025-08-22,False,False,SUPPORT_PULLBACK
2025-08-25,300600,国瑞科技,s6setup-505fdc69398e03985840,KEY_CANDIDATE,s6event-40132ab68596f6811617,2,2025-08-22,2025-08-22,False,False,SUPPORT_PULLBACK
2025-08-25,300677,英科医疗,s6setup-df4ae981180f5c5a8c07,WATCH_CANDIDATE,s6event-1976f524c7361258915c,1,2025-08-25,,True,False,NONE
2025-08-25,300706,阿石创,s6setup-4a4c09b4357671ae65c4,WATCH_CANDIDATE,s6event-0b013e21404f8c93e0e6,1,2025-08-25,2025-08-25,True,True,SUPPORT_PULLBACK
2025-08-25,300841,康华生物,s6setup-85b7e487b3678d3e645e,KEY_CANDIDATE,s6event-b283dfe7643863c1dd85,1,2025-08-25,2025-08-25,True,True,SUPPORT_PULLBACK
2025-08-25,300875,捷强装备,s6setup-54b2ea3088df36967b33,WATCH_CANDIDATE,s6event-812b4cf02f8147d33f48,1,2025-08-25,,True,False,NONE
2025-08-25,300885,海昌新材,s6setup-91a7df50d36c56618b19,KEY_CANDIDATE,s6event-0948a8c7f4b8db7c8755,1,2025-08-25,2025-08-25,True,True,SUPPORT_PULLBACK
2025-08-25,301389,隆扬电子,s6setup-c4db0ea54a9916e2ca2f,KEY_CANDIDATE,s6event-c82910a511527b7469e7,3,2025-07-25,2025-07-25,False,False,NONE
2025-08-25,688551,科威尔,s6setup-bddb947dce9126d52aeb,KEY_CANDIDATE,s6event-1e0e612f44e96e448220,1,2025-08-25,2025-08-25,True,True,SUPPORT_PULLBACK
2025-08-25,688580,伟思医疗,s6setup-226dc50c5699e0586f0a,WATCH_CANDIDATE,s6event-40b1b5b5cd1a8bfdf1ac,1,2025-08-25,,True,False,NONE
2025-08-26,002020,京新药业,s6setup-735a7477be0fea18fc9c,WATCH_CANDIDATE,s6event-42f01b5f72838994fcb9,1,2025-08-26,,True,False,NONE
2025-08-26,300009,安科生物,s6setup-993ceb978dfc476a231f,WATCH_CANDIDATE,s6event-52beecec9f0b3dac324b,4,2025-08-21,2025-08-22,False,False,SUPPORT_PULLBACK
2025-08-26,300841,康华生物,s6setup-85b7e487b3678d3e645e,KEY_CANDIDATE,s6event-b283dfe7643863c1dd85,2,2025-08-25,2025-08-25,False,False,SUPPORT_PULLBACK
2025-08-26,300875,捷强装备,s6setup-97303033618698e750c3,KEY_CANDIDATE,s6event-812b4cf02f8147d33f48,2,2025-08-25,2025-08-26,False,True,SUPPORT_PULLBACK
2025-08-26,301357,北方长龙,s6setup-ef0e9918778ead33c400,WATCH_CANDIDATE,s6event-6d4e898543eb6a0e45db,1,2025-08-26,2025-08-26,True,True,SUPPORT_PULLBACK
2025-08-26,301389,隆扬电子,s6setup-412d7a24e21a48d36b65,KEY_CANDIDATE,s6event-c82910a511527b7469e7,4,2025-07-25,2025-07-25,False,False,SUPPORT_PULLBACK
2025-08-26,688258,卓易信息,s6setup-27ba67f0c9d04314e9b1,WATCH_CANDIDATE,s6event-56ba5723852c1d06a740,1,2025-08-26,2025-08-26,True,True,SUPPORT_PULLBACK
2025-08-26,688403,汇成股份,s6setup-228e8589ec4fb8ab919f,KEY_CANDIDATE,s6event-12e8a124a10c8129c293,1,2025-08-26,,True,False,NONE
2025-08-26,688580,伟思医疗,s6setup-b85e5d261c56c40edb68,WATCH_CANDIDATE,s6event-8aedeb2ce254bf45dce6,1,2025-08-26,2025-08-26,True,True,SUPPORT_PULLBACK
2025-08-27,000901,航天科技,s6setup-91fdaaeb5fd78ee71f25,WATCH_CANDIDATE,s6event-4985da626d0f9c84351d,1,2025-08-27,2025-08-27,True,True,SUPPORT_PULLBACK
2025-08-27,300322,硕贝德,s6setup-e9a0df59c2144700236e,KEY_CANDIDATE,s6event-96f5cb076e71c6c1d376,1,2025-08-27,2025-08-27,True,True,SUPPORT_PULLBACK
2025-08-27,688403,汇成股份,s6setup-228e8589ec4fb8ab919f,WATCH_CANDIDATE,s6event-12e8a124a10c8129c293,2,2025-08-26,2025-08-27,False,True,SUPPORT_PULLBACK
2025-08-28,000901,航天科技,s6setup-91fdaaeb5fd78ee71f25,KEY_CANDIDATE,s6event-4985da626d0f9c84351d,2,2025-08-27,2025-08-27,False,False,SUPPORT_PULLBACK
2025-08-28,002173,创新医疗,s6setup-34f9db971598aff4b345,WATCH_CANDIDATE,s6event-70e1eb5a0a27bb9bb513,1,2025-08-28,2025-08-28,True,True,SUPPORT_PULLBACK
2025-08-28,002670,国盛证券,s6setup-13ae253b04326b17a3fa,KEY_CANDIDATE,s6event-d2e62f6f6edc79bc0d49,1,2025-08-28,2025-08-28,True,True,SUPPORT_PULLBACK
2025-08-28,301357,北方长龙,s6setup-08c6aa33048d16225b93,WATCH_CANDIDATE,s6event-6d4e898543eb6a0e45db,2,2025-08-26,2025-08-26,False,False,NONE
2025-08-28,688403,汇成股份,s6setup-228e8589ec4fb8ab919f,WATCH_CANDIDATE,s6event-12e8a124a10c8129c293,3,2025-08-26,2025-08-27,False,False,SUPPORT_PULLBACK
2025-08-29,002342,巨力索具,s6setup-f1bd8e60b4e063aa9cd2,WATCH_CANDIDATE,s6event-a3151a7b203f1ede4cf2,1,2025-08-29,,True,False,NONE
2025-08-29,002670,国盛证券,s6setup-13ae253b04326b17a3fa,WATCH_CANDIDATE,s6event-d2e62f6f6edc79bc0d49,2,2025-08-28,2025-08-28,False,False,SUPPORT_PULLBACK
2025-08-29,300400,劲拓股份,s6setup-93472d59cb6a2b06e093,KEY_CANDIDATE,s6event-8746386a86571365a54c,1,2025-08-29,,True,False,NONE
2025-08-29,301095,广立微,s6setup-ec4268cdb3ff4d155204,KEY_CANDIDATE,s6event-bb294f286c53898a744f,1,2025-08-29,,True,False,NONE
2025-08-29,688403,汇成股份,s6setup-228e8589ec4fb8ab919f,WATCH_CANDIDATE,s6event-12e8a124a10c8129c293,4,2025-08-26,2025-08-27,False,False,NONE
2025-09-01,000561,烽火电子,s6setup-4e4bdb4f02b2642cc0dd,KEY_CANDIDATE,s6event-b5386a73a2bfe510ce0f,1,2025-09-01,2025-09-01,True,True,SUPPORT_PULLBACK
2025-09-01,000901,航天科技,s6setup-91fdaaeb5fd78ee71f25,WATCH_CANDIDATE,s6event-4985da626d0f9c84351d,3,2025-08-27,2025-08-27,False,False,SUPPORT_PULLBACK
2025-09-01,002670,国盛证券,s6setup-13ae253b04326b17a3fa,WATCH_CANDIDATE,s6event-d2e62f6f6edc79bc0d49,3,2025-08-28,2025-08-28,False,False,SUPPORT_PULLBACK
2025-09-01,300400,劲拓股份,s6setup-93472d59cb6a2b06e093,KEY_CANDIDATE,s6event-8746386a86571365a54c,2,2025-08-29,2025-09-01,False,True,SUPPORT_PULLBACK
2025-09-01,301095,广立微,s6setup-ec4268cdb3ff4d155204,KEY_CANDIDATE,s6event-bb294f286c53898a744f,2,2025-08-29,2025-09-01,False,True,SUPPORT_PULLBACK
2025-09-01,600143,金发科技,s6setup-edfdf6faacd2275dbc44,WATCH_CANDIDATE,s6event-06eb0640aeeec8e4dc3c,1,2025-09-01,2025-09-01,True,True,SUPPORT_PULLBACK
2025-09-02,301095,广立微,s6setup-ec4268cdb3ff4d155204,WATCH_CANDIDATE,s6event-bb294f286c53898a744f,3,2025-08-29,2025-09-01,False,False,SUPPORT_PULLBACK
2025-09-02,600208,衢州发展,s6setup-58ca7e3a74ab63f1ed03,WATCH_CANDIDATE,s6event-a7aa66eb135283c8fbb4,1,2025-09-02,2025-09-02,True,True,SUPPORT_PULLBACK
2025-09-02,688146,中船特气,s6setup-c824dd1450fd60c3bd7e,KEY_CANDIDATE,s6event-772d6827bf9ecc4a6b40,1,2025-09-02,2025-09-02,True,True,SUPPORT_PULLBACK
2025-09-03,301217,铜冠铜箔,s6setup-de70759c7759d1a5514d,WATCH_CANDIDATE,s6event-bfb877511a8c3c805f56,1,2025-09-03,2025-09-03,True,True,SUPPORT_PULLBACK
2025-09-03,600208,衢州发展,s6setup-0ae7fb503de1b253a957,WATCH_CANDIDATE,s6event-a7aa66eb135283c8fbb4,2,2025-09-02,2025-09-02,False,False,SUPPORT_PULLBACK
2025-09-03,688146,中船特气,s6setup-c824dd1450fd60c3bd7e,KEY_CANDIDATE,s6event-772d6827bf9ecc4a6b40,2,2025-09-02,2025-09-02,False,False,SUPPORT_PULLBACK
2025-09-03,688767,博拓生物,s6setup-14642204952b1afeca0e,KEY_CANDIDATE,s6event-bda51d91b2b062d1359b,1,2025-09-03,2025-09-03,True,True,SUPPORT_PULLBACK
2025-09-04,688370,丛麟科技,s6setup-217f312a9e7738e5738e,WATCH_CANDIDATE,s6event-fff1725e71dee39d6e3b,1,2025-09-04,2025-09-04,True,True,SUPPORT_PULLBACK
2025-09-05,688621,阳光诺和,s6setup-e257d4b49d88615d8254,KEY_CANDIDATE,s6event-dc83c133e811687824dd,1,2025-09-05,2025-09-05,True,True,SUPPORT_PULLBACK
2025-09-09,002249,大洋电机,s6setup-9fc5786185f683e6c331,WATCH_CANDIDATE,s6event-6065888cd95d2e31b9ba,1,2025-09-09,2025-09-09,True,True,SUPPORT_PULLBACK
2025-09-09,002428,云南锗业,s6setup-dc2887ba620b0c0442bf,WATCH_CANDIDATE,s6event-950497fa14d010e7ffd5,1,2025-09-09,2025-09-09,True,True,SUPPORT_PULLBACK
2025-09-09,002518,科士达,s6setup-519086fb04a79bcf4f92,WATCH_CANDIDATE,s6event-1280d8542bd9c98d936e,1,2025-09-09,2025-09-09,True,True,SUPPORT_PULLBACK
2025-09-09,002664,信质集团,s6setup-24cdf0717c0aac441538,WATCH_CANDIDATE,s6event-f0fb62b0c4f95caded08,1,2025-09-09,,True,False,NONE
2025-09-09,600113,浙江东日,s6setup-916872a47211c5f1a806,WATCH_CANDIDATE,s6event-99c747933fe4811b2199,1,2025-09-09,,True,False,NONE
2025-09-09,600728,佳都科技,s6setup-a9f50975f20ed58922b0,WATCH_CANDIDATE,s6event-cedd54436ddb7b8589cd,1,2025-09-09,2025-09-09,True,True,SUPPORT_PULLBACK
2025-09-09,688099,晶晨股份,s6setup-04b43703d8c20e8af02d,WATCH_CANDIDATE,s6event-fb2cf6a9aeb3fee2bcbb,1,2025-09-09,2025-09-09,True,True,SUPPORT_PULLBACK
2025-09-09,688260,昀冢科技,s6setup-d3f9e34eee55f308d761,KEY_CANDIDATE,s6event-950836df661a861714c6,1,2025-09-09,2025-09-09,True,True,SUPPORT_PULLBACK
2025-09-09,688621,阳光诺和,s6setup-e257d4b49d88615d8254,WATCH_CANDIDATE,s6event-dc83c133e811687824dd,2,2025-09-05,2025-09-05,False,False,SUPPORT_PULLBACK
2025-09-10,002428,云南锗业,s6setup-dc2887ba620b0c0442bf,WATCH_CANDIDATE,s6event-950497fa14d010e7ffd5,2,2025-09-09,2025-09-09,False,False,SUPPORT_PULLBACK
2025-09-10,300740,水羊股份,s6setup-90152e3f07386ecbf73a,WATCH_CANDIDATE,s6event-9bb40a410265d8387024,1,2025-09-10,2025-09-10,True,True,SUPPORT_PULLBACK
2025-09-10,300811,铂科新材,s6setup-acc775790aca3c3a5d2d,WATCH_CANDIDATE,s6event-5abf3c9f59ac0fb9ad7a,1,2025-09-10,2025-09-10,True,True,SUPPORT_PULLBACK
2025-09-10,600111,北方稀土,s6setup-24ec443b7db1f38c8092,WATCH_CANDIDATE,s6event-07968863b1a7ef596e98,1,2025-09-10,2025-09-10,True,True,SUPPORT_PULLBACK
2025-09-10,600113,浙江东日,s6setup-916872a47211c5f1a806,WATCH_CANDIDATE,s6event-99c747933fe4811b2199,2,2025-09-09,,False,False,NONE
2025-09-11,000063,中兴通讯,s6setup-2a2011176a13f3224d4c,WATCH_CANDIDATE,s6event-f1ce462b6f726e322e4f,1,2025-09-11,2025-09-11,True,True,SUPPORT_PULLBACK
2025-09-11,000887,中鼎股份,s6setup-713d8c6af9bd6e72126e,WATCH_CANDIDATE,s6event-a6c475fefebe00d8ff62,1,2025-09-11,,True,False,NONE
2025-09-11,002402,和而泰,s6setup-54aa95c9f92ab1eac954,WATCH_CANDIDATE,s6event-08f511e57843e2809849,1,2025-09-11,2025-09-11,True,True,SUPPORT_PULLBACK
2025-09-11,002428,云南锗业,s6setup-b916abb1b1f46de52429,WATCH_CANDIDATE,s6event-950497fa14d010e7ffd5,3,2025-09-09,2025-09-09,False,False,SUPPORT_PULLBACK
2025-09-11,002600,领益智造,s6setup-a55089e1a7af6bc6423f,KEY_CANDIDATE,s6event-c7344c0bfca6c7245f74,1,2025-09-11,,True,False,NONE
2025-09-11,002837,英维克,s6setup-1e83c9645327965425f1,WATCH_CANDIDATE,s6event-3ec6ef8fcb812b4fd053,1,2025-09-11,,True,False,NONE
2025-09-11,300113,顺网科技,s6setup-2c76e99aa1035f5e855a,KEY_CANDIDATE,s6event-262f1ce3eced3573a35b,1,2025-09-11,2025-09-11,True,True,SUPPORT_PULLBACK
2025-09-11,300222,科大智能,s6setup-6f0d1255bc10d57b5fc4,KEY_CANDIDATE,s6event-649c966bf7940a4e428c,1,2025-09-11,,True,False,NONE
2025-09-11,300496,中科创达,s6setup-7e2225ba9bc99627057c,WATCH_CANDIDATE,s6event-9972bb6b1fd95d4a386f,1,2025-09-11,2025-09-11,True,True,SUPPORT_PULLBACK
2025-09-11,300503,昊志机电,s6setup-dee8f20edaf2344d5bc5,KEY_CANDIDATE,s6event-9b5fcb6cb3bd14bdaa6c,1,2025-09-11,,True,False,NONE
2025-09-11,300604,长川科技,s6setup-c2d763f154d5a3e7bd51,KEY_CANDIDATE,s6event-c3be91a3fb66b3cd7d80,1,2025-09-11,,True,False,NONE
2025-09-11,300748,金力永磁,s6setup-318e120c4e48ebd32066,WATCH_CANDIDATE,s6event-b7fe7087ef62c9767098,1,2025-09-11,2025-09-11,True,True,SUPPORT_PULLBACK
2025-09-11,300843,胜蓝股份,s6setup-effbbcfbd9f6a9ade213,KEY_CANDIDATE,s6event-27fdeea54039c09282e9,1,2025-09-11,2025-09-11,True,True,SUPPORT_PULLBACK
2025-09-11,301165,锐捷网络,s6setup-bbe02001b6d47dcd3cec,KEY_CANDIDATE,s6event-b87f76dd003f8f98b0e6,1,2025-09-11,2025-09-11,True,True,SUPPORT_PULLBACK
2025-09-11,301183,东田微,s6setup-68177011c742dd19c388,WATCH_CANDIDATE,s6event-72db1f4fcc716097abc4,1,2025-09-11,,True,False,NONE
2025-09-11,600111,北方稀土,s6setup-337d1b5067eb226db598,WATCH_CANDIDATE,s6event-07968863b1a7ef596e98,2,2025-09-10,2025-09-10,False,False,SUPPORT_PULLBACK
2025-09-11,600113,浙江东日,s6setup-916872a47211c5f1a806,WATCH_CANDIDATE,s6event-99c747933fe4811b2199,3,2025-09-09,,False,False,NONE
2025-09-11,600160,巨化股份,s6setup-2cb9d15ec58e0a22e661,WATCH_CANDIDATE,s6event-a820ca74a15e0780c548,1,2025-09-11,,True,False,NONE
2025-09-11,600660,福耀玻璃,s6setup-8285309b61cb1f1643c8,WATCH_CANDIDATE,s6event-5c03c8dc104ef2923c6d,1,2025-09-11,,True,False,NONE
2025-09-11,688020,方邦股份,s6setup-4a801fc3f2fc18be9e5e,WATCH_CANDIDATE,s6event-7e8da234d6a2dfd526ef,1,2025-09-11,,True,False,NONE
2025-09-11,688372,伟测科技,s6setup-222f95ff4fd43da40b08,WATCH_CANDIDATE,s6event-6573504c3556471409c8,1,2025-09-11,2025-09-11,True,True,SUPPORT_PULLBACK
2025-09-11,688588,凌志软件,s6setup-655b9cae242f4439872d,KEY_CANDIDATE,s6event-4b45811df2acd16423f2,1,2025-09-11,2025-09-11,True,True,SUPPORT_PULLBACK
2025-09-11,688612,威迈斯,s6setup-4284ff150498708639c9,WATCH_CANDIDATE,s6event-710703f1bd84e7be4f7a,1,2025-09-11,2025-09-11,True,True,SUPPORT_PULLBACK
2025-09-11,688629,华丰科技,s6setup-b6a5bde1aef90947efae,WATCH_CANDIDATE,s6event-ece5cf20640463dd2b46,1,2025-09-11,,True,False,NONE
2025-09-12,000063,中兴通讯,s6setup-2a2011176a13f3224d4c,WATCH_CANDIDATE,s6event-f1ce462b6f726e322e4f,2,2025-09-11,2025-09-11,False,False,SUPPORT_PULLBACK
2025-09-12,002212,天融信,s6setup-a8f6370a9b42a2234e28,KEY_CANDIDATE,s6event-207aa1be6139928f151c,1,2025-09-12,2025-09-12,True,True,SUPPORT_PULLBACK
2025-09-12,002378,章源钨业,s6setup-c4520a011b1400a27c31,KEY_CANDIDATE,s6event-513050388b6f2fad0607,1,2025-09-12,2025-09-12,True,True,SUPPORT_PULLBACK
2025-09-12,002402,和而泰,s6setup-653d0556fe8b29b42e88,WATCH_CANDIDATE,s6event-08f511e57843e2809849,2,2025-09-11,2025-09-11,False,False,NONE
2025-09-12,002428,云南锗业,s6setup-f7b90b3340153eac10f2,WATCH_CANDIDATE,s6event-950497fa14d010e7ffd5,4,2025-09-09,2025-09-09,False,False,NONE
2025-09-12,002600,领益智造,s6setup-a55089e1a7af6bc6423f,KEY_CANDIDATE,s6event-c7344c0bfca6c7245f74,2,2025-09-11,2025-09-12,False,True,SUPPORT_PULLBACK
2025-09-12,002664,信质集团,s6setup-45ba32e65109520f608d,WATCH_CANDIDATE,s6event-f0fb62b0c4f95caded08,2,2025-09-09,2025-09-12,False,True,SUPPORT_PULLBACK
2025-09-12,300496,中科创达,s6setup-73d07e00f41a126beb7d,WATCH_CANDIDATE,s6event-6ec9907e52b58a94a27f,1,2025-09-12,2025-09-12,True,True,SUPPORT_PULLBACK
2025-09-12,300503,昊志机电,s6setup-e3bb9aaec454e28f57b7,KEY_CANDIDATE,s6event-9b5fcb6cb3bd14bdaa6c,2,2025-09-11,,False,False,NONE
2025-09-12,301165,锐捷网络,s6setup-bbe02001b6d47dcd3cec,WATCH_CANDIDATE,s6event-b87f76dd003f8f98b0e6,2,2025-09-11,2025-09-11,False,False,NONE
2025-09-12,301183,东田微,s6setup-68177011c742dd19c388,WATCH_CANDIDATE,s6event-72db1f4fcc716097abc4,2,2025-09-11,,False,False,NONE
2025-09-12,600111,北方稀土,s6setup-0c186be8dd4f4f83177e,WATCH_CANDIDATE,s6event-07968863b1a7ef596e98,3,2025-09-10,2025-09-10,False,False,NONE
2025-09-12,600660,福耀玻璃,s6setup-8285309b61cb1f1643c8,WATCH_CANDIDATE,s6event-5c03c8dc104ef2923c6d,2,2025-09-11,2025-09-12,False,True,SUPPORT_PULLBACK
2025-09-12,603319,美湖股份,s6setup-53b07e70702ac2bdc128,WATCH_CANDIDATE,s6event-333568524855979b73d4,1,2025-09-12,,True,False,NONE
2025-09-12,688099,晶晨股份,s6setup-b92348116496ea5d1a8a,WATCH_CANDIDATE,s6event-75cc621662af0888e508,1,2025-09-12,2025-09-12,True,True,SUPPORT_PULLBACK
2025-09-15,002062,宏润建设,s6setup-84f992301aabeed207c7,WATCH_CANDIDATE,s6event-a5719dbde6c65c186a98,1,2025-09-15,,True,False,NONE
2025-09-15,002402,和而泰,s6setup-653d0556fe8b29b42e88,WATCH_CANDIDATE,s6event-08f511e57843e2809849,3,2025-09-11,2025-09-11,False,False,SUPPORT_PULLBACK
2025-09-15,002428,云南锗业,s6setup-f7b90b3340153eac10f2,WATCH_CANDIDATE,s6event-950497fa14d010e7ffd5,5,2025-09-09,2025-09-09,False,False,SUPPORT_PULLBACK
2025-09-15,002600,领益智造,s6setup-15c1604499c396f1967b,KEY_CANDIDATE,s6event-c7344c0bfca6c7245f74,3,2025-09-11,2025-09-12,False,False,SUPPORT_PULLBACK
2025-09-15,002664,信质集团,s6setup-d344bac6191c1cf69595,WATCH_CANDIDATE,s6event-f0fb62b0c4f95caded08,3,2025-09-09,2025-09-12,False,False,NONE
2025-09-15,300465,高伟达,s6setup-61c5d78719f9d5af5af6,KEY_CANDIDATE,s6event-d29adfb7492c637184ee,1,2025-09-15,2025-09-15,True,True,SUPPORT_PULLBACK
2025-09-15,300503,昊志机电,s6setup-e3bb9aaec454e28f57b7,KEY_CANDIDATE,s6event-9b5fcb6cb3bd14bdaa6c,3,2025-09-11,,False,False,NONE
2025-09-15,300604,长川科技,s6setup-fbd5a788ad18d78c7821,WATCH_CANDIDATE,s6event-c3be91a3fb66b3cd7d80,2,2025-09-11,,False,False,NONE
2025-09-15,301183,东田微,s6setup-a0f79c4d75be782ec826,KEY_CANDIDATE,s6event-72db1f4fcc716097abc4,3,2025-09-11,2025-09-15,False,True,SUPPORT_PULLBACK
2025-09-15,600111,北方稀土,s6setup-0c186be8dd4f4f83177e,WATCH_CANDIDATE,s6event-07968863b1a7ef596e98,4,2025-09-10,2025-09-10,False,False,SUPPORT_PULLBACK
2025-09-15,600660,福耀玻璃,s6setup-11d9dcd7650cc1ca2b80,WATCH_CANDIDATE,s6event-5c03c8dc104ef2923c6d,3,2025-09-11,2025-09-12,False,False,SUPPORT_PULLBACK
2025-09-15,688261,东微半导,s6setup-eefefb1710023049dce6,WATCH_CANDIDATE,s6event-6653801173c712b6fc59,1,2025-09-15,2025-09-15,True,True,SUPPORT_PULLBACK
2025-09-15,688371,菲沃泰,s6setup-78606e8efa5d728c4c39,WATCH_CANDIDATE,s6event-0ebe5e2530d020c017ca,1,2025-09-15,,True,False,NONE
2025-09-15,688480,赛恩斯,s6setup-85cd93587da6d8b0a5fd,WATCH_CANDIDATE,s6event-2307ebb2449d837710fa,1,2025-09-15,2025-09-15,True,True,SUPPORT_PULLBACK
2025-09-16,002062,宏润建设,s6setup-84f992301aabeed207c7,WATCH_CANDIDATE,s6event-a5719dbde6c65c186a98,2,2025-09-15,,False,False,NONE
2025-09-16,002145,钛能化学,s6setup-e61dd12f1f218d763053,WATCH_CANDIDATE,s6event-2d57b5560c49dedee83e,1,2025-09-16,,True,False,WAIT_BREAKOUT
2025-09-16,300465,高伟达,s6setup-61c5d78719f9d5af5af6,KEY_CANDIDATE,s6event-d29adfb7492c637184ee,2,2025-09-15,2025-09-15,False,False,SUPPORT_PULLBACK
2025-09-16,300604,长川科技,s6setup-541f126d80173b7eb722,KEY_CANDIDATE,s6event-c3be91a3fb66b3cd7d80,3,2025-09-11,2025-09-16,False,True,SUPPORT_PULLBACK
2025-09-16,600105,永鼎股份,s6setup-efdebdc927d1177541a4,WATCH_CANDIDATE,s6event-4862a8e99b45195be14d,1,2025-09-16,2025-09-16,True,True,SUPPORT_PULLBACK
2025-09-16,600660,福耀玻璃,s6setup-d910168be31bbf8c8b92,WATCH_CANDIDATE,s6event-5c03c8dc104ef2923c6d,4,2025-09-11,2025-09-12,False,False,NONE
2025-09-16,688063,派能科技,s6setup-6fd60e456ad516bcb45b,KEY_CANDIDATE,s6event-c784cdc831c065f7681e,1,2025-09-16,2025-09-16,True,True,SUPPORT_PULLBACK
2025-09-16,688222,成都先导,s6setup-6fb055c09204cc538110,KEY_CANDIDATE,s6event-0df83153aef47f39be6d,1,2025-09-16,2025-09-16,True,True,SUPPORT_PULLBACK
2025-09-16,688261,东微半导,s6setup-457afb98aab7503e7344,KEY_CANDIDATE,s6event-6653801173c712b6fc59,2,2025-09-15,2025-09-15,False,False,SUPPORT_PULLBACK
2025-09-16,688371,菲沃泰,s6setup-78606e8efa5d728c4c39,WATCH_CANDIDATE,s6event-0ebe5e2530d020c017ca,2,2025-09-15,,False,False,NONE
2025-09-17,002484,江海股份,s6setup-edd02d178efbc752c41c,WATCH_CANDIDATE,s6event-75f40e32310314aae841,1,2025-09-17,2025-09-17,True,True,SUPPORT_PULLBACK
2025-09-17,300465,高伟达,s6setup-61c5d78719f9d5af5af6,KEY_CANDIDATE,s6event-d29adfb7492c637184ee,3,2025-09-15,2025-09-15,False,False,SUPPORT_PULLBACK
2025-09-17,600660,福耀玻璃,s6setup-8f823c12a7c6507cfb0b,WATCH_CANDIDATE,s6event-5c03c8dc104ef2923c6d,5,2025-09-11,2025-09-12,False,False,NONE
2025-09-17,688063,派能科技,s6setup-a6e76f7fe1203a8e778a,KEY_CANDIDATE,s6event-c784cdc831c065f7681e,2,2025-09-16,2025-09-16,False,False,SUPPORT_PULLBACK
2025-09-17,688141,杰华特,s6setup-7e5b679759f4559a4557,KEY_CANDIDATE,s6event-2a6bd87ade2de53cfab0,1,2025-09-17,,True,False,NONE
2025-09-17,688261,东微半导,s6setup-587e3b000ff4e253cc89,KEY_CANDIDATE,s6event-6653801173c712b6fc59,3,2025-09-15,2025-09-15,False,False,NONE
2025-09-18,002484,江海股份,s6setup-edd02d178efbc752c41c,WATCH_CANDIDATE,s6event-75f40e32310314aae841,2,2025-09-17,2025-09-17,False,False,SUPPORT_PULLBACK
2025-09-18,300394,天孚通信,s6setup-8617597dc0fa1383b10d,KEY_CANDIDATE,s6event-79cd801d40302a847960,1,2025-09-18,2025-09-18,True,True,SUPPORT_PULLBACK
2025-09-18,300465,高伟达,s6setup-f5b3da7578ea5fcbc3c4,KEY_CANDIDATE,s6event-d29adfb7492c637184ee,4,2025-09-15,2025-09-15,False,False,SUPPORT_PULLBACK
2025-09-18,301486,致尚科技,s6setup-a791e260f9aac882d8f0,WATCH_CANDIDATE,s6event-344f82aab0b4b4484030,1,2025-09-18,2025-09-18,True,True,SUPPORT_PULLBACK
2025-09-18,601877,正泰电器,s6setup-bb0a6512ba296ba29adf,KEY_CANDIDATE,s6event-c87ae45177af37fba7db,1,2025-09-18,2025-09-18,True,True,SUPPORT_PULLBACK
2025-09-18,688063,派能科技,s6setup-6fd60e456ad516bcb45b,KEY_CANDIDATE,s6event-c784cdc831c065f7681e,3,2025-09-16,2025-09-16,False,False,SUPPORT_PULLBACK
2025-09-18,688331,荣昌生物,s6setup-e9466fad676b2c9b8c72,WATCH_CANDIDATE,s6event-0347fd8f70501a39aee8,1,2025-09-18,,True,False,NONE
2025-09-19,000962,东方钽业,s6setup-9e5c6168d65ef4ca8426,WATCH_CANDIDATE,s6event-408c7194d85a82d327bf,1,2025-09-19,2025-09-19,True,True,SUPPORT_PULLBACK
2025-09-19,002484,江海股份,s6setup-edd02d178efbc752c41c,WATCH_CANDIDATE,s6event-75f40e32310314aae841,3,2025-09-17,2025-09-17,False,False,SUPPORT_PULLBACK
2025-09-19,300394,天孚通信,s6setup-ae4b243983b20bc0b5f9,KEY_CANDIDATE,s6event-79cd801d40302a847960,2,2025-09-18,2025-09-18,False,False,SUPPORT_PULLBACK
2025-09-19,601877,正泰电器,s6setup-621fba1ef2b07aedcb06,KEY_CANDIDATE,s6event-c87ae45177af37fba7db,2,2025-09-18,2025-09-18,False,False,SUPPORT_PULLBACK
2025-09-19,688183,生益电子,s6setup-c454dce9dae0a5eac1f5,WATCH_CANDIDATE,s6event-b989cce7c84efd122301,1,2025-09-19,,True,False,NONE
2025-09-19,688235,百济神州,s6setup-769745a929022e58a476,KEY_CANDIDATE,s6event-69ac4e6da73ed19d6975,1,2025-09-19,2025-09-19,True,True,SUPPORT_PULLBACK
2025-09-19,688331,荣昌生物,s6setup-e053c4492bbcb3016b5a,WATCH_CANDIDATE,s6event-f5a231a2914ad4eeb4b0,1,2025-09-19,,True,False,NONE
2025-09-22,300035,中科电气,s6setup-e1fa5ddd63e54797f3ee,KEY_CANDIDATE,s6event-2961a3c374e5744640eb,1,2025-09-22,2025-09-22,True,True,SUPPORT_PULLBACK
2025-09-22,300394,天孚通信,s6setup-ae4b243983b20bc0b5f9,KEY_CANDIDATE,s6event-79cd801d40302a847960,3,2025-09-18,2025-09-18,False,False,SUPPORT_PULLBACK
2025-09-22,300415,伊之密,s6setup-182e4147b9219916f379,WATCH_CANDIDATE,s6event-d272ccd1ea53f325865e,1,2025-09-22,2025-09-22,True,True,SUPPORT_PULLBACK
2025-09-22,300990,同飞股份,s6setup-f8900fead8840a342b0e,WATCH_CANDIDATE,s6event-8f779fef4b995776b8c5,1,2025-09-22,2025-09-22,True,True,SUPPORT_PULLBACK
2025-09-22,603612,索通发展,s6setup-e2176f4c641347e3af3a,WATCH_CANDIDATE,s6event-c0a34750958096e5ab7c,1,2025-09-22,2025-09-22,True,True,SUPPORT_PULLBACK
2025-09-22,688063,派能科技,s6setup-c2fd1a235da71c264e7e,KEY_CANDIDATE,s6event-c784cdc831c065f7681e,4,2025-09-16,2025-09-16,False,False,SUPPORT_PULLBACK
2025-09-22,688141,杰华特,s6setup-1533be6620f7e49b28f6,KEY_CANDIDATE,s6event-2a6bd87ade2de53cfab0,2,2025-09-17,2025-09-22,False,True,SUPPORT_PULLBACK
2025-09-22,688183,生益电子,s6setup-8ad879673856045750cb,WATCH_CANDIDATE,s6event-7f2297f7e7f2b56d4827,1,2025-09-22,,True,False,NONE
2025-09-22,688235,百济神州,s6setup-bea30948481b1e887e0f,KEY_CANDIDATE,s6event-69ac4e6da73ed19d6975,2,2025-09-19,2025-09-19,False,False,SUPPORT_PULLBACK
2025-09-22,688499,利元亨,s6setup-3fd254de526a65ccefaf,WATCH_CANDIDATE,s6event-c4b47688dad8166f5aa5,1,2025-09-22,,True,False,SUPPORT_PULLBACK
2025-09-23,002484,江海股份,s6setup-edd02d178efbc752c41c,WATCH_CANDIDATE,s6event-75f40e32310314aae841,4,2025-09-17,2025-09-17,False,False,SUPPORT_PULLBACK
2025-09-23,300035,中科电气,s6setup-0997d5202e9b69bb5081,WATCH_CANDIDATE,s6event-2961a3c374e5744640eb,2,2025-09-22,2025-09-22,False,False,NONE
2025-09-23,300394,天孚通信,s6setup-cac8a1d8746ec62e8f7e,KEY_CANDIDATE,s6event-79cd801d40302a847960,4,2025-09-18,2025-09-18,False,False,SUPPORT_PULLBACK
2025-09-23,300990,同飞股份,s6setup-f4d7e7ab7d7a245c87eb,WATCH_CANDIDATE,s6event-c408923adaccb08e3c45,1,2025-09-23,,True,False,NONE
2025-09-23,688013,天臣医疗,s6setup-d80f2ced0e3cb981c9af,WATCH_CANDIDATE,s6event-ae3fe9b402fcd1f0e5b4,1,2025-09-23,,True,False,NONE
2025-09-23,688141,杰华特,s6setup-1533be6620f7e49b28f6,KEY_CANDIDATE,s6event-2a6bd87ade2de53cfab0,3,2025-09-17,2025-09-22,False,False,SUPPORT_PULLBACK
2025-09-23,688183,生益电子,s6setup-6e322181eb4a62bec9dd,WATCH_CANDIDATE,s6event-74437395bca11f7845ca,1,2025-09-23,,True,False,NONE
2025-09-23,688331,荣昌生物,s6setup-767c1a94d9d24c05438b,WATCH_CANDIDATE,s6event-7e9a3313fc4b3ea48e0b,1,2025-09-23,2025-09-23,True,True,SUPPORT_PULLBACK
2025-09-23,688499,利元亨,s6setup-3fd254de526a65ccefaf,WATCH_CANDIDATE,s6event-c4b47688dad8166f5aa5,2,2025-09-22,,False,False,SUPPORT_PULLBACK
2025-09-24,002074,国轩高科,s6setup-ddd242a85968b864c223,WATCH_CANDIDATE,s6event-9fde2ef85ad65964e051,1,2025-09-24,2025-09-24,True,True,SUPPORT_PULLBACK
2025-09-24,300790,宇瞳光学,s6setup-9b48a0dfdfd7ea144be2,WATCH_CANDIDATE,s6event-d0b45c6fcd52d46d189b,1,2025-09-24,2025-09-24,True,True,SUPPORT_PULLBACK
2025-09-24,688183,生益电子,s6setup-3ab98ba4e6aa6ee621c4,WATCH_CANDIDATE,s6event-df8cf340001a54a3f7be,1,2025-09-24,,True,False,NONE
2025-09-24,688235,百济神州,s6setup-6364bf1d4be532256cf2,KEY_CANDIDATE,s6event-69ac4e6da73ed19d6975,3,2025-09-19,2025-09-19,False,False,SUPPORT_PULLBACK
2025-09-24,688331,荣昌生物,s6setup-8c876f4b12b2d5d5fd20,WATCH_CANDIDATE,s6event-1103a1578edaf24f59b4,1,2025-09-24,2025-09-24,True,True,SUPPORT_PULLBACK
2025-09-24,688388,嘉元科技,s6setup-374aba872fa4f996a037,WATCH_CANDIDATE,s6event-74db6b20d606bb9ed090,1,2025-09-24,,True,False,NONE
2025-09-24,688779,五矿新能,s6setup-17d26768cf8c49e6074e,WATCH_CANDIDATE,s6event-e174f44912f7666635a8,1,2025-09-24,2025-09-24,True,True,SUPPORT_PULLBACK
2025-09-25,000426,兴业银锡,s6setup-fb9f1459e01656d3a6f2,WATCH_CANDIDATE,s6event-493d3b604f4e3d37fce4,1,2025-09-25,,True,False,NONE
2025-09-25,000796,凯撒旅业,s6setup-bba77eab5c130632d0e3,WATCH_CANDIDATE,s6event-3deadc782cd4de01db84,1,2025-09-25,2025-09-25,True,True,SUPPORT_PULLBACK
2025-09-25,002074,国轩高科,s6setup-ddd242a85968b864c223,WATCH_CANDIDATE,s6event-9fde2ef85ad65964e051,2,2025-09-24,2025-09-24,False,False,NONE
2025-09-25,002407,多氟多,s6setup-5b781edcd82a9664c916,KEY_CANDIDATE,s6event-1aab025eb613001ff348,1,2025-09-25,2025-09-25,True,True,SUPPORT_PULLBACK
2025-09-25,300035,中科电气,s6setup-05c1b4d829f66812bd4e,WATCH_CANDIDATE,s6event-2961a3c374e5744640eb,3,2025-09-22,2025-09-22,False,False,SUPPORT_PULLBACK
2025-09-25,300568,星源材质,s6setup-264b4fa1922eeea044ab,READY_CANDIDATE,s6event-495579573e707c2b9a3a,1,2025-09-25,2025-09-25,True,True,SUPPORT_PULLBACK
2025-09-25,300619,金银河,s6setup-922230b3e37111fd7d82,WATCH_CANDIDATE,s6event-1b7ede4732475e6cfeb4,1,2025-09-25,2025-09-25,True,True,SUPPORT_PULLBACK
2025-09-25,300772,运达股份,s6setup-7ab0e59e9fb2a5694aa0,WATCH_CANDIDATE,s6event-704a54d51bd6dbec6c6d,1,2025-09-25,,True,False,NONE
2025-09-25,600276,恒瑞医药,s6setup-a62f87e4b34911f97b44,WATCH_CANDIDATE,s6event-3b72c53b2c6d47bdd8d4,1,2025-09-25,2025-09-25,True,True,SUPPORT_PULLBACK
2025-09-25,600362,江西铜业,s6setup-45ac314161c5cdbd49ed,WATCH_CANDIDATE,s6event-cf2865553326c81e6fe5,1,2025-09-25,2025-09-25,True,True,SUPPORT_PULLBACK
2025-09-25,603319,美湖股份,s6setup-33a8d4b25d72b3dc0baa,WATCH_CANDIDATE,s6event-333568524855979b73d4,2,2025-09-12,2025-09-25,False,True,SUPPORT_PULLBACK
2025-09-25,688116,天奈科技,s6setup-cecb0529ee0f187d6279,WATCH_CANDIDATE,s6event-46fe1bfb7bfc7250052e,1,2025-09-25,2025-09-25,True,True,SUPPORT_PULLBACK
2025-09-25,688235,百济神州,s6setup-4e007621adf207db42e2,KEY_CANDIDATE,s6event-69ac4e6da73ed19d6975,4,2025-09-19,2025-09-19,False,False,SUPPORT_PULLBACK
2025-09-25,688331,荣昌生物,s6setup-a010857fd580d388330c,WATCH_CANDIDATE,s6event-148e5c0bf8f34776a4cb,1,2025-09-25,,True,False,NONE
2025-09-25,688388,嘉元科技,s6setup-711c59be807f5bfa2e8a,WATCH_CANDIDATE,s6event-74db6b20d606bb9ed090,2,2025-09-24,,False,False,NONE
2025-09-25,688779,五矿新能,s6setup-affd795824619560ce8c,KEY_CANDIDATE,s6event-e174f44912f7666635a8,2,2025-09-24,2025-09-24,False,False,SUPPORT_PULLBACK
2025-09-26,300953,震裕科技,s6setup-1e6cb85e40e24aac5c88,WATCH_CANDIDATE,s6event-6939601fb075bd32fbd6,1,2025-09-26,2025-09-26,True,True,SUPPORT_PULLBACK
2025-09-26,603119,浙江荣泰,s6setup-796cb0a388ba90add440,WATCH_CANDIDATE,s6event-dc4701b8bbe38cbb670c,1,2025-09-26,,True,False,NONE
2025-09-26,603319,美湖股份,s6setup-33a8d4b25d72b3dc0baa,KEY_CANDIDATE,s6event-333568524855979b73d4,3,2025-09-12,2025-09-25,False,False,NONE
2025-09-26,688017,绿的谐波,s6setup-ccd52baaab642b15b1c7,KEY_CANDIDATE,s6event-19c25053a8e7cd127b8c,1,2025-09-26,,True,False,NONE
2025-09-26,688116,天奈科技,s6setup-cecb0529ee0f187d6279,WATCH_CANDIDATE,s6event-46fe1bfb7bfc7250052e,2,2025-09-25,2025-09-25,False,False,NONE
2025-09-26,688131,皓元医药,s6setup-de8a35130200259e121c,WATCH_CANDIDATE,s6event-d70182f33e8f4b41118e,1,2025-09-26,2025-09-26,True,True,SUPPORT_PULLBACK
2025-09-26,688388,嘉元科技,s6setup-34da95e8348a8043649f,WATCH_CANDIDATE,s6event-74db6b20d606bb9ed090,3,2025-09-24,2025-09-26,False,True,SUPPORT_PULLBACK
2025-09-26,688779,五矿新能,s6setup-affd795824619560ce8c,WATCH_CANDIDATE,s6event-e174f44912f7666635a8,3,2025-09-24,2025-09-24,False,False,SUPPORT_PULLBACK
2025-09-29,002074,国轩高科,s6setup-4e0d8a63acdc01f12ff1,WATCH_CANDIDATE,s6event-9fde2ef85ad65964e051,3,2025-09-24,2025-09-24,False,False,SUPPORT_PULLBACK
2025-09-29,002779,中坚科技,s6setup-5b9954ffa38d55aae644,WATCH_CANDIDATE,s6event-36ae88b1c37dd6ef2375,1,2025-09-29,,True,False,NONE
2025-09-29,003021,兆威机电,s6setup-77c168047de37b309dbb,WATCH_CANDIDATE,s6event-b24ee19b2f005b5396b8,1,2025-09-29,2025-09-29,True,True,SUPPORT_PULLBACK
2025-09-29,301150,中一科技,s6setup-b8ad5334d77d0885e535,KEY_CANDIDATE,s6event-f9d0eb63af0f2e7f4676,1,2025-09-29,2025-09-29,True,True,SUPPORT_PULLBACK
2025-09-29,601069,西部黄金,s6setup-6100ae38d450adf8a83d,WATCH_CANDIDATE,s6event-5bc195c7b87d52883e5d,1,2025-09-29,,True,False,NONE
2025-09-29,603319,美湖股份,s6setup-8e5ebc79909a2668e31d,WATCH_CANDIDATE,s6event-333568524855979b73d4,4,2025-09-12,2025-09-25,False,False,NONE
2025-09-29,688017,绿的谐波,s6setup-ccd52baaab642b15b1c7,WATCH_CANDIDATE,s6event-19c25053a8e7cd127b8c,2,2025-09-26,,False,False,NONE
2025-09-29,688779,五矿新能,s6setup-329719f11f68a21d977c,WATCH_CANDIDATE,s6event-e174f44912f7666635a8,4,2025-09-24,2025-09-24,False,False,NONE
2025-09-30,002074,国轩高科,s6setup-22f3945be4f6dee4012f,WATCH_CANDIDATE,s6event-9fde2ef85ad65964e051,4,2025-09-24,2025-09-24,False,False,SUPPORT_PULLBACK
2025-09-30,002176,江特电机,s6setup-6b6ff969af11dd8937ab,WATCH_CANDIDATE,s6event-b5a2f8f55c7bb9b96b7d,1,2025-09-30,2025-09-30,True,True,SUPPORT_PULLBACK
2025-09-30,002183,怡 亚 通,s6setup-c1dded25a893939cb221,KEY_CANDIDATE,s6event-cf23d0ad8c2000afbd88,1,2025-09-30,2025-09-30,True,True,SUPPORT_PULLBACK
2025-09-30,002624,完美世界,s6setup-f9859bec5b06a4db59b1,WATCH_CANDIDATE,s6event-6b68071b8d4b40d1bc67,1,2025-09-30,,True,False,WAIT_BREAKOUT
2025-09-30,002779,中坚科技,s6setup-5b9954ffa38d55aae644,WATCH_CANDIDATE,s6event-36ae88b1c37dd6ef2375,2,2025-09-29,2025-09-30,False,True,SUPPORT_PULLBACK
2025-09-30,002916,深南电路,s6setup-c757cc2e63e23d207547,WATCH_CANDIDATE,s6event-5a528deab03fcb9e1844,1,2025-09-30,2025-09-30,True,True,SUPPORT_PULLBACK
2025-09-30,300007,汉威科技,s6setup-4f7fa1af5e31b7da1c19,WATCH_CANDIDATE,s6event-3b35b16d9621db7a678f,1,2025-09-30,,True,False,NONE
2025-09-30,300331,苏大维格,s6setup-5fbf8ac3bf6446ab47a8,WATCH_CANDIDATE,s6event-f5501e53e0d60a8edf87,1,2025-09-30,,True,False,SUPPORT_PULLBACK
2025-09-30,300469,信息发展,s6setup-9b076a7334c850f93fd0,WATCH_CANDIDATE,s6event-4412000d9bf3c54ba766,1,2025-09-30,2025-09-30,True,True,SUPPORT_PULLBACK
2025-09-30,600489,中金黄金,s6setup-6df7b0e8295664e5943a,WATCH_CANDIDATE,s6event-99614e6ada85bde1757a,1,2025-09-30,,True,False,NONE
2025-09-30,601138,工业富联,s6setup-549b8b40985a235e30cd,WATCH_CANDIDATE,s6event-60f49bd642c6122b1424,1,2025-09-30,,True,False,NONE
2025-09-30,601208,东材科技,s6setup-81cc4960a1a3257ec94d,WATCH_CANDIDATE,s6event-8bf8b2da61d5fe354f3f,1,2025-09-30,2025-09-30,True,True,SUPPORT_PULLBACK
2025-09-30,601872,招商轮船,s6setup-279667d2b1b01bdb0a95,WATCH_CANDIDATE,s6event-a28d9df03c2fe23de757,1,2025-09-30,2025-09-30,True,True,SUPPORT_PULLBACK
2025-09-30,603119,浙江荣泰,s6setup-2374b9d39f87fc8f74cb,WATCH_CANDIDATE,s6event-dc4701b8bbe38cbb670c,2,2025-09-26,2025-09-30,False,True,SUPPORT_PULLBACK
2025-09-30,603179,新泉股份,s6setup-6762e812ce871789c37b,WATCH_CANDIDATE,s6event-7534ffc38522a7c30b59,1,2025-09-30,,True,False,NONE
2025-09-30,603319,美湖股份,s6setup-8e5ebc79909a2668e31d,WATCH_CANDIDATE,s6event-333568524855979b73d4,5,2025-09-12,2025-09-25,False,False,SUPPORT_PULLBACK
2025-09-30,688779,五矿新能,s6setup-83acccd9d7560dd2a726,WATCH_CANDIDATE,s6event-e174f44912f7666635a8,5,2025-09-24,2025-09-24,False,False,NONE
2025-10-09,002008,大族激光,s6setup-c41cf311890f660da644,WATCH_CANDIDATE,s6event-8c444e2eb2d853778a83,1,2025-10-09,2025-10-09,True,True,SUPPORT_PULLBACK
2025-10-09,002164,宁波东力,s6setup-6ea15fe5658413a537eb,WATCH_CANDIDATE,s6event-e01fe1030e824fd223ec,1,2025-10-09,,True,False,NONE
2025-10-09,002176,江特电机,s6setup-6b6ff969af11dd8937ab,WATCH_CANDIDATE,s6event-b5a2f8f55c7bb9b96b7d,2,2025-09-30,2025-09-30,False,False,NONE
2025-10-09,002182,宝武镁业,s6setup-cf3d675d3aee8f032232,WATCH_CANDIDATE,s6event-1119ce44bb17e8bfa84a,1,2025-10-09,,True,False,NONE
2025-10-09,002183,怡 亚 通,s6setup-c1dded25a893939cb221,WATCH_CANDIDATE,s6event-cf23d0ad8c2000afbd88,2,2025-09-30,2025-09-30,False,False,NONE
2025-10-09,002436,兴森科技,s6setup-d8d831c89fa9b91181f2,WATCH_CANDIDATE,s6event-0b559850d70aa2d0a82e,1,2025-10-09,2025-10-09,True,True,SUPPORT_PULLBACK
2025-10-09,002624,完美世界,s6setup-f9859bec5b06a4db59b1,WATCH_CANDIDATE,s6event-6b68071b8d4b40d1bc67,2,2025-09-30,2025-10-09,False,True,SUPPORT_PULLBACK
2025-10-09,002683,广东宏大,s6setup-f2b2b481551a05209173,WATCH_CANDIDATE,s6event-8c629dca789e807ee556,1,2025-10-09,,True,False,WAIT_BREAKOUT
2025-10-09,003021,兆威机电,s6setup-8fc5eb945042a136f608,WATCH_CANDIDATE,s6event-b24ee19b2f005b5396b8,2,2025-09-29,2025-09-29,False,False,SUPPORT_PULLBACK
2025-10-09,300007,汉威科技,s6setup-eba4cf7be83b461c8a78,WATCH_CANDIDATE,s6event-3b35b16d9621db7a678f,2,2025-09-30,2025-10-09,False,True,SUPPORT_PULLBACK
2025-10-09,300660,江苏雷利,s6setup-0e6ccbcbcebf1b5b283a,WATCH_CANDIDATE,s6event-d6732750e6f815db2e18,1,2025-10-09,2025-10-09,True,True,SUPPORT_PULLBACK
2025-10-09,300680,隆盛科技,s6setup-31e9deb4faca4adbd7fb,KEY_CANDIDATE,s6event-88f751cdf7e7bbb31b6c,1,2025-10-09,2025-10-09,True,True,SUPPORT_PULLBACK
2025-10-09,600114,东睦股份,s6setup-188dd61e30dad51706d0,WATCH_CANDIDATE,s6event-3113bb1baf435d72b2dc,1,2025-10-09,2025-10-09,True,True,SUPPORT_PULLBACK
2025-10-09,601138,工业富联,s6setup-549b8b40985a235e30cd,WATCH_CANDIDATE,s6event-60f49bd642c6122b1424,2,2025-09-30,,False,False,NONE
2025-10-09,603119,浙江荣泰,s6setup-c5ff5044c6a383480dae,WATCH_CANDIDATE,s6event-dc4701b8bbe38cbb670c,3,2025-09-26,2025-09-30,False,False,SUPPORT_PULLBACK
2025-10-09,603308,应流股份,s6setup-eb3d08c4e6d4e02cf9b9,WATCH_CANDIDATE,s6event-1ddb81a1dfc7b1086522,1,2025-10-09,,True,False,NONE
2025-10-09,688017,绿的谐波,s6setup-9fc8b9246cea1f486934,WATCH_CANDIDATE,s6event-19c25053a8e7cd127b8c,3,2025-09-26,2025-10-09,False,True,SUPPORT_PULLBACK
2025-10-09,688141,杰华特,s6setup-a002f9a0d0eff15e47b7,WATCH_CANDIDATE,s6event-2a6bd87ade2de53cfab0,4,2025-09-17,2025-09-22,False,False,SUPPORT_PULLBACK
2025-10-09,688167,炬光科技,s6setup-5108d3f94d5e98e23292,WATCH_CANDIDATE,s6event-36bd178ed3fc831fae14,1,2025-10-09,2025-10-09,True,True,SUPPORT_PULLBACK
2025-10-09,688234,天岳先进,s6setup-ca55c52aa162f3095096,WATCH_CANDIDATE,s6event-024dddb2588ca4d156e7,1,2025-10-09,2025-10-09,True,True,SUPPORT_PULLBACK
2025-10-10,002176,江特电机,s6setup-b1b5adfd7a0f4fe905f7,WATCH_CANDIDATE,s6event-b5a2f8f55c7bb9b96b7d,3,2025-09-30,2025-09-30,False,False,SUPPORT_PULLBACK
2025-10-10,002335,科华数据,s6setup-80810a7e40509e905d2e,WATCH_CANDIDATE,s6event-5c3751e3b96672033db1,1,2025-10-10,2025-10-10,True,True,SUPPORT_PULLBACK
2025-10-10,002463,沪电股份,s6setup-2e48c0ac952559a9f304,WATCH_CANDIDATE,s6event-3bc3af6e8d37538c92a6,1,2025-10-10,2025-10-10,True,True,SUPPORT_PULLBACK
2025-10-10,002683,广东宏大,s6setup-f2b2b481551a05209173,WATCH_CANDIDATE,s6event-8c629dca789e807ee556,2,2025-10-09,2025-10-10,False,True,SUPPORT_PULLBACK
2025-10-10,300660,江苏雷利,s6setup-0e6ccbcbcebf1b5b283a,WATCH_CANDIDATE,s6event-d6732750e6f815db2e18,2,2025-10-09,2025-10-09,False,False,SUPPORT_PULLBACK
2025-10-10,300680,隆盛科技,s6setup-31e9deb4faca4adbd7fb,KEY_CANDIDATE,s6event-88f751cdf7e7bbb31b6c,2,2025-10-09,2025-10-09,False,False,SUPPORT_PULLBACK
2025-10-10,300953,震裕科技,s6setup-58797812908225647959,WATCH_CANDIDATE,s6event-6939601fb075bd32fbd6,2,2025-09-26,2025-09-26,False,False,NONE
2025-10-10,600114,东睦股份,s6setup-4ff0c1cc1b101a9b9057,WATCH_CANDIDATE,s6event-3113bb1baf435d72b2dc,2,2025-10-09,2025-10-09,False,False,SUPPORT_PULLBACK
2025-10-10,600143,金发科技,s6setup-64401623e5c8301b2bfd,WATCH_CANDIDATE,s6event-9f8eb01cc3b2a8f6e000,1,2025-10-10,2025-10-10,True,True,SUPPORT_PULLBACK
2025-10-10,601138,工业富联,s6setup-549b8b40985a235e30cd,WATCH_CANDIDATE,s6event-60f49bd642c6122b1424,3,2025-09-30,,False,False,NONE
2025-10-10,603308,应流股份,s6setup-6bf102eefcbf962310f2,WATCH_CANDIDATE,s6event-1ddb81a1dfc7b1086522,2,2025-10-09,,False,False,NONE
2025-10-10,688017,绿的谐波,s6setup-7a3c8cafe5d006caa7a2,KEY_CANDIDATE,s6event-19c25053a8e7cd127b8c,4,2025-09-26,2025-10-09,False,False,SUPPORT_PULLBACK
2025-10-10,688141,杰华特,s6setup-c717c93a011d4cfbfb0e,WATCH_CANDIDATE,s6event-2a6bd87ade2de53cfab0,5,2025-09-17,2025-09-22,False,False,NONE
2025-10-13,688141,杰华特,s6setup-3cd169f2df8338164e66,WATCH_CANDIDATE,s6event-2a6bd87ade2de53cfab0,6,2025-09-17,2025-09-22,False,False,NONE
2025-10-16,002518,科士达,s6setup-738120e21d1a406dc0b5,WATCH_CANDIDATE,s6event-992d7e368c540ec1135b,1,2025-10-16,,True,False,NONE
2025-10-17,002210,飞马国际,s6setup-7157d5833e9cba4d9d1b,KEY_CANDIDATE,s6event-93fb670bf8493f42dfca,1,2025-10-17,2025-10-17,True,True,SUPPORT_PULLBACK
2025-10-17,300073,当升科技,s6setup-20517d0e7a512fd83e92,KEY_CANDIDATE,s6event-1b4a8399b4706ae83105,1,2025-10-17,2025-10-17,True,True,SUPPORT_PULLBACK
2025-10-20,002249,大洋电机,s6setup-a65b62c2e98f9ab6f8f2,KEY_CANDIDATE,s6event-fd72aacb77de231c93b5,1,2025-10-20,2025-10-20,True,True,SUPPORT_PULLBACK
2025-10-20,300073,当升科技,s6setup-6aaf4bd6d838fdf1316e,KEY_CANDIDATE,s6event-1b4a8399b4706ae83105,2,2025-10-17,2025-10-17,False,False,NONE
2025-10-20,300507,苏奥传感,s6setup-3aa58fbead45c91c50b2,WATCH_CANDIDATE,s6event-fa007bd029d7f7cfa807,1,2025-10-20,2025-10-20,True,True,SUPPORT_PULLBACK
2025-10-21,002249,大洋电机,s6setup-223a945d2479dceaccc4,WATCH_CANDIDATE,s6event-fd72aacb77de231c93b5,2,2025-10-20,2025-10-20,False,False,NONE
2025-10-21,002709,天赐材料,s6setup-0c843cc5db500181bac6,WATCH_CANDIDATE,s6event-28252a0ec664958973b3,1,2025-10-21,2025-10-21,True,True,SUPPORT_PULLBACK
2025-10-21,300073,当升科技,s6setup-b462b4d77066b05af091,KEY_CANDIDATE,s6event-1b4a8399b4706ae83105,3,2025-10-17,2025-10-17,False,False,SUPPORT_PULLBACK
2025-10-21,300507,苏奥传感,s6setup-f26a8499b91549be5903,WATCH_CANDIDATE,s6event-fa007bd029d7f7cfa807,2,2025-10-20,2025-10-20,False,False,SUPPORT_PULLBACK
2025-10-21,300604,长川科技,s6setup-de80a953d02eacc30e5d,KEY_CANDIDATE,s6event-d6458e4584e157a3cf6c,1,2025-10-21,2025-10-21,True,True,SUPPORT_PULLBACK
2025-10-21,603786,科博达,s6setup-0b0ba46814574b34fc35,KEY_CANDIDATE,s6event-2d11010d023b71862c63,1,2025-10-21,2025-10-21,True,True,SUPPORT_PULLBACK
2025-10-21,688019,安集科技,s6setup-940f40f9768978882465,WATCH_CANDIDATE,s6event-f0c80b048f895a991df3,1,2025-10-21,,True,False,NONE
2025-10-21,688072,拓荆科技,s6setup-5aacc296dcfaa98adfe0,WATCH_CANDIDATE,s6event-1fd860b99fe76c96a6a6,1,2025-10-21,2025-10-21,True,True,SUPPORT_PULLBACK
2025-10-21,688082,盛美上海,s6setup-55d47d00c93b356eb6e2,KEY_CANDIDATE,s6event-c9a42990e200f97a172c,1,2025-10-21,2025-10-21,True,True,SUPPORT_PULLBACK
2025-10-21,688469,芯联集成,s6setup-4f26f5b925788d16026b,WATCH_CANDIDATE,s6event-36fa43854161b2a6dc04,1,2025-10-21,2025-10-21,True,True,SUPPORT_PULLBACK
2025-10-21,688531,日联科技,s6setup-85c520ba0ce20277c4eb,WATCH_CANDIDATE,s6event-6fe81dba705ea7522d21,1,2025-10-21,,True,False,NONE
2025-10-22,002150,正泰电源,s6setup-a0fd6d6bec6aad7bcb7a,WATCH_CANDIDATE,s6event-7faecd4a4017b70c3a97,1,2025-10-22,2025-10-22,True,True,SUPPORT_PULLBACK
2025-10-22,002475,立讯精密,s6setup-278336658c72358f4295,WATCH_CANDIDATE,s6event-cb55e46164518c7206a0,1,2025-10-22,2025-10-22,True,True,SUPPORT_PULLBACK
2025-10-22,300073,当升科技,s6setup-b462b4d77066b05af091,KEY_CANDIDATE,s6event-1b4a8399b4706ae83105,4,2025-10-17,2025-10-17,False,False,SUPPORT_PULLBACK
2025-10-22,300604,长川科技,s6setup-de80a953d02eacc30e5d,WATCH_CANDIDATE,s6event-d6458e4584e157a3cf6c,2,2025-10-21,2025-10-21,False,False,SUPPORT_PULLBACK
2025-10-22,688072,拓荆科技,s6setup-cc4286b155eba87be70b,WATCH_CANDIDATE,s6event-aef46a63f6f0daeabe35,1,2025-10-22,2025-10-22,True,True,SUPPORT_PULLBACK
2025-10-22,688082,盛美上海,s6setup-55d47d00c93b356eb6e2,KEY_CANDIDATE,s6event-c9a42990e200f97a172c,2,2025-10-21,2025-10-21,False,False,SUPPORT_PULLBACK
2025-10-22,688388,嘉元科技,s6setup-87f0014e99781db37a79,WATCH_CANDIDATE,s6event-74db6b20d606bb9ed090,4,2025-09-24,2025-09-26,False,False,SUPPORT_PULLBACK
2025-10-22,688469,芯联集成,s6setup-4f26f5b925788d16026b,WATCH_CANDIDATE,s6event-36fa43854161b2a6dc04,2,2025-10-21,2025-10-21,False,False,SUPPORT_PULLBACK
2025-10-22,688531,日联科技,s6setup-c97604de9a5761e502f9,WATCH_CANDIDATE,s6event-2cb60b12d2bea0b96ab5,1,2025-10-22,2025-10-22,True,True,SUPPORT_PULLBACK
2025-10-23,002150,正泰电源,s6setup-cddeebd3a9b6141abbcd,WATCH_CANDIDATE,s6event-7faecd4a4017b70c3a97,2,2025-10-22,2025-10-22,False,False,NONE
2025-10-23,300539,横河精密,s6setup-99d7bb8dad8b230a03d0,WATCH_CANDIDATE,s6event-73dad3cb74d53d13919e,1,2025-10-23,2025-10-23,True,True,SUPPORT_PULLBACK
2025-10-23,601168,西部矿业,s6setup-fcdecb9da0a8c656bf74,WATCH_CANDIDATE,s6event-eec858ac768f61fca1e8,1,2025-10-23,,True,False,WAIT_BREAKOUT
2025-10-23,688072,拓荆科技,s6setup-c76fb55067ee7b53a9ad,WATCH_CANDIDATE,s6event-65cac49fdf25bc568ab7,1,2025-10-23,,True,False,NONE
2025-10-23,688123,聚辰股份,s6setup-5100f9abeba05aecb98d,WATCH_CANDIDATE,s6event-0417cbb8f51485b50d2d,1,2025-10-23,2025-10-23,True,True,SUPPORT_PULLBACK
2025-10-23,688525,佰维存储,s6setup-2ea1587f9593e4876763,WATCH_CANDIDATE,s6event-e9b7f99891628dc6297d,1,2025-10-23,2025-10-23,True,True,SUPPORT_PULLBACK
2025-10-24,000630,铜陵有色,s6setup-60d6fd6b2c2cbebf8e4f,KEY_CANDIDATE,s6event-99edab5b03ec246d48ee,1,2025-10-24,,True,False,NONE
2025-10-24,000878,云南铜业,s6setup-b188f38397ff23ca20f3,WATCH_CANDIDATE,s6event-78920ca480c0c044d8ed,1,2025-10-24,,True,False,NONE
2025-10-24,002156,通富微电,s6setup-8f05572f8470a60dffd7,WATCH_CANDIDATE,s6event-e4ef77e538f2a08727e5,1,2025-10-24,,True,False,NONE
2025-10-24,300274,阳光电源,s6setup-97855adfeab9799975d5,WATCH_CANDIDATE,s6event-996a6793237f8242b850,1,2025-10-24,,True,False,NONE
2025-10-24,300539,横河精密,s6setup-a5a86bfd984507ceb868,WATCH_CANDIDATE,s6event-73dad3cb74d53d13919e,2,2025-10-23,2025-10-23,False,False,SUPPORT_PULLBACK
2025-10-24,300604,长川科技,s6setup-4151d272f01653b16d89,WATCH_CANDIDATE,s6event-d6458e4584e157a3cf6c,3,2025-10-21,2025-10-21,False,False,SUPPORT_PULLBACK
2025-10-24,600362,江西铜业,s6setup-5f9d2b49198822facc04,WATCH_CANDIDATE,s6event-cb1f7ca125b455c6cb91,1,2025-10-24,2025-10-24,True,True,SUPPORT_PULLBACK
2025-10-24,601168,西部矿业,s6setup-963e885d502821cc389e,WATCH_CANDIDATE,s6event-eec858ac768f61fca1e8,2,2025-10-23,,False,False,NONE
2025-10-24,601218,吉鑫科技,s6setup-931daa23d1fa27a6c286,WATCH_CANDIDATE,s6event-bd6cb316e30023c3bdc1,1,2025-10-24,2025-10-24,True,True,SUPPORT_PULLBACK
2025-10-24,603993,洛阳钼业,s6setup-abf04063308da2e9d179,WATCH_CANDIDATE,s6event-30746ee68435ccb68150,1,2025-10-24,,True,False,NONE
2025-10-24,605358,立昂微,s6setup-1552d32801806320da78,WATCH_CANDIDATE,s6event-2f7b6ae3029c4e0d149e,1,2025-10-24,2025-10-24,True,True,SUPPORT_PULLBACK
2025-10-24,688249,晶合集成,s6setup-0ad33087d3f08f6f45e1,WATCH_CANDIDATE,s6event-1d5da2d8a26fed7f63ec,1,2025-10-24,,True,False,NONE
2025-10-24,688469,芯联集成,s6setup-e22e593f68a130238a02,WATCH_CANDIDATE,s6event-36fa43854161b2a6dc04,3,2025-10-21,2025-10-21,False,False,NONE
2025-10-27,000063,中兴通讯,s6setup-9c59ec914cec250db2fc,WATCH_CANDIDATE,s6event-0b4b247ead7782353183,1,2025-10-27,,True,False,NONE
2025-10-27,000630,铜陵有色,s6setup-8932d40eff99a7ea0742,WATCH_CANDIDATE,s6event-99edab5b03ec246d48ee,2,2025-10-24,,False,False,NONE
2025-10-27,000878,云南铜业,s6setup-c4676972ef6a87215a47,WATCH_CANDIDATE,s6event-78920ca480c0c044d8ed,2,2025-10-24,,False,False,NONE
2025-10-27,002156,通富微电,s6setup-e176d00e2386a8951895,WATCH_CANDIDATE,s6event-e4ef77e538f2a08727e5,2,2025-10-24,,False,False,NONE
2025-10-27,002460,赣锋锂业,s6setup-732d9e80f8d3fe7bd051,KEY_CANDIDATE,s6event-e4bb3d722e7d01ec2854,1,2025-10-27,,True,False,NONE
2025-10-27,300666,江丰电子,s6setup-36c375b3c156d1fb248e,WATCH_CANDIDATE,s6event-727b40fc8292ce70934d,1,2025-10-27,2025-10-27,True,True,SUPPORT_PULLBACK
2025-10-27,600577,精达股份,s6setup-03e742594afed14a3aac,WATCH_CANDIDATE,s6event-3acc2712a4ac2b8aa94a,1,2025-10-27,2025-10-27,True,True,SUPPORT_PULLBACK
2025-10-27,601688,华泰证券,s6setup-e282d3272c07f66093d1,KEY_CANDIDATE,s6event-8febedda16d0b7695b56,1,2025-10-27,,True,False,WAIT_BREAKOUT
2025-10-27,603650,彤程新材,s6setup-e4e5d9e7c533b0bf2f40,WATCH_CANDIDATE,s6event-4925cda1f8b20f1bb10a,1,2025-10-27,2025-10-27,True,True,SUPPORT_PULLBACK
2025-10-27,603799,华友钴业,s6setup-15630377163f6c48d79f,WATCH_CANDIDATE,s6event-45ee6010fd431450e1e0,1,2025-10-27,,True,False,NONE
2025-10-27,605358,立昂微,s6setup-1552d32801806320da78,KEY_CANDIDATE,s6event-2f7b6ae3029c4e0d149e,2,2025-10-24,2025-10-24,False,False,NONE
2025-10-27,688128,中国电研,s6setup-9f464a7256484e45a2c5,KEY_CANDIDATE,s6event-cb916c6325e4639a935c,1,2025-10-27,,True,False,NONE
2025-10-27,688409,富创精密,s6setup-2fea69aad44dbce802b3,WATCH_CANDIDATE,s6event-8ff58c5858d0040f021e,1,2025-10-27,2025-10-27,True,True,SUPPORT_PULLBACK
2025-10-27,688469,芯联集成,s6setup-0ebcda22e5fa9f307ed4,WATCH_CANDIDATE,s6event-36fa43854161b2a6dc04,4,2025-10-21,2025-10-21,False,False,NONE
2025-10-28,002460,赣锋锂业,s6setup-12759454df13e708e003,KEY_CANDIDATE,s6event-e4bb3d722e7d01ec2854,2,2025-10-27,2025-10-28,False,True,SUPPORT_PULLBACK
2025-10-28,300001,特锐德,s6setup-8e6c71012fb3d3d76322,WATCH_CANDIDATE,s6event-36450aa48b5c62e9e14e,1,2025-10-28,2025-10-28,True,True,SUPPORT_PULLBACK
2025-10-28,300274,阳光电源,s6setup-97855adfeab9799975d5,WATCH_CANDIDATE,s6event-996a6793237f8242b850,2,2025-10-24,,False,False,NONE
2025-10-28,600089,特变电工,s6setup-425269feeefcb6ffd33a,WATCH_CANDIDATE,s6event-40635e3e615ded6faa9c,1,2025-10-28,2025-10-28,True,True,SUPPORT_PULLBACK
2025-10-28,600490,鹏欣资源,s6setup-a8f6e5e527714bb7679c,WATCH_CANDIDATE,s6event-1f8b0f78ed030e7dd4d1,1,2025-10-28,2025-10-28,True,True,SUPPORT_PULLBACK
2025-10-28,688361,中科飞测,s6setup-5ac0c6968f6c8479695f,KEY_CANDIDATE,s6event-70c603e3d7900d3b671b,1,2025-10-28,2025-10-28,True,True,SUPPORT_PULLBACK
2025-10-28,688377,迪威尔,s6setup-ced7925d6efb35e890a4,WATCH_CANDIDATE,s6event-767669431e7c7f98ea73,1,2025-10-28,,True,False,NONE
2025-10-28,688409,富创精密,s6setup-45795528ad6336fc4943,WATCH_CANDIDATE,s6event-8ff58c5858d0040f021e,2,2025-10-27,2025-10-27,False,False,SUPPORT_PULLBACK
2025-10-29,002922,伊戈尔,s6setup-5c9ccba6d50768351f6a,WATCH_CANDIDATE,s6event-ca449c76438b083ef54c,1,2025-10-29,,True,False,NONE
2025-10-29,300073,当升科技,s6setup-20517d0e7a512fd83e92,WATCH_CANDIDATE,s6event-1b4a8399b4706ae83105,5,2025-10-17,2025-10-17,False,False,NONE
2025-10-29,300127,银河磁体,s6setup-dc92fe3a0f3482c354f1,WATCH_CANDIDATE,s6event-98dd663c3246a82f98a1,1,2025-10-29,2025-10-29,True,True,SUPPORT_PULLBACK
2025-10-29,600490,鹏欣资源,s6setup-5ca17db33f87b3b76412,WATCH_CANDIDATE,s6event-1f8b0f78ed030e7dd4d1,2,2025-10-28,2025-10-28,False,False,SUPPORT_PULLBACK
2025-10-29,601218,吉鑫科技,s6setup-607d41629cbe3613d06c,KEY_CANDIDATE,s6event-bd6cb316e30023c3bdc1,2,2025-10-24,2025-10-24,False,False,NONE
2025-10-29,601899,紫金矿业,s6setup-a90fde919ab2ebf75565,KEY_CANDIDATE,s6event-3cba5b668013bfdfde18,1,2025-10-29,,True,False,NONE
2025-10-29,688109,品茗科技,s6setup-edf8e39b0ada683384e2,WATCH_CANDIDATE,s6event-a3102f4923445900982e,1,2025-10-29,,True,False,NONE
2025-10-30,002941,新疆交建,s6setup-a39177bc86e1234db634,KEY_CANDIDATE,s6event-ea7b18434f206532ead1,1,2025-10-30,2025-10-30,True,True,SUPPORT_PULLBACK
2025-10-30,600490,鹏欣资源,s6setup-ae5446c6b89c90cbe792,KEY_CANDIDATE,s6event-1f8b0f78ed030e7dd4d1,3,2025-10-28,2025-10-28,False,False,SUPPORT_PULLBACK
2025-10-30,601899,紫金矿业,s6setup-832812ec0a63395fcd77,KEY_CANDIDATE,s6event-3cba5b668013bfdfde18,2,2025-10-29,,False,False,NONE
2025-10-30,688249,晶合集成,s6setup-8f4f7a006aabcd4114df,KEY_CANDIDATE,s6event-1d5da2d8a26fed7f63ec,2,2025-10-24,2025-10-30,False,True,SUPPORT_PULLBACK
2025-10-30,688377,迪威尔,s6setup-8afc0648c4d2f961429c,WATCH_CANDIDATE,s6event-767669431e7c7f98ea73,2,2025-10-28,2025-10-30,False,True,SUPPORT_PULLBACK
2025-10-30,688480,赛恩斯,s6setup-1ee9a9afea96750fe1f1,KEY_CANDIDATE,s6event-df5feed5ac3db1d9a50f,1,2025-10-30,2025-10-30,True,True,SUPPORT_PULLBACK
2025-10-31,002941,新疆交建,s6setup-533e5bd7f8f75b92e0be,KEY_CANDIDATE,s6event-ea7b18434f206532ead1,2,2025-10-30,2025-10-30,False,False,SUPPORT_PULLBACK
2025-10-31,600490,鹏欣资源,s6setup-6f74b0323bd14cc4c0e3,KEY_CANDIDATE,s6event-1f8b0f78ed030e7dd4d1,4,2025-10-28,2025-10-28,False,False,SUPPORT_PULLBACK
2025-10-31,601212,白银有色,s6setup-403eb70203523a546ba4,KEY_CANDIDATE,s6event-d2931bbc6e7afc71a24e,1,2025-10-31,2025-10-31,True,True,SUPPORT_PULLBACK
2025-10-31,601899,紫金矿业,s6setup-4558a4761f57a6ac7229,KEY_CANDIDATE,s6event-3cba5b668013bfdfde18,3,2025-10-29,2025-10-31,False,True,SUPPORT_PULLBACK
2025-10-31,688480,赛恩斯,s6setup-1ee9a9afea96750fe1f1,KEY_CANDIDATE,s6event-df5feed5ac3db1d9a50f,2,2025-10-30,2025-10-30,False,False,SUPPORT_PULLBACK
2025-11-03,000980,众泰汽车,s6setup-0d0158e532de8c412535,WATCH_CANDIDATE,s6event-497431950b6fcc4bd3f5,1,2025-11-03,,True,False,NONE
2025-11-03,002941,新疆交建,s6setup-95b0f66b91a78501b282,KEY_CANDIDATE,s6event-ea7b18434f206532ead1,3,2025-10-30,2025-10-30,False,False,SUPPORT_PULLBACK
2025-11-05,300179,四方达,s6setup-9558daf0ee21fcc071b8,WATCH_CANDIDATE,s6event-0e4f8bb1d656eb5f7414,1,2025-11-05,2025-11-05,True,True,SUPPORT_PULLBACK
2025-11-05,601288,农业银行,s6setup-41ce0257d5e0dfa67f84,WATCH_CANDIDATE,s6event-8b38e1b107f0d88eb927,1,2025-11-05,2025-11-05,True,True,SUPPORT_PULLBACK
2025-11-05,688377,迪威尔,s6setup-ced7925d6efb35e890a4,WATCH_CANDIDATE,s6event-767669431e7c7f98ea73,3,2025-10-28,2025-10-30,False,False,SUPPORT_PULLBACK
2025-11-05,688663,新风光,s6setup-5d882ee7449828261d7b,WATCH_CANDIDATE,s6event-02acf749b53c526ee8d2,1,2025-11-05,,True,False,NONE
2025-11-06,002171,楚江新材,s6setup-e055314d6892b431c9f1,WATCH_CANDIDATE,s6event-17eb16d1f21f8bcbbee1,1,2025-11-06,2025-11-06,True,True,SUPPORT_PULLBACK
2025-11-06,300179,四方达,s6setup-26d0c32d83cb8c011635,WATCH_CANDIDATE,s6event-0e4f8bb1d656eb5f7414,2,2025-11-05,2025-11-05,False,False,SUPPORT_PULLBACK
2025-11-06,601288,农业银行,s6setup-1f36b9c74bc2cefe8a1e,WATCH_CANDIDATE,s6event-dab9f0d91104d2902b95,1,2025-11-06,2025-11-06,True,True,SUPPORT_PULLBACK
2025-11-06,688377,迪威尔,s6setup-ced7925d6efb35e890a4,KEY_CANDIDATE,s6event-767669431e7c7f98ea73,4,2025-10-28,2025-10-30,False,False,SUPPORT_PULLBACK
2025-11-06,688585,上纬新材,s6setup-9a9bc7c3d2a7db553a40,WATCH_CANDIDATE,s6event-cb47c0ff0172db725a52,1,2025-11-06,2025-11-06,True,True,SUPPORT_PULLBACK
2025-11-07,300179,四方达,s6setup-e0c1e5ba70b875138868,WATCH_CANDIDATE,s6event-0e4f8bb1d656eb5f7414,3,2025-11-05,2025-11-05,False,False,NONE
2025-11-07,688377,迪威尔,s6setup-ced7925d6efb35e890a4,KEY_CANDIDATE,s6event-767669431e7c7f98ea73,5,2025-10-28,2025-10-30,False,False,SUPPORT_PULLBACK
2025-11-10,001287,中电港,s6setup-8400bd32af8d497f3733,WATCH_CANDIDATE,s6event-9eb14b9d79132bcd381a,1,2025-11-10,2025-11-10,True,True,SUPPORT_PULLBACK
2025-11-10,300308,中际旭创,s6setup-988348ddc9d2061c5eda,WATCH_CANDIDATE,s6event-8523c009c3d03d949ecb,1,2025-11-10,2025-11-10,True,True,SUPPORT_PULLBACK
2025-11-10,301200,大族数控,s6setup-5c258545cef2aab3123a,WATCH_CANDIDATE,s6event-177529eec7dddcd5403b,1,2025-11-10,,True,False,NONE
2025-11-10,601608,中信重工,s6setup-1d95ad7f92b55763e0a8,WATCH_CANDIDATE,s6event-730a844ddc644df8743f,1,2025-11-10,2025-11-10,True,True,SUPPORT_PULLBACK
2025-11-10,688377,迪威尔,s6setup-ced7925d6efb35e890a4,WATCH_CANDIDATE,s6event-767669431e7c7f98ea73,6,2025-10-28,2025-10-30,False,False,NONE
2025-11-11,001287,中电港,s6setup-0ef40d7278ce749ab26a,KEY_CANDIDATE,s6event-9eb14b9d79132bcd381a,2,2025-11-10,2025-11-10,False,False,SUPPORT_PULLBACK
2025-11-11,002171,楚江新材,s6setup-d1f1a0f12a210c1396a4,KEY_CANDIDATE,s6event-17eb16d1f21f8bcbbee1,2,2025-11-06,2025-11-06,False,False,NONE
2025-11-11,301200,大族数控,s6setup-2c4bbb328f5078d10720,WATCH_CANDIDATE,s6event-5ce5a7ffc975302a0a21,1,2025-11-11,2025-11-11,True,True,SUPPORT_PULLBACK
2025-11-11,601608,中信重工,s6setup-4de2643acc860e8c8db9,KEY_CANDIDATE,s6event-730a844ddc644df8743f,2,2025-11-10,2025-11-10,False,False,SUPPORT_PULLBACK
2025-11-12,300136,信维通信,s6setup-4117735c3afe45d20380,WATCH_CANDIDATE,s6event-dfe64b19725c8b979047,1,2025-11-12,2025-11-12,True,True,SUPPORT_PULLBACK
2025-11-12,301200,大族数控,s6setup-245cc89f55559d51894e,WATCH_CANDIDATE,s6event-73f32688a6e4d75a2468,1,2025-11-12,2025-11-12,True,True,SUPPORT_PULLBACK
2025-11-13,301200,大族数控,s6setup-2e81c84853c18b705a82,WATCH_CANDIDATE,s6event-fb7f3915940443952bbf,1,2025-11-13,2025-11-13,True,True,SUPPORT_PULLBACK
2025-11-13,600021,上海电力,s6setup-c43b5710ab76eac9ed6c,WATCH_CANDIDATE,s6event-c874e63a2dde99337082,1,2025-11-13,2025-11-13,True,True,SUPPORT_PULLBACK
2025-11-13,600549,厦门钨业,s6setup-12d2a0ea20e38cbc1534,WATCH_CANDIDATE,s6event-3e50516456c670624b86,1,2025-11-13,2025-11-13,True,True,SUPPORT_PULLBACK
2025-11-13,600595,中孚实业,s6setup-d9c8c9a667f9d8ffe73e,WATCH_CANDIDATE,s6event-362577aa162da4b865e4,1,2025-11-13,,True,False,NONE
2025-11-13,601611,中国核建,s6setup-523a09f50b44b3299369,WATCH_CANDIDATE,s6event-45133f9b84b85ac925b0,1,2025-11-13,2025-11-13,True,True,SUPPORT_PULLBACK
2025-11-13,603301,振德医疗,s6setup-1865ba63164b49b9d9b6,WATCH_CANDIDATE,s6event-477fdbed20c40a2a35af,1,2025-11-13,2025-11-13,True,True,SUPPORT_PULLBACK
2025-11-14,600595,中孚实业,s6setup-100f5c3cd4f69e5ae4f6,WATCH_CANDIDATE,s6event-362577aa162da4b865e4,2,2025-11-13,2025-11-14,False,True,SUPPORT_PULLBACK
2025-11-14,603301,振德医疗,s6setup-380658457793e1170035,WATCH_CANDIDATE,s6event-477fdbed20c40a2a35af,2,2025-11-13,2025-11-13,False,False,SUPPORT_PULLBACK
2025-11-17,000892,欢瑞世纪,s6setup-1c1f7a036cb2a694a431,WATCH_CANDIDATE,s6event-1941bc223b67a1e150f8,1,2025-11-17,2025-11-17,True,True,SUPPORT_PULLBACK
2025-11-17,300454,深信服,s6setup-478345d5e6f6770a72b4,KEY_CANDIDATE,s6event-192502a6f91c83b665eb,1,2025-11-17,2025-11-17,True,True,SUPPORT_PULLBACK
2025-11-17,300520,科大国创,s6setup-db0db0e777752f50b52f,WATCH_CANDIDATE,s6event-0f2a349c50a05171bd9a,1,2025-11-17,2025-11-17,True,True,SUPPORT_PULLBACK
2025-11-17,600515,海南机场,s6setup-7520b9018ef27977fe3b,WATCH_CANDIDATE,s6event-29a42588013dc2a8f8f8,1,2025-11-17,2025-11-17,True,True,SUPPORT_PULLBACK
2025-11-18,300454,深信服,s6setup-cd40f11933069d604ab4,WATCH_CANDIDATE,s6event-192502a6f91c83b665eb,2,2025-11-17,2025-11-17,False,False,SUPPORT_PULLBACK
2025-11-18,300814,中富电路,s6setup-c8e2a112f1ee166b60ab,WATCH_CANDIDATE,s6event-ef54aa03623f66c8b2ed,1,2025-11-18,2025-11-18,True,True,SUPPORT_PULLBACK
2025-11-18,601898,中煤能源,s6setup-76f1f31a0b4983585ccc,WATCH_CANDIDATE,s6event-ac263b478bbe1866b3ba,1,2025-11-18,2025-11-18,True,True,SUPPORT_PULLBACK
2025-11-19,601898,中煤能源,s6setup-76f1f31a0b4983585ccc,WATCH_CANDIDATE,s6event-ac263b478bbe1866b3ba,2,2025-11-18,2025-11-18,False,False,NONE
2025-11-20,002028,思源电气,s6setup-015b9fc1c4e7060fe9ee,WATCH_CANDIDATE,s6event-af68914407c0d5c53178,1,2025-11-20,2025-11-20,True,True,SUPPORT_PULLBACK
2025-11-20,600219,南山铝业,s6setup-459331fdc8307de59b61,WATCH_CANDIDATE,s6event-939088ea7c6f05e1aa0b,1,2025-11-20,2025-11-20,True,True,SUPPORT_PULLBACK
2025-11-20,603516,淳中科技,s6setup-d0e6944fe48379037e2f,WATCH_CANDIDATE,s6event-79f169b53579a8020a63,1,2025-11-20,2025-11-20,True,True,SUPPORT_PULLBACK
2025-11-25,000338,潍柴动力,s6setup-7540ae0a7a3f5ceb9f3a,WATCH_CANDIDATE,s6event-4b85e0b7c7677094cd68,1,2025-11-25,2025-11-25,True,True,SUPPORT_PULLBACK
2025-11-25,002028,思源电气,s6setup-41b6ce58c8d1e6c622c3,WATCH_CANDIDATE,s6event-af68914407c0d5c53178,2,2025-11-20,2025-11-20,False,False,SUPPORT_PULLBACK
2025-11-25,688585,上纬新材,s6setup-d64d85a6021fcaaaa11a,WATCH_CANDIDATE,s6event-5216b90ad923ac3c49a5,1,2025-11-25,,True,False,NONE
2025-11-28,000830,鲁西化工,s6setup-6fb24fe91307e74ac3cb,WATCH_CANDIDATE,s6event-b4d059e23d9c8c95204a,1,2025-11-28,2025-11-28,True,True,SUPPORT_PULLBACK
2025-11-28,600737,中粮糖业,s6setup-3bee24a85bdaab6ae92d,WATCH_CANDIDATE,s6event-643b9dff415413b9a430,1,2025-11-28,2025-11-28,True,True,SUPPORT_PULLBACK
2025-12-01,000830,鲁西化工,s6setup-6fb24fe91307e74ac3cb,WATCH_CANDIDATE,s6event-b4d059e23d9c8c95204a,2,2025-11-28,2025-11-28,False,False,SUPPORT_PULLBACK
2025-12-01,002426,胜利精密,s6setup-6d3fcdb0125fc5a3bb2e,WATCH_CANDIDATE,s6event-bc51ef012aecc5b312e7,1,2025-12-01,2025-12-01,True,True,SUPPORT_PULLBACK
2025-12-01,002497,雅化集团,s6setup-b61ee20491e865eaa98a,WATCH_CANDIDATE,s6event-81b1fa321a1a94fdeeb7,1,2025-12-01,,True,False,NONE
2025-12-01,600737,中粮糖业,s6setup-4874f73198b3cb2bf11a,WATCH_CANDIDATE,s6event-643b9dff415413b9a430,2,2025-11-28,2025-11-28,False,False,SUPPORT_PULLBACK
2025-12-01,600815,厦工股份,s6setup-abddcf8ce10784f22653,WATCH_CANDIDATE,s6event-0ca70e79bfee617c9e7c,1,2025-12-01,,True,False,NONE
2025-12-01,601969,海南矿业,s6setup-ca9797effd3ab4993fd5,WATCH_CANDIDATE,s6event-e3fd813d974925c5bccd,1,2025-12-01,2025-12-01,True,True,SUPPORT_PULLBACK
2025-12-02,002108,沧州明珠,s6setup-99d281ed96633fc2934b,WATCH_CANDIDATE,s6event-18996e74ba60764230d9,1,2025-12-02,,True,False,NONE
2025-12-02,002426,胜利精密,s6setup-6d3fcdb0125fc5a3bb2e,WATCH_CANDIDATE,s6event-bc51ef012aecc5b312e7,2,2025-12-01,2025-12-01,False,False,SUPPORT_PULLBACK
2025-12-02,601888,XD中国中,s6setup-afe12cc74c60779ff82e,WATCH_CANDIDATE,s6event-c5609debb679cab2136d,1,2025-12-02,,True,False,NONE
2025-12-03,000833,粤桂股份,s6setup-c7e1dcf42328ff372e2a,WATCH_CANDIDATE,s6event-eaee97f62428e39ff3be,1,2025-12-03,2025-12-03,True,True,SUPPORT_PULLBACK
2025-12-04,300390,天华新能,s6setup-febba4e8286185632756,WATCH_CANDIDATE,s6event-3654a2cd11aed8df791b,1,2025-12-04,2025-12-04,True,True,SUPPORT_PULLBACK
2025-12-16,605255,天普股份,s6setup-e48de09982940e62af28,WATCH_CANDIDATE,s6event-7fa856335252f65b4e5b,1,2025-12-16,,True,False,NONE
2025-12-17,605255,天普股份,s6setup-f0c8e486ddf086ee9ca7,WATCH_CANDIDATE,s6event-7fa856335252f65b4e5b,2,2025-12-16,,False,False,NONE
2025-12-18,000510,新金路,s6setup-e0e5cd45beeb94e21841,WATCH_CANDIDATE,s6event-7a034438fc07722b57d8,1,2025-12-18,,True,False,NONE
2025-12-18,605255,天普股份,s6setup-e48de09982940e62af28,WATCH_CANDIDATE,s6event-7fa856335252f65b4e5b,3,2025-12-16,,False,False,NONE
2025-12-18,688110,东芯股份,s6setup-a7bdb0fc119a26842f6a,WATCH_CANDIDATE,s6event-e7d1f64351439187182c,1,2025-12-18,2025-12-18,True,True,SUPPORT_PULLBACK
2025-12-19,300131,英唐智控,s6setup-447cb6fa7b373adb8810,WATCH_CANDIDATE,s6event-2f47de8724609ff76f0d,1,2025-12-19,2025-12-19,True,True,SUPPORT_PULLBACK
2025-12-19,300620,光库科技,s6setup-6da27825b7ecf0774d0d,WATCH_CANDIDATE,s6event-b2bf43225bb892798859,1,2025-12-19,2025-12-19,True,True,SUPPORT_PULLBACK
2025-12-19,600595,中孚实业,s6setup-def073ea22e01988a3cf,WATCH_CANDIDATE,s6event-2903f8108699570e1205,1,2025-12-19,,True,False,NONE
2025-12-19,605255,天普股份,s6setup-f0c8e486ddf086ee9ca7,WATCH_CANDIDATE,s6event-7fa856335252f65b4e5b,4,2025-12-16,,False,False,NONE
2025-12-23,002029,七 匹 狼,s6setup-0eba66d04ba807005d51,WATCH_CANDIDATE,s6event-4a82a5e847912547a456,1,2025-12-23,2025-12-23,True,True,SUPPORT_PULLBACK
2025-12-23,605255,天普股份,s6setup-f0c8e486ddf086ee9ca7,WATCH_CANDIDATE,s6event-7fa856335252f65b4e5b,5,2025-12-16,2025-12-23,False,True,SUPPORT_PULLBACK
2025-12-24,300502,新易盛,s6setup-0380d67ff019d0cabadd,WATCH_CANDIDATE,s6event-bc81c145e10993545669,1,2025-12-24,2025-12-24,True,True,SUPPORT_PULLBACK
2025-12-24,605255,天普股份,s6setup-f0c8e486ddf086ee9ca7,WATCH_CANDIDATE,s6event-7fa856335252f65b4e5b,6,2025-12-16,2025-12-23,False,False,NONE
2025-12-24,688231,隆达股份,s6setup-631aceb90dcce648d738,WATCH_CANDIDATE,s6event-336916f0ae344760b91c,1,2025-12-24,,True,False,NONE
2025-12-25,300502,新易盛,s6setup-d0756c36d764792175ea,WATCH_CANDIDATE,s6event-0a0eacd6ddf0991b9fed,1,2025-12-25,,True,False,NONE
2025-12-25,688313,仕佳光子,s6setup-b3e21472ed237276500b,WATCH_CANDIDATE,s6event-81f4d89b77056eae5ed3,1,2025-12-25,2025-12-25,True,True,SUPPORT_PULLBACK
2025-12-26,001267,汇绿生态,s6setup-83b4984040abb1e38d25,WATCH_CANDIDATE,s6event-c1c9da22fe9718ed15a0,1,2025-12-26,2025-12-26,True,True,SUPPORT_PULLBACK
2025-12-26,300502,新易盛,s6setup-e9c5dc29a23bf65f1cc5,WATCH_CANDIDATE,s6event-14f267480cca2157df3e,1,2025-12-26,,True,False,NONE
2025-12-26,300751,迈为股份,s6setup-de4002f9b5390100f0b3,KEY_CANDIDATE,s6event-219f68b80afea89e49ee,1,2025-12-26,,True,False,NONE
2025-12-29,001267,汇绿生态,s6setup-223e50ba051c0a8871db,KEY_CANDIDATE,s6event-c1c9da22fe9718ed15a0,2,2025-12-26,2025-12-26,False,False,SUPPORT_PULLBACK
2025-12-29,300502,新易盛,s6setup-ca599d86b768b8b09c65,WATCH_CANDIDATE,s6event-fab4312f983ec9db8d57,1,2025-12-29,,True,False,NONE
2025-12-29,688167,炬光科技,s6setup-29ed83eec61eb5f8a012,WATCH_CANDIDATE,s6event-9ab1120c7a43e66ab4de,1,2025-12-29,2025-12-29,True,True,SUPPORT_PULLBACK
2025-12-30,001267,汇绿生态,s6setup-c72ee24097cfb90caf7f,KEY_CANDIDATE,s6event-c1c9da22fe9718ed15a0,3,2025-12-26,2025-12-26,False,False,SUPPORT_PULLBACK
2025-12-30,002353,杰瑞股份,s6setup-e96d08e08af4d241ee72,KEY_CANDIDATE,s6event-ed61b45c4ee006143ab1,1,2025-12-30,2025-12-30,True,True,SUPPORT_PULLBACK
2025-12-30,300502,新易盛,s6setup-48005534497e2d6e8304,WATCH_CANDIDATE,s6event-2428cef6a80096b9c6c1,1,2025-12-30,,True,False,NONE
2025-12-31,003031,中瓷电子,s6setup-143692decf1688b7f3f7,WATCH_CANDIDATE,s6event-e9f98feb48aa333bd462,1,2025-12-31,2025-12-31,True,True,SUPPORT_PULLBACK
2025-12-31,688167,炬光科技,s6setup-badd66725cdae56586ed,WATCH_CANDIDATE,s6event-dc616bb46b62121b43ac,1,2025-12-31,2025-12-31,True,True,SUPPORT_PULLBACK
