experiment_id,signal_date,entry_date,exit_date,code,name,setup_id,candidate_event_id,candidate_event_sequence,entry_archetype,signal_selection_mode,entry_mode,entry_price,exit_price,exit_reason,net_return,r_multiple,net_profit,commission,tax,slippage
S6_EXEC_E0_LEGACY,2024-03-18,2024-03-19,2024-03-27,300210,森远股份,s6setup-86918b98cb309eb4bbcc,s6event-13cf94fd89b294dda261,1,SUPPORT_PULLBACK,LEGACY_SETUP_ID,FROZEN_TRADE_PLAN,12.8128,11.40858,STOP,-0.11786389,-1.008199,-151.016645,10.0,0.59465,0.024221
S6_EXEC_E0_LEGACY,2024-03-19,2024-03-20,2024-03-26,300210,森远股份,s6setup-179339c621cd4c0f40fb,s6event-13cf94fd89b294dda261,2,SUPPORT_PULLBACK,LEGACY_SETUP_ID,FROZEN_TRADE_PLAN,12.80279,11.62836,STOP,-0.10001636,-1.01001,-128.048845,10.0,0.605849,0.024431
S6_EXEC_E0_LEGACY,2024-03-22,2024-03-25,2024-03-26,300210,森远股份,s6setup-34ead3d1be0fa4bc244f,s6event-13cf94fd89b294dda261,3,SUPPORT_PULLBACK,LEGACY_SETUP_ID,FROZEN_TRADE_PLAN,12.96295,11.93805,STOP,-0.08725776,-1.011797,-113.111798,10.0,0.6218039999999999,0.024901
S6_EXEC_E0_LEGACY,2024-05-06,2024-05-07,2024-06-04,000426,兴业银锡,s6setup-d2447255d82b4e7de908,s6event-ade88a7e3340f0c608e4,1,SUPPORT_PULLBACK,LEGACY_SETUP_ID,FROZEN_TRADE_PLAN,13.148135,14.180805,MAX_HOLDING,0.07037548,1.277843,92.530631,10.0,0.736369,0.027329
S6_EXEC_E0_LEGACY,2024-05-13,2024-05-14,2024-05-15,000777,中核科技,s6setup-e8d29abdf82f10859d35,s6event-d9a68bad3c5ecef6c2eb,1,SUPPORT_PULLBACK,LEGACY_SETUP_ID,FROZEN_TRADE_PLAN,18.054036,17.15283,STOP,-0.05595062,-1.019422,-101.013451,10.0,0.892849,0.035207
S6_EXEC_E0_LEGACY,2024-05-17,2024-05-20,2024-05-22,300067,安诺其,s6setup-be0b960820e1965a8848,s6event-2a0f1b26a03dc3320251,1,SUPPORT_PULLBACK,LEGACY_SETUP_ID,FROZEN_TRADE_PLAN,4.83483,4.44555,STOP,-0.10167795,-1.011564,-49.15956,10.0,0.231558,0.00928
S6_EXEC_E0_LEGACY,2024-05-31,2024-06-03,2024-06-04,000933,神火股份,s6setup-7e67e50667dcc64f113d,s6event-8047ef9f52333fc5da81,2,SUPPORT_PULLBACK,LEGACY_SETUP_ID,FROZEN_TRADE_PLAN,21.40138,20.61936,STOP,-0.04171459,-1.027109,-89.274979,10.0,1.0729890000000002,0.042021
S6_EXEC_E0_LEGACY,2024-06-28,2024-07-01,2024-07-05,601138,工业富联,s6setup-30949657f005e4e7ad28,s6event-3c06f3afe185c23baf5b,2,SUPPORT_PULLBACK,LEGACY_SETUP_ID,FROZEN_TRADE_PLAN,25.88586,25.12485,STOP,-0.0337668,-1.034178,-87.408266,10.0,1.307253,0.051011
S6_EXEC_E0_LEGACY,2024-10-24,2024-10-25,2024-11-04,002142,宁波银行,s6setup-1e29f4e0d840d2523b33,s6event-a5acafd9c44265c25654,2,SUPPORT_PULLBACK,LEGACY_SETUP_ID,FROZEN_TRADE_PLAN,24.27425,23.18679,STOP,-0.04941566,-1.021809,-119.952808,10.0,1.2067999999999999,0.047461
S6_EXEC_E0_LEGACY,2024-10-25,2024-10-28,2024-10-31,002142,宁波银行,s6setup-502a5dcb540786350afb,s6event-a5acafd9c44265c25654,3,SUPPORT_PULLBACK,LEGACY_SETUP_ID,FROZEN_TRADE_PLAN,24.40438,23.38659,STOP,-0.04630157,-1.023542,-112.996111,10.0,1.21712,0.047791
S6_EXEC_E0_LEGACY,2024-10-25,2024-10-28,2024-11-25,300925,法本信息,s6setup-d30fce650daba787ff76,s6event-30c6891ca5ec417fab68,1,SUPPORT_PULLBACK,LEGACY_SETUP_ID,FROZEN_TRADE_PLAN,25.210185,23.811165,MAX_HOLDING,-0.05995259,-0.407856,-151.141589,10.0,1.239579,0.049021
S6_EXEC_E0_LEGACY,2024-10-28,2024-10-29,2024-10-30,300750,宁德时代,s6setup-9e65aa9fcaf21c87e545,s6event-5544629afb4ed516095b,1,SUPPORT_PULLBACK,LEGACY_SETUP_ID,FROZEN_TRADE_PLAN,242.735494,232.80696,STOP,-0.04198956,-1.024036,-1019.235659,14.266274,12.11589,0.475542
S6_EXEC_E0_LEGACY,2024-10-28,2024-10-29,2024-10-31,601186,中国铁建,s6setup-af11af9996de7f907a8d,s6event-22abb3eb478dbb2950ea,2,SUPPORT_PULLBACK,LEGACY_SETUP_ID,FROZEN_TRADE_PLAN,8.6086,8.26173,STOP_GAP,-0.05240917,-1.201906,-45.116958,10.0,0.429956,0.01687
S6_EXEC_E0_LEGACY,2024-10-29,2024-10-30,2024-11-11,300293,蓝英装备,s6setup-2f57feeea609bcb0e16b,s6event-65b03df8846380bd20fc,2,SUPPORT_PULLBACK,LEGACY_SETUP_ID,FROZEN_TRADE_PLAN,28.23821,39.10086,TARGET,0.38042164,3.323731,1074.242616,10.0,2.022382,0.067339
S6_EXEC_E0_LEGACY,2024-10-29,2024-10-30,2024-11-01,300709,精研科技,s6setup-1a47687228730efc7c66,s6event-c847e2286a4d9449dd22,2,SUPPORT_PULLBACK,LEGACY_SETUP_ID,FROZEN_TRADE_PLAN,43.88384,41.31864,STOP,-0.06122325,-1.016388,-268.671131,10.0,2.151134,0.085202
S6_EXEC_E0_LEGACY,2024-10-31,2024-11-01,2024-11-14,300139,晓程科技,s6setup-03ac53b95d0ed4d67393,s6event-69df3a7c103f9a68ab46,1,SUPPORT_PULLBACK,LEGACY_SETUP_ID,FROZEN_TRADE_PLAN,19.33932,17.45253,STOP,-0.10320343,-1.009346,-199.588416,10.0,0.9094180000000001,0.036792
S6_EXEC_E0_LEGACY,2024-10-31,2024-11-01,2024-11-28,600415,小商品城,s6setup-972b529ace9e37bf0db0,s6event-f9f7a9ec98b9e48f99c9,1,SUPPORT_PULLBACK,LEGACY_SETUP_ID,FROZEN_TRADE_PLAN,9.77977,12.49749,TARGET,0.2670051,5.437941,261.124847,10.0,0.647151,0.022277
S6_EXEC_E0_LEGACY,2024-11-01,2024-11-04,2024-11-15,300139,晓程科技,s6setup-06fe080981f712a2689e,s6event-69df3a7c103f9a68ab46,2,SUPPORT_PULLBACK,LEGACY_SETUP_ID,FROZEN_TRADE_PLAN,18.23822,17.17281,STOP,-0.06438954,-1.016399,-117.43506,10.0,0.8940509999999999,0.035411
S6_EXEC_E0_LEGACY,2024-11-06,2024-11-07,2024-11-15,002130,沃尔核材,s6setup-b3bfe3b0c2577df77662,s6event-44ba49386672a162979d,1,SUPPORT_PULLBACK,LEGACY_SETUP_ID,FROZEN_TRADE_PLAN,18.817158,17.81217,STOP,-0.05921513,-1.018062,-111.426046,10.0,0.927237,0.036629
S6_EXEC_E0_LEGACY,2024-11-07,2024-11-08,2024-11-15,002130,沃尔核材,s6setup-601520cd7eade1a86625,s6event-44ba49386672a162979d,2,SUPPORT_PULLBACK,LEGACY_SETUP_ID,FROZEN_TRADE_PLAN,19.317658,17.99199,STOP,-0.07428629,-1.013773,-143.503714,10.0,0.9369099999999999,0.03731
S6_EXEC_E0_LEGACY,2024-11-08,2024-11-11,2024-11-15,002130,沃尔核材,s6setup-0ea994a0114ea261040e,s6event-44ba49386672a162979d,3,SUPPORT_PULLBACK,LEGACY_SETUP_ID,FROZEN_TRADE_PLAN,19.017358,18.03195,STOP,-0.05756817,-1.018659,-109.47945,10.0,0.938647,0.037049
S6_EXEC_E0_LEGACY,2024-11-08,2024-11-11,2024-11-25,002600,领益智造,s6setup-683787f79104f8ee2e19,s6event-59d8b9663583928e9f7b,1,SUPPORT_PULLBACK,LEGACY_SETUP_ID,FROZEN_TRADE_PLAN,8.48848,7.8921,STOP,-0.08252241,-1.013424,-70.048983,10.0,0.41098599999999996,0.016381
S6_EXEC_E0_LEGACY,2024-11-08,2024-11-11,2024-11-18,300067,安诺其,s6setup-00fcccb83fb3b2701a5b,s6event-759b48ea271bddf08145,1,SUPPORT_PULLBACK,LEGACY_SETUP_ID,FROZEN_TRADE_PLAN,6.11611,5.61438,STOP,-0.09886259,-1.011328,-60.465448,10.0,0.292449,0.01173
S6_EXEC_E0_LEGACY,2024-11-08,2024-11-11,2024-11-15,688252,天德钰,s6setup-99a79916c8c7e6f3c311,s6event-cc4e1f772400fe4f601d,1,SUPPORT_PULLBACK,LEGACY_SETUP_ID,FROZEN_TRADE_PLAN,24.322298,23.00697,STOP,-0.05868297,-1.017821,-142.730468,10.0,1.1976769999999999,0.047329
S6_EXEC_E0_LEGACY,2024-11-11,2024-11-12,2024-11-15,002130,沃尔核材,s6setup-3dc4536bdb7bfa83e949,s6event-44ba49386672a162979d,4,SUPPORT_PULLBACK,LEGACY_SETUP_ID,FROZEN_TRADE_PLAN,19.207548,18.11187,STOP,-0.06274133,-1.016825,-120.510711,10.0,0.942912,0.037319
S6_EXEC_E0_LEGACY,2024-11-11,2024-11-12,2024-11-14,300061,旗天科技,s6setup-da799d9c466c9a1bd1c9,s6event-31f5373379c3781adcbd,1,SUPPORT_PULLBACK,LEGACY_SETUP_ID,FROZEN_TRADE_PLAN,18.09808,16.15383,STOP,-0.11341918,-1.008387,-205.266939,10.0,0.841943,0.034252
S6_EXEC_E0_LEGACY,2024-11-12,2024-11-13,2024-11-18,300046,台基股份,s6setup-80d778573b45a6448eaf,s6event-10a57412646a78fedf11,1,SUPPORT_PULLBACK,LEGACY_SETUP_ID,FROZEN_TRADE_PLAN,44.739695,39.265695,STOP_GAP,-0.12504495,-1.079749,-559.447292,10.0,2.04729,0.084005
S6_EXEC_E0_LEGACY,2024-11-12,2024-11-13,2024-11-18,300102,乾照光电,s6setup-5c64756c89da797ce137,s6event-1f338a529659d92e3327,1,SUPPORT_PULLBACK,LEGACY_SETUP_ID,FROZEN_TRADE_PLAN,13.317304,11.96802,STOP,-0.10929546,-1.008958,-145.552087,10.0,0.623686,0.025285
S6_EXEC_E0_LEGACY,2024-11-12,2024-11-13,2024-11-15,300397,天和防务,s6setup-d1889779ea60fdef1231,s6event-5cc0f359029d713c665a,2,SUPPORT_PULLBACK,LEGACY_SETUP_ID,FROZEN_TRADE_PLAN,13.89388,13.35663,STOP,-0.0463658,-1.025521,-64.420086,10.0,0.695083,0.027251
S6_EXEC_E0_LEGACY,2024-11-13,2024-11-14,2024-12-12,300085,银之杰,s6setup-e42a370d8980d8402bcb,s6event-30992034cfbdfeb2ceb9,1,SUPPORT_PULLBACK,LEGACY_SETUP_ID,FROZEN_TRADE_PLAN,49.5495,49.63032,MAX_HOLDING,-0.00090792,0.010349,-4.498698,10.0,2.580696,0.09918
S6_EXEC_E0_LEGACY,2024-11-13,2024-11-14,2024-11-15,300424,航新科技,s6setup-be858b46ff0d049233b9,s6event-4078c31fc7789642ae88,1,SUPPORT_PULLBACK,LEGACY_SETUP_ID,FROZEN_TRADE_PLAN,20.66064,19.09089,STOP,-0.08129917,-1.012324,-167.969288,10.0,0.994297,0.039752
S6_EXEC_E0_LEGACY,2024-11-14,2024-11-15,2024-11-18,600843,上工申贝,s6setup-85db4a2ab7750e044af3,s6event-ac4622bd39b6183386ea,1,SUPPORT_PULLBACK,LEGACY_SETUP_ID,FROZEN_TRADE_PLAN,13.7137,12.35763,STOP,-0.10664587,-1.009206,-146.250947,10.0,0.643952,0.026071
S6_EXEC_E0_LEGACY,2024-11-15,2024-11-18,2024-12-16,300776,帝尔激光,s6setup-c76fc897bc2b7cd6f146,s6event-cf4328f2cab914cc501f,1,SUPPORT_PULLBACK,LEGACY_SETUP_ID,FROZEN_TRADE_PLAN,75.29522,68.61132,STOP,-0.09057208,-1.010382,-681.964469,10.0,3.574473,0.143907
S6_EXEC_E0_LEGACY,2024-11-18,2024-11-19,2024-11-25,002281,光迅科技,s6setup-b8d2a449d0045b5a5ce1,s6event-060a9ace70fcc7fa9928,1,SUPPORT_PULLBACK,LEGACY_SETUP_ID,FROZEN_TRADE_PLAN,44.27423,40.7592,STOP,-0.08213039,-1.011744,-363.625978,10.0,2.122993,0.085033
S6_EXEC_E0_LEGACY,2024-11-18,2024-11-19,2024-12-16,300776,帝尔激光,s6setup-8c07e4dcf09a7e8c17bc,s6event-cf4328f2cab914cc501f,2,SUPPORT_PULLBACK,LEGACY_SETUP_ID,FROZEN_TRADE_PLAN,73.73366,68.11182,STOP,-0.07808258,-1.012277,-575.731441,10.0,3.547436,0.141845
S6_EXEC_E0_LEGACY,2024-11-19,2024-11-20,2024-11-25,600879,航天电子,s6setup-9543c99369764b5ccdd8,s6event-59d981c25ba6c9e7261a,1,SUPPORT_PULLBACK,LEGACY_SETUP_ID,FROZEN_TRADE_PLAN,9.748739,9.10089,STOP,-0.07719849,-1.014262,-75.258793,10.0,0.473894,0.01885
S6_EXEC_E0_LEGACY,2024-11-21,2024-11-22,2024-11-25,002273,水晶光电,s6setup-52ee156bbd13078c93bf,s6event-e5f061fa741c93e4e351,3,SUPPORT_PULLBACK,LEGACY_SETUP_ID,FROZEN_TRADE_PLAN,20.64062,19.51047,STOP,-0.06009058,-1.017585,-124.030683,10.0,1.0156749999999999,0.040151
S6_EXEC_E0_LEGACY,2024-11-22,2024-11-25,2024-12-13,603099,长白山,s6setup-f5596be19bb7272c4656,s6event-4e5be90ee4ed8e45b2a1,1,SUPPORT_PULLBACK,LEGACY_SETUP_ID,FROZEN_TRADE_PLAN,38.692153,53.29665,TARGET,0.37415671,5.268287,1447.692867,10.0,2.7568219999999997,0.091989
S6_EXEC_E0_LEGACY,2024-11-25,2024-11-26,2024-11-27,600010,包钢股份,s6setup-dbea198c47162c06a439,s6event-6430e928249ca2be0c85,1,SUPPORT_PULLBACK,LEGACY_SETUP_ID,FROZEN_TRADE_PLAN,1.979978,1.85814,STOP,-0.11252926,-1.015503,-22.280546,10.0,0.096745,0.003838
S6_EXEC_E0_LEGACY,2024-12-03,2024-12-04,2024-12-13,688299,长阳科技,s6setup-43afa70145b72df89eb9,s6event-4095879fec5110746473,1,SUPPORT_PULLBACK,LEGACY_SETUP_ID,FROZEN_TRADE_PLAN,18.96895,17.1828,STOP,-0.09990553,-1.009723,-189.5103,10.0,0.895292,0.036152
S6_EXEC_E0_LEGACY,2024-12-06,2024-12-09,2025-01-07,300131,英唐智控,s6setup-8d7f3cd60a44c38e966c,s6event-bea5055d3221e44e3dad,1,SUPPORT_PULLBACK,LEGACY_SETUP_ID,FROZEN_TRADE_PLAN,8.1081,9.0909,MAX_HOLDING,0.10829696,1.516433,87.808258,10.0,0.471744,0.017199
S6_EXEC_E0_LEGACY,2024-12-11,2024-12-12,2024-12-16,002194,武汉凡谷,s6setup-3612f5ac72a5762c6014,s6event-fdf3abf19eddc202c642,1,SUPPORT_PULLBACK,LEGACY_SETUP_ID,FROZEN_TRADE_PLAN,13.43342,12.72726,STOP,-0.06050471,-1.018373,-81.278518,10.0,0.662524,0.026161
S6_EXEC_E0_LEGACY,2024-12-11,2024-12-12,2024-12-13,601360,三六零,s6setup-6271e09715fb99b07d7c,s6event-b169413ceb6d517710ae,1,SUPPORT_PULLBACK,LEGACY_SETUP_ID,FROZEN_TRADE_PLAN,12.96295,12.25773,STOP,-0.06260929,-1.017707,-81.16011,10.0,0.638108,0.025221
S6_EXEC_E0_LEGACY,2024-12-12,2024-12-13,2024-12-16,603078,江化微,s6setup-5e35a695f2bd5244a9c7,s6event-6f59b3c69b820faa0c8c,1,SUPPORT_PULLBACK,LEGACY_SETUP_ID,FROZEN_TRADE_PLAN,18.64863,17.4825,STOP,-0.0683821,-1.015236,-127.523248,10.0,0.9102560000000001,0.036131
S6_EXEC_E0_LEGACY,2024-12-13,2024-12-16,2024-12-18,300377,赢时胜,s6setup-861e18604179a7947c08,s6event-6b7d949c83b5b7968218,1,SUPPORT_PULLBACK,LEGACY_SETUP_ID,FROZEN_TRADE_PLAN,33.1331,30.19977,STOP,-0.09202469,-1.010413,-304.906326,10.0,1.5733210000000002,0.063333
S6_EXEC_E0_LEGACY,2024-12-16,2024-12-17,2024-12-23,600292,电投水电,s6setup-6e3280140834bf327467,s6event-18d4ebc0506f2cd2ad38,1,SUPPORT_PULLBACK,LEGACY_SETUP_ID,FROZEN_TRADE_PLAN,14.463449,13.3866,STOP,-0.08184914,-1.012601,-118.382086,10.0,0.69718,0.02785
S6_EXEC_E0_LEGACY,2024-12-18,2024-12-19,2025-01-03,600601,方正科技,s6setup-c456d52e3d99d7b05be2,s6event-c10b5d7ff1948e718b95,1,SUPPORT_PULLBACK,LEGACY_SETUP_ID,FROZEN_TRADE_PLAN,4.27427,4.02597,STOP,-0.08197797,-1.016498,-35.039598,10.0,0.209598,0.0083
S6_EXEC_E0_LEGACY,2024-12-19,2024-12-20,2024-12-23,300459,汤姆猫,s6setup-dbc04670d4bf601779fa,s6event-99a5e35ae22e99e9a682,1,SUPPORT_PULLBACK,LEGACY_SETUP_ID,FROZEN_TRADE_PLAN,7.31731,6.78321,STOP,-0.0871403,-1.012877,-63.763259,10.0,0.353261,0.014101
S6_EXEC_E0_LEGACY,2024-12-20,2024-12-23,2024-12-26,600864,哈投股份,s6setup-2dcaee0f6253a30902e6,s6event-91cee0cc37286ab99f3c,1,SUPPORT_PULLBACK,LEGACY_SETUP_ID,FROZEN_TRADE_PLAN,7.086079,7.74225,TARGET,0.07792061,1.656667,55.21516,10.0,0.401941,0.014828
S6_EXEC_E0_LEGACY,2024-12-25,2024-12-26,2024-12-31,300276,三丰智能,s6setup-6def61aaa26d7a0e6f00,s6event-ea9dd03830f9f8dd5b9e,1,SUPPORT_PULLBACK,LEGACY_SETUP_ID,FROZEN_TRADE_PLAN,10.72071,9.44055,STOP_GAP,-0.12919684,-1.031796,-138.508185,10.0,0.49218799999999996,0.020161
S6_EXEC_E0_LEGACY,2024-12-26,2024-12-27,2024-12-31,300503,昊志机电,s6setup-4be758aa7cd2b076adfe,s6event-eae8ded838d613114f9c,1,SUPPORT_PULLBACK,LEGACY_SETUP_ID,FROZEN_TRADE_PLAN,21.348327,19.47051,STOP,-0.0931202,-1.010488,-198.796048,10.0,1.014345,0.040819
S6_EXEC_E0_LEGACY,2024-12-27,2024-12-30,2024-12-31,688787,海天瑞声,s6setup-d3019118655a97c1c18a,s6event-77458ebca9d455be3c96,1,SUPPORT_PULLBACK,LEGACY_SETUP_ID,FROZEN_TRADE_PLAN,113.66355,98.99091,STOP,-0.1304223,-1.006799,-1482.426162,10.0,5.1621999999999995,0.212654
S6_EXEC_E0_LEGACY,2024-12-30,2024-12-31,2025-01-02,688787,海天瑞声,s6setup-7432ad1cb6aa3d94c1cc,s6event-77458ebca9d455be3c96,2,SUPPORT_PULLBACK,LEGACY_SETUP_ID,FROZEN_TRADE_PLAN,112.26215,97.87203,STOP_GAP,-0.12952858,-1.114464,-1454.115688,10.0,5.103735,0.210134
S6_EXEC_E0_LEGACY,2025-01-03,2025-01-06,2025-01-22,688205,德科立,s6setup-65fe963253d88d0a6493,s6event-c0718da91785d4bfccd5,2,SUPPORT_PULLBACK,LEGACY_SETUP_ID,FROZEN_TRADE_PLAN,63.7868,84.83508,TARGET,0.3277226,3.259862,2090.437594,10.0,4.390376,0.148622
S6_EXEC_E0_LEGACY,2025-02-11,2025-02-12,2025-02-18,002119,康强电子,s6setup-ee83bf34d16fd61dbe6e,s6event-720e36ef853d1cbbfb7e,2,SUPPORT_PULLBACK,LEGACY_SETUP_ID,FROZEN_TRADE_PLAN,18.30829,17.2827,STOP,-0.06197123,-1.017158,-113.458725,10.0,0.899726,0.035591
S6_EXEC_E0_LEGACY,2025-02-11,2025-02-12,2025-02-14,600601,方正科技,s6setup-f532cfcef1961d07d7a5,s6event-677e4c803b1030f7e12c,1,SUPPORT_PULLBACK,LEGACY_SETUP_ID,FROZEN_TRADE_PLAN,5.37537,4.96503,STOP,-0.09542151,-1.01226,-51.292592,10.0,0.258591,0.01034
S6_EXEC_E0_LEGACY,2025-02-18,2025-02-19,2025-03-03,301000,肇民科技,s6setup-918da66ce65af122abad,s6event-4ae5f9c31a604728129c,2,SUPPORT_PULLBACK,LEGACY_SETUP_ID,FROZEN_TRADE_PLAN,35.64561,33.04692,STOP,-0.07619172,-1.012894,-271.590034,10.0,1.7210390000000002,0.068693
S6_EXEC_E0_LEGACY,2025-02-21,2025-02-24,2025-02-28,603236,移远通信,s6setup-0ea4f7f9586e556c39d6,s6event-b1f717c78a45bda973d5,1,SUPPORT_PULLBACK,LEGACY_SETUP_ID,FROZEN_TRADE_PLAN,60.29595,57.25269,STOP,-0.05262479,-1.019193,-317.306171,10.0,2.980183,0.117549
S6_EXEC_E0_LEGACY,2025-02-26,2025-02-27,2025-02-28,300634,彩讯股份,s6setup-d887655c5a20d3bbae0d,s6event-7f9d2cedbcf91b4efedc,2,SUPPORT_PULLBACK,LEGACY_SETUP_ID,FROZEN_TRADE_PLAN,30.625595,28.01196,STOP,-0.08908324,-1.010845,-272.822723,10.0,1.459236,0.058638
S6_EXEC_E0_LEGACY,2025-02-26,2025-02-27,2025-02-28,300925,法本信息,s6setup-38cff9e0e7e0419fec38,s6event-050f76d94166e98295e9,2,SUPPORT_PULLBACK,LEGACY_SETUP_ID,FROZEN_TRADE_PLAN,27.312285,25.5744,STOP,-0.06777906,-1.014951,-185.1201,10.0,1.331607,0.052887
S6_EXEC_E0_LEGACY,2025-02-27,2025-02-28,2025-03-24,600186,莲花控股,s6setup-4d929ef3b104891ee150,s6event-d2e0bab13a2cbf0fc2fe,2,SUPPORT_PULLBACK,LEGACY_SETUP_ID,FROZEN_TRADE_PLAN,6.71671,6.12387,STOP,-0.10362668,-1.010448,-69.603036,10.0,0.319035,0.012841
S6_EXEC_E0_LEGACY,2025-03-03,2025-03-04,2025-03-24,600186,莲花控股,s6setup-1705233833b71d9111cb,s6event-d2e0bab13a2cbf0fc2fe,4,SUPPORT_PULLBACK,LEGACY_SETUP_ID,FROZEN_TRADE_PLAN,6.87687,6.35364,STOP,-0.09110818,-1.012305,-62.653911,10.0,0.330913,0.013231
S6_EXEC_E0_LEGACY,2025-03-03,2025-03-04,2025-03-31,688225,亚信安全,s6setup-b7da79bddadf3235431b,s6event-10744018ebd319a084f1,1,SUPPORT_PULLBACK,LEGACY_SETUP_ID,FROZEN_TRADE_PLAN,25.4254,23.14683,STOP,-0.09402523,-1.010273,-239.062908,10.0,1.2059140000000002,0.048572
S6_EXEC_E0_LEGACY,2025-03-05,2025-03-06,2025-03-13,603005,晶方科技,s6setup-fb99a9ea9bf6c482cf37,s6event-021f5254cc1395bdb32d,1,SUPPORT_PULLBACK,LEGACY_SETUP_ID,FROZEN_TRADE_PLAN,34.830796,32.85711,STOP,-0.06002709,-1.016947,-209.079133,10.0,1.710544,0.067688
S6_EXEC_E0_LEGACY,2025-03-06,2025-03-07,2025-03-24,300603,立昂技术,s6setup-e4b882cc76f264f60fa3,s6event-e6246efb01ae14a000f1,1,SUPPORT_PULLBACK,LEGACY_SETUP_ID,FROZEN_TRADE_PLAN,13.8138,12.76722,STOP,-0.08348387,-1.012362,-115.322948,10.0,0.6649419999999999,0.026581
S6_EXEC_E0_LEGACY,2025-03-07,2025-03-10,2025-03-21,002518,科士达,s6setup-efe52db6cbf333d06fe7,s6event-69b0cb3cbd448aa0c8e5,1,SUPPORT_PULLBACK,LEGACY_SETUP_ID,FROZEN_TRADE_PLAN,27.06704,26.12385,STOP,-0.0390432,-1.028516,-105.678386,10.0,1.359384,0.053191
S6_EXEC_E0_LEGACY,2025-03-07,2025-03-10,2025-03-13,603501,豪威集团,s6setup-e9dfe6dc7b1f76c08f27,s6event-caeba2f826388322f01d,2,SUPPORT_PULLBACK,LEGACY_SETUP_ID,FROZEN_TRADE_PLAN,144.29415,136.93293,STOP,-0.05220238,-1.018974,-753.249805,10.0,7.127873,0.281227
S6_EXEC_E0_LEGACY,2025-03-07,2025-03-10,2025-03-13,688225,亚信安全,s6setup-6c0295ad1ca057113cb8,s6event-10744018ebd319a084f1,5,SUPPORT_PULLBACK,LEGACY_SETUP_ID,FROZEN_TRADE_PLAN,26.29627,24.5754,STOP,-0.06973105,-1.014502,-183.366652,10.0,1.279642,0.050872
S6_EXEC_E0_LEGACY,2025-03-10,2025-03-11,2025-03-17,000948,南天信息,s6setup-bf5fe9b2633a0e197b51,s6event-ae4e2e37047c942f1774,1,SUPPORT_PULLBACK,LEGACY_SETUP_ID,FROZEN_TRADE_PLAN,19.69968,19.11087,STOP,-0.0354703,-1.03358,-69.875356,10.0,0.9943540000000001,0.038811
S6_EXEC_E0_LEGACY,2025-03-10,2025-03-11,2025-03-24,002334,英威腾,s6setup-9573a2607c2d6860603b,s6event-f8853e289a6b6252e2c6,1,SUPPORT_PULLBACK,LEGACY_SETUP_ID,FROZEN_TRADE_PLAN,9.03903,8.60139,STOP,-0.05997514,-1.020069,-54.211709,10.0,0.44770899999999997,0.01764
S6_EXEC_E0_LEGACY,2025-03-10,2025-03-11,2025-03-20,601777,千里科技,s6setup-569de22093b0693f5a7b,s6event-c9d2cb6a18c875d87a92,1,SUPPORT_PULLBACK,LEGACY_SETUP_ID,FROZEN_TRADE_PLAN,8.98898,8.45154,STOP,-0.071403,-1.015993,-64.184014,10.0,0.44001799999999996,0.017441
S6_EXEC_E0_LEGACY,2025-03-10,2025-03-11,2025-03-13,603501,豪威集团,s6setup-3d291caa03eb71207405,s6event-caeba2f826388322f01d,3,SUPPORT_PULLBACK,LEGACY_SETUP_ID,FROZEN_TRADE_PLAN,141.48134,137.80206,STOP,-0.02721895,-1.038951,-385.097352,10.0,7.169386,0.279283
S6_EXEC_E0_LEGACY,2025-03-10,2025-03-11,2025-03-13,688272,富吉瑞,s6setup-fb7127c3a9b03473442b,s6event-d411dd2bc303482e48f9,1,SUPPORT_PULLBACK,LEGACY_SETUP_ID,FROZEN_TRADE_PLAN,30.22019,28.0719,STOP,-0.0748807,-1.013254,-226.290898,10.0,1.461887,0.058292
S6_EXEC_E0_LEGACY,2025-03-11,2025-03-12,2025-03-21,301238,瑞泰新材,s6setup-38d6d5119bdaf06abb39,s6event-d7a72ac82c0a76dc76af,1,SUPPORT_PULLBACK,LEGACY_SETUP_ID,FROZEN_TRADE_PLAN,20.86084,19.29069,STOP,-0.08054311,-1.012451,-168.019693,10.0,1.004687,0.040152
S6_EXEC_E0_LEGACY,2025-03-11,2025-03-12,2025-04-07,688466,金科环境,s6setup-74bacd272ba85bd07fb0,s6event-b1b47d61e98afec01ef2,4,SUPPORT_PULLBACK,LEGACY_SETUP_ID,FROZEN_TRADE_PLAN,16.229213,15.66432,STOP,-0.04147115,-1.02855,-67.304413,10.0,0.81511,0.031894
S6_EXEC_E0_LEGACY,2025-03-12,2025-03-13,2025-03-14,002152,广电运通,s6setup-1a652941f4d2ba4d952d,s6event-30988e0ebcc3bcf790ea,1,SUPPORT_PULLBACK,LEGACY_SETUP_ID,FROZEN_TRADE_PLAN,14.02401,13.51647,STOP,-0.04382296,-1.027388,-61.457363,10.0,0.703364,0.02754
S6_EXEC_E0_LEGACY,2025-03-12,2025-03-13,2025-03-14,300065,海兰信,s6setup-7ad83946d6b5e7a18b02,s6event-a4fd482f47647be76689,1,SUPPORT_PULLBACK,LEGACY_SETUP_ID,FROZEN_TRADE_PLAN,12.00199,14.86512,TARGET,0.22958099,3.483169,275.542875,10.0,0.770123,0.026867
S6_EXEC_E0_LEGACY,2025-03-12,2025-03-13,2025-04-03,300307,慈星股份,s6setup-c4931d99b7cb67258402,s6event-31d02eb60f8c6a6014c3,2,SUPPORT_PULLBACK,LEGACY_SETUP_ID,FROZEN_TRADE_PLAN,9.61961,9.01098,STOP,-0.07415288,-1.015043,-71.332179,10.0,0.46918,0.018631
S6_EXEC_E0_LEGACY,2025-03-12,2025-03-13,2025-03-14,300846,首都在线,s6setup-e638d1e29bfa0e8b492d,s6event-7d638298379559953087,1,SUPPORT_PULLBACK,LEGACY_SETUP_ID,FROZEN_TRADE_PLAN,28.2282,25.49448,STOP,-0.10085675,-1.009423,-284.700451,10.0,1.328447,0.053723
S6_EXEC_E0_LEGACY,2025-03-12,2025-03-13,2025-03-21,600143,金发科技,s6setup-32ff951c8a2e04623c92,s6event-79e66440755ed30d44d2,4,SUPPORT_PULLBACK,LEGACY_SETUP_ID,FROZEN_TRADE_PLAN,11.84183,11.19879,STOP,-0.06323936,-1.017742,-74.886975,10.0,0.582981,0.023041
S6_EXEC_E0_LEGACY,2025-03-13,2025-03-14,2025-03-21,300124,汇川技术,s6setup-5f1e06d6e268d09e8023,s6event-0de3a7b3b489afc46e49,3,SUPPORT_PULLBACK,LEGACY_SETUP_ID,FROZEN_TRADE_PLAN,71.41134,68.89104,STOP,-0.03719505,-1.028132,-265.614836,10.0,3.584854,0.140302
S6_EXEC_E0_LEGACY,2025-03-13,2025-03-14,2025-03-19,688116,天奈科技,s6setup-f3f4c3e098a92dd7a8a7,s6event-34156e5518c1928e93ec,1,SUPPORT_PULLBACK,LEGACY_SETUP_ID,FROZEN_TRADE_PLAN,47.768721,44.63532,STOP,-0.06817521,-1.014466,-325.664259,10.0,2.32417,0.092404
S6_EXEC_E0_LEGACY,2025-03-14,2025-03-17,2025-03-21,002139,拓邦股份,s6setup-a395f4053d44b2b95a38,s6event-0aa69f76018ab02a5392,1,SUPPORT_PULLBACK,LEGACY_SETUP_ID,FROZEN_TRADE_PLAN,17.05704,16.20378,STOP,-0.05638109,-1.019378,-96.169451,10.0,0.84345,0.033261
S6_EXEC_E0_LEGACY,2025-03-17,2025-03-18,2025-03-24,300473,德尔股份,s6setup-4269b9bb4f194278f827,s6event-18d2afd050a77c4b0209,1,SUPPORT_PULLBACK,LEGACY_SETUP_ID,FROZEN_TRADE_PLAN,31.26123,28.52145,STOP,-0.09131562,-1.01053,-285.46386,10.0,1.4858559999999998,0.059783
S6_EXEC_E0_LEGACY,2025-03-17,2025-03-18,2025-03-24,300503,昊志机电,s6setup-b365884df694ce2f0407,s6event-2c56416ec280ba8ac8e8,1,SUPPORT_PULLBACK,LEGACY_SETUP_ID,FROZEN_TRADE_PLAN,27.774747,26.11386,STOP,-0.06388835,-1.01599,-177.448276,10.0,1.359582,0.053889
S6_EXEC_E0_LEGACY,2025-03-17,2025-03-18,2025-03-24,300687,赛意信息,s6setup-babc61c53c3fbd5dbdd9,s6event-77b00d1e628ab8e77512,1,SUPPORT_PULLBACK,LEGACY_SETUP_ID,FROZEN_TRADE_PLAN,30.75072,27.48249,STOP,-0.10999917,-1.008489,-338.255368,10.0,1.4323569999999999,0.058233
S6_EXEC_E0_LEGACY,2025-03-17,2025-03-18,2025-03-24,688428,诺诚健华,s6setup-ec7b7291a38d04bcf218,s6event-8d422b58846141ec2975,1,SUPPORT_PULLBACK,LEGACY_SETUP_ID,FROZEN_TRADE_PLAN,17.92791,16.63335,STOP,-0.07827027,-1.013029,-140.322236,10.0,0.866228,0.034561
S6_EXEC_E0_LEGACY,2025-03-18,2025-03-19,2025-03-24,002414,高德红外,s6setup-9eb0785d7e71d7a4ffb1,s6event-591fd36cf3bc7862faec,1,SUPPORT_PULLBACK,LEGACY_SETUP_ID,FROZEN_TRADE_PLAN,8.41841,8.0919,STOP,-0.05116418,-1.025439,-43.072104,10.0,0.421105,0.01651
S6_EXEC_E0_LEGACY,2025-03-18,2025-03-19,2025-03-24,300473,德尔股份,s6setup-18307867e16b3953aa40,s6event-18d2afd050a77c4b0209,2,SUPPORT_PULLBACK,LEGACY_SETUP_ID,FROZEN_TRADE_PLAN,30.6306,28.52145,STOP,-0.0726072,-1.013722,-222.40021,10.0,1.485225,0.059152
S6_EXEC_E0_LEGACY,2025-03-18,2025-03-19,2025-03-21,603496,恒为科技,s6setup-e9040e7f92b0891f1911,s6event-fe1d618f877150f377e6,2,SUPPORT_PULLBACK,LEGACY_SETUP_ID,FROZEN_TRADE_PLAN,34.439405,31.73823,STOP,-0.08181633,-1.011902,-281.770572,10.0,1.6530900000000002,0.066178
S6_EXEC_E0_LEGACY,2025-03-18,2025-03-19,2025-03-21,688070,纵横股份,s6setup-414023d3ba4d311ce03e,s6event-93390cd60687dc8b45e7,1,SUPPORT_PULLBACK,LEGACY_SETUP_ID,FROZEN_TRADE_PLAN,47.9479,45.72423,STOP,-0.04895874,-1.021016,-234.746877,10.0,2.3798830000000004,0.093672
S6_EXEC_E0_LEGACY,2025-03-18,2025-03-19,2025-03-20,688114,华大智造,s6setup-0cd9198cac2957d72afb,s6event-0bcac81f587051a7acbc,1,SUPPORT_PULLBACK,LEGACY_SETUP_ID,FROZEN_TRADE_PLAN,90.84075,85.20471,STOP,-0.06363227,-1.015365,-578.040313,10.0,4.436281,0.176045
S6_EXEC_E0_LEGACY,2025-03-18,2025-03-19,2025-03-24,688428,诺诚健华,s6setup-7fc4a65be0b689d9920c,s6event-8d422b58846141ec2975,2,SUPPORT_PULLBACK,LEGACY_SETUP_ID,FROZEN_TRADE_PLAN,18.018,16.75323,STOP,-0.07622901,-1.013438,-137.34943,10.0,0.872432,0.034771
S6_EXEC_E0_LEGACY,2025-03-18,2025-03-19,2025-03-21,688611,杭州柯林,s6setup-a7e02101c7f032c59cc9,s6event-271998c0c3bdbe325d19,2,SUPPORT_PULLBACK,LEGACY_SETUP_ID,FROZEN_TRADE_PLAN,37.73055,35.70426,STOP,-0.05684721,-1.017955,-214.48765,10.0,1.8586479999999999,0.073435
S6_EXEC_E0_LEGACY,2025-03-19,2025-03-20,2025-03-24,002414,高德红外,s6setup-e79fa17af18d8e91488d,s6event-591fd36cf3bc7862faec,2,SUPPORT_PULLBACK,LEGACY_SETUP_ID,FROZEN_TRADE_PLAN,8.4084,8.08191,STOP,-0.05122209,-1.025408,-43.069582,10.0,0.420585,0.01649
S6_EXEC_E0_LEGACY,2025-03-19,2025-03-20,2025-03-24,300870,欧陆通,s6setup-22eb66334993fd01e02f,s6event-a48e853f7721c8a6d22d,1,SUPPORT_PULLBACK,LEGACY_SETUP_ID,FROZEN_TRADE_PLAN,107.54601,101.35854,STOP,-0.05895373,-1.016671,-634.023844,10.0,5.276832,0.208905
S6_EXEC_E0_LEGACY,2025-03-19,2025-03-20,2025-03-21,603583,捷昌驱动,s6setup-2b680aec3ac2ae09d9cb,s6event-f516f030efa4a0da832e,1,SUPPORT_PULLBACK,LEGACY_SETUP_ID,FROZEN_TRADE_PLAN,46.23619,43.03692,STOP,-0.07184159,-1.013649,-332.168141,10.0,2.241119,0.089273
S6_EXEC_E0_LEGACY,2025-03-20,2025-03-21,2025-03-24,300183,东软载波,s6setup-314c58c296b156d1537c,s6event-bd3c7d516658b72871e1,1,SUPPORT_PULLBACK,LEGACY_SETUP_ID,FROZEN_TRADE_PLAN,21.015995,19.37061,STOP,-0.08353039,-1.011925,-175.547426,10.0,1.008918,0.040387
S6_EXEC_E0_LEGACY,2025-03-20,2025-03-21,2025-03-25,300738,奥飞数据,s6setup-d192d8a6fa45f6875f3a,s6event-2fb2bf745613ad401332,1,SUPPORT_PULLBACK,LEGACY_SETUP_ID,FROZEN_TRADE_PLAN,24.507483,22.62735,STOP,-0.08127795,-1.012194,-199.191798,10.0,1.1785029999999999,0.047135
S6_EXEC_E0_LEGACY,2025-03-20,2025-03-21,2025-03-24,603887,城地香江,s6setup-1d43275aa4335d06764a,s6event-f63caa52a63f0a4cdb1f,2,SUPPORT_PULLBACK,LEGACY_SETUP_ID,FROZEN_TRADE_PLAN,21.03101,19.0809,STOP,-0.09795305,-1.009891,-206.005157,10.0,0.9941570000000001,0.040112
S6_EXEC_E0_LEGACY,2025-03-21,2025-03-24,2025-03-31,300777,中简科技,s6setup-87dda88ed4214ac5df61,s6event-1033cc398e52d4f5ec1f,2,SUPPORT_PULLBACK,LEGACY_SETUP_ID,FROZEN_TRADE_PLAN,35.246522,33.3666,STOP,-0.05666634,-1.018088,-199.72914,10.0,1.7369430000000001,0.068613
S6_EXEC_E0_LEGACY,2025-03-24,2025-03-25,2025-04-01,688266,泽璟制药,s6setup-01498b9e96072f6812f1,s6event-c86fdd9d63c68d1f08a1,4,SUPPORT_PULLBACK,LEGACY_SETUP_ID,FROZEN_TRADE_PLAN,88.7887,103.65624,TARGET,0.16571689,3.592321,1471.378723,10.0,5.375257,0.192445
S6_EXEC_E0_LEGACY,2025-03-28,2025-03-31,2025-04-01,300258,精锻科技,s6setup-067f3d614b1a9b2ca067,s6event-863b0e3fe1db61dcc232,1,SUPPORT_PULLBACK,LEGACY_SETUP_ID,FROZEN_TRADE_PLAN,14.4144,13.63635,STOP_GAP,-0.06140725,-1.120464,-88.514866,10.0,0.709868,0.028051
S6_EXEC_E0_LEGACY,2025-04-01,2025-04-02,2025-04-07,688521,芯原股份,s6setup-919c1bd1592da18d9049,s6event-ab1ffba7680b456636dd,1,SUPPORT_PULLBACK,LEGACY_SETUP_ID,FROZEN_TRADE_PLAN,97.2972,90.39951,STOP,-0.07240462,-1.013293,-704.476679,10.0,4.707673,0.187697
S6_EXEC_E0_LEGACY,2025-04-02,2025-04-03,2025-04-07,603678,火炬电子,s6setup-54b2a559c7ad59b371ae,s6event-94dcbe367b589db19041,1,SUPPORT_PULLBACK,LEGACY_SETUP_ID,FROZEN_TRADE_PLAN,39.70967,37.77219,STOP,-0.05180453,-1.019903,-205.714079,10.0,1.966092,0.077482
S6_EXEC_E0_LEGACY,2025-04-14,2025-04-15,2025-05-16,688178,万德斯,s6setup-2e2e62f8c57148f33f36,s6event-2a4b168067d38b89217c,1,SUPPORT_PULLBACK,LEGACY_SETUP_ID,FROZEN_TRADE_PLAN,18.82881,23.96601,MAX_HOLDING,0.26686705,2.93754,502.478898,10.0,1.241096,0.042795
S6_EXEC_E0_LEGACY,2025-04-15,2025-04-16,2025-05-19,688178,万德斯,s6setup-d6572d299243798c5c79,s6event-2a4b168067d38b89217c,2,SUPPORT_PULLBACK,LEGACY_SETUP_ID,FROZEN_TRADE_PLAN,19.28927,24.09588,MAX_HOLDING,0.24335437,2.986826,469.412815,10.0,1.248179,0.043385
S6_EXEC_E0_LEGACY,2025-04-21,2025-04-22,2025-05-23,688776,国光电气,s6setup-b862b5109c23c838ff8a,s6event-d8e0757f2196e5711ec5,1,SUPPORT_PULLBACK,LEGACY_SETUP_ID,FROZEN_TRADE_PLAN,83.083,101.898,MAX_HOLDING,0.22462118,2.426803,1866.22015,10.0,5.279881,0.184981
S6_EXEC_E0_LEGACY,2025-04-22,2025-04-23,2025-04-29,000876,新 希 望,s6setup-76e1598d90c3acec1fdc,s6event-b7a1e45588db1141bd87,1,SUPPORT_PULLBACK,LEGACY_SETUP_ID,FROZEN_TRADE_PLAN,10.035901,9.60039,STOP,-0.0538574,-1.022564,-54.050753,10.0,0.499656,0.019636
S6_EXEC_E0_LEGACY,2025-04-23,2025-04-24,2025-05-07,688580,伟思医疗,s6setup-641baa10d8724eb28812,s6event-7e3db1218746ad738bf6,1,SUPPORT_PULLBACK,LEGACY_SETUP_ID,FROZEN_TRADE_PLAN,37.795758,51.28866,TARGET,0.35364728,4.34448,1336.636701,10.0,2.6535170000000003,0.089084
S6_EXEC_E0_LEGACY,2025-05-19,2025-05-20,2025-06-18,688093,世华科技,s6setup-41bcdfb7e197b5fb367a,s6event-8143b4f86201cfed3a12,1,SUPPORT_PULLBACK,LEGACY_SETUP_ID,FROZEN_TRADE_PLAN,25.40538,27.2727,MAX_HOLDING,0.06900731,1.895025,175.315693,10.0,1.416313,0.052678
S6_EXEC_E0_LEGACY,2025-05-21,2025-05-22,2025-06-16,688722,同益中,s6setup-cdbc5becdb2b0aec2a55,s6event-b4959af07ee7840f1ff9,1,SUPPORT_PULLBACK,LEGACY_SETUP_ID,FROZEN_TRADE_PLAN,21.875083,20.4795,STOP,-0.06885671,-1.014908,-150.624625,10.0,1.06633,0.042355
S6_EXEC_E0_LEGACY,2025-05-22,2025-05-23,2025-06-13,688313,仕佳光子,s6setup-14605b552daa7ebd2184,s6event-81cc07d0c21e0406a60b,2,SUPPORT_PULLBACK,LEGACY_SETUP_ID,FROZEN_TRADE_PLAN,28.71869,36.38358,TARGET,0.26275736,3.600754,754.604717,10.0,1.884281,0.065102
S6_EXEC_E0_LEGACY,2025-05-26,2025-05-27,2025-06-05,603809,豪能股份,s6setup-415457793a9556486569,s6event-ad4f04c4a5f692f84c04,1,SUPPORT_PULLBACK,LEGACY_SETUP_ID,FROZEN_TRADE_PLAN,15.09508,13.99599,STOP,-0.07991868,-1.012911,-120.637887,10.0,0.728891,0.029091
S6_EXEC_E0_LEGACY,2025-05-26,2025-05-27,2025-06-17,688128,中国电研,s6setup-7b3723d2f89fd4ca149b,s6event-8a9046abbc5ad577d2d8,3,SUPPORT_PULLBACK,LEGACY_SETUP_ID,FROZEN_TRADE_PLAN,23.6236,22.73724,STOP,-0.04225403,-1.026355,-99.81923,10.0,1.1832230000000001,0.046361
S6_EXEC_E0_LEGACY,2025-05-29,2025-05-30,2025-06-30,688297,中无人机,s6setup-e5b01dcbb14d34ef0d8f,s6event-4f2adf798b69c835702b,1,SUPPORT_PULLBACK,LEGACY_SETUP_ID,FROZEN_TRADE_PLAN,44.8448,53.1468,MAX_HOLDING,0.18228304,3.058052,817.444647,10.0,2.755332,0.097992
S6_EXEC_E0_LEGACY,2025-06-05,2025-06-06,2025-06-20,000722,湖南发展,s6setup-73ae5bb71010ee426865,s6event-f3f37f0b690d81e8dc23,1,SUPPORT_PULLBACK,LEGACY_SETUP_ID,FROZEN_TRADE_PLAN,12.9129,12.00798,STOP,-0.07830721,-1.013462,-101.117317,10.0,0.62532,0.024921
S6_EXEC_E0_LEGACY,2025-06-05,2025-06-06,2025-07-03,688171,纬德信息,s6setup-bb31e32885ee84db11ea,s6event-0e0886aaac3414ea8c51,1,SUPPORT_PULLBACK,LEGACY_SETUP_ID,FROZEN_TRADE_PLAN,22.967945,20.7792,STOP,-0.10012093,-1.009594,-229.957201,10.0,1.082707,0.043747
S6_EXEC_E0_LEGACY,2025-06-09,2025-06-10,2025-06-11,000859,国风新材,s6setup-1f3480720eb9c5570b71,s6event-e6993905123ac6975ad8,1,SUPPORT_PULLBACK,LEGACY_SETUP_ID,FROZEN_TRADE_PLAN,7.57757,6.993,STOP,-0.09082228,-1.01212,-68.821218,10.0,0.364221,0.014571
S6_EXEC_E0_LEGACY,2025-06-10,2025-06-11,2025-06-19,600550,保变电气,s6setup-b495a3465d15fcca0340,s6event-2d4bc44ee9a95abc5c17,1,SUPPORT_PULLBACK,LEGACY_SETUP_ID,FROZEN_TRADE_PLAN,8.82882,8.31168,STOP,-0.07039075,-1.016352,-62.146726,10.0,0.432725,0.017141
S6_EXEC_E0_LEGACY,2025-06-12,2025-06-13,2025-07-11,688211,中科微至,s6setup-5fd917843eae226689bc,s6event-59eab26b95631a084b23,1,SUPPORT_PULLBACK,LEGACY_SETUP_ID,FROZEN_TRADE_PLAN,31.66163,31.84812,MAX_HOLDING,0.00220869,0.10409,6.993073,10.0,1.655916,0.06351
S6_EXEC_E0_LEGACY,2025-06-17,2025-06-18,2025-07-16,688206,概伦电子,s6setup-1a641d1ac9caf0d71300,s6event-3f193de36fb83ed5319c,1,SUPPORT_PULLBACK,LEGACY_SETUP_ID,FROZEN_TRADE_PLAN,25.96594,28.66131,MAX_HOLDING,0.09937992,1.766367,258.049304,10.0,1.487692,0.054627
S6_EXEC_E0_LEGACY,2025-06-19,2025-06-20,2025-07-18,688103,国力电子,s6setup-172a1bad3022718fff73,s6event-f07a69854e7da3b7c485,1,SUPPORT_PULLBACK,LEGACY_SETUP_ID,FROZEN_TRADE_PLAN,56.71619,59.68026,MAX_HOLDING,0.04995163,1.427649,283.306614,10.0,3.100409,0.116396
S6_EXEC_E0_LEGACY,2025-06-23,2025-06-24,2025-07-01,688196,卓越新能,s6setup-a789564ce640373e5994,s6event-7dbd9646a79a20d856b6,1,SUPPORT_PULLBACK,LEGACY_SETUP_ID,FROZEN_TRADE_PLAN,43.30326,48.16179,TARGET,0.10931127,2.607543,473.353435,10.0,2.499554,0.091465
S6_EXEC_E0_LEGACY,2025-06-26,2025-06-27,2025-07-02,300204,舒泰神,s6setup-9c182d59a5d74d9b9c2f,s6event-50170b2c740db12762ce,2,SUPPORT_PULLBACK,LEGACY_SETUP_ID,FROZEN_TRADE_PLAN,33.89386,46.61334,TARGET,0.37161209,3.921094,1259.536815,10.0,2.411174,0.080507
S6_EXEC_E0_LEGACY,2025-06-27,2025-06-30,2025-07-28,300199,翰宇药业,s6setup-98b6d5982ad98654f26b,s6event-3f23edb2c6d7a624a952,1,SUPPORT_PULLBACK,LEGACY_SETUP_ID,FROZEN_TRADE_PLAN,16.29628,19.10088,MAX_HOLDING,0.16535649,2.425537,269.469566,10.0,0.990441,0.035397
S6_EXEC_E0_LEGACY,2025-07-01,2025-07-02,2025-07-08,000766,通化金马,s6setup-59623e563d0da8f46a90,s6event-72aca919e1aa6d764148,1,SUPPORT_PULLBACK,LEGACY_SETUP_ID,FROZEN_TRADE_PLAN,25.29527,24.08589,STOP,-0.05225944,-1.020341,-132.191664,10.0,1.2536759999999998,0.049381
S6_EXEC_E0_LEGACY,2025-07-01,2025-07-02,2025-07-29,002317,众生药业,s6setup-7cf3aadef71694a02d4f,s6event-c6d1676ad100adb667e6,1,SUPPORT_PULLBACK,LEGACY_SETUP_ID,FROZEN_TRADE_PLAN,15.20519,18.76122,TARGET,0.22665351,4.36221,344.630968,10.0,0.9720270000000001,0.033966
S6_EXEC_E0_LEGACY,2025-07-04,2025-07-07,2025-07-24,688619,罗普特,s6setup-735ca3a91750dc4692c1,s6event-16d8a27bf87c3b2f3439,2,SUPPORT_PULLBACK,LEGACY_SETUP_ID,FROZEN_TRADE_PLAN,12.46245,15.74424,TARGET,0.25465585,3.636534,317.36358,10.0,0.815419,0.028207
S6_EXEC_E0_LEGACY,2025-07-07,2025-07-08,2025-08-05,300457,赢合科技,s6setup-299bd8ef7828db0ae0df,s6event-62ff4ac623c1dc7c5acf,1,SUPPORT_PULLBACK,LEGACY_SETUP_ID,FROZEN_TRADE_PLAN,21.013993,20.71926,MAX_HOLDING,-0.01929714,-0.202706,-40.550996,10.0,1.077696,0.041733
S6_EXEC_E0_LEGACY,2025-07-07,2025-07-08,2025-07-24,688619,罗普特,s6setup-d13a6c535c5f05eb28f3,s6event-16d8a27bf87c3b2f3439,3,SUPPORT_PULLBACK,LEGACY_SETUP_ID,FROZEN_TRADE_PLAN,12.70269,15.86412,TARGET,0.2403595,3.842796,305.321222,10.0,0.821773,0.028567
S6_EXEC_E0_LEGACY,2025-07-11,2025-07-14,2025-08-04,002074,国轩高科,s6setup-2ca32ff829370255b97d,s6event-2711cecdf5b6fd71a334,1,SUPPORT_PULLBACK,LEGACY_SETUP_ID,FROZEN_TRADE_PLAN,30.11008,28.41156,STOP_GAP,-0.06022272,-1.132286,-181.331092,10.0,1.4790999999999999,0.058522
S6_EXEC_E0_LEGACY,2025-07-11,2025-07-14,2025-08-06,600178,东安动力,s6setup-b14ad88c96db773f63b3,s6event-1e30afb2041868f1169b,2,SUPPORT_PULLBACK,LEGACY_SETUP_ID,FROZEN_TRADE_PLAN,13.867854,15.61437,TARGET,0.11814474,2.245301,163.841401,10.0,0.8102,0.029482
S6_EXEC_E0_LEGACY,2025-07-11,2025-07-14,2025-07-18,688499,利元亨,s6setup-74f372bf66beabfdd5b9,s6event-d08b48a8db4762647209,1,SUPPORT_PULLBACK,LEGACY_SETUP_ID,FROZEN_TRADE_PLAN,39.31928,49.74021,TARGET,0.26183514,3.846384,1029.516918,10.0,2.5760690000000004,0.089059
S6_EXEC_E0_LEGACY,2025-07-14,2025-07-15,2025-08-12,000519,中兵红箭,s6setup-d125da2ab6d89687d74c,s6event-a30c251bfbf3c7984ce2,1,SUPPORT_PULLBACK,LEGACY_SETUP_ID,FROZEN_TRADE_PLAN,20.335315,22.092885,MAX_HOLDING,0.08094781,1.434382,164.609921,10.0,1.1470719999999999,0.042428
S6_EXEC_E0_LEGACY,2025-07-14,2025-07-15,2025-08-04,002125,湘潭电化,s6setup-7e75682ebabd402c55ab,s6event-d85d8e16766a8c71b940,1,SUPPORT_PULLBACK,LEGACY_SETUP_ID,FROZEN_TRADE_PLAN,13.498485,12.872115,STOP_GAP,-0.05430756,-1.029393,-73.306978,10.0,0.669977,0.026371
S6_EXEC_E0_LEGACY,2025-07-14,2025-07-15,2025-08-06,600178,东安动力,s6setup-3fb1d338d8940b3e806e,s6event-1e30afb2041868f1169b,3,SUPPORT_PULLBACK,LEGACY_SETUP_ID,FROZEN_TRADE_PLAN,13.697684,15.61437,TARGET,0.13203587,3.31788,180.858562,10.0,0.81003,0.029312
S6_EXEC_E0_LEGACY,2025-07-16,2025-07-17,2025-08-14,002210,飞马国际,s6setup-3c527aa803492bc46e6e,s6event-e410d8f8b5f89a6d373b,1,SUPPORT_PULLBACK,LEGACY_SETUP_ID,FROZEN_TRADE_PLAN,2.88288,3.0969,MAX_HOLDING,0.03899286,1.313973,11.241174,10.0,0.16082500000000002,0.00598
S6_EXEC_E0_LEGACY,2025-07-17,2025-07-18,2025-08-13,002549,凯美特气,s6setup-94d323a8e87e2f5f2975,s6event-d9b3a990b47ce67c83d9,1,SUPPORT_PULLBACK,LEGACY_SETUP_ID,FROZEN_TRADE_PLAN,11.22121,13.97601,TARGET,0.23594247,4.043981,264.756,10.0,0.723998,0.025197
S6_EXEC_E0_LEGACY,2025-07-18,2025-07-21,2025-08-18,601162,天风证券,s6setup-d38b0f68ca0e92fc6098,s6event-389025e68a2cbc69b49b,1,SUPPORT_PULLBACK,LEGACY_SETUP_ID,FROZEN_TRADE_PLAN,4.81481,5.60439,TARGET,0.14261697,4.272388,68.667361,10.0,0.29063900000000004,0.010419
S6_EXEC_E0_LEGACY,2025-07-24,2025-07-25,2025-08-04,002342,巨力索具,s6setup-9d1b0130a0ec33cd3b7d,s6event-49f7c9475ea3f6375d4f,1,SUPPORT_PULLBACK,LEGACY_SETUP_ID,FROZEN_TRADE_PLAN,7.351344,6.797196,STOP_GAP,-0.08946501,-1.105325,-65.768806,10.0,0.354009,0.014149
S6_EXEC_E0_LEGACY,2025-07-29,2025-07-30,2025-07-31,600267,海正药业,s6setup-26c625d3baf9fe440cdf,s6event-e0d2fe85c518860ae7da,1,SUPPORT_PULLBACK,LEGACY_SETUP_ID,FROZEN_TRADE_PLAN,11.58157,11.23875,STOP,-0.03873979,-1.033929,-44.866759,10.0,0.584757,0.02282
S6_EXEC_E0_LEGACY,2025-07-30,2025-07-31,2025-08-26,002716,湖南白银,s6setup-eec3a4d42e6b845df250,s6event-535b29e42222598c7e82,1,SUPPORT_PULLBACK,LEGACY_SETUP_ID,FROZEN_TRADE_PLAN,4.51451,5.42457,TARGET,0.17881195,5.531943,80.724834,10.0,0.281167,0.009939
S6_EXEC_E0_LEGACY,2025-08-05,2025-08-06,2025-09-02,601868,中国能建,s6setup-dd77d6e41b8afc91a237,s6event-e5e613fe70f98c8167c9,1,SUPPORT_PULLBACK,LEGACY_SETUP_ID,FROZEN_TRADE_PLAN,2.546344,2.40759,STOP,-0.09425566,-1.017676,-24.000733,10.0,0.125333,0.004954
S6_EXEC_E0_LEGACY,2025-08-06,2025-08-07,2025-09-04,002266,浙富控股,s6setup-4cab1a9a8619d98012cf,s6event-0a81e898b2afc39b1025,1,SUPPORT_PULLBACK,LEGACY_SETUP_ID,FROZEN_TRADE_PLAN,3.57357,3.95604,MAX_HOLDING,0.07846962,1.637496,28.041668,10.0,0.20533200000000001,0.00753
S6_EXEC_E0_LEGACY,2025-08-06,2025-08-07,2025-08-28,688202,美迪西,s6setup-4a027ef3cdd811824e39,s6event-18c409df76a3c383cdba,2,SUPPORT_PULLBACK,LEGACY_SETUP_ID,FROZEN_TRADE_PLAN,60.38032,56.48346,STOP,-0.06668183,-1.014723,-402.627023,10.0,2.941037,0.116864
S6_EXEC_E0_LEGACY,2025-08-06,2025-08-07,2025-09-04,688321,微芯生物,s6setup-5377fd2a99f58cc9c3ef,s6event-2d33d6772dc70c364cf3,1,SUPPORT_PULLBACK,LEGACY_SETUP_ID,FROZEN_TRADE_PLAN,36.368332,34.897068,MAX_HOLDING,-0.04370355,-0.634622,-158.942522,10.0,1.816118,0.071265
S6_EXEC_E0_LEGACY,2025-08-06,2025-08-07,2025-08-21,688718,唯赛勃,s6setup-587e5aa084c9ac94571a,s6event-6d8b18b218b332c25fd3,1,SUPPORT_PULLBACK,LEGACY_SETUP_ID,FROZEN_TRADE_PLAN,14.688674,15.89409,TARGET,0.0746945,1.528408,109.716316,10.0,0.825288,0.030583
S6_EXEC_E0_LEGACY,2025-08-07,2025-08-08,2025-08-28,600528,中铁工业,s6setup-683dc450a5cedcef3079,s6event-5264ed1157ecc9daef65,1,SUPPORT_PULLBACK,LEGACY_SETUP_ID,FROZEN_TRADE_PLAN,8.855246,8.46153,STOP,-0.05625139,-1.021986,-49.81199,10.0,0.44039399999999995,0.017317
S6_EXEC_E0_LEGACY,2025-08-07,2025-08-08,2025-09-05,600801,华新建材,s6setup-19ce1de975b65f1252f1,s6event-3e777513d560e9f3cd36,1,SUPPORT_PULLBACK,LEGACY_SETUP_ID,FROZEN_TRADE_PLAN,14.84483,15.32466,MAX_HOLDING,0.0250502,0.454888,37.186596,10.0,0.796402,0.030169
S6_EXEC_E0_LEGACY,2025-08-08,2025-08-11,2025-08-25,002736,国信证券,s6setup-80f9b3481d3dc454be12,s6event-2f2fd917ac75b035d4d0,1,SUPPORT_PULLBACK,LEGACY_SETUP_ID,FROZEN_TRADE_PLAN,13.05304,15.12486,TARGET,0.15046118,6.618387,196.39758,10.0,0.784421,0.028178
S6_EXEC_E0_LEGACY,2025-08-11,2025-08-12,2025-08-29,600418,江淮汽车,s6setup-1bc395233ee8e4509cec,s6event-b28e92dece14c478a2d4,1,SUPPORT_PULLBACK,LEGACY_SETUP_ID,FROZEN_TRADE_PLAN,47.15711,55.32462,TARGET,0.17046895,5.644015,803.882303,10.0,2.868713,0.102482
S6_EXEC_E0_LEGACY,2025-08-12,2025-08-13,2025-08-25,002736,国信证券,s6setup-f4cdd39f619657adc0b6,s6event-2f2fd917ac75b035d4d0,2,SUPPORT_PULLBACK,LEGACY_SETUP_ID,FROZEN_TRADE_PLAN,13.29328,14.97501,TARGET,0.11840267,3.276438,157.395985,10.0,0.777018,0.028268
S6_EXEC_E0_LEGACY,2025-08-12,2025-08-13,2025-09-10,601208,东材科技,s6setup-66ff23da83b73dbac3e3,s6event-0ff0211087397253edce,4,SUPPORT_PULLBACK,LEGACY_SETUP_ID,FROZEN_TRADE_PLAN,16.13612,17.87211,MAX_HOLDING,0.10081196,1.6918,162.671388,10.0,0.927614,0.034008
S6_EXEC_E0_LEGACY,2025-08-13,2025-08-14,2025-09-11,600010,包钢股份,s6setup-4fe377f3079b4d40efa0,s6event-8b421cb76667f0297c32,1,SUPPORT_PULLBACK,LEGACY_SETUP_ID,FROZEN_TRADE_PLAN,2.51251,2.47752,MAX_HOLDING,-0.05424005,-0.21531,-13.627867,10.0,0.128866,0.00499
S6_EXEC_E0_LEGACY,2025-08-13,2025-08-14,2025-08-27,688278,特宝生物,s6setup-a8fa994084285c828d33,s6event-66cb89222d81c95e6822,1,SUPPORT_PULLBACK,LEGACY_SETUP_ID,FROZEN_TRADE_PLAN,86.56648,82.80711,STOP,-0.04508058,-1.022546,-390.246713,10.0,4.309729,0.169374
S6_EXEC_E0_LEGACY,2025-08-14,2025-08-15,2025-08-19,600111,北方稀土,s6setup-d0cb7bb1e73364345296,s6event-ea0f24b8592c760e22a8,1,SUPPORT_PULLBACK,LEGACY_SETUP_ID,FROZEN_TRADE_PLAN,37.90787,44.64531,TARGET,0.17448334,4.039547,661.429177,10.0,2.314819,0.082553
S6_EXEC_E0_LEGACY,2025-08-18,2025-08-19,2025-09-03,002570,贝因美,s6setup-fb7486452e9473d13c9e,s6event-db492a164356e4f7b4e8,1,SUPPORT_PULLBACK,LEGACY_SETUP_ID,FROZEN_TRADE_PLAN,7.19719,6.70329,STOP,-0.08300332,-1.013773,-59.739066,10.0,0.34906400000000004,0.0139
S6_EXEC_E0_LEGACY,2025-08-20,2025-08-21,2025-08-27,603367,辰欣药业,s6setup-4fb3b799ff588c2f84cc,s6event-9d58606275b072147e92,3,SUPPORT_PULLBACK,LEGACY_SETUP_ID,FROZEN_TRADE_PLAN,30.122092,27.634338,STOP_GAP,-0.08638672,-1.018698,-260.214873,10.0,1.439473,0.057756
S6_EXEC_E0_LEGACY,2025-08-21,2025-08-22,2025-08-27,300644,南京聚隆,s6setup-0ad2951473f2b0d260d8,s6event-091ce95963480c6ded9c,1,SUPPORT_PULLBACK,LEGACY_SETUP_ID,FROZEN_TRADE_PLAN,37.79776,35.22474,STOP,-0.07120429,-1.013894,-269.136266,10.0,1.83426,0.073022
S6_EXEC_E0_LEGACY,2025-08-21,2025-08-22,2025-09-03,688507,索辰科技,s6setup-987937c145bed8deb782,s6event-9126af4323913d1af5a3,1,SUPPORT_PULLBACK,LEGACY_SETUP_ID,FROZEN_TRADE_PLAN,102.219117,94.82508,STOP,-0.07379657,-1.013004,-754.342022,10.0,4.938298,0.197044
S6_EXEC_E0_LEGACY,2025-08-22,2025-08-25,2025-08-28,300600,国瑞科技,s6setup-505fdc69398e03985840,s6event-40132ab68596f6811617,1,SUPPORT_PULLBACK,LEGACY_SETUP_ID,FROZEN_TRADE_PLAN,19.9199,18.47151,STOP_GAP,-0.07821373,-1.012931,-155.800968,10.0,0.961966,0.038391
S6_EXEC_E0_LEGACY,2025-08-25,2025-08-26,2025-09-02,300706,阿石创,s6setup-4a4c09b4357671ae65c4,s6event-0b013e21404f8c93e0e6,1,SUPPORT_PULLBACK,LEGACY_SETUP_ID,FROZEN_TRADE_PLAN,45.12508,40.54941,STOP,-0.10408406,-1.00895,-469.680153,10.0,2.113145,0.085674
S6_EXEC_E0_LEGACY,2025-08-25,2025-08-26,2025-08-27,300841,康华生物,s6setup-85b7e487b3678d3e645e,s6event-b283dfe7643863c1dd85,1,SUPPORT_PULLBACK,LEGACY_SETUP_ID,FROZEN_TRADE_PLAN,84.5845,79.26066,STOP,-0.06461123,-1.015128,-546.510858,10.0,4.126878,0.163845
S6_EXEC_E0_LEGACY,2025-08-26,2025-08-27,2025-08-28,300009,安科生物,s6setup-993ceb978dfc476a231f,s6event-52beecec9f0b3dac324b,4,SUPPORT_PULLBACK,LEGACY_SETUP_ID,FROZEN_TRADE_PLAN,11.46145,10.8891,STOP_GAP,-0.05915639,-1.0379,-67.801801,10.0,0.566806,0.022351
S6_EXEC_E0_LEGACY,2025-08-26,2025-08-27,2025-08-28,300875,捷强装备,s6setup-97303033618698e750c3,s6event-812b4cf02f8147d33f48,2,SUPPORT_PULLBACK,LEGACY_SETUP_ID,FROZEN_TRADE_PLAN,57.057,51.5484,STOP,-0.09876895,-1.009456,-563.545998,10.0,2.686025,0.108605
S6_EXEC_E0_LEGACY,2025-08-27,2025-08-28,2025-09-03,000901,航天科技,s6setup-91fdaaeb5fd78ee71f25,s6event-4985da626d0f9c84351d,1,SUPPORT_PULLBACK,LEGACY_SETUP_ID,FROZEN_TRADE_PLAN,18.36835,16.86312,STOP,-0.08786929,-1.011341,-161.401387,10.0,0.878387,0.035231
S6_EXEC_E0_LEGACY,2025-09-01,2025-09-02,2025-09-03,000561,烽火电子,s6setup-4e4bdb4f02b2642cc0dd,s6event-b5386a73a2bfe510ce0f,1,SUPPORT_PULLBACK,LEGACY_SETUP_ID,FROZEN_TRADE_PLAN,12.74273,11.85813,STOP,-0.07775218,-1.013601,-99.077504,10.0,0.617508,0.024601
S6_EXEC_E0_LEGACY,2025-09-03,2025-09-04,2025-10-10,301217,铜冠铜箔,s6setup-de70759c7759d1a5514d,s6event-bfb877511a8c3c805f56,1,SUPPORT_PULLBACK,LEGACY_SETUP_ID,FROZEN_TRADE_PLAN,30.92089,29.66031,MAX_HOLDING,-0.04450118,-0.395056,-137.601609,10.0,1.543596,0.060581
S6_EXEC_E0_LEGACY,2025-09-04,2025-09-05,2025-09-16,688370,丛麟科技,s6setup-217f312a9e7738e5738e,s6event-fff1725e71dee39d6e3b,1,SUPPORT_PULLBACK,LEGACY_SETUP_ID,FROZEN_TRADE_PLAN,27.7277,25.98399,STOP,-0.06698136,-1.015142,-185.723906,10.0,1.352911,0.053712
S6_EXEC_E0_LEGACY,2025-09-09,2025-09-10,2025-10-16,002428,云南锗业,s6setup-dc2887ba620b0c0442bf,s6event-950497fa14d010e7ffd5,1,SUPPORT_PULLBACK,LEGACY_SETUP_ID,FROZEN_TRADE_PLAN,27.40738,28.01196,MAX_HOLDING,0.01787912,0.298208,49.001984,10.0,1.4560170000000001,0.055419
S6_EXEC_E0_LEGACY,2025-09-09,2025-09-10,2025-10-16,002518,科士达,s6setup-519086fb04a79bcf4f92,s6event-1280d8542bd9c98d936e,1,SUPPORT_PULLBACK,LEGACY_SETUP_ID,FROZEN_TRADE_PLAN,33.58355,43.23672,MAX_HOLDING,0.28379321,3.382863,953.078346,10.0,2.238656,0.07682
S6_EXEC_E0_LEGACY,2025-09-09,2025-09-10,2025-09-23,688260,昀冢科技,s6setup-d3f9e34eee55f308d761,s6event-950836df661a861714c6,1,SUPPORT_PULLBACK,LEGACY_SETUP_ID,FROZEN_TRADE_PLAN,30.60057,28.13184,STOP,-0.08442272,-1.011538,-258.338335,10.0,1.465324,0.058732
S6_EXEC_E0_LEGACY,2025-09-10,2025-09-11,2025-10-10,300740,水羊股份,s6setup-90152e3f07386ecbf73a,s6event-9bb40a410265d8387024,1,SUPPORT_PULLBACK,LEGACY_SETUP_ID,FROZEN_TRADE_PLAN,21.41139,23.72625,TARGET,0.10286794,2.244408,220.254558,10.0,1.2314509999999999,0.045138
S6_EXEC_E0_LEGACY,2025-09-10,2025-09-11,2025-09-23,600111,北方稀土,s6setup-24ec443b7db1f38c8092,s6event-07968863b1a7ef596e98,1,SUPPORT_PULLBACK,LEGACY_SETUP_ID,FROZEN_TRADE_PLAN,48.91887,46.08387,STOP,-0.06048774,-1.016541,-295.899189,10.0,2.3991960000000003,0.095003
S6_EXEC_E0_LEGACY,2025-09-11,2025-09-12,2025-10-13,000063,中兴通讯,s6setup-2a2011176a13f3224d4c,s6event-f1ce462b6f726e322e4f,1,SUPPORT_PULLBACK,LEGACY_SETUP_ID,FROZEN_TRADE_PLAN,42.661619,53.93601,TARGET,0.261276,5.215716,1114.645717,10.0,2.793399,0.096598
S6_EXEC_E0_LEGACY,2025-09-11,2025-09-12,2025-09-23,300113,顺网科技,s6setup-2c76e99aa1035f5e855a,s6event-262f1ce3eced3573a35b,1,SUPPORT_PULLBACK,LEGACY_SETUP_ID,FROZEN_TRADE_PLAN,25.41539,23.82615,STOP,-0.06695335,-1.015236,-170.16455,10.0,1.240549,0.049242
S6_EXEC_E0_LEGACY,2025-09-11,2025-09-12,2025-10-20,688372,伟测科技,s6setup-222f95ff4fd43da40b08,s6event-6573504c3556471409c8,1,SUPPORT_PULLBACK,LEGACY_SETUP_ID,FROZEN_TRADE_PLAN,75.73566,76.50342,MAX_HOLDING,0.00829181,0.23655,62.79857,10.0,3.97741,0.152239
S6_EXEC_E0_LEGACY,2025-09-12,2025-09-15,2025-09-18,002378,章源钨业,s6setup-c4520a011b1400a27c31,s6event-513050388b6f2fad0607,1,SUPPORT_PULLBACK,LEGACY_SETUP_ID,FROZEN_TRADE_PLAN,13.39338,12.29769,STOP,-0.08975298,-1.011363,-120.209577,10.0,0.640576,0.025691
S6_EXEC_E0_LEGACY,2025-09-15,2025-09-16,2025-09-19,002402,和而泰,s6setup-653d0556fe8b29b42e88,s6event-08f511e57843e2809849,3,SUPPORT_PULLBACK,LEGACY_SETUP_ID,FROZEN_TRADE_PLAN,37.5375,47.03292,TARGET,0.24964523,3.712774,937.105782,10.0,2.436216,0.08457
S6_EXEC_E0_LEGACY,2025-09-15,2025-09-16,2025-10-22,002600,领益智造,s6setup-15c1604499c396f1967b,s6event-c7344c0bfca6c7245f74,3,SUPPORT_PULLBACK,LEGACY_SETUP_ID,FROZEN_TRADE_PLAN,14.47446,14.70528,MAX_HOLDING,0.00850986,0.208989,12.317563,10.0,0.764444,0.02918
S6_EXEC_E0_LEGACY,2025-09-15,2025-09-16,2025-09-18,600111,北方稀土,s6setup-0c186be8dd4f4f83177e,s6event-07968863b1a7ef596e98,4,SUPPORT_PULLBACK,LEGACY_SETUP_ID,FROZEN_TRADE_PLAN,51.66161,48.33162,STOP,-0.06688053,-1.014743,-345.515586,10.0,2.516574,0.099993
S6_EXEC_E0_LEGACY,2025-09-18,2025-09-19,2025-10-09,300394,天孚通信,s6setup-8617597dc0fa1383b10d,s6event-79cd801d40302a847960,1,SUPPORT_PULLBACK,LEGACY_SETUP_ID,FROZEN_TRADE_PLAN,129.7725,116.24364,STOP,-0.105488,-1.008675,-1368.944148,10.0,6.058198,0.246016
S6_EXEC_E0_LEGACY,2025-09-18,2025-09-19,2025-09-26,301486,致尚科技,s6setup-a791e260f9aac882d8f0,s6event-344f82aab0b4b4484030,1,SUPPORT_PULLBACK,LEGACY_SETUP_ID,FROZEN_TRADE_PLAN,99.74965,90.49941,STOP,-0.09420978,-1.00989,-939.739258,10.0,4.715218999999999,0.190249
S6_EXEC_E0_LEGACY,2025-09-18,2025-09-19,2025-09-30,601877,正泰电器,s6setup-bb0a6512ba296ba29adf,s6event-c87ae45177af37fba7db,1,SUPPORT_PULLBACK,LEGACY_SETUP_ID,FROZEN_TRADE_PLAN,27.2272,30.42954,TARGET,0.11336269,4.229186,308.654863,10.0,1.579134,0.057657
S6_EXEC_E0_LEGACY,2025-09-19,2025-09-22,2025-09-30,601877,正泰电器,s6setup-621fba1ef2b07aedcb06,s6event-c87ae45177af37fba7db,2,SUPPORT_PULLBACK,LEGACY_SETUP_ID,FROZEN_TRADE_PLAN,27.4274,30.42954,TARGET,0.10523588,3.308508,288.634658,10.0,1.579334,0.057857
S6_EXEC_E0_LEGACY,2025-09-19,2025-09-22,2025-10-10,688235,百济神州,s6setup-769745a929022e58a476,s6event-69ac4e6da73ed19d6975,1,SUPPORT_PULLBACK,LEGACY_SETUP_ID,FROZEN_TRADE_PLAN,307.4071,284.46525,STOP,-0.07568974,-1.012568,-2326.756347,17.756171000000002,14.815135,0.591872
S6_EXEC_E0_LEGACY,2025-09-22,2025-09-23,2025-10-13,603612,索通发展,s6setup-e2176f4c641347e3af3a,s6event-c0a34750958096e5ab7c,1,SUPPORT_PULLBACK,LEGACY_SETUP_ID,FROZEN_TRADE_PLAN,26.04602,24.35562,STOP_GAP,-0.06922677,-1.413354,-180.308184,10.0,1.268183,0.050402
S6_EXEC_E0_LEGACY,2025-09-22,2025-09-23,2025-09-30,688063,派能科技,s6setup-c2fd1a235da71c264e7e,s6event-c784cdc831c065f7681e,4,SUPPORT_PULLBACK,LEGACY_SETUP_ID,FROZEN_TRADE_PLAN,58.614556,71.84808,TARGET,0.22343077,4.375361,1309.629538,10.0,3.722867,0.130463
S6_EXEC_E0_LEGACY,2025-09-22,2025-09-23,2025-10-10,688235,百济神州,s6setup-bea30948481b1e887e0f,s6event-69ac4e6da73ed19d6975,2,SUPPORT_PULLBACK,LEGACY_SETUP_ID,FROZEN_TRADE_PLAN,312.8125,292.46724,STOP,-0.06610711,-1.0146,-2067.913035,18.158392,15.228642,0.60528
S6_EXEC_E0_LEGACY,2025-09-23,2025-09-24,2025-09-29,300394,天孚通信,s6setup-cac8a1d8746ec62e8f7e,s6event-79cd801d40302a847960,4,SUPPORT_PULLBACK,LEGACY_SETUP_ID,FROZEN_TRADE_PLAN,128.3711,120.807643,STOP_GAP,-0.06018763,-1.133765,-772.635227,10.0,6.289561,0.249179
S6_EXEC_E0_LEGACY,2025-09-24,2025-09-25,2025-10-13,002074,国轩高科,s6setup-ddd242a85968b864c223,s6event-9fde2ef85ad65964e051,1,SUPPORT_PULLBACK,LEGACY_SETUP_ID,FROZEN_TRADE_PLAN,44.55451,41.10885,STOP_GAP,-0.08006083,-1.117085,-356.707105,10.0,2.141105,0.085663
S6_EXEC_E0_LEGACY,2025-09-24,2025-09-25,2025-10-10,688235,百济神州,s6setup-6364bf1d4be532256cf2,s6event-69ac4e6da73ed19d6975,3,SUPPORT_PULLBACK,LEGACY_SETUP_ID,FROZEN_TRADE_PLAN,311.311,294.34536,STOP,-0.05557326,-1.017674,-1730.056714,18.169691,15.322924,0.605656
S6_EXEC_E0_LEGACY,2025-09-25,2025-09-26,2025-09-29,000796,凯撒旅业,s6setup-bba77eab5c130632d0e3,s6event-3deadc782cd4de01db84,1,SUPPORT_PULLBACK,LEGACY_SETUP_ID,FROZEN_TRADE_PLAN,6.43643,6.03396,STOP,-0.07855468,-1.015236,-50.56117,10.0,0.314168,0.01247
S6_EXEC_E0_LEGACY,2025-09-25,2025-09-26,2025-10-13,300035,中科电气,s6setup-05c1b4d829f66812bd4e,s6event-2961a3c374e5744640eb,3,SUPPORT_PULLBACK,LEGACY_SETUP_ID,FROZEN_TRADE_PLAN,22.57255,21.12885,STOP_GAP,-0.06887576,-1.134494,-155.470154,10.0,1.100144,0.043701
S6_EXEC_E0_LEGACY,2025-09-25,2025-09-26,2025-10-14,300568,星源材质,s6setup-264b4fa1922eeea044ab,s6event-495579573e707c2b9a3a,1,SUPPORT_PULLBACK,LEGACY_SETUP_ID,FROZEN_TRADE_PLAN,13.83382,13.20678,STOP,-0.05305214,-1.021537,-73.391376,10.0,0.68738,0.027041
S6_EXEC_E0_LEGACY,2025-09-25,2025-09-26,2025-09-29,600276,恒瑞医药,s6setup-a62f87e4b34911f97b44,s6event-3b72c53b2c6d47bdd8d4,1,SUPPORT_PULLBACK,LEGACY_SETUP_ID,FROZEN_TRADE_PLAN,70.6706,67.81212,STOP,-0.04236232,-1.024325,-299.377057,10.0,3.529089,0.138483
S6_EXEC_E0_LEGACY,2025-09-25,2025-09-26,2025-09-29,688235,百济神州,s6setup-4e007621adf207db42e2,s6event-69ac4e6da73ed19d6975,4,SUPPORT_PULLBACK,LEGACY_SETUP_ID,FROZEN_TRADE_PLAN,313.6133,296.35335,STOP,-0.05611119,-1.017488,-1759.721546,18.298999,15.427634,0.609967
S6_EXEC_E0_LEGACY,2025-09-30,2025-10-09,2025-10-10,300469,信息发展,s6setup-9b076a7334c850f93fd0,s6event-4412000d9bf3c54ba766,1,SUPPORT_PULLBACK,LEGACY_SETUP_ID,FROZEN_TRADE_PLAN,77.69762,72.90702,STOP,-0.06343257,-1.01547,-492.855972,10.0,3.795956,0.150605
S6_EXEC_E0_LEGACY,2025-09-30,2025-10-09,2025-10-13,601208,东材科技,s6setup-81cc4960a1a3257ec94d,s6event-8bf8b2da61d5fe354f3f,1,SUPPORT_PULLBACK,LEGACY_SETUP_ID,FROZEN_TRADE_PLAN,20.1201,17.7822,STOP_GAP,-0.12162813,-2.12517,-244.717014,10.0,0.927012,0.037902
S6_EXEC_E0_LEGACY,2025-09-30,2025-10-09,2025-11-06,601872,招商轮船,s6setup-279667d2b1b01bdb0a95,s6event-a28d9df03c2fe23de757,1,SUPPORT_PULLBACK,LEGACY_SETUP_ID,FROZEN_TRADE_PLAN,8.13813,8.25174,MAX_HOLDING,0.00114525,0.25352,0.932019,10.0,0.428977,0.01639
S6_EXEC_E0_LEGACY,2025-09-30,2025-10-09,2025-10-13,603119,浙江荣泰,s6setup-2374b9d39f87fc8f74cb,s6event-dc4701b8bbe38cbb670c,2,SUPPORT_PULLBACK,LEGACY_SETUP_ID,FROZEN_TRADE_PLAN,84.1379,75.270808,STOP_GAP,-0.10704239,-1.578364,-900.632191,10.0,3.922949,0.159409
S6_EXEC_E0_LEGACY,2025-10-09,2025-10-10,2025-10-13,002008,大族激光,s6setup-c41cf311890f660da644,s6event-8c444e2eb2d853778a83,1,SUPPORT_PULLBACK,LEGACY_SETUP_ID,FROZEN_TRADE_PLAN,39.8398,36.2637,STOP_GAP,-0.09274627,-1.521874,-369.499285,10.0,1.889288,0.076103
S6_EXEC_E0_LEGACY,2025-10-09,2025-10-10,2025-10-13,002624,完美世界,s6setup-f9859bec5b06a4db59b1,s6event-6b68071b8d4b40d1bc67,2,SUPPORT_PULLBACK,LEGACY_SETUP_ID,FROZEN_TRADE_PLAN,18.08807,16.76322,STOP_GAP,-0.07925556,-1.639524,-143.358012,10.0,0.873012,0.034851
S6_EXEC_E0_LEGACY,2025-10-09,2025-10-10,2025-10-13,603119,浙江荣泰,s6setup-c5ff5044c6a383480dae,s6event-dc4701b8bbe38cbb670c,3,SUPPORT_PULLBACK,LEGACY_SETUP_ID,FROZEN_TRADE_PLAN,81.4429,75.13479,STOP,-0.07916274,-1.012067,-644.724312,10.0,3.913317,0.156578
S6_EXEC_E0_LEGACY,2025-10-09,2025-10-10,2025-10-13,688234,天岳先进,s6setup-ca55c52aa162f3095096,s6event-024dddb2588ca4d156e7,1,SUPPORT_PULLBACK,LEGACY_SETUP_ID,FROZEN_TRADE_PLAN,84.09401,74.6253,STOP_GAP,-0.11424844,-1.592984,-960.760946,10.0,3.889984,0.158719
S6_EXEC_E0_LEGACY,2025-10-10,2025-10-13,2025-10-16,002683,广东宏大,s6setup-f2b2b481551a05209173,s6event-8c629dca789e807ee556,2,SUPPORT_PULLBACK,LEGACY_SETUP_ID,FROZEN_TRADE_PLAN,42.28224,39.95001,STOP,-0.05801555,-1.017446,-245.302741,10.0,2.079732,0.082232
S6_EXEC_E0_LEGACY,2025-10-20,2025-10-21,2025-11-17,300507,苏奥传感,s6setup-3aa58fbead45c91c50b2,s6event-fa007bd029d7f7cfa807,1,SUPPORT_PULLBACK,LEGACY_SETUP_ID,FROZEN_TRADE_PLAN,9.38938,8.84115,STOP,-0.06952886,-1.016408,-65.283289,10.0,0.460289,0.018231
S6_EXEC_E0_LEGACY,2025-10-21,2025-10-22,2025-11-10,002709,天赐材料,s6setup-0c843cc5db500181bac6,s6event-28252a0ec664958973b3,1,SUPPORT_PULLBACK,LEGACY_SETUP_ID,FROZEN_TRADE_PLAN,34.4344,45.57438,TARGET,0.31992405,4.074013,1101.639271,10.0,2.358728,0.080009
S6_EXEC_E0_LEGACY,2025-10-21,2025-10-22,2025-10-28,300507,苏奥传感,s6setup-f26a8499b91549be5903,s6event-fa007bd029d7f7cfa807,2,SUPPORT_PULLBACK,LEGACY_SETUP_ID,FROZEN_TRADE_PLAN,9.9099,9.37062,STOP,-0.06500148,-1.017701,-64.415817,10.0,0.48781199999999997,0.019281
S6_EXEC_E0_LEGACY,2025-10-21,2025-10-22,2025-11-17,300604,长川科技,s6setup-de80a953d02eacc30e5d,s6event-d6458e4584e157a3cf6c,1,SUPPORT_PULLBACK,LEGACY_SETUP_ID,FROZEN_TRADE_PLAN,83.3833,77.05287,STOP,-0.0776002,-1.012334,-647.056076,10.0,4.013079,0.160436
S6_EXEC_E0_LEGACY,2025-10-21,2025-10-22,2025-10-23,603786,科博达,s6setup-0b0ba46814574b34fc35,s6event-2d11010d023b71862c63,1,SUPPORT_PULLBACK,LEGACY_SETUP_ID,FROZEN_TRADE_PLAN,90.47038,81.49842,STOP_GAP,-0.10074489,-1.880764,-911.442848,10.0,4.24689,0.171969
S6_EXEC_E0_LEGACY,2025-10-21,2025-10-22,2025-10-27,688072,拓荆科技,s6setup-5aacc296dcfaa98adfe0,s6event-1fd860b99fe76c96a6a6,1,SUPPORT_PULLBACK,LEGACY_SETUP_ID,FROZEN_TRADE_PLAN,245.79555,316.11357,TARGET,0.28473165,4.113235,6998.577251,16.857274,16.367587,0.561909
S6_EXEC_E0_LEGACY,2025-10-21,2025-10-22,2025-11-17,688082,盛美上海,s6setup-55d47d00c93b356eb6e2,s6event-c9a42990e200f97a172c,1,SUPPORT_PULLBACK,LEGACY_SETUP_ID,FROZEN_TRADE_PLAN,180.18,164.24559,STOP,-0.08948846,-1.010425,-1612.403072,10.4054,8.556706,0.344426
S6_EXEC_E0_LEGACY,2025-10-21,2025-10-22,2025-11-19,688469,芯联集成,s6setup-4f26f5b925788d16026b,s6event-36fa43854161b2a6dc04,1,SUPPORT_PULLBACK,LEGACY_SETUP_ID,FROZEN_TRADE_PLAN,6.37637,6.88311,MAX_HOLDING,0.06322811,1.278452,40.316582,10.0,0.35741500000000004,0.013259
S6_EXEC_E0_LEGACY,2025-10-22,2025-10-23,2025-11-06,002150,正泰电源,s6setup-a0fd6d6bec6aad7bcb7a,s6event-7faecd4a4017b70c3a97,1,SUPPORT_PULLBACK,LEGACY_SETUP_ID,FROZEN_TRADE_PLAN,17.90789,23.46651,TARGET,0.30413818,4.005087,544.647307,10.0,1.2147000000000001,0.041374
S6_EXEC_E0_LEGACY,2025-10-22,2025-10-23,2025-11-11,002475,立讯精密,s6setup-278336658c72358f4295,s6event-cb55e46164518c7206a0,1,SUPPORT_PULLBACK,LEGACY_SETUP_ID,FROZEN_TRADE_PLAN,59.060005,56.38356,STOP,-0.04750747,-1.021542,-280.579142,10.0,2.934622,0.115444
S6_EXEC_E0_LEGACY,2025-10-23,2025-10-24,2025-11-04,300539,横河精密,s6setup-99d7bb8dad8b230a03d0,s6event-73dad3cb74d53d13919e,1,SUPPORT_PULLBACK,LEGACY_SETUP_ID,FROZEN_TRADE_PLAN,50.56051,46.03392,STOP,-0.09198034,-1.010285,-465.05729,10.0,2.3982900000000003,0.096594
S6_EXEC_E0_LEGACY,2025-10-24,2025-10-27,2025-11-04,300539,横河精密,s6setup-a5a86bfd984507ceb868,s6event-73dad3cb74d53d13919e,2,SUPPORT_PULLBACK,LEGACY_SETUP_ID,FROZEN_TRADE_PLAN,50.60055,45.89406,STOP,-0.09546145,-1.009857,-483.040187,10.0,2.391198,0.096495
S6_EXEC_E0_LEGACY,2025-10-24,2025-10-27,2025-11-19,601218,吉鑫科技,s6setup-931daa23d1fa27a6c286,s6event-bd6cb316e30023c3bdc1,1,SUPPORT_PULLBACK,LEGACY_SETUP_ID,FROZEN_TRADE_PLAN,5.600595,5.11488,STOP,-0.10505662,-1.010653,-58.837958,10.0,0.266459,0.010715
S6_EXEC_E0_LEGACY,2025-10-27,2025-10-28,2025-11-21,600577,精达股份,s6setup-03e742594afed14a3aac,s6event-3acc2712a4ac2b8aa94a,1,SUPPORT_PULLBACK,LEGACY_SETUP_ID,FROZEN_TRADE_PLAN,10.35034,9.77022,STOP,-0.06620133,-1.017148,-68.520627,10.0,0.508632,0.020121
S6_EXEC_E0_LEGACY,2025-10-27,2025-10-28,2025-11-03,603650,彤程新材,s6setup-e4e5d9e7c533b0bf2f40,s6event-4925cda1f8b20f1bb10a,1,SUPPORT_PULLBACK,LEGACY_SETUP_ID,FROZEN_TRADE_PLAN,41.6416,39.41055,STOP,-0.05647155,-1.018001,-235.15657,10.0,2.05158,0.081052
S6_EXEC_E0_LEGACY,2025-10-28,2025-10-29,2025-11-21,300001,特锐德,s6setup-8e6c71012fb3d3d76322,s6event-36450aa48b5c62e9e14e,1,SUPPORT_PULLBACK,LEGACY_SETUP_ID,FROZEN_TRADE_PLAN,27.67765,26.35362,STOP,-0.05194614,-1.020329,-143.774708,10.0,1.371712,0.054031
S6_EXEC_E0_LEGACY,2025-10-28,2025-10-29,2025-11-03,688409,富创精密,s6setup-45795528ad6336fc4943,s6event-8ff58c5858d0040f021e,2,SUPPORT_PULLBACK,LEGACY_SETUP_ID,FROZEN_TRADE_PLAN,75.68561,70.11981,STOP,-0.07534217,-1.012772,-570.23181,10.0,3.6517950000000003,0.145805
S6_EXEC_E0_LEGACY,2025-10-29,2025-10-30,2025-11-18,600490,鹏欣资源,s6setup-5ca17db33f87b3b76412,s6event-1f8b0f78ed030e7dd4d1,2,SUPPORT_PULLBACK,LEGACY_SETUP_ID,FROZEN_TRADE_PLAN,8.147139,7.4925,STOP,-0.09310528,-1.011589,-75.854166,10.0,0.390265,0.01564
S6_EXEC_E0_LEGACY,2025-10-30,2025-10-31,2025-11-06,002941,新疆交建,s6setup-a39177bc86e1234db634,s6event-ea7b18434f206532ead1,1,SUPPORT_PULLBACK,LEGACY_SETUP_ID,FROZEN_TRADE_PLAN,18.52851,17.32266,STOP,-0.07096468,-1.01459,-131.486978,10.0,0.901984,0.035851
S6_EXEC_E0_LEGACY,2025-10-30,2025-10-31,2025-11-03,688249,晶合集成,s6setup-8f4f7a006aabcd4114df,s6event-1d5da2d8a26fed7f63ec,2,SUPPORT_PULLBACK,LEGACY_SETUP_ID,FROZEN_TRADE_PLAN,35.84581,33.1668,STOP_GAP,-0.07800866,-1.303141,-279.62836,10.0,1.727353,0.069013
S6_EXEC_E0_LEGACY,2025-10-30,2025-10-31,2025-11-21,688480,赛恩斯,s6setup-1ee9a9afea96750fe1f1,s6event-df5feed5ac3db1d9a50f,1,SUPPORT_PULLBACK,LEGACY_SETUP_ID,FROZEN_TRADE_PLAN,51.53148,47.34261,STOP,-0.0837067,-1.011443,-431.353014,10.0,2.466005,0.098874
S6_EXEC_E0_LEGACY,2025-10-31,2025-11-03,2025-11-05,600490,鹏欣资源,s6setup-6f74b0323bd14cc4c0e3,s6event-1f8b0f78ed030e7dd4d1,4,SUPPORT_PULLBACK,LEGACY_SETUP_ID,FROZEN_TRADE_PLAN,8.087079,7.641351,STOP_GAP,-0.06797336,-1.019788,-54.970593,10.0,0.39779600000000004,0.015728
S6_EXEC_E0_LEGACY,2025-10-31,2025-11-03,2025-11-05,601212,白银有色,s6setup-403eb70203523a546ba4,s6event-d2931bbc6e7afc71a24e,1,SUPPORT_PULLBACK,LEGACY_SETUP_ID,FROZEN_TRADE_PLAN,5.19519,4.88511,STOP_GAP,-0.07942411,-1.126785,-41.262334,10.0,0.254336,0.01008
S6_EXEC_E0_LEGACY,2025-11-03,2025-11-04,2025-11-05,002941,新疆交建,s6setup-95b0f66b91a78501b282,s6event-ea7b18434f206532ead1,3,SUPPORT_PULLBACK,LEGACY_SETUP_ID,FROZEN_TRADE_PLAN,18.1181,17.46252,STOP,-0.04220459,-1.027394,-76.466698,10.0,0.9087069999999999,0.035581
S6_EXEC_E0_LEGACY,2025-11-05,2025-11-06,2025-11-18,688377,迪威尔,s6setup-ced7925d6efb35e890a4,s6event-767669431e7c7f98ea73,3,SUPPORT_PULLBACK,LEGACY_SETUP_ID,FROZEN_TRADE_PLAN,33.208175,31.95801,STOP,-0.04115841,-1.026261,-136.679568,10.0,1.663067,0.065166
S6_EXEC_E0_LEGACY,2025-11-10,2025-11-11,2025-11-18,601608,中信重工,s6setup-1d95ad7f92b55763e0a8,s6event-730a844ddc644df8743f,1,SUPPORT_PULLBACK,LEGACY_SETUP_ID,FROZEN_TRADE_PLAN,7.274467,6.82317,STOP,-0.07627357,-1.015367,-55.484957,10.0,0.355257,0.014098
S6_EXEC_E0_LEGACY,2025-11-11,2025-11-12,2025-11-17,001287,中电港,s6setup-0ef40d7278ce749ab26a,s6event-9eb14b9d79132bcd381a,2,SUPPORT_PULLBACK,LEGACY_SETUP_ID,FROZEN_TRADE_PLAN,25.487462,23.95602,STOP,-0.06449895,-1.015908,-164.391454,10.0,1.2472439999999998,0.049443
S6_EXEC_E0_LEGACY,2025-11-11,2025-11-12,2025-11-21,301200,大族数控,s6setup-2c4bbb328f5078d10720,s6event-5ce5a7ffc975302a0a21,1,SUPPORT_PULLBACK,LEGACY_SETUP_ID,FROZEN_TRADE_PLAN,114.54443,106.75314,STOP,-0.06937814,-1.013906,-794.68795,10.0,5.558955,0.221298
S6_EXEC_E0_LEGACY,2025-11-11,2025-11-12,2025-11-18,601608,中信重工,s6setup-4de2643acc860e8c8db9,s6event-730a844ddc644df8743f,2,SUPPORT_PULLBACK,LEGACY_SETUP_ID,FROZEN_TRADE_PLAN,7.184377,6.75324,STOP,-0.07441884,-1.015929,-53.4653,10.0,0.3516,0.013938
S6_EXEC_E0_LEGACY,2025-11-13,2025-11-14,2025-11-19,301200,大族数控,s6setup-2e81c84853c18b705a82,s6event-fb7f3915940443952bbf,1,SUPPORT_PULLBACK,LEGACY_SETUP_ID,FROZEN_TRADE_PLAN,115.58547,108.97092,STOP_GAP,-0.05858246,-1.069369,-677.128117,10.0,5.673102,0.224556
S6_EXEC_E0_LEGACY,2025-11-13,2025-11-14,2025-11-17,600021,上海电力,s6setup-c43b5710ab76eac9ed6c,s6event-c874e63a2dde99337082,1,SUPPORT_PULLBACK,LEGACY_SETUP_ID,FROZEN_TRADE_PLAN,27.65763,25.24473,STOP_GAP,-0.09133289,-1.47341,-252.605128,10.0,1.315138,0.052902
S6_EXEC_E0_LEGACY,2025-11-13,2025-11-14,2025-11-21,600549,厦门钨业,s6setup-12d2a0ea20e38cbc1534,s6event-3e50516456c670624b86,1,SUPPORT_PULLBACK,LEGACY_SETUP_ID,FROZEN_TRADE_PLAN,33.78375,32.20776,STOP,-0.05010556,-1.020884,-169.275371,10.0,1.67638,0.065992
S6_EXEC_E0_LEGACY,2025-11-13,2025-11-14,2025-11-17,601611,中国核建,s6setup-523a09f50b44b3299369,s6event-45133f9b84b85ac925b0,1,SUPPORT_PULLBACK,LEGACY_SETUP_ID,FROZEN_TRADE_PLAN,12.93292,12.11787,STOP,-0.07124141,-1.015107,-92.135946,10.0,0.6309450000000001,0.025051
S6_EXEC_E0_LEGACY,2025-11-14,2025-11-17,2025-11-18,600595,中孚实业,s6setup-100f5c3cd4f69e5ae4f6,s6event-362577aa162da4b865e4,2,SUPPORT_PULLBACK,LEGACY_SETUP_ID,FROZEN_TRADE_PLAN,6.731725,6.208785,STOP_GAP,-0.09301833,-1.530295,-62.617382,10.0,0.32338,0.012941
S6_EXEC_E0_LEGACY,2025-11-14,2025-11-17,2025-11-18,603301,振德医疗,s6setup-380658457793e1170035,s6event-477fdbed20c40a2a35af,2,SUPPORT_PULLBACK,LEGACY_SETUP_ID,FROZEN_TRADE_PLAN,88.37829,79.4205,STOP_GAP,-0.10295717,-1.131278,-909.917863,10.0,4.138824,0.167799
S6_EXEC_E0_LEGACY,2025-11-17,2025-11-18,2025-11-21,300454,深信服,s6setup-478345d5e6f6770a72b4,s6event-192502a6f91c83b665eb,1,SUPPORT_PULLBACK,LEGACY_SETUP_ID,FROZEN_TRADE_PLAN,119.00889,111.80808,STOP,-0.0618359,-1.015788,-735.902182,10.0,5.821221,0.230817
S6_EXEC_E0_LEGACY,2025-11-17,2025-11-18,2025-11-21,300520,科大国创,s6setup-db0db0e777752f50b52f,s6event-0f2a349c50a05171bd9a,1,SUPPORT_PULLBACK,LEGACY_SETUP_ID,FROZEN_TRADE_PLAN,39.07904,35.3646,STOP,-0.09807986,-1.009622,-383.286677,10.0,1.842674,0.074444
S6_EXEC_E0_LEGACY,2025-11-17,2025-11-18,2025-11-19,600515,海南机场,s6setup-7520b9018ef27977fe3b,s6event-29a42588013dc2a8f8f8,1,SUPPORT_PULLBACK,LEGACY_SETUP_ID,FROZEN_TRADE_PLAN,5.350345,5.0949,STOP,-0.06692968,-1.020372,-35.809688,10.0,0.26519,0.010445
S6_EXEC_E0_LEGACY,2025-11-18,2025-11-19,2025-11-24,300814,中富电路,s6setup-c8e2a112f1ee166b60ab,s6event-ef54aa03623f66c8b2ed,1,SUPPORT_PULLBACK,LEGACY_SETUP_ID,FROZEN_TRADE_PLAN,66.07601,87.50241,TARGET,0.32207019,3.585402,2128.11131,10.0,4.528699,0.153578
S6_EXEC_E0_LEGACY,2025-11-18,2025-11-19,2025-11-25,601898,中煤能源,s6setup-76f1f31a0b4983585ccc,s6event-ac263b478bbe1866b3ba,1,SUPPORT_PULLBACK,LEGACY_SETUP_ID,FROZEN_TRADE_PLAN,14.28427,13.65633,STOP,-0.05145853,-1.022254,-73.504754,10.0,0.710758,0.027941
S6_EXEC_E0_LEGACY,2025-11-20,2025-11-21,2025-12-19,002028,思源电气,s6setup-015b9fc1c4e7060fe9ee,s6event-af68914407c0d5c53178,1,SUPPORT_PULLBACK,LEGACY_SETUP_ID,FROZEN_TRADE_PLAN,137.437409,145.004959,MAX_HOLDING,0.05378611,1.354393,739.22236,10.0,7.53269,0.282442
S6_EXEC_E0_LEGACY,2025-11-20,2025-11-21,2025-11-24,603516,淳中科技,s6setup-d0e6944fe48379037e2f,s6event-79f169b53579a8020a63,1,SUPPORT_PULLBACK,LEGACY_SETUP_ID,FROZEN_TRADE_PLAN,193.0929,184.66515,STOP,-0.04473074,-1.022425,-863.718831,11.332740999999999,9.611016,0.377758
S6_EXEC_E0_LEGACY,2025-12-01,2025-12-02,2025-12-16,601969,海南矿业,s6setup-ca9797effd3ab4993fd5,s6event-e3fd813d974925c5bccd,1,SUPPORT_PULLBACK,LEGACY_SETUP_ID,FROZEN_TRADE_PLAN,11.53152,10.45953,STOP,-0.1021062,-1.009863,-117.743969,10.0,0.544967,0.021991
S6_EXEC_E0_LEGACY,2025-12-03,2025-12-04,2025-12-05,000833,粤桂股份,s6setup-c7e1dcf42328ff372e2a,s6event-eaee97f62428e39ff3be,1,SUPPORT_PULLBACK,LEGACY_SETUP_ID,FROZEN_TRADE_PLAN,19.90989,19.05093,STOP,-0.048663,-1.022705,-96.887498,10.0,0.991507,0.038961
S6_EXEC_E0_LEGACY,2025-12-04,2025-12-05,,300390,天华新能,s6setup-febba4e8286185632756,s6event-3654a2cd11aed8df791b,1,SUPPORT_PULLBACK,LEGACY_SETUP_ID,FROZEN_TRADE_PLAN,49.86982,0.0,UNRESOLVED_NO_EXIT_BAR,0.0,0.0,0.0,0.0,0.0,0.0
S6_EXEC_E0_LEGACY,2025-12-18,2025-12-19,,688110,东芯股份,s6setup-a7bdb0fc119a26842f6a,s6event-e7d1f64351439187182c,1,SUPPORT_PULLBACK,LEGACY_SETUP_ID,FROZEN_TRADE_PLAN,118.118,0.0,UNRESOLVED_NO_EXIT_BAR,0.0,0.0,0.0,0.0,0.0,0.0
S6_EXEC_E0_LEGACY,2025-12-23,2025-12-24,,002029,七 匹 狼,s6setup-0eba66d04ba807005d51,s6event-4a82a5e847912547a456,1,SUPPORT_PULLBACK,LEGACY_SETUP_ID,FROZEN_TRADE_PLAN,11.03102,0.0,UNRESOLVED_NO_EXIT_BAR,0.0,0.0,0.0,0.0,0.0,0.0
S6_EXEC_E0_LEGACY,2025-12-25,2025-12-26,2025-12-30,688313,仕佳光子,s6setup-b3e21472ed237276500b,s6event-81f4d89b77056eae5ed3,1,SUPPORT_PULLBACK,LEGACY_SETUP_ID,FROZEN_TRADE_PLAN,95.2952,87.67224,STOP_GAP,-0.08152169,-1.028018,-776.862575,10.0,4.566579,0.182967
S6_EXEC_E0_LEGACY,2025-12-29,2025-12-30,,001267,汇绿生态,s6setup-223e50ba051c0a8871db,s6event-c1c9da22fe9718ed15a0,2,SUPPORT_PULLBACK,LEGACY_SETUP_ID,FROZEN_TRADE_PLAN,21.278257,0.0,UNRESOLVED_NO_EXIT_BAR,0.0,0.0,0.0,0.0,0.0,0.0
S6_EXEC_E0_LEGACY,2025-12-30,2025-12-31,,002353,杰瑞股份,s6setup-e96d08e08af4d241ee72,s6event-ed61b45c4ee006143ab1,1,SUPPORT_PULLBACK,LEGACY_SETUP_ID,FROZEN_TRADE_PLAN,72.64257,0.0,UNRESOLVED_NO_EXIT_BAR,0.0,0.0,0.0,0.0,0.0,0.0
S6_EXEC_E1_FIRST_EVENT,2024-03-18,2024-03-19,2024-03-27,300210,森远股份,s6setup-86918b98cb309eb4bbcc,s6event-13cf94fd89b294dda261,1,SUPPORT_PULLBACK,FIRST_EVENT_PER_START,FROZEN_TRADE_PLAN,12.8128,11.40858,STOP,-0.11786389,-1.008199,-151.016645,10.0,0.59465,0.024221
S6_EXEC_E1_FIRST_EVENT,2024-05-06,2024-05-07,2024-06-04,000426,兴业银锡,s6setup-d2447255d82b4e7de908,s6event-ade88a7e3340f0c608e4,1,SUPPORT_PULLBACK,FIRST_EVENT_PER_START,FROZEN_TRADE_PLAN,13.148135,14.180805,MAX_HOLDING,0.07037548,1.277843,92.530631,10.0,0.736369,0.027329
S6_EXEC_E1_FIRST_EVENT,2024-05-13,2024-05-14,2024-05-15,000777,中核科技,s6setup-e8d29abdf82f10859d35,s6event-d9a68bad3c5ecef6c2eb,1,SUPPORT_PULLBACK,FIRST_EVENT_PER_START,FROZEN_TRADE_PLAN,18.054036,17.15283,STOP,-0.05595062,-1.019422,-101.013451,10.0,0.892849,0.035207
S6_EXEC_E1_FIRST_EVENT,2024-05-17,2024-05-20,2024-05-22,300067,安诺其,s6setup-be0b960820e1965a8848,s6event-2a0f1b26a03dc3320251,1,SUPPORT_PULLBACK,FIRST_EVENT_PER_START,FROZEN_TRADE_PLAN,4.83483,4.44555,STOP,-0.10167795,-1.011564,-49.15956,10.0,0.231558,0.00928
S6_EXEC_E1_FIRST_EVENT,2024-05-31,2024-06-03,2024-06-04,000933,神火股份,s6setup-7e67e50667dcc64f113d,s6event-8047ef9f52333fc5da81,2,SUPPORT_PULLBACK,FIRST_EVENT_PER_START,FROZEN_TRADE_PLAN,21.40138,20.61936,STOP,-0.04171459,-1.027109,-89.274979,10.0,1.0729890000000002,0.042021
S6_EXEC_E1_FIRST_EVENT,2024-06-28,2024-07-01,2024-07-05,601138,工业富联,s6setup-30949657f005e4e7ad28,s6event-3c06f3afe185c23baf5b,2,SUPPORT_PULLBACK,FIRST_EVENT_PER_START,FROZEN_TRADE_PLAN,25.88586,25.12485,STOP,-0.0337668,-1.034178,-87.408266,10.0,1.307253,0.051011
S6_EXEC_E1_FIRST_EVENT,2024-10-24,2024-10-25,2024-11-04,002142,宁波银行,s6setup-1e29f4e0d840d2523b33,s6event-a5acafd9c44265c25654,2,SUPPORT_PULLBACK,FIRST_EVENT_PER_START,FROZEN_TRADE_PLAN,24.27425,23.18679,STOP,-0.04941566,-1.021809,-119.952808,10.0,1.2067999999999999,0.047461
S6_EXEC_E1_FIRST_EVENT,2024-10-25,2024-10-28,2024-11-25,300925,法本信息,s6setup-d30fce650daba787ff76,s6event-30c6891ca5ec417fab68,1,SUPPORT_PULLBACK,FIRST_EVENT_PER_START,FROZEN_TRADE_PLAN,25.210185,23.811165,MAX_HOLDING,-0.05995259,-0.407856,-151.141589,10.0,1.239579,0.049021
S6_EXEC_E1_FIRST_EVENT,2024-10-28,2024-10-29,2024-10-30,300750,宁德时代,s6setup-9e65aa9fcaf21c87e545,s6event-5544629afb4ed516095b,1,SUPPORT_PULLBACK,FIRST_EVENT_PER_START,FROZEN_TRADE_PLAN,242.735494,232.80696,STOP,-0.04198956,-1.024036,-1019.235659,14.266274,12.11589,0.475542
S6_EXEC_E1_FIRST_EVENT,2024-10-28,2024-10-29,2024-10-31,601186,中国铁建,s6setup-af11af9996de7f907a8d,s6event-22abb3eb478dbb2950ea,2,SUPPORT_PULLBACK,FIRST_EVENT_PER_START,FROZEN_TRADE_PLAN,8.6086,8.26173,STOP_GAP,-0.05240917,-1.201906,-45.116958,10.0,0.429956,0.01687
S6_EXEC_E1_FIRST_EVENT,2024-10-29,2024-10-30,2024-11-11,300293,蓝英装备,s6setup-2f57feeea609bcb0e16b,s6event-65b03df8846380bd20fc,2,SUPPORT_PULLBACK,FIRST_EVENT_PER_START,FROZEN_TRADE_PLAN,28.23821,39.10086,TARGET,0.38042164,3.323731,1074.242616,10.0,2.022382,0.067339
S6_EXEC_E1_FIRST_EVENT,2024-10-29,2024-10-30,2024-11-01,300709,精研科技,s6setup-1a47687228730efc7c66,s6event-c847e2286a4d9449dd22,2,SUPPORT_PULLBACK,FIRST_EVENT_PER_START,FROZEN_TRADE_PLAN,43.88384,41.31864,STOP,-0.06122325,-1.016388,-268.671131,10.0,2.151134,0.085202
S6_EXEC_E1_FIRST_EVENT,2024-10-31,2024-11-01,2024-11-14,300139,晓程科技,s6setup-03ac53b95d0ed4d67393,s6event-69df3a7c103f9a68ab46,1,SUPPORT_PULLBACK,FIRST_EVENT_PER_START,FROZEN_TRADE_PLAN,19.33932,17.45253,STOP,-0.10320343,-1.009346,-199.588416,10.0,0.9094180000000001,0.036792
S6_EXEC_E1_FIRST_EVENT,2024-10-31,2024-11-01,2024-11-28,600415,小商品城,s6setup-972b529ace9e37bf0db0,s6event-f9f7a9ec98b9e48f99c9,1,SUPPORT_PULLBACK,FIRST_EVENT_PER_START,FROZEN_TRADE_PLAN,9.77977,12.49749,TARGET,0.2670051,5.437941,261.124847,10.0,0.647151,0.022277
S6_EXEC_E1_FIRST_EVENT,2024-11-06,2024-11-07,2024-11-15,002130,沃尔核材,s6setup-b3bfe3b0c2577df77662,s6event-44ba49386672a162979d,1,SUPPORT_PULLBACK,FIRST_EVENT_PER_START,FROZEN_TRADE_PLAN,18.817158,17.81217,STOP,-0.05921513,-1.018062,-111.426046,10.0,0.927237,0.036629
S6_EXEC_E1_FIRST_EVENT,2024-11-08,2024-11-11,2024-11-25,002600,领益智造,s6setup-683787f79104f8ee2e19,s6event-59d8b9663583928e9f7b,1,SUPPORT_PULLBACK,FIRST_EVENT_PER_START,FROZEN_TRADE_PLAN,8.48848,7.8921,STOP,-0.08252241,-1.013424,-70.048983,10.0,0.41098599999999996,0.016381
S6_EXEC_E1_FIRST_EVENT,2024-11-08,2024-11-11,2024-11-18,300067,安诺其,s6setup-00fcccb83fb3b2701a5b,s6event-759b48ea271bddf08145,1,SUPPORT_PULLBACK,FIRST_EVENT_PER_START,FROZEN_TRADE_PLAN,6.11611,5.61438,STOP,-0.09886259,-1.011328,-60.465448,10.0,0.292449,0.01173
S6_EXEC_E1_FIRST_EVENT,2024-11-08,2024-11-11,2024-11-15,688252,天德钰,s6setup-99a79916c8c7e6f3c311,s6event-cc4e1f772400fe4f601d,1,SUPPORT_PULLBACK,FIRST_EVENT_PER_START,FROZEN_TRADE_PLAN,24.322298,23.00697,STOP,-0.05868297,-1.017821,-142.730468,10.0,1.1976769999999999,0.047329
S6_EXEC_E1_FIRST_EVENT,2024-11-11,2024-11-12,2024-11-14,300061,旗天科技,s6setup-da799d9c466c9a1bd1c9,s6event-31f5373379c3781adcbd,1,SUPPORT_PULLBACK,FIRST_EVENT_PER_START,FROZEN_TRADE_PLAN,18.09808,16.15383,STOP,-0.11341918,-1.008387,-205.266939,10.0,0.841943,0.034252
S6_EXEC_E1_FIRST_EVENT,2024-11-12,2024-11-13,2024-11-18,300046,台基股份,s6setup-80d778573b45a6448eaf,s6event-10a57412646a78fedf11,1,SUPPORT_PULLBACK,FIRST_EVENT_PER_START,FROZEN_TRADE_PLAN,44.739695,39.265695,STOP_GAP,-0.12504495,-1.079749,-559.447292,10.0,2.04729,0.084005
S6_EXEC_E1_FIRST_EVENT,2024-11-12,2024-11-13,2024-11-18,300102,乾照光电,s6setup-5c64756c89da797ce137,s6event-1f338a529659d92e3327,1,SUPPORT_PULLBACK,FIRST_EVENT_PER_START,FROZEN_TRADE_PLAN,13.317304,11.96802,STOP,-0.10929546,-1.008958,-145.552087,10.0,0.623686,0.025285
S6_EXEC_E1_FIRST_EVENT,2024-11-13,2024-11-14,2024-12-12,300085,银之杰,s6setup-e42a370d8980d8402bcb,s6event-30992034cfbdfeb2ceb9,1,SUPPORT_PULLBACK,FIRST_EVENT_PER_START,FROZEN_TRADE_PLAN,49.5495,49.63032,MAX_HOLDING,-0.00090792,0.010349,-4.498698,10.0,2.580696,0.09918
S6_EXEC_E1_FIRST_EVENT,2024-11-13,2024-11-14,2024-11-15,300424,航新科技,s6setup-be858b46ff0d049233b9,s6event-4078c31fc7789642ae88,1,SUPPORT_PULLBACK,FIRST_EVENT_PER_START,FROZEN_TRADE_PLAN,20.66064,19.09089,STOP,-0.08129917,-1.012324,-167.969288,10.0,0.994297,0.039752
S6_EXEC_E1_FIRST_EVENT,2024-11-14,2024-11-15,2024-11-18,600843,上工申贝,s6setup-85db4a2ab7750e044af3,s6event-ac4622bd39b6183386ea,1,SUPPORT_PULLBACK,FIRST_EVENT_PER_START,FROZEN_TRADE_PLAN,13.7137,12.35763,STOP,-0.10664587,-1.009206,-146.250947,10.0,0.643952,0.026071
S6_EXEC_E1_FIRST_EVENT,2024-11-15,2024-11-18,2024-12-16,300776,帝尔激光,s6setup-c76fc897bc2b7cd6f146,s6event-cf4328f2cab914cc501f,1,SUPPORT_PULLBACK,FIRST_EVENT_PER_START,FROZEN_TRADE_PLAN,75.29522,68.61132,STOP,-0.09057208,-1.010382,-681.964469,10.0,3.574473,0.143907
S6_EXEC_E1_FIRST_EVENT,2024-11-18,2024-11-19,2024-11-25,002281,光迅科技,s6setup-b8d2a449d0045b5a5ce1,s6event-060a9ace70fcc7fa9928,1,SUPPORT_PULLBACK,FIRST_EVENT_PER_START,FROZEN_TRADE_PLAN,44.27423,40.7592,STOP,-0.08213039,-1.011744,-363.625978,10.0,2.122993,0.085033
S6_EXEC_E1_FIRST_EVENT,2024-11-19,2024-11-20,2024-11-25,600879,航天电子,s6setup-9543c99369764b5ccdd8,s6event-59d981c25ba6c9e7261a,1,SUPPORT_PULLBACK,FIRST_EVENT_PER_START,FROZEN_TRADE_PLAN,9.748739,9.10089,STOP,-0.07719849,-1.014262,-75.258793,10.0,0.473894,0.01885
S6_EXEC_E1_FIRST_EVENT,2024-11-22,2024-11-25,2024-12-13,603099,长白山,s6setup-f5596be19bb7272c4656,s6event-4e5be90ee4ed8e45b2a1,1,SUPPORT_PULLBACK,FIRST_EVENT_PER_START,FROZEN_TRADE_PLAN,38.692153,53.29665,TARGET,0.37415671,5.268287,1447.692867,10.0,2.7568219999999997,0.091989
S6_EXEC_E1_FIRST_EVENT,2024-11-25,2024-11-26,2024-11-27,600010,包钢股份,s6setup-dbea198c47162c06a439,s6event-6430e928249ca2be0c85,1,SUPPORT_PULLBACK,FIRST_EVENT_PER_START,FROZEN_TRADE_PLAN,1.979978,1.85814,STOP,-0.11252926,-1.015503,-22.280546,10.0,0.096745,0.003838
S6_EXEC_E1_FIRST_EVENT,2024-12-03,2024-12-04,2024-12-13,688299,长阳科技,s6setup-43afa70145b72df89eb9,s6event-4095879fec5110746473,1,SUPPORT_PULLBACK,FIRST_EVENT_PER_START,FROZEN_TRADE_PLAN,18.96895,17.1828,STOP,-0.09990553,-1.009723,-189.5103,10.0,0.895292,0.036152
S6_EXEC_E1_FIRST_EVENT,2024-12-06,2024-12-09,2025-01-07,300131,英唐智控,s6setup-8d7f3cd60a44c38e966c,s6event-bea5055d3221e44e3dad,1,SUPPORT_PULLBACK,FIRST_EVENT_PER_START,FROZEN_TRADE_PLAN,8.1081,9.0909,MAX_HOLDING,0.10829696,1.516433,87.808258,10.0,0.471744,0.017199
S6_EXEC_E1_FIRST_EVENT,2024-12-11,2024-12-12,2024-12-16,002194,武汉凡谷,s6setup-3612f5ac72a5762c6014,s6event-fdf3abf19eddc202c642,1,SUPPORT_PULLBACK,FIRST_EVENT_PER_START,FROZEN_TRADE_PLAN,13.43342,12.72726,STOP,-0.06050471,-1.018373,-81.278518,10.0,0.662524,0.026161
S6_EXEC_E1_FIRST_EVENT,2024-12-11,2024-12-12,2024-12-13,601360,三六零,s6setup-6271e09715fb99b07d7c,s6event-b169413ceb6d517710ae,1,SUPPORT_PULLBACK,FIRST_EVENT_PER_START,FROZEN_TRADE_PLAN,12.96295,12.25773,STOP,-0.06260929,-1.017707,-81.16011,10.0,0.638108,0.025221
S6_EXEC_E1_FIRST_EVENT,2024-12-12,2024-12-13,2024-12-16,603078,江化微,s6setup-5e35a695f2bd5244a9c7,s6event-6f59b3c69b820faa0c8c,1,SUPPORT_PULLBACK,FIRST_EVENT_PER_START,FROZEN_TRADE_PLAN,18.64863,17.4825,STOP,-0.0683821,-1.015236,-127.523248,10.0,0.9102560000000001,0.036131
S6_EXEC_E1_FIRST_EVENT,2024-12-13,2024-12-16,2024-12-18,300377,赢时胜,s6setup-861e18604179a7947c08,s6event-6b7d949c83b5b7968218,1,SUPPORT_PULLBACK,FIRST_EVENT_PER_START,FROZEN_TRADE_PLAN,33.1331,30.19977,STOP,-0.09202469,-1.010413,-304.906326,10.0,1.5733210000000002,0.063333
S6_EXEC_E1_FIRST_EVENT,2024-12-16,2024-12-17,2024-12-23,600292,电投水电,s6setup-6e3280140834bf327467,s6event-18d4ebc0506f2cd2ad38,1,SUPPORT_PULLBACK,FIRST_EVENT_PER_START,FROZEN_TRADE_PLAN,14.463449,13.3866,STOP,-0.08184914,-1.012601,-118.382086,10.0,0.69718,0.02785
S6_EXEC_E1_FIRST_EVENT,2024-12-18,2024-12-19,2025-01-03,600601,方正科技,s6setup-c456d52e3d99d7b05be2,s6event-c10b5d7ff1948e718b95,1,SUPPORT_PULLBACK,FIRST_EVENT_PER_START,FROZEN_TRADE_PLAN,4.27427,4.02597,STOP,-0.08197797,-1.016498,-35.039598,10.0,0.209598,0.0083
S6_EXEC_E1_FIRST_EVENT,2024-12-19,2024-12-20,2024-12-23,300459,汤姆猫,s6setup-dbc04670d4bf601779fa,s6event-99a5e35ae22e99e9a682,1,SUPPORT_PULLBACK,FIRST_EVENT_PER_START,FROZEN_TRADE_PLAN,7.31731,6.78321,STOP,-0.0871403,-1.012877,-63.763259,10.0,0.353261,0.014101
S6_EXEC_E1_FIRST_EVENT,2024-12-20,2024-12-23,2024-12-26,600864,哈投股份,s6setup-2dcaee0f6253a30902e6,s6event-91cee0cc37286ab99f3c,1,SUPPORT_PULLBACK,FIRST_EVENT_PER_START,FROZEN_TRADE_PLAN,7.086079,7.74225,TARGET,0.07792061,1.656667,55.21516,10.0,0.401941,0.014828
S6_EXEC_E1_FIRST_EVENT,2024-12-25,2024-12-26,2024-12-31,300276,三丰智能,s6setup-6def61aaa26d7a0e6f00,s6event-ea9dd03830f9f8dd5b9e,1,SUPPORT_PULLBACK,FIRST_EVENT_PER_START,FROZEN_TRADE_PLAN,10.72071,9.44055,STOP_GAP,-0.12919684,-1.031796,-138.508185,10.0,0.49218799999999996,0.020161
S6_EXEC_E1_FIRST_EVENT,2024-12-26,2024-12-27,2024-12-31,300503,昊志机电,s6setup-4be758aa7cd2b076adfe,s6event-eae8ded838d613114f9c,1,SUPPORT_PULLBACK,FIRST_EVENT_PER_START,FROZEN_TRADE_PLAN,21.348327,19.47051,STOP,-0.0931202,-1.010488,-198.796048,10.0,1.014345,0.040819
S6_EXEC_E1_FIRST_EVENT,2024-12-27,2024-12-30,2024-12-31,688787,海天瑞声,s6setup-d3019118655a97c1c18a,s6event-77458ebca9d455be3c96,1,SUPPORT_PULLBACK,FIRST_EVENT_PER_START,FROZEN_TRADE_PLAN,113.66355,98.99091,STOP,-0.1304223,-1.006799,-1482.426162,10.0,5.1621999999999995,0.212654
S6_EXEC_E1_FIRST_EVENT,2025-01-03,2025-01-06,2025-01-22,688205,德科立,s6setup-65fe963253d88d0a6493,s6event-c0718da91785d4bfccd5,2,SUPPORT_PULLBACK,FIRST_EVENT_PER_START,FROZEN_TRADE_PLAN,63.7868,84.83508,TARGET,0.3277226,3.259862,2090.437594,10.0,4.390376,0.148622
S6_EXEC_E1_FIRST_EVENT,2025-02-11,2025-02-12,2025-02-18,002119,康强电子,s6setup-ee83bf34d16fd61dbe6e,s6event-720e36ef853d1cbbfb7e,2,SUPPORT_PULLBACK,FIRST_EVENT_PER_START,FROZEN_TRADE_PLAN,18.30829,17.2827,STOP,-0.06197123,-1.017158,-113.458725,10.0,0.899726,0.035591
S6_EXEC_E1_FIRST_EVENT,2025-02-11,2025-02-12,2025-02-14,600601,方正科技,s6setup-f532cfcef1961d07d7a5,s6event-677e4c803b1030f7e12c,1,SUPPORT_PULLBACK,FIRST_EVENT_PER_START,FROZEN_TRADE_PLAN,5.37537,4.96503,STOP,-0.09542151,-1.01226,-51.292592,10.0,0.258591,0.01034
S6_EXEC_E1_FIRST_EVENT,2025-02-18,2025-02-19,2025-03-03,301000,肇民科技,s6setup-918da66ce65af122abad,s6event-4ae5f9c31a604728129c,2,SUPPORT_PULLBACK,FIRST_EVENT_PER_START,FROZEN_TRADE_PLAN,35.64561,33.04692,STOP,-0.07619172,-1.012894,-271.590034,10.0,1.7210390000000002,0.068693
S6_EXEC_E1_FIRST_EVENT,2025-02-21,2025-02-24,2025-02-28,603236,移远通信,s6setup-0ea4f7f9586e556c39d6,s6event-b1f717c78a45bda973d5,1,SUPPORT_PULLBACK,FIRST_EVENT_PER_START,FROZEN_TRADE_PLAN,60.29595,57.25269,STOP,-0.05262479,-1.019193,-317.306171,10.0,2.980183,0.117549
S6_EXEC_E1_FIRST_EVENT,2025-02-26,2025-02-27,2025-02-28,300925,法本信息,s6setup-38cff9e0e7e0419fec38,s6event-050f76d94166e98295e9,2,SUPPORT_PULLBACK,FIRST_EVENT_PER_START,FROZEN_TRADE_PLAN,27.312285,25.5744,STOP,-0.06777906,-1.014951,-185.1201,10.0,1.331607,0.052887
S6_EXEC_E1_FIRST_EVENT,2025-02-27,2025-02-28,2025-03-24,600186,莲花控股,s6setup-4d929ef3b104891ee150,s6event-d2e0bab13a2cbf0fc2fe,2,SUPPORT_PULLBACK,FIRST_EVENT_PER_START,FROZEN_TRADE_PLAN,6.71671,6.12387,STOP,-0.10362668,-1.010448,-69.603036,10.0,0.319035,0.012841
S6_EXEC_E1_FIRST_EVENT,2025-03-03,2025-03-04,2025-03-31,688225,亚信安全,s6setup-b7da79bddadf3235431b,s6event-10744018ebd319a084f1,1,SUPPORT_PULLBACK,FIRST_EVENT_PER_START,FROZEN_TRADE_PLAN,25.4254,23.14683,STOP,-0.09402523,-1.010273,-239.062908,10.0,1.2059140000000002,0.048572
S6_EXEC_E1_FIRST_EVENT,2025-03-05,2025-03-06,2025-03-13,603005,晶方科技,s6setup-fb99a9ea9bf6c482cf37,s6event-021f5254cc1395bdb32d,1,SUPPORT_PULLBACK,FIRST_EVENT_PER_START,FROZEN_TRADE_PLAN,34.830796,32.85711,STOP,-0.06002709,-1.016947,-209.079133,10.0,1.710544,0.067688
S6_EXEC_E1_FIRST_EVENT,2025-03-06,2025-03-07,2025-03-24,300603,立昂技术,s6setup-e4b882cc76f264f60fa3,s6event-e6246efb01ae14a000f1,1,SUPPORT_PULLBACK,FIRST_EVENT_PER_START,FROZEN_TRADE_PLAN,13.8138,12.76722,STOP,-0.08348387,-1.012362,-115.322948,10.0,0.6649419999999999,0.026581
S6_EXEC_E1_FIRST_EVENT,2025-03-07,2025-03-10,2025-03-21,002518,科士达,s6setup-efe52db6cbf333d06fe7,s6event-69b0cb3cbd448aa0c8e5,1,SUPPORT_PULLBACK,FIRST_EVENT_PER_START,FROZEN_TRADE_PLAN,27.06704,26.12385,STOP,-0.0390432,-1.028516,-105.678386,10.0,1.359384,0.053191
S6_EXEC_E1_FIRST_EVENT,2025-03-07,2025-03-10,2025-03-13,603501,豪威集团,s6setup-e9dfe6dc7b1f76c08f27,s6event-caeba2f826388322f01d,2,SUPPORT_PULLBACK,FIRST_EVENT_PER_START,FROZEN_TRADE_PLAN,144.29415,136.93293,STOP,-0.05220238,-1.018974,-753.249805,10.0,7.127873,0.281227
S6_EXEC_E1_FIRST_EVENT,2025-03-10,2025-03-11,2025-03-17,000948,南天信息,s6setup-bf5fe9b2633a0e197b51,s6event-ae4e2e37047c942f1774,1,SUPPORT_PULLBACK,FIRST_EVENT_PER_START,FROZEN_TRADE_PLAN,19.69968,19.11087,STOP,-0.0354703,-1.03358,-69.875356,10.0,0.9943540000000001,0.038811
S6_EXEC_E1_FIRST_EVENT,2025-03-10,2025-03-11,2025-03-24,002334,英威腾,s6setup-9573a2607c2d6860603b,s6event-f8853e289a6b6252e2c6,1,SUPPORT_PULLBACK,FIRST_EVENT_PER_START,FROZEN_TRADE_PLAN,9.03903,8.60139,STOP,-0.05997514,-1.020069,-54.211709,10.0,0.44770899999999997,0.01764
S6_EXEC_E1_FIRST_EVENT,2025-03-10,2025-03-11,2025-03-20,601777,千里科技,s6setup-569de22093b0693f5a7b,s6event-c9d2cb6a18c875d87a92,1,SUPPORT_PULLBACK,FIRST_EVENT_PER_START,FROZEN_TRADE_PLAN,8.98898,8.45154,STOP,-0.071403,-1.015993,-64.184014,10.0,0.44001799999999996,0.017441
S6_EXEC_E1_FIRST_EVENT,2025-03-10,2025-03-11,2025-03-13,688272,富吉瑞,s6setup-fb7127c3a9b03473442b,s6event-d411dd2bc303482e48f9,1,SUPPORT_PULLBACK,FIRST_EVENT_PER_START,FROZEN_TRADE_PLAN,30.22019,28.0719,STOP,-0.0748807,-1.013254,-226.290898,10.0,1.461887,0.058292
S6_EXEC_E1_FIRST_EVENT,2025-03-11,2025-03-12,2025-03-21,301238,瑞泰新材,s6setup-38d6d5119bdaf06abb39,s6event-d7a72ac82c0a76dc76af,1,SUPPORT_PULLBACK,FIRST_EVENT_PER_START,FROZEN_TRADE_PLAN,20.86084,19.29069,STOP,-0.08054311,-1.012451,-168.019693,10.0,1.004687,0.040152
S6_EXEC_E1_FIRST_EVENT,2025-03-12,2025-03-13,2025-03-14,002152,广电运通,s6setup-1a652941f4d2ba4d952d,s6event-30988e0ebcc3bcf790ea,1,SUPPORT_PULLBACK,FIRST_EVENT_PER_START,FROZEN_TRADE_PLAN,14.02401,13.51647,STOP,-0.04382296,-1.027388,-61.457363,10.0,0.703364,0.02754
S6_EXEC_E1_FIRST_EVENT,2025-03-12,2025-03-13,2025-03-14,300065,海兰信,s6setup-7ad83946d6b5e7a18b02,s6event-a4fd482f47647be76689,1,SUPPORT_PULLBACK,FIRST_EVENT_PER_START,FROZEN_TRADE_PLAN,12.00199,14.86512,TARGET,0.22958099,3.483169,275.542875,10.0,0.770123,0.026867
S6_EXEC_E1_FIRST_EVENT,2025-03-12,2025-03-13,2025-03-14,300846,首都在线,s6setup-e638d1e29bfa0e8b492d,s6event-7d638298379559953087,1,SUPPORT_PULLBACK,FIRST_EVENT_PER_START,FROZEN_TRADE_PLAN,28.2282,25.49448,STOP,-0.10085675,-1.009423,-284.700451,10.0,1.328447,0.053723
S6_EXEC_E1_FIRST_EVENT,2025-03-13,2025-03-14,2025-03-19,688116,天奈科技,s6setup-f3f4c3e098a92dd7a8a7,s6event-34156e5518c1928e93ec,1,SUPPORT_PULLBACK,FIRST_EVENT_PER_START,FROZEN_TRADE_PLAN,47.768721,44.63532,STOP,-0.06817521,-1.014466,-325.664259,10.0,2.32417,0.092404
S6_EXEC_E1_FIRST_EVENT,2025-03-14,2025-03-17,2025-03-21,002139,拓邦股份,s6setup-a395f4053d44b2b95a38,s6event-0aa69f76018ab02a5392,1,SUPPORT_PULLBACK,FIRST_EVENT_PER_START,FROZEN_TRADE_PLAN,17.05704,16.20378,STOP,-0.05638109,-1.019378,-96.169451,10.0,0.84345,0.033261
S6_EXEC_E1_FIRST_EVENT,2025-03-17,2025-03-18,2025-03-24,300473,德尔股份,s6setup-4269b9bb4f194278f827,s6event-18d2afd050a77c4b0209,1,SUPPORT_PULLBACK,FIRST_EVENT_PER_START,FROZEN_TRADE_PLAN,31.26123,28.52145,STOP,-0.09131562,-1.01053,-285.46386,10.0,1.4858559999999998,0.059783
S6_EXEC_E1_FIRST_EVENT,2025-03-17,2025-03-18,2025-03-24,300503,昊志机电,s6setup-b365884df694ce2f0407,s6event-2c56416ec280ba8ac8e8,1,SUPPORT_PULLBACK,FIRST_EVENT_PER_START,FROZEN_TRADE_PLAN,27.774747,26.11386,STOP,-0.06388835,-1.01599,-177.448276,10.0,1.359582,0.053889
S6_EXEC_E1_FIRST_EVENT,2025-03-17,2025-03-18,2025-03-24,300687,赛意信息,s6setup-babc61c53c3fbd5dbdd9,s6event-77b00d1e628ab8e77512,1,SUPPORT_PULLBACK,FIRST_EVENT_PER_START,FROZEN_TRADE_PLAN,30.75072,27.48249,STOP,-0.10999917,-1.008489,-338.255368,10.0,1.4323569999999999,0.058233
S6_EXEC_E1_FIRST_EVENT,2025-03-17,2025-03-18,2025-03-24,688428,诺诚健华,s6setup-ec7b7291a38d04bcf218,s6event-8d422b58846141ec2975,1,SUPPORT_PULLBACK,FIRST_EVENT_PER_START,FROZEN_TRADE_PLAN,17.92791,16.63335,STOP,-0.07827027,-1.013029,-140.322236,10.0,0.866228,0.034561
S6_EXEC_E1_FIRST_EVENT,2025-03-18,2025-03-19,2025-03-24,002414,高德红外,s6setup-9eb0785d7e71d7a4ffb1,s6event-591fd36cf3bc7862faec,1,SUPPORT_PULLBACK,FIRST_EVENT_PER_START,FROZEN_TRADE_PLAN,8.41841,8.0919,STOP,-0.05116418,-1.025439,-43.072104,10.0,0.421105,0.01651
S6_EXEC_E1_FIRST_EVENT,2025-03-18,2025-03-19,2025-03-21,688070,纵横股份,s6setup-414023d3ba4d311ce03e,s6event-93390cd60687dc8b45e7,1,SUPPORT_PULLBACK,FIRST_EVENT_PER_START,FROZEN_TRADE_PLAN,47.9479,45.72423,STOP,-0.04895874,-1.021016,-234.746877,10.0,2.3798830000000004,0.093672
S6_EXEC_E1_FIRST_EVENT,2025-03-18,2025-03-19,2025-03-20,688114,华大智造,s6setup-0cd9198cac2957d72afb,s6event-0bcac81f587051a7acbc,1,SUPPORT_PULLBACK,FIRST_EVENT_PER_START,FROZEN_TRADE_PLAN,90.84075,85.20471,STOP,-0.06363227,-1.015365,-578.040313,10.0,4.436281,0.176045
S6_EXEC_E1_FIRST_EVENT,2025-03-19,2025-03-20,2025-03-24,300870,欧陆通,s6setup-22eb66334993fd01e02f,s6event-a48e853f7721c8a6d22d,1,SUPPORT_PULLBACK,FIRST_EVENT_PER_START,FROZEN_TRADE_PLAN,107.54601,101.35854,STOP,-0.05895373,-1.016671,-634.023844,10.0,5.276832,0.208905
S6_EXEC_E1_FIRST_EVENT,2025-03-19,2025-03-20,2025-03-21,603583,捷昌驱动,s6setup-2b680aec3ac2ae09d9cb,s6event-f516f030efa4a0da832e,1,SUPPORT_PULLBACK,FIRST_EVENT_PER_START,FROZEN_TRADE_PLAN,46.23619,43.03692,STOP,-0.07184159,-1.013649,-332.168141,10.0,2.241119,0.089273
S6_EXEC_E1_FIRST_EVENT,2025-03-20,2025-03-21,2025-03-24,300183,东软载波,s6setup-314c58c296b156d1537c,s6event-bd3c7d516658b72871e1,1,SUPPORT_PULLBACK,FIRST_EVENT_PER_START,FROZEN_TRADE_PLAN,21.015995,19.37061,STOP,-0.08353039,-1.011925,-175.547426,10.0,1.008918,0.040387
S6_EXEC_E1_FIRST_EVENT,2025-03-20,2025-03-21,2025-03-25,300738,奥飞数据,s6setup-d192d8a6fa45f6875f3a,s6event-2fb2bf745613ad401332,1,SUPPORT_PULLBACK,FIRST_EVENT_PER_START,FROZEN_TRADE_PLAN,24.507483,22.62735,STOP,-0.08127795,-1.012194,-199.191798,10.0,1.1785029999999999,0.047135
S6_EXEC_E1_FIRST_EVENT,2025-03-20,2025-03-21,2025-03-24,603887,城地香江,s6setup-1d43275aa4335d06764a,s6event-f63caa52a63f0a4cdb1f,2,SUPPORT_PULLBACK,FIRST_EVENT_PER_START,FROZEN_TRADE_PLAN,21.03101,19.0809,STOP,-0.09795305,-1.009891,-206.005157,10.0,0.9941570000000001,0.040112
S6_EXEC_E1_FIRST_EVENT,2025-03-24,2025-03-25,2025-04-01,688266,泽璟制药,s6setup-01498b9e96072f6812f1,s6event-c86fdd9d63c68d1f08a1,4,SUPPORT_PULLBACK,FIRST_EVENT_PER_START,FROZEN_TRADE_PLAN,88.7887,103.65624,TARGET,0.16571689,3.592321,1471.378723,10.0,5.375257,0.192445
S6_EXEC_E1_FIRST_EVENT,2025-03-28,2025-03-31,2025-04-01,300258,精锻科技,s6setup-067f3d614b1a9b2ca067,s6event-863b0e3fe1db61dcc232,1,SUPPORT_PULLBACK,FIRST_EVENT_PER_START,FROZEN_TRADE_PLAN,14.4144,13.63635,STOP_GAP,-0.06140725,-1.120464,-88.514866,10.0,0.709868,0.028051
S6_EXEC_E1_FIRST_EVENT,2025-04-01,2025-04-02,2025-04-07,688521,芯原股份,s6setup-919c1bd1592da18d9049,s6event-ab1ffba7680b456636dd,1,SUPPORT_PULLBACK,FIRST_EVENT_PER_START,FROZEN_TRADE_PLAN,97.2972,90.39951,STOP,-0.07240462,-1.013293,-704.476679,10.0,4.707673,0.187697
S6_EXEC_E1_FIRST_EVENT,2025-04-02,2025-04-03,2025-04-07,603678,火炬电子,s6setup-54b2a559c7ad59b371ae,s6event-94dcbe367b589db19041,1,SUPPORT_PULLBACK,FIRST_EVENT_PER_START,FROZEN_TRADE_PLAN,39.70967,37.77219,STOP,-0.05180453,-1.019903,-205.714079,10.0,1.966092,0.077482
S6_EXEC_E1_FIRST_EVENT,2025-04-14,2025-04-15,2025-05-16,688178,万德斯,s6setup-2e2e62f8c57148f33f36,s6event-2a4b168067d38b89217c,1,SUPPORT_PULLBACK,FIRST_EVENT_PER_START,FROZEN_TRADE_PLAN,18.82881,23.96601,MAX_HOLDING,0.26686705,2.93754,502.478898,10.0,1.241096,0.042795
S6_EXEC_E1_FIRST_EVENT,2025-04-21,2025-04-22,2025-05-23,688776,国光电气,s6setup-b862b5109c23c838ff8a,s6event-d8e0757f2196e5711ec5,1,SUPPORT_PULLBACK,FIRST_EVENT_PER_START,FROZEN_TRADE_PLAN,83.083,101.898,MAX_HOLDING,0.22462118,2.426803,1866.22015,10.0,5.279881,0.184981
S6_EXEC_E1_FIRST_EVENT,2025-04-22,2025-04-23,2025-04-29,000876,新 希 望,s6setup-76e1598d90c3acec1fdc,s6event-b7a1e45588db1141bd87,1,SUPPORT_PULLBACK,FIRST_EVENT_PER_START,FROZEN_TRADE_PLAN,10.035901,9.60039,STOP,-0.0538574,-1.022564,-54.050753,10.0,0.499656,0.019636
S6_EXEC_E1_FIRST_EVENT,2025-04-23,2025-04-24,2025-05-07,688580,伟思医疗,s6setup-641baa10d8724eb28812,s6event-7e3db1218746ad738bf6,1,SUPPORT_PULLBACK,FIRST_EVENT_PER_START,FROZEN_TRADE_PLAN,37.795758,51.28866,TARGET,0.35364728,4.34448,1336.636701,10.0,2.6535170000000003,0.089084
S6_EXEC_E1_FIRST_EVENT,2025-05-19,2025-05-20,2025-06-18,688093,世华科技,s6setup-41bcdfb7e197b5fb367a,s6event-8143b4f86201cfed3a12,1,SUPPORT_PULLBACK,FIRST_EVENT_PER_START,FROZEN_TRADE_PLAN,25.40538,27.2727,MAX_HOLDING,0.06900731,1.895025,175.315693,10.0,1.416313,0.052678
S6_EXEC_E1_FIRST_EVENT,2025-05-21,2025-05-22,2025-06-16,688722,同益中,s6setup-cdbc5becdb2b0aec2a55,s6event-b4959af07ee7840f1ff9,1,SUPPORT_PULLBACK,FIRST_EVENT_PER_START,FROZEN_TRADE_PLAN,21.875083,20.4795,STOP,-0.06885671,-1.014908,-150.624625,10.0,1.06633,0.042355
S6_EXEC_E1_FIRST_EVENT,2025-05-22,2025-05-23,2025-06-13,688313,仕佳光子,s6setup-14605b552daa7ebd2184,s6event-81cc07d0c21e0406a60b,2,SUPPORT_PULLBACK,FIRST_EVENT_PER_START,FROZEN_TRADE_PLAN,28.71869,36.38358,TARGET,0.26275736,3.600754,754.604717,10.0,1.884281,0.065102
S6_EXEC_E1_FIRST_EVENT,2025-05-26,2025-05-27,2025-06-05,603809,豪能股份,s6setup-415457793a9556486569,s6event-ad4f04c4a5f692f84c04,1,SUPPORT_PULLBACK,FIRST_EVENT_PER_START,FROZEN_TRADE_PLAN,15.09508,13.99599,STOP,-0.07991868,-1.012911,-120.637887,10.0,0.728891,0.029091
S6_EXEC_E1_FIRST_EVENT,2025-05-26,2025-05-27,2025-06-17,688128,中国电研,s6setup-7b3723d2f89fd4ca149b,s6event-8a9046abbc5ad577d2d8,3,SUPPORT_PULLBACK,FIRST_EVENT_PER_START,FROZEN_TRADE_PLAN,23.6236,22.73724,STOP,-0.04225403,-1.026355,-99.81923,10.0,1.1832230000000001,0.046361
S6_EXEC_E1_FIRST_EVENT,2025-05-29,2025-05-30,2025-06-30,688297,中无人机,s6setup-e5b01dcbb14d34ef0d8f,s6event-4f2adf798b69c835702b,1,SUPPORT_PULLBACK,FIRST_EVENT_PER_START,FROZEN_TRADE_PLAN,44.8448,53.1468,MAX_HOLDING,0.18228304,3.058052,817.444647,10.0,2.755332,0.097992
S6_EXEC_E1_FIRST_EVENT,2025-06-05,2025-06-06,2025-06-20,000722,湖南发展,s6setup-73ae5bb71010ee426865,s6event-f3f37f0b690d81e8dc23,1,SUPPORT_PULLBACK,FIRST_EVENT_PER_START,FROZEN_TRADE_PLAN,12.9129,12.00798,STOP,-0.07830721,-1.013462,-101.117317,10.0,0.62532,0.024921
S6_EXEC_E1_FIRST_EVENT,2025-06-05,2025-06-06,2025-07-03,688171,纬德信息,s6setup-bb31e32885ee84db11ea,s6event-0e0886aaac3414ea8c51,1,SUPPORT_PULLBACK,FIRST_EVENT_PER_START,FROZEN_TRADE_PLAN,22.967945,20.7792,STOP,-0.10012093,-1.009594,-229.957201,10.0,1.082707,0.043747
S6_EXEC_E1_FIRST_EVENT,2025-06-09,2025-06-10,2025-06-11,000859,国风新材,s6setup-1f3480720eb9c5570b71,s6event-e6993905123ac6975ad8,1,SUPPORT_PULLBACK,FIRST_EVENT_PER_START,FROZEN_TRADE_PLAN,7.57757,6.993,STOP,-0.09082228,-1.01212,-68.821218,10.0,0.364221,0.014571
S6_EXEC_E1_FIRST_EVENT,2025-06-10,2025-06-11,2025-06-19,600550,保变电气,s6setup-b495a3465d15fcca0340,s6event-2d4bc44ee9a95abc5c17,1,SUPPORT_PULLBACK,FIRST_EVENT_PER_START,FROZEN_TRADE_PLAN,8.82882,8.31168,STOP,-0.07039075,-1.016352,-62.146726,10.0,0.432725,0.017141
S6_EXEC_E1_FIRST_EVENT,2025-06-12,2025-06-13,2025-07-11,688211,中科微至,s6setup-5fd917843eae226689bc,s6event-59eab26b95631a084b23,1,SUPPORT_PULLBACK,FIRST_EVENT_PER_START,FROZEN_TRADE_PLAN,31.66163,31.84812,MAX_HOLDING,0.00220869,0.10409,6.993073,10.0,1.655916,0.06351
S6_EXEC_E1_FIRST_EVENT,2025-06-17,2025-06-18,2025-07-16,688206,概伦电子,s6setup-1a641d1ac9caf0d71300,s6event-3f193de36fb83ed5319c,1,SUPPORT_PULLBACK,FIRST_EVENT_PER_START,FROZEN_TRADE_PLAN,25.96594,28.66131,MAX_HOLDING,0.09937992,1.766367,258.049304,10.0,1.487692,0.054627
S6_EXEC_E1_FIRST_EVENT,2025-06-19,2025-06-20,2025-07-18,688103,国力电子,s6setup-172a1bad3022718fff73,s6event-f07a69854e7da3b7c485,1,SUPPORT_PULLBACK,FIRST_EVENT_PER_START,FROZEN_TRADE_PLAN,56.71619,59.68026,MAX_HOLDING,0.04995163,1.427649,283.306614,10.0,3.100409,0.116396
S6_EXEC_E1_FIRST_EVENT,2025-06-23,2025-06-24,2025-07-01,688196,卓越新能,s6setup-a789564ce640373e5994,s6event-7dbd9646a79a20d856b6,1,SUPPORT_PULLBACK,FIRST_EVENT_PER_START,FROZEN_TRADE_PLAN,43.30326,48.16179,TARGET,0.10931127,2.607543,473.353435,10.0,2.499554,0.091465
S6_EXEC_E1_FIRST_EVENT,2025-06-26,2025-06-27,2025-07-02,300204,舒泰神,s6setup-9c182d59a5d74d9b9c2f,s6event-50170b2c740db12762ce,2,SUPPORT_PULLBACK,FIRST_EVENT_PER_START,FROZEN_TRADE_PLAN,33.89386,46.61334,TARGET,0.37161209,3.921094,1259.536815,10.0,2.411174,0.080507
S6_EXEC_E1_FIRST_EVENT,2025-06-27,2025-06-30,2025-07-28,300199,翰宇药业,s6setup-98b6d5982ad98654f26b,s6event-3f23edb2c6d7a624a952,1,SUPPORT_PULLBACK,FIRST_EVENT_PER_START,FROZEN_TRADE_PLAN,16.29628,19.10088,MAX_HOLDING,0.16535649,2.425537,269.469566,10.0,0.990441,0.035397
S6_EXEC_E1_FIRST_EVENT,2025-07-01,2025-07-02,2025-07-08,000766,通化金马,s6setup-59623e563d0da8f46a90,s6event-72aca919e1aa6d764148,1,SUPPORT_PULLBACK,FIRST_EVENT_PER_START,FROZEN_TRADE_PLAN,25.29527,24.08589,STOP,-0.05225944,-1.020341,-132.191664,10.0,1.2536759999999998,0.049381
S6_EXEC_E1_FIRST_EVENT,2025-07-01,2025-07-02,2025-07-29,002317,众生药业,s6setup-7cf3aadef71694a02d4f,s6event-c6d1676ad100adb667e6,1,SUPPORT_PULLBACK,FIRST_EVENT_PER_START,FROZEN_TRADE_PLAN,15.20519,18.76122,TARGET,0.22665351,4.36221,344.630968,10.0,0.9720270000000001,0.033966
S6_EXEC_E1_FIRST_EVENT,2025-07-04,2025-07-07,2025-07-24,688619,罗普特,s6setup-735ca3a91750dc4692c1,s6event-16d8a27bf87c3b2f3439,2,SUPPORT_PULLBACK,FIRST_EVENT_PER_START,FROZEN_TRADE_PLAN,12.46245,15.74424,TARGET,0.25465585,3.636534,317.36358,10.0,0.815419,0.028207
S6_EXEC_E1_FIRST_EVENT,2025-07-07,2025-07-08,2025-08-05,300457,赢合科技,s6setup-299bd8ef7828db0ae0df,s6event-62ff4ac623c1dc7c5acf,1,SUPPORT_PULLBACK,FIRST_EVENT_PER_START,FROZEN_TRADE_PLAN,21.013993,20.71926,MAX_HOLDING,-0.01929714,-0.202706,-40.550996,10.0,1.077696,0.041733
S6_EXEC_E1_FIRST_EVENT,2025-07-11,2025-07-14,2025-08-04,002074,国轩高科,s6setup-2ca32ff829370255b97d,s6event-2711cecdf5b6fd71a334,1,SUPPORT_PULLBACK,FIRST_EVENT_PER_START,FROZEN_TRADE_PLAN,30.11008,28.41156,STOP_GAP,-0.06022272,-1.132286,-181.331092,10.0,1.4790999999999999,0.058522
S6_EXEC_E1_FIRST_EVENT,2025-07-11,2025-07-14,2025-07-18,688499,利元亨,s6setup-74f372bf66beabfdd5b9,s6event-d08b48a8db4762647209,1,SUPPORT_PULLBACK,FIRST_EVENT_PER_START,FROZEN_TRADE_PLAN,39.31928,49.74021,TARGET,0.26183514,3.846384,1029.516918,10.0,2.5760690000000004,0.089059
S6_EXEC_E1_FIRST_EVENT,2025-07-14,2025-07-15,2025-08-12,000519,中兵红箭,s6setup-d125da2ab6d89687d74c,s6event-a30c251bfbf3c7984ce2,1,SUPPORT_PULLBACK,FIRST_EVENT_PER_START,FROZEN_TRADE_PLAN,20.335315,22.092885,MAX_HOLDING,0.08094781,1.434382,164.609921,10.0,1.1470719999999999,0.042428
S6_EXEC_E1_FIRST_EVENT,2025-07-14,2025-07-15,2025-08-04,002125,湘潭电化,s6setup-7e75682ebabd402c55ab,s6event-d85d8e16766a8c71b940,1,SUPPORT_PULLBACK,FIRST_EVENT_PER_START,FROZEN_TRADE_PLAN,13.498485,12.872115,STOP_GAP,-0.05430756,-1.029393,-73.306978,10.0,0.669977,0.026371
S6_EXEC_E1_FIRST_EVENT,2025-07-16,2025-07-17,2025-08-14,002210,飞马国际,s6setup-3c527aa803492bc46e6e,s6event-e410d8f8b5f89a6d373b,1,SUPPORT_PULLBACK,FIRST_EVENT_PER_START,FROZEN_TRADE_PLAN,2.88288,3.0969,MAX_HOLDING,0.03899286,1.313973,11.241174,10.0,0.16082500000000002,0.00598
S6_EXEC_E1_FIRST_EVENT,2025-07-17,2025-07-18,2025-08-13,002549,凯美特气,s6setup-94d323a8e87e2f5f2975,s6event-d9b3a990b47ce67c83d9,1,SUPPORT_PULLBACK,FIRST_EVENT_PER_START,FROZEN_TRADE_PLAN,11.22121,13.97601,TARGET,0.23594247,4.043981,264.756,10.0,0.723998,0.025197
S6_EXEC_E1_FIRST_EVENT,2025-07-18,2025-07-21,2025-08-18,601162,天风证券,s6setup-d38b0f68ca0e92fc6098,s6event-389025e68a2cbc69b49b,1,SUPPORT_PULLBACK,FIRST_EVENT_PER_START,FROZEN_TRADE_PLAN,4.81481,5.60439,TARGET,0.14261697,4.272388,68.667361,10.0,0.29063900000000004,0.010419
S6_EXEC_E1_FIRST_EVENT,2025-07-24,2025-07-25,2025-08-04,002342,巨力索具,s6setup-9d1b0130a0ec33cd3b7d,s6event-49f7c9475ea3f6375d4f,1,SUPPORT_PULLBACK,FIRST_EVENT_PER_START,FROZEN_TRADE_PLAN,7.351344,6.797196,STOP_GAP,-0.08946501,-1.105325,-65.768806,10.0,0.354009,0.014149
S6_EXEC_E1_FIRST_EVENT,2025-07-29,2025-07-30,2025-07-31,600267,海正药业,s6setup-26c625d3baf9fe440cdf,s6event-e0d2fe85c518860ae7da,1,SUPPORT_PULLBACK,FIRST_EVENT_PER_START,FROZEN_TRADE_PLAN,11.58157,11.23875,STOP,-0.03873979,-1.033929,-44.866759,10.0,0.584757,0.02282
S6_EXEC_E1_FIRST_EVENT,2025-07-30,2025-07-31,2025-08-26,002716,湖南白银,s6setup-eec3a4d42e6b845df250,s6event-535b29e42222598c7e82,1,SUPPORT_PULLBACK,FIRST_EVENT_PER_START,FROZEN_TRADE_PLAN,4.51451,5.42457,TARGET,0.17881195,5.531943,80.724834,10.0,0.281167,0.009939
S6_EXEC_E1_FIRST_EVENT,2025-08-05,2025-08-06,2025-09-02,601868,中国能建,s6setup-dd77d6e41b8afc91a237,s6event-e5e613fe70f98c8167c9,1,SUPPORT_PULLBACK,FIRST_EVENT_PER_START,FROZEN_TRADE_PLAN,2.546344,2.40759,STOP,-0.09425566,-1.017676,-24.000733,10.0,0.125333,0.004954
S6_EXEC_E1_FIRST_EVENT,2025-08-06,2025-08-07,2025-09-04,002266,浙富控股,s6setup-4cab1a9a8619d98012cf,s6event-0a81e898b2afc39b1025,1,SUPPORT_PULLBACK,FIRST_EVENT_PER_START,FROZEN_TRADE_PLAN,3.57357,3.95604,MAX_HOLDING,0.07846962,1.637496,28.041668,10.0,0.20533200000000001,0.00753
S6_EXEC_E1_FIRST_EVENT,2025-08-06,2025-08-07,2025-08-28,688202,美迪西,s6setup-4a027ef3cdd811824e39,s6event-18c409df76a3c383cdba,2,SUPPORT_PULLBACK,FIRST_EVENT_PER_START,FROZEN_TRADE_PLAN,60.38032,56.48346,STOP,-0.06668183,-1.014723,-402.627023,10.0,2.941037,0.116864
S6_EXEC_E1_FIRST_EVENT,2025-08-06,2025-08-07,2025-09-04,688321,微芯生物,s6setup-5377fd2a99f58cc9c3ef,s6event-2d33d6772dc70c364cf3,1,SUPPORT_PULLBACK,FIRST_EVENT_PER_START,FROZEN_TRADE_PLAN,36.368332,34.897068,MAX_HOLDING,-0.04370355,-0.634622,-158.942522,10.0,1.816118,0.071265
S6_EXEC_E1_FIRST_EVENT,2025-08-06,2025-08-07,2025-08-21,688718,唯赛勃,s6setup-587e5aa084c9ac94571a,s6event-6d8b18b218b332c25fd3,1,SUPPORT_PULLBACK,FIRST_EVENT_PER_START,FROZEN_TRADE_PLAN,14.688674,15.89409,TARGET,0.0746945,1.528408,109.716316,10.0,0.825288,0.030583
S6_EXEC_E1_FIRST_EVENT,2025-08-07,2025-08-08,2025-08-28,600528,中铁工业,s6setup-683dc450a5cedcef3079,s6event-5264ed1157ecc9daef65,1,SUPPORT_PULLBACK,FIRST_EVENT_PER_START,FROZEN_TRADE_PLAN,8.855246,8.46153,STOP,-0.05625139,-1.021986,-49.81199,10.0,0.44039399999999995,0.017317
S6_EXEC_E1_FIRST_EVENT,2025-08-07,2025-08-08,2025-09-05,600801,华新建材,s6setup-19ce1de975b65f1252f1,s6event-3e777513d560e9f3cd36,1,SUPPORT_PULLBACK,FIRST_EVENT_PER_START,FROZEN_TRADE_PLAN,14.84483,15.32466,MAX_HOLDING,0.0250502,0.454888,37.186596,10.0,0.796402,0.030169
S6_EXEC_E1_FIRST_EVENT,2025-08-08,2025-08-11,2025-08-25,002736,国信证券,s6setup-80f9b3481d3dc454be12,s6event-2f2fd917ac75b035d4d0,1,SUPPORT_PULLBACK,FIRST_EVENT_PER_START,FROZEN_TRADE_PLAN,13.05304,15.12486,TARGET,0.15046118,6.618387,196.39758,10.0,0.784421,0.028178
S6_EXEC_E1_FIRST_EVENT,2025-08-11,2025-08-12,2025-08-29,600418,江淮汽车,s6setup-1bc395233ee8e4509cec,s6event-b28e92dece14c478a2d4,1,SUPPORT_PULLBACK,FIRST_EVENT_PER_START,FROZEN_TRADE_PLAN,47.15711,55.32462,TARGET,0.17046895,5.644015,803.882303,10.0,2.868713,0.102482
S6_EXEC_E1_FIRST_EVENT,2025-08-13,2025-08-14,2025-09-11,600010,包钢股份,s6setup-4fe377f3079b4d40efa0,s6event-8b421cb76667f0297c32,1,SUPPORT_PULLBACK,FIRST_EVENT_PER_START,FROZEN_TRADE_PLAN,2.51251,2.47752,MAX_HOLDING,-0.05424005,-0.21531,-13.627867,10.0,0.128866,0.00499
S6_EXEC_E1_FIRST_EVENT,2025-08-13,2025-08-14,2025-08-27,688278,特宝生物,s6setup-a8fa994084285c828d33,s6event-66cb89222d81c95e6822,1,SUPPORT_PULLBACK,FIRST_EVENT_PER_START,FROZEN_TRADE_PLAN,86.56648,82.80711,STOP,-0.04508058,-1.022546,-390.246713,10.0,4.309729,0.169374
S6_EXEC_E1_FIRST_EVENT,2025-08-14,2025-08-15,2025-08-19,600111,北方稀土,s6setup-d0cb7bb1e73364345296,s6event-ea0f24b8592c760e22a8,1,SUPPORT_PULLBACK,FIRST_EVENT_PER_START,FROZEN_TRADE_PLAN,37.90787,44.64531,TARGET,0.17448334,4.039547,661.429177,10.0,2.314819,0.082553
S6_EXEC_E1_FIRST_EVENT,2025-08-18,2025-08-19,2025-09-03,002570,贝因美,s6setup-fb7486452e9473d13c9e,s6event-db492a164356e4f7b4e8,1,SUPPORT_PULLBACK,FIRST_EVENT_PER_START,FROZEN_TRADE_PLAN,7.19719,6.70329,STOP,-0.08300332,-1.013773,-59.739066,10.0,0.34906400000000004,0.0139
S6_EXEC_E1_FIRST_EVENT,2025-08-21,2025-08-22,2025-08-27,300644,南京聚隆,s6setup-0ad2951473f2b0d260d8,s6event-091ce95963480c6ded9c,1,SUPPORT_PULLBACK,FIRST_EVENT_PER_START,FROZEN_TRADE_PLAN,37.79776,35.22474,STOP,-0.07120429,-1.013894,-269.136266,10.0,1.83426,0.073022
S6_EXEC_E1_FIRST_EVENT,2025-08-21,2025-08-22,2025-09-03,688507,索辰科技,s6setup-987937c145bed8deb782,s6event-9126af4323913d1af5a3,1,SUPPORT_PULLBACK,FIRST_EVENT_PER_START,FROZEN_TRADE_PLAN,102.219117,94.82508,STOP,-0.07379657,-1.013004,-754.342022,10.0,4.938298,0.197044
S6_EXEC_E1_FIRST_EVENT,2025-08-22,2025-08-25,2025-08-28,300600,国瑞科技,s6setup-505fdc69398e03985840,s6event-40132ab68596f6811617,1,SUPPORT_PULLBACK,FIRST_EVENT_PER_START,FROZEN_TRADE_PLAN,19.9199,18.47151,STOP_GAP,-0.07821373,-1.012931,-155.800968,10.0,0.961966,0.038391
S6_EXEC_E1_FIRST_EVENT,2025-08-25,2025-08-26,2025-09-02,300706,阿石创,s6setup-4a4c09b4357671ae65c4,s6event-0b013e21404f8c93e0e6,1,SUPPORT_PULLBACK,FIRST_EVENT_PER_START,FROZEN_TRADE_PLAN,45.12508,40.54941,STOP,-0.10408406,-1.00895,-469.680153,10.0,2.113145,0.085674
S6_EXEC_E1_FIRST_EVENT,2025-08-25,2025-08-26,2025-08-27,300841,康华生物,s6setup-85b7e487b3678d3e645e,s6event-b283dfe7643863c1dd85,1,SUPPORT_PULLBACK,FIRST_EVENT_PER_START,FROZEN_TRADE_PLAN,84.5845,79.26066,STOP,-0.06461123,-1.015128,-546.510858,10.0,4.126878,0.163845
S6_EXEC_E1_FIRST_EVENT,2025-08-26,2025-08-27,2025-08-28,300875,捷强装备,s6setup-97303033618698e750c3,s6event-812b4cf02f8147d33f48,2,SUPPORT_PULLBACK,FIRST_EVENT_PER_START,FROZEN_TRADE_PLAN,57.057,51.5484,STOP,-0.09876895,-1.009456,-563.545998,10.0,2.686025,0.108605
S6_EXEC_E1_FIRST_EVENT,2025-08-27,2025-08-28,2025-09-03,000901,航天科技,s6setup-91fdaaeb5fd78ee71f25,s6event-4985da626d0f9c84351d,1,SUPPORT_PULLBACK,FIRST_EVENT_PER_START,FROZEN_TRADE_PLAN,18.36835,16.86312,STOP,-0.08786929,-1.011341,-161.401387,10.0,0.878387,0.035231
S6_EXEC_E1_FIRST_EVENT,2025-09-01,2025-09-02,2025-09-03,000561,烽火电子,s6setup-4e4bdb4f02b2642cc0dd,s6event-b5386a73a2bfe510ce0f,1,SUPPORT_PULLBACK,FIRST_EVENT_PER_START,FROZEN_TRADE_PLAN,12.74273,11.85813,STOP,-0.07775218,-1.013601,-99.077504,10.0,0.617508,0.024601
S6_EXEC_E1_FIRST_EVENT,2025-09-03,2025-09-04,2025-10-10,301217,铜冠铜箔,s6setup-de70759c7759d1a5514d,s6event-bfb877511a8c3c805f56,1,SUPPORT_PULLBACK,FIRST_EVENT_PER_START,FROZEN_TRADE_PLAN,30.92089,29.66031,MAX_HOLDING,-0.04450118,-0.395056,-137.601609,10.0,1.543596,0.060581
S6_EXEC_E1_FIRST_EVENT,2025-09-04,2025-09-05,2025-09-16,688370,丛麟科技,s6setup-217f312a9e7738e5738e,s6event-fff1725e71dee39d6e3b,1,SUPPORT_PULLBACK,FIRST_EVENT_PER_START,FROZEN_TRADE_PLAN,27.7277,25.98399,STOP,-0.06698136,-1.015142,-185.723906,10.0,1.352911,0.053712
S6_EXEC_E1_FIRST_EVENT,2025-09-09,2025-09-10,2025-10-16,002428,云南锗业,s6setup-dc2887ba620b0c0442bf,s6event-950497fa14d010e7ffd5,1,SUPPORT_PULLBACK,FIRST_EVENT_PER_START,FROZEN_TRADE_PLAN,27.40738,28.01196,MAX_HOLDING,0.01787912,0.298208,49.001984,10.0,1.4560170000000001,0.055419
S6_EXEC_E1_FIRST_EVENT,2025-09-09,2025-09-10,2025-10-16,002518,科士达,s6setup-519086fb04a79bcf4f92,s6event-1280d8542bd9c98d936e,1,SUPPORT_PULLBACK,FIRST_EVENT_PER_START,FROZEN_TRADE_PLAN,33.58355,43.23672,MAX_HOLDING,0.28379321,3.382863,953.078346,10.0,2.238656,0.07682
S6_EXEC_E1_FIRST_EVENT,2025-09-09,2025-09-10,2025-09-23,688260,昀冢科技,s6setup-d3f9e34eee55f308d761,s6event-950836df661a861714c6,1,SUPPORT_PULLBACK,FIRST_EVENT_PER_START,FROZEN_TRADE_PLAN,30.60057,28.13184,STOP,-0.08442272,-1.011538,-258.338335,10.0,1.465324,0.058732
S6_EXEC_E1_FIRST_EVENT,2025-09-10,2025-09-11,2025-10-10,300740,水羊股份,s6setup-90152e3f07386ecbf73a,s6event-9bb40a410265d8387024,1,SUPPORT_PULLBACK,FIRST_EVENT_PER_START,FROZEN_TRADE_PLAN,21.41139,23.72625,TARGET,0.10286794,2.244408,220.254558,10.0,1.2314509999999999,0.045138
S6_EXEC_E1_FIRST_EVENT,2025-09-10,2025-09-11,2025-09-23,600111,北方稀土,s6setup-24ec443b7db1f38c8092,s6event-07968863b1a7ef596e98,1,SUPPORT_PULLBACK,FIRST_EVENT_PER_START,FROZEN_TRADE_PLAN,48.91887,46.08387,STOP,-0.06048774,-1.016541,-295.899189,10.0,2.3991960000000003,0.095003
S6_EXEC_E1_FIRST_EVENT,2025-09-11,2025-09-12,2025-10-13,000063,中兴通讯,s6setup-2a2011176a13f3224d4c,s6event-f1ce462b6f726e322e4f,1,SUPPORT_PULLBACK,FIRST_EVENT_PER_START,FROZEN_TRADE_PLAN,42.661619,53.93601,TARGET,0.261276,5.215716,1114.645717,10.0,2.793399,0.096598
S6_EXEC_E1_FIRST_EVENT,2025-09-11,2025-09-12,2025-09-23,300113,顺网科技,s6setup-2c76e99aa1035f5e855a,s6event-262f1ce3eced3573a35b,1,SUPPORT_PULLBACK,FIRST_EVENT_PER_START,FROZEN_TRADE_PLAN,25.41539,23.82615,STOP,-0.06695335,-1.015236,-170.16455,10.0,1.240549,0.049242
S6_EXEC_E1_FIRST_EVENT,2025-09-11,2025-09-12,2025-10-20,688372,伟测科技,s6setup-222f95ff4fd43da40b08,s6event-6573504c3556471409c8,1,SUPPORT_PULLBACK,FIRST_EVENT_PER_START,FROZEN_TRADE_PLAN,75.73566,76.50342,MAX_HOLDING,0.00829181,0.23655,62.79857,10.0,3.97741,0.152239
S6_EXEC_E1_FIRST_EVENT,2025-09-12,2025-09-15,2025-09-18,002378,章源钨业,s6setup-c4520a011b1400a27c31,s6event-513050388b6f2fad0607,1,SUPPORT_PULLBACK,FIRST_EVENT_PER_START,FROZEN_TRADE_PLAN,13.39338,12.29769,STOP,-0.08975298,-1.011363,-120.209577,10.0,0.640576,0.025691
S6_EXEC_E1_FIRST_EVENT,2025-09-18,2025-09-19,2025-10-09,300394,天孚通信,s6setup-8617597dc0fa1383b10d,s6event-79cd801d40302a847960,1,SUPPORT_PULLBACK,FIRST_EVENT_PER_START,FROZEN_TRADE_PLAN,129.7725,116.24364,STOP,-0.105488,-1.008675,-1368.944148,10.0,6.058198,0.246016
S6_EXEC_E1_FIRST_EVENT,2025-09-18,2025-09-19,2025-09-26,301486,致尚科技,s6setup-a791e260f9aac882d8f0,s6event-344f82aab0b4b4484030,1,SUPPORT_PULLBACK,FIRST_EVENT_PER_START,FROZEN_TRADE_PLAN,99.74965,90.49941,STOP,-0.09420978,-1.00989,-939.739258,10.0,4.715218999999999,0.190249
S6_EXEC_E1_FIRST_EVENT,2025-09-18,2025-09-19,2025-09-30,601877,正泰电器,s6setup-bb0a6512ba296ba29adf,s6event-c87ae45177af37fba7db,1,SUPPORT_PULLBACK,FIRST_EVENT_PER_START,FROZEN_TRADE_PLAN,27.2272,30.42954,TARGET,0.11336269,4.229186,308.654863,10.0,1.579134,0.057657
S6_EXEC_E1_FIRST_EVENT,2025-09-19,2025-09-22,2025-10-10,688235,百济神州,s6setup-769745a929022e58a476,s6event-69ac4e6da73ed19d6975,1,SUPPORT_PULLBACK,FIRST_EVENT_PER_START,FROZEN_TRADE_PLAN,307.4071,284.46525,STOP,-0.07568974,-1.012568,-2326.756347,17.756171000000002,14.815135,0.591872
S6_EXEC_E1_FIRST_EVENT,2025-09-22,2025-09-23,2025-10-13,603612,索通发展,s6setup-e2176f4c641347e3af3a,s6event-c0a34750958096e5ab7c,1,SUPPORT_PULLBACK,FIRST_EVENT_PER_START,FROZEN_TRADE_PLAN,26.04602,24.35562,STOP_GAP,-0.06922677,-1.413354,-180.308184,10.0,1.268183,0.050402
S6_EXEC_E1_FIRST_EVENT,2025-09-24,2025-09-25,2025-10-13,002074,国轩高科,s6setup-ddd242a85968b864c223,s6event-9fde2ef85ad65964e051,1,SUPPORT_PULLBACK,FIRST_EVENT_PER_START,FROZEN_TRADE_PLAN,44.55451,41.10885,STOP_GAP,-0.08006083,-1.117085,-356.707105,10.0,2.141105,0.085663
S6_EXEC_E1_FIRST_EVENT,2025-09-25,2025-09-26,2025-09-29,000796,凯撒旅业,s6setup-bba77eab5c130632d0e3,s6event-3deadc782cd4de01db84,1,SUPPORT_PULLBACK,FIRST_EVENT_PER_START,FROZEN_TRADE_PLAN,6.43643,6.03396,STOP,-0.07855468,-1.015236,-50.56117,10.0,0.314168,0.01247
S6_EXEC_E1_FIRST_EVENT,2025-09-25,2025-09-26,2025-10-14,300568,星源材质,s6setup-264b4fa1922eeea044ab,s6event-495579573e707c2b9a3a,1,SUPPORT_PULLBACK,FIRST_EVENT_PER_START,FROZEN_TRADE_PLAN,13.83382,13.20678,STOP,-0.05305214,-1.021537,-73.391376,10.0,0.68738,0.027041
S6_EXEC_E1_FIRST_EVENT,2025-09-25,2025-09-26,2025-09-29,600276,恒瑞医药,s6setup-a62f87e4b34911f97b44,s6event-3b72c53b2c6d47bdd8d4,1,SUPPORT_PULLBACK,FIRST_EVENT_PER_START,FROZEN_TRADE_PLAN,70.6706,67.81212,STOP,-0.04236232,-1.024325,-299.377057,10.0,3.529089,0.138483
S6_EXEC_E1_FIRST_EVENT,2025-09-30,2025-10-09,2025-10-10,300469,信息发展,s6setup-9b076a7334c850f93fd0,s6event-4412000d9bf3c54ba766,1,SUPPORT_PULLBACK,FIRST_EVENT_PER_START,FROZEN_TRADE_PLAN,77.69762,72.90702,STOP,-0.06343257,-1.01547,-492.855972,10.0,3.795956,0.150605
S6_EXEC_E1_FIRST_EVENT,2025-09-30,2025-10-09,2025-10-13,601208,东材科技,s6setup-81cc4960a1a3257ec94d,s6event-8bf8b2da61d5fe354f3f,1,SUPPORT_PULLBACK,FIRST_EVENT_PER_START,FROZEN_TRADE_PLAN,20.1201,17.7822,STOP_GAP,-0.12162813,-2.12517,-244.717014,10.0,0.927012,0.037902
S6_EXEC_E1_FIRST_EVENT,2025-09-30,2025-10-09,2025-11-06,601872,招商轮船,s6setup-279667d2b1b01bdb0a95,s6event-a28d9df03c2fe23de757,1,SUPPORT_PULLBACK,FIRST_EVENT_PER_START,FROZEN_TRADE_PLAN,8.13813,8.25174,MAX_HOLDING,0.00114525,0.25352,0.932019,10.0,0.428977,0.01639
S6_EXEC_E1_FIRST_EVENT,2025-09-30,2025-10-09,2025-10-13,603119,浙江荣泰,s6setup-2374b9d39f87fc8f74cb,s6event-dc4701b8bbe38cbb670c,2,SUPPORT_PULLBACK,FIRST_EVENT_PER_START,FROZEN_TRADE_PLAN,84.1379,75.270808,STOP_GAP,-0.10704239,-1.578364,-900.632191,10.0,3.922949,0.159409
S6_EXEC_E1_FIRST_EVENT,2025-10-09,2025-10-10,2025-10-13,002008,大族激光,s6setup-c41cf311890f660da644,s6event-8c444e2eb2d853778a83,1,SUPPORT_PULLBACK,FIRST_EVENT_PER_START,FROZEN_TRADE_PLAN,39.8398,36.2637,STOP_GAP,-0.09274627,-1.521874,-369.499285,10.0,1.889288,0.076103
S6_EXEC_E1_FIRST_EVENT,2025-10-09,2025-10-10,2025-10-13,002624,完美世界,s6setup-f9859bec5b06a4db59b1,s6event-6b68071b8d4b40d1bc67,2,SUPPORT_PULLBACK,FIRST_EVENT_PER_START,FROZEN_TRADE_PLAN,18.08807,16.76322,STOP_GAP,-0.07925556,-1.639524,-143.358012,10.0,0.873012,0.034851
S6_EXEC_E1_FIRST_EVENT,2025-10-09,2025-10-10,2025-10-13,688234,天岳先进,s6setup-ca55c52aa162f3095096,s6event-024dddb2588ca4d156e7,1,SUPPORT_PULLBACK,FIRST_EVENT_PER_START,FROZEN_TRADE_PLAN,84.09401,74.6253,STOP_GAP,-0.11424844,-1.592984,-960.760946,10.0,3.889984,0.158719
S6_EXEC_E1_FIRST_EVENT,2025-10-10,2025-10-13,2025-10-16,002683,广东宏大,s6setup-f2b2b481551a05209173,s6event-8c629dca789e807ee556,2,SUPPORT_PULLBACK,FIRST_EVENT_PER_START,FROZEN_TRADE_PLAN,42.28224,39.95001,STOP,-0.05801555,-1.017446,-245.302741,10.0,2.079732,0.082232
S6_EXEC_E1_FIRST_EVENT,2025-10-20,2025-10-21,2025-11-17,300507,苏奥传感,s6setup-3aa58fbead45c91c50b2,s6event-fa007bd029d7f7cfa807,1,SUPPORT_PULLBACK,FIRST_EVENT_PER_START,FROZEN_TRADE_PLAN,9.38938,8.84115,STOP,-0.06952886,-1.016408,-65.283289,10.0,0.460289,0.018231
S6_EXEC_E1_FIRST_EVENT,2025-10-21,2025-10-22,2025-11-10,002709,天赐材料,s6setup-0c843cc5db500181bac6,s6event-28252a0ec664958973b3,1,SUPPORT_PULLBACK,FIRST_EVENT_PER_START,FROZEN_TRADE_PLAN,34.4344,45.57438,TARGET,0.31992405,4.074013,1101.639271,10.0,2.358728,0.080009
S6_EXEC_E1_FIRST_EVENT,2025-10-21,2025-10-22,2025-11-17,300604,长川科技,s6setup-de80a953d02eacc30e5d,s6event-d6458e4584e157a3cf6c,1,SUPPORT_PULLBACK,FIRST_EVENT_PER_START,FROZEN_TRADE_PLAN,83.3833,77.05287,STOP,-0.0776002,-1.012334,-647.056076,10.0,4.013079,0.160436
S6_EXEC_E1_FIRST_EVENT,2025-10-21,2025-10-22,2025-10-23,603786,科博达,s6setup-0b0ba46814574b34fc35,s6event-2d11010d023b71862c63,1,SUPPORT_PULLBACK,FIRST_EVENT_PER_START,FROZEN_TRADE_PLAN,90.47038,81.49842,STOP_GAP,-0.10074489,-1.880764,-911.442848,10.0,4.24689,0.171969
S6_EXEC_E1_FIRST_EVENT,2025-10-21,2025-10-22,2025-10-27,688072,拓荆科技,s6setup-5aacc296dcfaa98adfe0,s6event-1fd860b99fe76c96a6a6,1,SUPPORT_PULLBACK,FIRST_EVENT_PER_START,FROZEN_TRADE_PLAN,245.79555,316.11357,TARGET,0.28473165,4.113235,6998.577251,16.857274,16.367587,0.561909
S6_EXEC_E1_FIRST_EVENT,2025-10-21,2025-10-22,2025-11-17,688082,盛美上海,s6setup-55d47d00c93b356eb6e2,s6event-c9a42990e200f97a172c,1,SUPPORT_PULLBACK,FIRST_EVENT_PER_START,FROZEN_TRADE_PLAN,180.18,164.24559,STOP,-0.08948846,-1.010425,-1612.403072,10.4054,8.556706,0.344426
S6_EXEC_E1_FIRST_EVENT,2025-10-21,2025-10-22,2025-11-19,688469,芯联集成,s6setup-4f26f5b925788d16026b,s6event-36fa43854161b2a6dc04,1,SUPPORT_PULLBACK,FIRST_EVENT_PER_START,FROZEN_TRADE_PLAN,6.37637,6.88311,MAX_HOLDING,0.06322811,1.278452,40.316582,10.0,0.35741500000000004,0.013259
S6_EXEC_E1_FIRST_EVENT,2025-10-22,2025-10-23,2025-11-06,002150,正泰电源,s6setup-a0fd6d6bec6aad7bcb7a,s6event-7faecd4a4017b70c3a97,1,SUPPORT_PULLBACK,FIRST_EVENT_PER_START,FROZEN_TRADE_PLAN,17.90789,23.46651,TARGET,0.30413818,4.005087,544.647307,10.0,1.2147000000000001,0.041374
S6_EXEC_E1_FIRST_EVENT,2025-10-22,2025-10-23,2025-11-11,002475,立讯精密,s6setup-278336658c72358f4295,s6event-cb55e46164518c7206a0,1,SUPPORT_PULLBACK,FIRST_EVENT_PER_START,FROZEN_TRADE_PLAN,59.060005,56.38356,STOP,-0.04750747,-1.021542,-280.579142,10.0,2.934622,0.115444
S6_EXEC_E1_FIRST_EVENT,2025-10-23,2025-10-24,2025-11-04,300539,横河精密,s6setup-99d7bb8dad8b230a03d0,s6event-73dad3cb74d53d13919e,1,SUPPORT_PULLBACK,FIRST_EVENT_PER_START,FROZEN_TRADE_PLAN,50.56051,46.03392,STOP,-0.09198034,-1.010285,-465.05729,10.0,2.3982900000000003,0.096594
S6_EXEC_E1_FIRST_EVENT,2025-10-24,2025-10-27,2025-11-19,601218,吉鑫科技,s6setup-931daa23d1fa27a6c286,s6event-bd6cb316e30023c3bdc1,1,SUPPORT_PULLBACK,FIRST_EVENT_PER_START,FROZEN_TRADE_PLAN,5.600595,5.11488,STOP,-0.10505662,-1.010653,-58.837958,10.0,0.266459,0.010715
S6_EXEC_E1_FIRST_EVENT,2025-10-27,2025-10-28,2025-11-21,600577,精达股份,s6setup-03e742594afed14a3aac,s6event-3acc2712a4ac2b8aa94a,1,SUPPORT_PULLBACK,FIRST_EVENT_PER_START,FROZEN_TRADE_PLAN,10.35034,9.77022,STOP,-0.06620133,-1.017148,-68.520627,10.0,0.508632,0.020121
S6_EXEC_E1_FIRST_EVENT,2025-10-27,2025-10-28,2025-11-03,603650,彤程新材,s6setup-e4e5d9e7c533b0bf2f40,s6event-4925cda1f8b20f1bb10a,1,SUPPORT_PULLBACK,FIRST_EVENT_PER_START,FROZEN_TRADE_PLAN,41.6416,39.41055,STOP,-0.05647155,-1.018001,-235.15657,10.0,2.05158,0.081052
S6_EXEC_E1_FIRST_EVENT,2025-10-28,2025-10-29,2025-11-21,300001,特锐德,s6setup-8e6c71012fb3d3d76322,s6event-36450aa48b5c62e9e14e,1,SUPPORT_PULLBACK,FIRST_EVENT_PER_START,FROZEN_TRADE_PLAN,27.67765,26.35362,STOP,-0.05194614,-1.020329,-143.774708,10.0,1.371712,0.054031
S6_EXEC_E1_FIRST_EVENT,2025-10-30,2025-10-31,2025-11-06,002941,新疆交建,s6setup-a39177bc86e1234db634,s6event-ea7b18434f206532ead1,1,SUPPORT_PULLBACK,FIRST_EVENT_PER_START,FROZEN_TRADE_PLAN,18.52851,17.32266,STOP,-0.07096468,-1.01459,-131.486978,10.0,0.901984,0.035851
S6_EXEC_E1_FIRST_EVENT,2025-10-30,2025-10-31,2025-11-03,688249,晶合集成,s6setup-8f4f7a006aabcd4114df,s6event-1d5da2d8a26fed7f63ec,2,SUPPORT_PULLBACK,FIRST_EVENT_PER_START,FROZEN_TRADE_PLAN,35.84581,33.1668,STOP_GAP,-0.07800866,-1.303141,-279.62836,10.0,1.727353,0.069013
S6_EXEC_E1_FIRST_EVENT,2025-10-30,2025-10-31,2025-11-21,688480,赛恩斯,s6setup-1ee9a9afea96750fe1f1,s6event-df5feed5ac3db1d9a50f,1,SUPPORT_PULLBACK,FIRST_EVENT_PER_START,FROZEN_TRADE_PLAN,51.53148,47.34261,STOP,-0.0837067,-1.011443,-431.353014,10.0,2.466005,0.098874
S6_EXEC_E1_FIRST_EVENT,2025-10-31,2025-11-03,2025-11-05,601212,白银有色,s6setup-403eb70203523a546ba4,s6event-d2931bbc6e7afc71a24e,1,SUPPORT_PULLBACK,FIRST_EVENT_PER_START,FROZEN_TRADE_PLAN,5.19519,4.88511,STOP_GAP,-0.07942411,-1.126785,-41.262334,10.0,0.254336,0.01008
S6_EXEC_E1_FIRST_EVENT,2025-11-10,2025-11-11,2025-11-18,601608,中信重工,s6setup-1d95ad7f92b55763e0a8,s6event-730a844ddc644df8743f,1,SUPPORT_PULLBACK,FIRST_EVENT_PER_START,FROZEN_TRADE_PLAN,7.274467,6.82317,STOP,-0.07627357,-1.015367,-55.484957,10.0,0.355257,0.014098
S6_EXEC_E1_FIRST_EVENT,2025-11-11,2025-11-12,2025-11-21,301200,大族数控,s6setup-2c4bbb328f5078d10720,s6event-5ce5a7ffc975302a0a21,1,SUPPORT_PULLBACK,FIRST_EVENT_PER_START,FROZEN_TRADE_PLAN,114.54443,106.75314,STOP,-0.06937814,-1.013906,-794.68795,10.0,5.558955,0.221298
S6_EXEC_E1_FIRST_EVENT,2025-11-13,2025-11-14,2025-11-19,301200,大族数控,s6setup-2e81c84853c18b705a82,s6event-fb7f3915940443952bbf,1,SUPPORT_PULLBACK,FIRST_EVENT_PER_START,FROZEN_TRADE_PLAN,115.58547,108.97092,STOP_GAP,-0.05858246,-1.069369,-677.128117,10.0,5.673102,0.224556
S6_EXEC_E1_FIRST_EVENT,2025-11-13,2025-11-14,2025-11-17,600021,上海电力,s6setup-c43b5710ab76eac9ed6c,s6event-c874e63a2dde99337082,1,SUPPORT_PULLBACK,FIRST_EVENT_PER_START,FROZEN_TRADE_PLAN,27.65763,25.24473,STOP_GAP,-0.09133289,-1.47341,-252.605128,10.0,1.315138,0.052902
S6_EXEC_E1_FIRST_EVENT,2025-11-13,2025-11-14,2025-11-21,600549,厦门钨业,s6setup-12d2a0ea20e38cbc1534,s6event-3e50516456c670624b86,1,SUPPORT_PULLBACK,FIRST_EVENT_PER_START,FROZEN_TRADE_PLAN,33.78375,32.20776,STOP,-0.05010556,-1.020884,-169.275371,10.0,1.67638,0.065992
S6_EXEC_E1_FIRST_EVENT,2025-11-13,2025-11-14,2025-11-17,601611,中国核建,s6setup-523a09f50b44b3299369,s6event-45133f9b84b85ac925b0,1,SUPPORT_PULLBACK,FIRST_EVENT_PER_START,FROZEN_TRADE_PLAN,12.93292,12.11787,STOP,-0.07124141,-1.015107,-92.135946,10.0,0.6309450000000001,0.025051
S6_EXEC_E1_FIRST_EVENT,2025-11-14,2025-11-17,2025-11-18,600595,中孚实业,s6setup-100f5c3cd4f69e5ae4f6,s6event-362577aa162da4b865e4,2,SUPPORT_PULLBACK,FIRST_EVENT_PER_START,FROZEN_TRADE_PLAN,6.731725,6.208785,STOP_GAP,-0.09301833,-1.530295,-62.617382,10.0,0.32338,0.012941
S6_EXEC_E1_FIRST_EVENT,2025-11-17,2025-11-18,2025-11-21,300454,深信服,s6setup-478345d5e6f6770a72b4,s6event-192502a6f91c83b665eb,1,SUPPORT_PULLBACK,FIRST_EVENT_PER_START,FROZEN_TRADE_PLAN,119.00889,111.80808,STOP,-0.0618359,-1.015788,-735.902182,10.0,5.821221,0.230817
S6_EXEC_E1_FIRST_EVENT,2025-11-17,2025-11-18,2025-11-21,300520,科大国创,s6setup-db0db0e777752f50b52f,s6event-0f2a349c50a05171bd9a,1,SUPPORT_PULLBACK,FIRST_EVENT_PER_START,FROZEN_TRADE_PLAN,39.07904,35.3646,STOP,-0.09807986,-1.009622,-383.286677,10.0,1.842674,0.074444
S6_EXEC_E1_FIRST_EVENT,2025-11-17,2025-11-18,2025-11-19,600515,海南机场,s6setup-7520b9018ef27977fe3b,s6event-29a42588013dc2a8f8f8,1,SUPPORT_PULLBACK,FIRST_EVENT_PER_START,FROZEN_TRADE_PLAN,5.350345,5.0949,STOP,-0.06692968,-1.020372,-35.809688,10.0,0.26519,0.010445
S6_EXEC_E1_FIRST_EVENT,2025-11-18,2025-11-19,2025-11-24,300814,中富电路,s6setup-c8e2a112f1ee166b60ab,s6event-ef54aa03623f66c8b2ed,1,SUPPORT_PULLBACK,FIRST_EVENT_PER_START,FROZEN_TRADE_PLAN,66.07601,87.50241,TARGET,0.32207019,3.585402,2128.11131,10.0,4.528699,0.153578
S6_EXEC_E1_FIRST_EVENT,2025-11-18,2025-11-19,2025-11-25,601898,中煤能源,s6setup-76f1f31a0b4983585ccc,s6event-ac263b478bbe1866b3ba,1,SUPPORT_PULLBACK,FIRST_EVENT_PER_START,FROZEN_TRADE_PLAN,14.28427,13.65633,STOP,-0.05145853,-1.022254,-73.504754,10.0,0.710758,0.027941
S6_EXEC_E1_FIRST_EVENT,2025-11-20,2025-11-21,2025-12-19,002028,思源电气,s6setup-015b9fc1c4e7060fe9ee,s6event-af68914407c0d5c53178,1,SUPPORT_PULLBACK,FIRST_EVENT_PER_START,FROZEN_TRADE_PLAN,137.437409,145.004959,MAX_HOLDING,0.05378611,1.354393,739.22236,10.0,7.53269,0.282442
S6_EXEC_E1_FIRST_EVENT,2025-11-20,2025-11-21,2025-11-24,603516,淳中科技,s6setup-d0e6944fe48379037e2f,s6event-79f169b53579a8020a63,1,SUPPORT_PULLBACK,FIRST_EVENT_PER_START,FROZEN_TRADE_PLAN,193.0929,184.66515,STOP,-0.04473074,-1.022425,-863.718831,11.332740999999999,9.611016,0.377758
S6_EXEC_E1_FIRST_EVENT,2025-12-01,2025-12-02,2025-12-16,601969,海南矿业,s6setup-ca9797effd3ab4993fd5,s6event-e3fd813d974925c5bccd,1,SUPPORT_PULLBACK,FIRST_EVENT_PER_START,FROZEN_TRADE_PLAN,11.53152,10.45953,STOP,-0.1021062,-1.009863,-117.743969,10.0,0.544967,0.021991
S6_EXEC_E1_FIRST_EVENT,2025-12-03,2025-12-04,2025-12-05,000833,粤桂股份,s6setup-c7e1dcf42328ff372e2a,s6event-eaee97f62428e39ff3be,1,SUPPORT_PULLBACK,FIRST_EVENT_PER_START,FROZEN_TRADE_PLAN,19.90989,19.05093,STOP,-0.048663,-1.022705,-96.887498,10.0,0.991507,0.038961
S6_EXEC_E1_FIRST_EVENT,2025-12-04,2025-12-05,,300390,天华新能,s6setup-febba4e8286185632756,s6event-3654a2cd11aed8df791b,1,SUPPORT_PULLBACK,FIRST_EVENT_PER_START,FROZEN_TRADE_PLAN,49.86982,0.0,UNRESOLVED_NO_EXIT_BAR,0.0,0.0,0.0,0.0,0.0,0.0
S6_EXEC_E1_FIRST_EVENT,2025-12-18,2025-12-19,,688110,东芯股份,s6setup-a7bdb0fc119a26842f6a,s6event-e7d1f64351439187182c,1,SUPPORT_PULLBACK,FIRST_EVENT_PER_START,FROZEN_TRADE_PLAN,118.118,0.0,UNRESOLVED_NO_EXIT_BAR,0.0,0.0,0.0,0.0,0.0,0.0
S6_EXEC_E1_FIRST_EVENT,2025-12-23,2025-12-24,,002029,七 匹 狼,s6setup-0eba66d04ba807005d51,s6event-4a82a5e847912547a456,1,SUPPORT_PULLBACK,FIRST_EVENT_PER_START,FROZEN_TRADE_PLAN,11.03102,0.0,UNRESOLVED_NO_EXIT_BAR,0.0,0.0,0.0,0.0,0.0,0.0
S6_EXEC_E1_FIRST_EVENT,2025-12-25,2025-12-26,2025-12-30,688313,仕佳光子,s6setup-b3e21472ed237276500b,s6event-81f4d89b77056eae5ed3,1,SUPPORT_PULLBACK,FIRST_EVENT_PER_START,FROZEN_TRADE_PLAN,95.2952,87.67224,STOP_GAP,-0.08152169,-1.028018,-776.862575,10.0,4.566579,0.182967
S6_EXEC_E1_FIRST_EVENT,2025-12-30,2025-12-31,,002353,杰瑞股份,s6setup-e96d08e08af4d241ee72,s6event-ed61b45c4ee006143ab1,1,SUPPORT_PULLBACK,FIRST_EVENT_PER_START,FROZEN_TRADE_PLAN,72.64257,0.0,UNRESOLVED_NO_EXIT_BAR,0.0,0.0,0.0,0.0,0.0,0.0
S6_EXEC_E2_ARCHETYPE,2024-03-18,2024-03-19,2024-03-27,300210,森远股份,s6setup-86918b98cb309eb4bbcc,s6event-13cf94fd89b294dda261,1,SUPPORT_PULLBACK,LEGACY_SETUP_ID,ARCHETYPE_TRIGGERED,12.8128,11.40858,STOP,-0.11786389,-1.008199,-151.016645,10.0,0.59465,0.024221
S6_EXEC_E2_ARCHETYPE,2024-03-19,2024-03-20,2024-03-26,300210,森远股份,s6setup-179339c621cd4c0f40fb,s6event-13cf94fd89b294dda261,2,SUPPORT_PULLBACK,LEGACY_SETUP_ID,ARCHETYPE_TRIGGERED,12.80279,11.62836,STOP,-0.10001636,-1.01001,-128.048845,10.0,0.605849,0.024431
S6_EXEC_E2_ARCHETYPE,2024-03-22,2024-03-25,2024-03-26,300210,森远股份,s6setup-34ead3d1be0fa4bc244f,s6event-13cf94fd89b294dda261,3,SUPPORT_PULLBACK,LEGACY_SETUP_ID,ARCHETYPE_TRIGGERED,12.96295,11.93805,STOP,-0.08725776,-1.011797,-113.111798,10.0,0.6218039999999999,0.024901
S6_EXEC_E2_ARCHETYPE,2024-03-25,2024-03-26,2024-04-08,002463,沪电股份,s6setup-d6af2725e1ec60f512e7,s6event-27f1ed90cf1b7cd9f677,1,SUPPORT_PULLBACK,LEGACY_SETUP_ID,ARCHETYPE_TRIGGERED,29.86984,27.7722,STOP_GAP,-0.07405806,-1.033402,-221.21024,10.0,1.4462519999999999,0.057642
S6_EXEC_E2_ARCHETYPE,2024-04-12,2024-04-15,2024-04-16,600160,巨化股份,s6setup-b4db41ce30d046a12733,s6event-c62e28e1db6b70bb3d10,1,SUPPORT_PULLBACK,LEGACY_SETUP_ID,ARCHETYPE_TRIGGERED,22.5225,21.5784,STOP,-0.04685671,-1.023415,-105.533025,10.0,1.123021,0.044101
S6_EXEC_E2_ARCHETYPE,2024-05-06,2024-05-07,2024-06-04,000426,兴业银锡,s6setup-d2447255d82b4e7de908,s6event-ade88a7e3340f0c608e4,1,SUPPORT_PULLBACK,LEGACY_SETUP_ID,ARCHETYPE_TRIGGERED,13.148135,14.180805,MAX_HOLDING,0.07037548,1.277843,92.530631,10.0,0.736369,0.027329
S6_EXEC_E2_ARCHETYPE,2024-05-13,2024-05-14,2024-05-15,000777,中核科技,s6setup-e8d29abdf82f10859d35,s6event-d9a68bad3c5ecef6c2eb,1,SUPPORT_PULLBACK,LEGACY_SETUP_ID,ARCHETYPE_TRIGGERED,18.054036,17.15283,STOP,-0.05595062,-1.019422,-101.013451,10.0,0.892849,0.035207
S6_EXEC_E2_ARCHETYPE,2024-05-17,2024-05-20,2024-05-22,300067,安诺其,s6setup-be0b960820e1965a8848,s6event-2a0f1b26a03dc3320251,1,SUPPORT_PULLBACK,LEGACY_SETUP_ID,ARCHETYPE_TRIGGERED,4.83483,4.44555,STOP,-0.10167795,-1.011564,-49.15956,10.0,0.231558,0.00928
S6_EXEC_E2_ARCHETYPE,2024-05-31,2024-06-03,2024-06-04,000933,神火股份,s6setup-7e67e50667dcc64f113d,s6event-8047ef9f52333fc5da81,2,SUPPORT_PULLBACK,LEGACY_SETUP_ID,ARCHETYPE_TRIGGERED,21.40138,20.61936,STOP,-0.04171459,-1.027109,-89.274979,10.0,1.0729890000000002,0.042021
S6_EXEC_E2_ARCHETYPE,2024-06-28,2024-07-01,2024-07-05,601138,工业富联,s6setup-30949657f005e4e7ad28,s6event-3c06f3afe185c23baf5b,2,SUPPORT_PULLBACK,LEGACY_SETUP_ID,ARCHETYPE_TRIGGERED,25.88586,25.12485,STOP,-0.0337668,-1.034178,-87.408266,10.0,1.307253,0.051011
S6_EXEC_E2_ARCHETYPE,2024-07-03,2024-07-04,2024-07-18,002463,沪电股份,s6setup-36dae2d212a409c0fe1f,s6event-b3c87a794a9222581218,1,SUPPORT_PULLBACK,LEGACY_SETUP_ID,ARCHETYPE_TRIGGERED,36.11608,34.34562,STOP,-0.05228523,-1.019803,-188.833755,10.0,1.787743,0.070462
S6_EXEC_E2_ARCHETYPE,2024-10-24,2024-10-25,2024-11-04,002142,宁波银行,s6setup-1e29f4e0d840d2523b33,s6event-a5acafd9c44265c25654,2,SUPPORT_PULLBACK,LEGACY_SETUP_ID,ARCHETYPE_TRIGGERED,24.27425,23.18679,STOP,-0.04941566,-1.021809,-119.952808,10.0,1.2067999999999999,0.047461
S6_EXEC_E2_ARCHETYPE,2024-10-25,2024-10-28,2024-10-31,002142,宁波银行,s6setup-502a5dcb540786350afb,s6event-a5acafd9c44265c25654,3,SUPPORT_PULLBACK,LEGACY_SETUP_ID,ARCHETYPE_TRIGGERED,24.40438,23.38659,STOP,-0.04630157,-1.023542,-112.996111,10.0,1.21712,0.047791
S6_EXEC_E2_ARCHETYPE,2024-10-25,2024-10-28,2024-11-25,300925,法本信息,s6setup-d30fce650daba787ff76,s6event-30c6891ca5ec417fab68,1,SUPPORT_PULLBACK,LEGACY_SETUP_ID,ARCHETYPE_TRIGGERED,25.210185,23.811165,MAX_HOLDING,-0.05995259,-0.407856,-151.141589,10.0,1.239579,0.049021
S6_EXEC_E2_ARCHETYPE,2024-10-28,2024-10-29,2024-10-30,300750,宁德时代,s6setup-9e65aa9fcaf21c87e545,s6event-5544629afb4ed516095b,1,SUPPORT_PULLBACK,LEGACY_SETUP_ID,ARCHETYPE_TRIGGERED,242.735494,232.80696,STOP,-0.04198956,-1.024036,-1019.235659,14.266274,12.11589,0.475542
S6_EXEC_E2_ARCHETYPE,2024-10-28,2024-10-29,2024-10-31,601186,中国铁建,s6setup-af11af9996de7f907a8d,s6event-22abb3eb478dbb2950ea,2,SUPPORT_PULLBACK,LEGACY_SETUP_ID,ARCHETYPE_TRIGGERED,8.6086,8.26173,STOP_GAP,-0.05240917,-1.201906,-45.116958,10.0,0.429956,0.01687
S6_EXEC_E2_ARCHETYPE,2024-10-29,2024-10-30,2024-11-11,300293,蓝英装备,s6setup-2f57feeea609bcb0e16b,s6event-65b03df8846380bd20fc,2,SUPPORT_PULLBACK,LEGACY_SETUP_ID,ARCHETYPE_TRIGGERED,28.23821,39.10086,TARGET,0.38042164,3.323731,1074.242616,10.0,2.022382,0.067339
S6_EXEC_E2_ARCHETYPE,2024-10-29,2024-10-30,2024-11-01,300709,精研科技,s6setup-1a47687228730efc7c66,s6event-c847e2286a4d9449dd22,2,SUPPORT_PULLBACK,LEGACY_SETUP_ID,ARCHETYPE_TRIGGERED,43.88384,41.31864,STOP,-0.06122325,-1.016388,-268.671131,10.0,2.151134,0.085202
S6_EXEC_E2_ARCHETYPE,2024-10-31,2024-11-01,2024-11-06,000768,中航西飞,s6setup-bd4b5f1a5e26f455d992,s6event-421adacf093169439f79,1,SUPPORT_PULLBACK,LEGACY_SETUP_ID,ARCHETYPE_TRIGGERED,28.26824,32.31765,TARGET,0.13911886,3.466248,393.264532,10.0,1.676468,0.060586
S6_EXEC_E2_ARCHETYPE,2024-10-31,2024-11-01,2024-11-14,300139,晓程科技,s6setup-03ac53b95d0ed4d67393,s6event-69df3a7c103f9a68ab46,1,SUPPORT_PULLBACK,LEGACY_SETUP_ID,ARCHETYPE_TRIGGERED,19.33932,17.45253,STOP,-0.10320343,-1.009346,-199.588416,10.0,0.9094180000000001,0.036792
S6_EXEC_E2_ARCHETYPE,2024-10-31,2024-11-04,2024-11-08,300469,信息发展,s6setup-972ecff6bc6b3c765fc4,s6event-d9bc89faedf09307f2bc,1,SUPPORT_PULLBACK,LEGACY_SETUP_ID,ARCHETYPE_TRIGGERED,24.56454,33.09687,TARGET,0.34257531,2.821034,841.520491,10.0,1.712505,0.057661
S6_EXEC_E2_ARCHETYPE,2024-10-31,2024-11-01,2024-11-28,600415,小商品城,s6setup-972b529ace9e37bf0db0,s6event-f9f7a9ec98b9e48f99c9,1,SUPPORT_PULLBACK,LEGACY_SETUP_ID,ARCHETYPE_TRIGGERED,9.77977,12.49749,TARGET,0.2670051,5.437941,261.124847,10.0,0.647151,0.022277
S6_EXEC_E2_ARCHETYPE,2024-10-31,2024-11-01,2024-11-18,688658,悦康药业,s6setup-ad8817890ee0b72512c3,s6event-7b6d8f049b22a60f029d,4,SUPPORT_PULLBACK,LEGACY_SETUP_ID,ARCHETYPE_TRIGGERED,22.71269,21.18879,STOP,-0.07198326,-1.014115,-163.493347,10.0,1.103341,0.043901
S6_EXEC_E2_ARCHETYPE,2024-11-01,2024-11-04,2024-11-15,300139,晓程科技,s6setup-06fe080981f712a2689e,s6event-69df3a7c103f9a68ab46,2,SUPPORT_PULLBACK,LEGACY_SETUP_ID,ARCHETYPE_TRIGGERED,18.23822,17.17281,STOP,-0.06438954,-1.016399,-117.43506,10.0,0.8940509999999999,0.035411
S6_EXEC_E2_ARCHETYPE,2024-11-01,2024-11-04,2024-11-08,600326,西藏天路,s6setup-f5d42d94a6ae9189bdc1,s6event-2f56f6cb87bd3fbcfcc4,1,SUPPORT_PULLBACK,LEGACY_SETUP_ID,ARCHETYPE_TRIGGERED,6.68668,8.36163,TARGET,0.23488767,3.513783,157.061869,10.0,0.43313,0.015048
S6_EXEC_E2_ARCHETYPE,2024-11-06,2024-11-07,2024-11-15,002130,沃尔核材,s6setup-b3bfe3b0c2577df77662,s6event-44ba49386672a162979d,1,SUPPORT_PULLBACK,LEGACY_SETUP_ID,ARCHETYPE_TRIGGERED,18.817158,17.81217,STOP,-0.05921513,-1.018062,-111.426046,10.0,0.927237,0.036629
S6_EXEC_E2_ARCHETYPE,2024-11-07,2024-11-08,2024-11-15,002130,沃尔核材,s6setup-601520cd7eade1a86625,s6event-44ba49386672a162979d,2,SUPPORT_PULLBACK,LEGACY_SETUP_ID,ARCHETYPE_TRIGGERED,19.317658,17.99199,STOP,-0.07428629,-1.013773,-143.503714,10.0,0.9369099999999999,0.03731
S6_EXEC_E2_ARCHETYPE,2024-11-08,2024-11-11,2024-11-15,002130,沃尔核材,s6setup-0ea994a0114ea261040e,s6event-44ba49386672a162979d,3,SUPPORT_PULLBACK,LEGACY_SETUP_ID,ARCHETYPE_TRIGGERED,19.017358,18.03195,STOP,-0.05756817,-1.018659,-109.47945,10.0,0.938647,0.037049
S6_EXEC_E2_ARCHETYPE,2024-11-08,2024-11-11,2024-11-25,002600,领益智造,s6setup-683787f79104f8ee2e19,s6event-59d8b9663583928e9f7b,1,SUPPORT_PULLBACK,LEGACY_SETUP_ID,ARCHETYPE_TRIGGERED,8.48848,7.8921,STOP,-0.08252241,-1.013424,-70.048983,10.0,0.41098599999999996,0.016381
S6_EXEC_E2_ARCHETYPE,2024-11-08,2024-11-11,2024-11-18,300067,安诺其,s6setup-00fcccb83fb3b2701a5b,s6event-759b48ea271bddf08145,1,SUPPORT_PULLBACK,LEGACY_SETUP_ID,ARCHETYPE_TRIGGERED,6.11611,5.61438,STOP,-0.09886259,-1.011328,-60.465448,10.0,0.292449,0.01173
S6_EXEC_E2_ARCHETYPE,2024-11-08,2024-11-11,2024-11-15,300397,天和防务,s6setup-5c56c4f571876e4504e9,s6event-5cc0f359029d713c665a,1,SUPPORT_PULLBACK,LEGACY_SETUP_ID,ARCHETYPE_TRIGGERED,14.30429,12.99699,STOP,-0.09885646,-1.010052,-141.407147,10.0,0.6771510000000001,0.027301
S6_EXEC_E2_ARCHETYPE,2024-11-08,2024-11-11,2024-11-14,600990,四创电子,s6setup-bc80c558b01b30a21e16,s6event-2ced8214ece184e0ff11,1,SUPPORT_PULLBACK,LEGACY_SETUP_ID,ARCHETYPE_TRIGGERED,27.95793,25.60437,STOP,-0.08823607,-1.01101,-246.689787,10.0,1.33378,0.053562
S6_EXEC_E2_ARCHETYPE,2024-11-08,2024-11-11,2024-11-15,688252,天德钰,s6setup-99a79916c8c7e6f3c311,s6event-cc4e1f772400fe4f601d,1,SUPPORT_PULLBACK,LEGACY_SETUP_ID,ARCHETYPE_TRIGGERED,24.322298,23.00697,STOP,-0.05868297,-1.017821,-142.730468,10.0,1.1976769999999999,0.047329
S6_EXEC_E2_ARCHETYPE,2024-11-11,2024-11-12,2024-11-15,002130,沃尔核材,s6setup-3dc4536bdb7bfa83e949,s6event-44ba49386672a162979d,4,SUPPORT_PULLBACK,LEGACY_SETUP_ID,ARCHETYPE_TRIGGERED,19.207548,18.11187,STOP,-0.06274133,-1.016825,-120.510711,10.0,0.942912,0.037319
S6_EXEC_E2_ARCHETYPE,2024-11-11,2024-11-12,2024-11-14,300061,旗天科技,s6setup-da799d9c466c9a1bd1c9,s6event-31f5373379c3781adcbd,1,SUPPORT_PULLBACK,LEGACY_SETUP_ID,ARCHETYPE_TRIGGERED,18.09808,16.15383,STOP,-0.11341918,-1.008387,-205.266939,10.0,0.841943,0.034252
S6_EXEC_E2_ARCHETYPE,2024-11-11,2024-11-12,2024-11-13,300284,苏交科,s6setup-c755ba4efb03e1e282b2,s6event-4330e2e4a423e80f8d8e,1,SUPPORT_PULLBACK,LEGACY_SETUP_ID,ARCHETYPE_TRIGGERED,13.94393,12.722265,STOP_GAP,-0.09525957,-1.040663,-132.829278,10.0,0.662779,0.026666
S6_EXEC_E2_ARCHETYPE,2024-11-11,2024-11-12,2024-11-13,600990,四创电子,s6setup-f60a3a82f18a788290ae,s6event-2ced8214ece184e0ff11,2,SUPPORT_PULLBACK,LEGACY_SETUP_ID,ARCHETYPE_TRIGGERED,28.17815,25.93404,STOP,-0.08366831,-1.011703,-235.761819,10.0,1.350814,0.054112
S6_EXEC_E2_ARCHETYPE,2024-11-11,2024-11-12,2024-11-13,603486,科沃斯,s6setup-6898d3a1d4a6f35be2f0,s6event-c8a6b02b3aa5854e7b49,1,SUPPORT_PULLBACK,LEGACY_SETUP_ID,ARCHETYPE_TRIGGERED,52.14209,48.81114,STOP,-0.06628743,-1.014887,-345.636514,10.0,2.54151,0.100953
S6_EXEC_E2_ARCHETYPE,2024-11-12,2024-11-13,2024-11-18,300046,台基股份,s6setup-80d778573b45a6448eaf,s6event-10a57412646a78fedf11,1,SUPPORT_PULLBACK,LEGACY_SETUP_ID,ARCHETYPE_TRIGGERED,44.739695,39.265695,STOP_GAP,-0.12504495,-1.079749,-559.447292,10.0,2.04729,0.084005
S6_EXEC_E2_ARCHETYPE,2024-11-12,2024-11-13,2024-11-18,300102,乾照光电,s6setup-5c64756c89da797ce137,s6event-1f338a529659d92e3327,1,SUPPORT_PULLBACK,LEGACY_SETUP_ID,ARCHETYPE_TRIGGERED,13.317304,11.96802,STOP,-0.10929546,-1.008958,-145.552087,10.0,0.623686,0.025285
S6_EXEC_E2_ARCHETYPE,2024-11-12,2024-11-14,2024-11-18,300292,吴通控股,s6setup-01f82f10d02fa98a0dc6,s6event-70d3ed881f506535acd7,1,SUPPORT_PULLBACK,LEGACY_SETUP_ID,ARCHETYPE_TRIGGERED,5.64564,5.15484,STOP,-0.10512279,-1.010625,-59.348543,10.0,0.268542,0.0108
S6_EXEC_E2_ARCHETYPE,2024-11-12,2024-11-13,2024-11-15,300397,天和防务,s6setup-d1889779ea60fdef1231,s6event-5cc0f359029d713c665a,2,SUPPORT_PULLBACK,LEGACY_SETUP_ID,ARCHETYPE_TRIGGERED,13.89388,13.35663,STOP,-0.0463658,-1.025521,-64.420086,10.0,0.695083,0.027251
S6_EXEC_E2_ARCHETYPE,2024-11-13,2024-11-14,2024-11-15,300008,天海防务,s6setup-6690c342fe613eb7b44d,s6event-923e8700c8c748825ae6,1,SUPPORT_PULLBACK,LEGACY_SETUP_ID,ARCHETYPE_TRIGGERED,5.73573,5.33466,STOP,-0.08784375,-1.013494,-50.384803,10.0,0.277803,0.01107
S6_EXEC_E2_ARCHETYPE,2024-11-13,2024-11-14,2024-12-12,300085,银之杰,s6setup-e42a370d8980d8402bcb,s6event-30992034cfbdfeb2ceb9,1,SUPPORT_PULLBACK,LEGACY_SETUP_ID,ARCHETYPE_TRIGGERED,49.5495,49.63032,MAX_HOLDING,-0.00090792,0.010349,-4.498698,10.0,2.580696,0.09918
S6_EXEC_E2_ARCHETYPE,2024-11-13,2024-11-14,2024-11-15,300424,航新科技,s6setup-be858b46ff0d049233b9,s6event-4078c31fc7789642ae88,1,SUPPORT_PULLBACK,LEGACY_SETUP_ID,ARCHETYPE_TRIGGERED,20.66064,19.09089,STOP,-0.08129917,-1.012324,-167.969288,10.0,0.994297,0.039752
S6_EXEC_E2_ARCHETYPE,2024-11-13,2024-11-18,2024-12-16,300570,太辰光,s6setup-38a6a6d341095f048664,s6event-6177b2a0e001adb36e64,1,SUPPORT_PULLBACK,LEGACY_SETUP_ID,ARCHETYPE_TRIGGERED,66.52646,67.75218,MAX_HOLDING,0.01639199,0.139184,109.050107,10.0,3.5218879999999997,0.134279
S6_EXEC_E2_ARCHETYPE,2024-11-14,2024-11-18,2024-11-19,000829,天音控股,s6setup-085cfe806f3931768d77,s6event-e833f826186a061d7954,1,SUPPORT_PULLBACK,LEGACY_SETUP_ID,ARCHETYPE_TRIGGERED,14.59458,13.07691,STOP_GAP,-0.11130743,-1.15449,-162.448519,10.0,0.681516,0.027671
S6_EXEC_E2_ARCHETYPE,2024-11-14,2024-11-15,2024-11-18,600843,上工申贝,s6setup-85db4a2ab7750e044af3,s6event-ac4622bd39b6183386ea,1,SUPPORT_PULLBACK,LEGACY_SETUP_ID,ARCHETYPE_TRIGGERED,13.7137,12.35763,STOP,-0.10664587,-1.009206,-146.250947,10.0,0.643952,0.026071
S6_EXEC_E2_ARCHETYPE,2024-11-15,2024-11-18,2024-12-16,300776,帝尔激光,s6setup-c76fc897bc2b7cd6f146,s6event-cf4328f2cab914cc501f,1,SUPPORT_PULLBACK,LEGACY_SETUP_ID,ARCHETYPE_TRIGGERED,75.29522,68.61132,STOP,-0.09057208,-1.010382,-681.964469,10.0,3.574473,0.143907
S6_EXEC_E2_ARCHETYPE,2024-11-18,2024-11-19,2024-11-25,002281,光迅科技,s6setup-b8d2a449d0045b5a5ce1,s6event-060a9ace70fcc7fa9928,1,SUPPORT_PULLBACK,LEGACY_SETUP_ID,ARCHETYPE_TRIGGERED,44.27423,40.7592,STOP,-0.08213039,-1.011744,-363.625978,10.0,2.122993,0.085033
S6_EXEC_E2_ARCHETYPE,2024-11-18,2024-11-19,2024-12-16,300776,帝尔激光,s6setup-8c07e4dcf09a7e8c17bc,s6event-cf4328f2cab914cc501f,2,SUPPORT_PULLBACK,LEGACY_SETUP_ID,ARCHETYPE_TRIGGERED,73.73366,68.11182,STOP,-0.07808258,-1.012277,-575.731441,10.0,3.547436,0.141845
S6_EXEC_E2_ARCHETYPE,2024-11-19,2024-11-22,2024-12-20,300059,东方财富,s6setup-f33f2ffc7cab91125159,s6event-02c8f8adf967ca8e97ef,1,SUPPORT_PULLBACK,LEGACY_SETUP_ID,ARCHETYPE_TRIGGERED,26.23621,25.92405,MAX_HOLDING,-0.01622352,-0.120702,-42.564368,10.0,1.348363,0.05216
S6_EXEC_E2_ARCHETYPE,2024-11-19,2024-11-20,2024-11-25,600879,航天电子,s6setup-9543c99369764b5ccdd8,s6event-59d981c25ba6c9e7261a,1,SUPPORT_PULLBACK,LEGACY_SETUP_ID,ARCHETYPE_TRIGGERED,9.748739,9.10089,STOP,-0.07719849,-1.014262,-75.258793,10.0,0.473894,0.01885
S6_EXEC_E2_ARCHETYPE,2024-11-20,2024-11-21,2024-11-25,002273,水晶光电,s6setup-5be11763ef3d6bd00c66,s6event-e5f061fa741c93e4e351,2,SUPPORT_PULLBACK,LEGACY_SETUP_ID,ARCHETYPE_TRIGGERED,21.27125,19.89009,STOP_GAP,-0.0701189,-1.022135,-149.151665,10.0,1.035666,0.041161
S6_EXEC_E2_ARCHETYPE,2024-11-20,2024-11-21,2024-11-25,002281,光迅科技,s6setup-e1af045107ab081f5b6e,s6event-060a9ace70fcc7fa9928,3,SUPPORT_PULLBACK,LEGACY_SETUP_ID,ARCHETYPE_TRIGGERED,44.65461,41.40855,STOP,-0.07541494,-1.012934,-336.762473,10.0,2.15649,0.086063
S6_EXEC_E2_ARCHETYPE,2024-11-21,2024-11-22,2024-11-25,002273,水晶光电,s6setup-52ee156bbd13078c93bf,s6event-e5f061fa741c93e4e351,3,SUPPORT_PULLBACK,LEGACY_SETUP_ID,ARCHETYPE_TRIGGERED,20.64062,19.51047,STOP,-0.06009058,-1.017585,-124.030683,10.0,1.0156749999999999,0.040151
S6_EXEC_E2_ARCHETYPE,2024-11-21,2024-11-22,2024-11-25,002281,光迅科技,s6setup-245f99defd9d51049930,s6event-060a9ace70fcc7fa9928,4,SUPPORT_PULLBACK,LEGACY_SETUP_ID,ARCHETYPE_TRIGGERED,44.89485,41.77818,STOP,-0.07213357,-1.013601,-323.842581,10.0,2.1755820000000003,0.086673
S6_EXEC_E2_ARCHETYPE,2024-11-21,2024-11-22,2024-11-25,603920,世运电路,s6setup-d587b9f81f181660d2f5,s6event-40ebcbaf0797fa9c62fa,3,SUPPORT_PULLBACK,LEGACY_SETUP_ID,ARCHETYPE_TRIGGERED,31.5315,28.85112,STOP,-0.0886545,-1.010892,-279.540937,10.0,1.502939,0.060383
S6_EXEC_E2_ARCHETYPE,2024-11-21,2024-11-22,2024-12-18,688015,交控科技,s6setup-379b47d4a8f9a2b84d9b,s6event-dd14f44988f6dcbe85de,2,SUPPORT_PULLBACK,LEGACY_SETUP_ID,ARCHETYPE_TRIGGERED,21.021,19.55043,STOP,-0.07519866,-1.013487,-158.075103,10.0,1.018093,0.040571
S6_EXEC_E2_ARCHETYPE,2024-11-22,2024-11-25,2024-12-13,603099,长白山,s6setup-f5596be19bb7272c4656,s6event-4e5be90ee4ed8e45b2a1,1,SUPPORT_PULLBACK,LEGACY_SETUP_ID,ARCHETYPE_TRIGGERED,38.692153,53.29665,TARGET,0.37415671,5.268287,1447.692867,10.0,2.7568219999999997,0.091989
S6_EXEC_E2_ARCHETYPE,2024-11-25,2024-11-26,2024-11-27,600010,包钢股份,s6setup-dbea198c47162c06a439,s6event-6430e928249ca2be0c85,1,SUPPORT_PULLBACK,LEGACY_SETUP_ID,ARCHETYPE_TRIGGERED,1.979978,1.85814,STOP,-0.11252926,-1.015503,-22.280546,10.0,0.096745,0.003838
S6_EXEC_E2_ARCHETYPE,2024-12-03,2024-12-04,2024-12-13,688299,长阳科技,s6setup-43afa70145b72df89eb9,s6event-4095879fec5110746473,1,SUPPORT_PULLBACK,LEGACY_SETUP_ID,ARCHETYPE_TRIGGERED,18.96895,17.1828,STOP,-0.09990553,-1.009723,-189.5103,10.0,0.895292,0.036152
S6_EXEC_E2_ARCHETYPE,2024-12-05,2024-12-06,2025-01-03,688027,国盾量子,s6setup-cc6c31f79103fda91a9f,s6event-10ab4ad3674026702744,3,SUPPORT_PULLBACK,LEGACY_SETUP_ID,ARCHETYPE_TRIGGERED,287.32704,263.56617,STOP,-0.08374927,-1.011228,-2406.342985,16.526796,13.729201,0.550893
S6_EXEC_E2_ARCHETYPE,2024-12-06,2024-12-09,2025-01-07,300131,英唐智控,s6setup-8d7f3cd60a44c38e966c,s6event-bea5055d3221e44e3dad,1,SUPPORT_PULLBACK,LEGACY_SETUP_ID,ARCHETYPE_TRIGGERED,8.1081,9.0909,MAX_HOLDING,0.10829696,1.516433,87.808258,10.0,0.471744,0.017199
S6_EXEC_E2_ARCHETYPE,2024-12-09,2024-12-11,2025-01-09,600104,上汽集团,s6setup-16907d8b1e8abc6aa0b4,s6event-06d62bae53a90fa01174,1,SUPPORT_PULLBACK,LEGACY_SETUP_ID,ARCHETYPE_TRIGGERED,17.69768,17.304678,MAX_HOLDING,-0.02836555,-0.27147,-50.200443,10.0,0.9002359999999999,0.035002
S6_EXEC_E2_ARCHETYPE,2024-12-11,2024-12-12,2024-12-16,002194,武汉凡谷,s6setup-3612f5ac72a5762c6014,s6event-fdf3abf19eddc202c642,1,SUPPORT_PULLBACK,LEGACY_SETUP_ID,ARCHETYPE_TRIGGERED,13.43342,12.72726,STOP,-0.06050471,-1.018373,-81.278518,10.0,0.662524,0.026161
S6_EXEC_E2_ARCHETYPE,2024-12-11,2024-12-12,2024-12-13,601360,三六零,s6setup-6271e09715fb99b07d7c,s6event-b169413ceb6d517710ae,1,SUPPORT_PULLBACK,LEGACY_SETUP_ID,ARCHETYPE_TRIGGERED,12.96295,12.25773,STOP,-0.06260929,-1.017707,-81.16011,10.0,0.638108,0.025221
S6_EXEC_E2_ARCHETYPE,2024-12-12,2024-12-13,2024-12-16,603078,江化微,s6setup-5e35a695f2bd5244a9c7,s6event-6f59b3c69b820faa0c8c,1,SUPPORT_PULLBACK,LEGACY_SETUP_ID,ARCHETYPE_TRIGGERED,18.64863,17.4825,STOP,-0.0683821,-1.015236,-127.523248,10.0,0.9102560000000001,0.036131
S6_EXEC_E2_ARCHETYPE,2024-12-13,2024-12-16,2024-12-18,300377,赢时胜,s6setup-861e18604179a7947c08,s6event-6b7d949c83b5b7968218,1,SUPPORT_PULLBACK,LEGACY_SETUP_ID,ARCHETYPE_TRIGGERED,33.1331,30.19977,STOP,-0.09202469,-1.010413,-304.906326,10.0,1.5733210000000002,0.063333
S6_EXEC_E2_ARCHETYPE,2024-12-13,2024-12-16,2024-12-17,601615,明阳智能,s6setup-8d97ee6c589ea1ecf708,s6event-5009bb16d6aef0b8fd99,2,SUPPORT_PULLBACK,LEGACY_SETUP_ID,ARCHETYPE_TRIGGERED,13.96395,13.32666,STOP,-0.05329625,-1.02138,-74.422617,10.0,0.6936239999999999,0.027291
S6_EXEC_E2_ARCHETYPE,2024-12-16,2024-12-17,2024-12-23,600292,电投水电,s6setup-6e3280140834bf327467,s6event-18d4ebc0506f2cd2ad38,1,SUPPORT_PULLBACK,LEGACY_SETUP_ID,ARCHETYPE_TRIGGERED,14.463449,13.3866,STOP,-0.08184914,-1.012601,-118.382086,10.0,0.69718,0.02785
S6_EXEC_E2_ARCHETYPE,2024-12-18,2024-12-19,2025-01-03,600601,方正科技,s6setup-c456d52e3d99d7b05be2,s6event-c10b5d7ff1948e718b95,1,SUPPORT_PULLBACK,LEGACY_SETUP_ID,ARCHETYPE_TRIGGERED,4.27427,4.02597,STOP,-0.08197797,-1.016498,-35.039598,10.0,0.209598,0.0083
S6_EXEC_E2_ARCHETYPE,2024-12-19,2024-12-20,2024-12-24,300370,安控科技,s6setup-407f2bb2aee712d9378a,s6event-449ebfe24e0b3f910735,1,SUPPORT_PULLBACK,LEGACY_SETUP_ID,ARCHETYPE_TRIGGERED,3.89389,3.47652,STOP,-0.13333247,-1.008408,-51.918197,10.0,0.181196,0.00737
S6_EXEC_E2_ARCHETYPE,2024-12-19,2024-12-20,2024-12-23,300459,汤姆猫,s6setup-dbc04670d4bf601779fa,s6event-99a5e35ae22e99e9a682,1,SUPPORT_PULLBACK,LEGACY_SETUP_ID,ARCHETYPE_TRIGGERED,7.31731,6.78321,STOP,-0.0871403,-1.012877,-63.763259,10.0,0.353261,0.014101
S6_EXEC_E2_ARCHETYPE,2024-12-20,2024-12-23,2024-12-26,600864,哈投股份,s6setup-2dcaee0f6253a30902e6,s6event-91cee0cc37286ab99f3c,1,SUPPORT_PULLBACK,LEGACY_SETUP_ID,ARCHETYPE_TRIGGERED,7.086079,7.74225,TARGET,0.07792061,1.656667,55.21516,10.0,0.401941,0.014828
S6_EXEC_E2_ARCHETYPE,2024-12-24,2024-12-25,2025-01-03,002139,拓邦股份,s6setup-fd1e90188568d41c4d76,s6event-abe50c620aeb03c254f2,1,SUPPORT_PULLBACK,LEGACY_SETUP_ID,ARCHETYPE_TRIGGERED,13.13312,12.39759,STOP,-0.06411151,-1.017162,-84.198415,10.0,0.645411,0.025531
S6_EXEC_E2_ARCHETYPE,2024-12-25,2024-12-26,2024-12-31,300276,三丰智能,s6setup-6def61aaa26d7a0e6f00,s6event-ea9dd03830f9f8dd5b9e,1,SUPPORT_PULLBACK,LEGACY_SETUP_ID,ARCHETYPE_TRIGGERED,10.72071,9.44055,STOP_GAP,-0.12919684,-1.031796,-138.508185,10.0,0.49218799999999996,0.020161
S6_EXEC_E2_ARCHETYPE,2024-12-26,2024-12-27,2024-12-31,300503,昊志机电,s6setup-4be758aa7cd2b076adfe,s6event-eae8ded838d613114f9c,1,SUPPORT_PULLBACK,LEGACY_SETUP_ID,ARCHETYPE_TRIGGERED,21.348327,19.47051,STOP,-0.0931202,-1.010488,-198.796048,10.0,1.014345,0.040819
S6_EXEC_E2_ARCHETYPE,2024-12-27,2024-12-30,2024-12-31,688787,海天瑞声,s6setup-d3019118655a97c1c18a,s6event-77458ebca9d455be3c96,1,SUPPORT_PULLBACK,LEGACY_SETUP_ID,ARCHETYPE_TRIGGERED,113.66355,98.99091,STOP,-0.1304223,-1.006799,-1482.426162,10.0,5.1621999999999995,0.212654
S6_EXEC_E2_ARCHETYPE,2024-12-30,2024-12-31,2025-01-02,688787,海天瑞声,s6setup-7432ad1cb6aa3d94c1cc,s6event-77458ebca9d455be3c96,2,SUPPORT_PULLBACK,LEGACY_SETUP_ID,ARCHETYPE_TRIGGERED,112.26215,97.87203,STOP_GAP,-0.12952858,-1.114464,-1454.115688,10.0,5.103735,0.210134
S6_EXEC_E2_ARCHETYPE,2025-01-03,2025-01-06,2025-01-22,688205,德科立,s6setup-65fe963253d88d0a6493,s6event-c0718da91785d4bfccd5,2,SUPPORT_PULLBACK,LEGACY_SETUP_ID,ARCHETYPE_TRIGGERED,63.7868,84.83508,TARGET,0.3277226,3.259862,2090.437594,10.0,4.390376,0.148622
S6_EXEC_E2_ARCHETYPE,2025-01-14,2025-01-15,2025-01-20,300153,科泰电源,s6setup-0a4db8a473032dbd1ffb,s6event-9fe80043f054b5813b56,1,SUPPORT_PULLBACK,LEGACY_SETUP_ID,ARCHETYPE_TRIGGERED,12.98297,17.4825,TARGET,0.33817255,2.481856,439.048407,10.0,0.90459,0.030465
S6_EXEC_E2_ARCHETYPE,2025-02-07,2025-02-10,2025-03-10,300684,中石科技,s6setup-28fe5a89fa9261a77ef7,s6event-97e903bc9c028f55b17e,1,SUPPORT_PULLBACK,LEGACY_SETUP_ID,ARCHETYPE_TRIGGERED,24.81479,25.04493,MAX_HOLDING,0.00471972,0.149949,11.711886,10.0,1.3021070000000001,0.04986
S6_EXEC_E2_ARCHETYPE,2025-02-10,2025-02-12,2025-02-18,300684,中石科技,s6setup-e1ffb4c368f38b7370dd,s6event-4ff575d5bdd615b666e2,1,SUPPORT_PULLBACK,LEGACY_SETUP_ID,ARCHETYPE_TRIGGERED,25.88586,24.41556,STOP,-0.06115349,-1.016903,-158.301068,10.0,1.2710789999999998,0.050301
S6_EXEC_E2_ARCHETYPE,2025-02-11,2025-02-12,2025-02-18,002119,康强电子,s6setup-ee83bf34d16fd61dbe6e,s6event-720e36ef853d1cbbfb7e,2,SUPPORT_PULLBACK,LEGACY_SETUP_ID,ARCHETYPE_TRIGGERED,18.30829,17.2827,STOP,-0.06197123,-1.017158,-113.458725,10.0,0.899726,0.035591
S6_EXEC_E2_ARCHETYPE,2025-02-11,2025-02-12,2025-02-14,600601,方正科技,s6setup-f532cfcef1961d07d7a5,s6event-677e4c803b1030f7e12c,1,SUPPORT_PULLBACK,LEGACY_SETUP_ID,ARCHETYPE_TRIGGERED,5.37537,4.96503,STOP,-0.09542151,-1.01226,-51.292592,10.0,0.258591,0.01034
S6_EXEC_E2_ARCHETYPE,2025-02-18,2025-02-19,2025-03-03,301000,肇民科技,s6setup-918da66ce65af122abad,s6event-4ae5f9c31a604728129c,2,SUPPORT_PULLBACK,LEGACY_SETUP_ID,ARCHETYPE_TRIGGERED,35.64561,33.04692,STOP,-0.07619172,-1.012894,-271.590034,10.0,1.7210390000000002,0.068693
S6_EXEC_E2_ARCHETYPE,2025-02-19,2025-02-24,2025-03-03,300613,富瀚微,s6setup-a6e1ba2cf256a30223eb,s6event-6365413cfd02937e65b8,1,SUPPORT_PULLBACK,LEGACY_SETUP_ID,ARCHETYPE_TRIGGERED,63.88382,58.60134,STOP,-0.08473203,-1.011229,-541.300575,10.0,3.0525520000000004,0.122485
S6_EXEC_E2_ARCHETYPE,2025-02-21,2025-02-24,2025-02-28,603236,移远通信,s6setup-0ea4f7f9586e556c39d6,s6event-b1f717c78a45bda973d5,1,SUPPORT_PULLBACK,LEGACY_SETUP_ID,ARCHETYPE_TRIGGERED,60.29595,57.25269,STOP,-0.05262479,-1.019193,-317.306171,10.0,2.980183,0.117549
S6_EXEC_E2_ARCHETYPE,2025-02-25,2025-02-28,2025-03-03,300433,蓝思科技,s6setup-1cb2d12993de1176da44,s6event-8814a42e754b3e0f798e,6,SUPPORT_PULLBACK,LEGACY_SETUP_ID,ARCHETYPE_TRIGGERED,27.06704,25.29468,STOP,-0.06966151,-1.014493,-188.553088,10.0,1.317096,0.052362
S6_EXEC_E2_ARCHETYPE,2025-02-25,2025-02-27,2025-03-21,300634,彩讯股份,s6setup-ed8712b062c23b890d99,s6event-7f9d2cedbcf91b4efedc,1,SUPPORT_PULLBACK,LEGACY_SETUP_ID,ARCHETYPE_TRIGGERED,29.93991,27.08289,STOP,-0.09923649,-1.00958,-297.113158,10.0,1.411167,0.057023
S6_EXEC_E2_ARCHETYPE,2025-02-26,2025-02-28,2025-03-03,300229,拓尔思,s6setup-8351a4c7023572b12be5,s6event-9956cb653d515e4ad6c1,1,SUPPORT_PULLBACK,LEGACY_SETUP_ID,ARCHETYPE_TRIGGERED,26.20618,24.02595,STOP,-0.08748873,-1.011154,-229.274541,10.0,1.25153,0.050232
S6_EXEC_E2_ARCHETYPE,2025-02-26,2025-02-27,2025-02-28,300634,彩讯股份,s6setup-d887655c5a20d3bbae0d,s6event-7f9d2cedbcf91b4efedc,2,SUPPORT_PULLBACK,LEGACY_SETUP_ID,ARCHETYPE_TRIGGERED,30.625595,28.01196,STOP,-0.08908324,-1.010845,-272.822723,10.0,1.459236,0.058638
S6_EXEC_E2_ARCHETYPE,2025-02-26,2025-02-27,2025-02-28,300925,法本信息,s6setup-38cff9e0e7e0419fec38,s6event-050f76d94166e98295e9,2,SUPPORT_PULLBACK,LEGACY_SETUP_ID,ARCHETYPE_TRIGGERED,27.312285,25.5744,STOP,-0.06777906,-1.014951,-185.1201,10.0,1.331607,0.052887
S6_EXEC_E2_ARCHETYPE,2025-02-27,2025-02-28,2025-03-24,600186,莲花控股,s6setup-4d929ef3b104891ee150,s6event-d2e0bab13a2cbf0fc2fe,2,SUPPORT_PULLBACK,LEGACY_SETUP_ID,ARCHETYPE_TRIGGERED,6.71671,6.12387,STOP,-0.10362668,-1.010448,-69.603036,10.0,0.319035,0.012841
S6_EXEC_E2_ARCHETYPE,2025-03-03,2025-03-04,2025-03-24,600186,莲花控股,s6setup-1705233833b71d9111cb,s6event-d2e0bab13a2cbf0fc2fe,4,SUPPORT_PULLBACK,LEGACY_SETUP_ID,ARCHETYPE_TRIGGERED,6.87687,6.35364,STOP,-0.09110818,-1.012305,-62.653911,10.0,0.330913,0.013231
S6_EXEC_E2_ARCHETYPE,2025-03-03,2025-03-04,2025-03-31,688225,亚信安全,s6setup-b7da79bddadf3235431b,s6event-10744018ebd319a084f1,1,SUPPORT_PULLBACK,LEGACY_SETUP_ID,ARCHETYPE_TRIGGERED,25.4254,23.14683,STOP,-0.09402523,-1.010273,-239.062908,10.0,1.2059140000000002,0.048572
S6_EXEC_E2_ARCHETYPE,2025-03-04,2025-03-05,2025-03-24,002036,联创电子,s6setup-cfc0e0c32a83cacd1e5f,s6event-231d4fce5a173092f63c,1,SUPPORT_PULLBACK,LEGACY_SETUP_ID,ARCHETYPE_TRIGGERED,12.69268,11.54844,STOP,-0.09850218,-1.010206,-125.025665,10.0,0.601663,0.024241
S6_EXEC_E2_ARCHETYPE,2025-03-04,2025-03-05,2025-03-13,688135,利扬芯片,s6setup-e4c6a22c1b5169163ff6,s6event-5a0ec600ee6cb49b9730,1,SUPPORT_PULLBACK,LEGACY_SETUP_ID,ARCHETYPE_TRIGGERED,21.95193,20.22975,STOP,-0.08348772,-1.011898,-183.271659,10.0,1.0536699999999999,0.042182
S6_EXEC_E2_ARCHETYPE,2025-03-05,2025-03-06,2025-03-13,603005,晶方科技,s6setup-fb99a9ea9bf6c482cf37,s6event-021f5254cc1395bdb32d,1,SUPPORT_PULLBACK,LEGACY_SETUP_ID,ARCHETYPE_TRIGGERED,34.830796,32.85711,STOP,-0.06002709,-1.016947,-209.079133,10.0,1.710544,0.067688
S6_EXEC_E2_ARCHETYPE,2025-03-06,2025-03-07,2025-03-24,300603,立昂技术,s6setup-e4b882cc76f264f60fa3,s6event-e6246efb01ae14a000f1,1,SUPPORT_PULLBACK,LEGACY_SETUP_ID,ARCHETYPE_TRIGGERED,13.8138,12.76722,STOP,-0.08348387,-1.012362,-115.322948,10.0,0.6649419999999999,0.026581
S6_EXEC_E2_ARCHETYPE,2025-03-06,2025-03-11,2025-03-21,300672,国科微,s6setup-53bbe2b1467590242655,s6event-cf9334b6f5044ec03d90,1,SUPPORT_PULLBACK,LEGACY_SETUP_ID,ARCHETYPE_TRIGGERED,79.25918,73.69623,STOP,-0.07193271,-1.013439,-570.132761,10.0,3.837766,0.152955
S6_EXEC_E2_ARCHETYPE,2025-03-06,2025-03-07,2025-03-24,688048,长光华芯,s6setup-7a7cabda6a8687592f97,s6event-6752ba00d6c4719a7f85,1,SUPPORT_PULLBACK,LEGACY_SETUP_ID,ARCHETYPE_TRIGGERED,59.72967,54.05589,STOP,-0.09713675,-1.009629,-580.194602,10.0,2.81658,0.113786
S6_EXEC_E2_ARCHETYPE,2025-03-07,2025-03-10,2025-03-21,002518,科士达,s6setup-efe52db6cbf333d06fe7,s6event-69b0cb3cbd448aa0c8e5,1,SUPPORT_PULLBACK,LEGACY_SETUP_ID,ARCHETYPE_TRIGGERED,27.06704,26.12385,STOP,-0.0390432,-1.028516,-105.678386,10.0,1.359384,0.053191
S6_EXEC_E2_ARCHETYPE,2025-03-07,2025-03-10,2025-03-19,600050,中国联通,s6setup-db2f19295490f4aaa303,s6event-4bfc186b12f1fe57120f,1,SUPPORT_PULLBACK,LEGACY_SETUP_ID,ARCHETYPE_TRIGGERED,6.09609,5.74425,STOP,-0.07461021,-1.016614,-45.483056,10.0,0.29905200000000004,0.01184
S6_EXEC_E2_ARCHETYPE,2025-03-07,2025-03-10,2025-03-24,600143,金发科技,s6setup-e813f922d445d7fff884,s6event-79e66440755ed30d44d2,1,SUPPORT_PULLBACK,LEGACY_SETUP_ID,ARCHETYPE_TRIGGERED,11.82181,10.89909,STOP,-0.08699148,-1.011965,-102.839675,10.0,0.567675,0.022721
S6_EXEC_E2_ARCHETYPE,2025-03-07,2025-03-10,2025-03-13,603501,豪威集团,s6setup-e9dfe6dc7b1f76c08f27,s6event-caeba2f826388322f01d,2,SUPPORT_PULLBACK,LEGACY_SETUP_ID,ARCHETYPE_TRIGGERED,144.29415,136.93293,STOP,-0.05220238,-1.018974,-753.249805,10.0,7.127873,0.281227
S6_EXEC_E2_ARCHETYPE,2025-03-07,2025-03-10,2025-03-13,688225,亚信安全,s6setup-6c0295ad1ca057113cb8,s6event-10744018ebd319a084f1,5,SUPPORT_PULLBACK,LEGACY_SETUP_ID,ARCHETYPE_TRIGGERED,26.29627,24.5754,STOP,-0.06973105,-1.014502,-183.366652,10.0,1.279642,0.050872
S6_EXEC_E2_ARCHETYPE,2025-03-07,2025-03-10,2025-04-07,688466,金科环境,s6setup-6265561dc48fb2874b9e,s6event-b1b47d61e98afec01ef2,2,SUPPORT_PULLBACK,LEGACY_SETUP_ID,ARCHETYPE_TRIGGERED,16.23622,15.45453,STOP,-0.05479934,-1.02019,-88.973414,10.0,0.804417,0.031691
S6_EXEC_E2_ARCHETYPE,2025-03-07,2025-03-11,2025-03-24,688468,科美诊断,s6setup-abdc2d85fb6ae0c66461,s6event-cd663eb1c0b6b351ce96,2,SUPPORT_PULLBACK,LEGACY_SETUP_ID,ARCHETYPE_TRIGGERED,7.772765,7.34265,STOP,-0.06869338,-1.017386,-53.39375,10.0,0.382247,0.015115
S6_EXEC_E2_ARCHETYPE,2025-03-10,2025-03-11,2025-03-17,000948,南天信息,s6setup-bf5fe9b2633a0e197b51,s6event-ae4e2e37047c942f1774,1,SUPPORT_PULLBACK,LEGACY_SETUP_ID,ARCHETYPE_TRIGGERED,19.69968,19.11087,STOP,-0.0354703,-1.03358,-69.875356,10.0,0.9943540000000001,0.038811
S6_EXEC_E2_ARCHETYPE,2025-03-10,2025-03-11,2025-03-24,002334,英威腾,s6setup-9573a2607c2d6860603b,s6event-f8853e289a6b6252e2c6,1,SUPPORT_PULLBACK,LEGACY_SETUP_ID,ARCHETYPE_TRIGGERED,9.03903,8.60139,STOP,-0.05997514,-1.020069,-54.211709,10.0,0.44770899999999997,0.01764
S6_EXEC_E2_ARCHETYPE,2025-03-10,2025-03-11,2025-03-21,002518,科士达,s6setup-f206f39667a370bf3be5,s6event-69b0cb3cbd448aa0c8e5,2,SUPPORT_PULLBACK,LEGACY_SETUP_ID,ARCHETYPE_TRIGGERED,27.95793,26.30367,STOP,-0.06323624,-1.016174,-176.795437,10.0,1.369446,0.054262
S6_EXEC_E2_ARCHETYPE,2025-03-10,2025-03-12,2025-03-13,002536,飞龙股份,s6setup-f1e5726770c12a03fc53,s6event-7f39f03b95d86c2dca28,1,SUPPORT_PULLBACK,LEGACY_SETUP_ID,ARCHETYPE_TRIGGERED,16.47646,15.76422,STOP,-0.04979495,-1.022657,-82.04445,10.0,0.820452,0.032241
S6_EXEC_E2_ARCHETYPE,2025-03-10,2025-03-12,2025-03-13,002664,信质集团,s6setup-5aabe4ff777a59307a84,s6event-c7b67be1f7d2bc738802,1,SUPPORT_PULLBACK,LEGACY_SETUP_ID,ARCHETYPE_TRIGGERED,19.09908,18.07191,STOP,-0.05950955,-1.017927,-113.657766,10.0,0.940766,0.037171
S6_EXEC_E2_ARCHETYPE,2025-03-10,2025-03-11,2025-03-20,601777,千里科技,s6setup-569de22093b0693f5a7b,s6event-c9d2cb6a18c875d87a92,1,SUPPORT_PULLBACK,LEGACY_SETUP_ID,ARCHETYPE_TRIGGERED,8.98898,8.45154,STOP,-0.071403,-1.015993,-64.184014,10.0,0.44001799999999996,0.017441
S6_EXEC_E2_ARCHETYPE,2025-03-10,2025-03-11,2025-03-13,603501,豪威集团,s6setup-3d291caa03eb71207405,s6event-caeba2f826388322f01d,3,SUPPORT_PULLBACK,LEGACY_SETUP_ID,ARCHETYPE_TRIGGERED,141.48134,137.80206,STOP,-0.02721895,-1.038951,-385.097352,10.0,7.169386,0.279283
S6_EXEC_E2_ARCHETYPE,2025-03-10,2025-03-11,2025-03-13,688272,富吉瑞,s6setup-fb7127c3a9b03473442b,s6event-d411dd2bc303482e48f9,1,SUPPORT_PULLBACK,LEGACY_SETUP_ID,ARCHETYPE_TRIGGERED,30.22019,28.0719,STOP,-0.0748807,-1.013254,-226.290898,10.0,1.461887,0.058292
S6_EXEC_E2_ARCHETYPE,2025-03-11,2025-03-12,2025-03-21,002518,科士达,s6setup-2ce17238c2c01e4fa623,s6event-69b0cb3cbd448aa0c8e5,3,SUPPORT_PULLBACK,LEGACY_SETUP_ID,ARCHETYPE_TRIGGERED,27.93791,26.25372,STOP,-0.06435194,-1.015851,-179.785871,10.0,1.366878,0.054192
S6_EXEC_E2_ARCHETYPE,2025-03-11,2025-03-13,2025-03-17,300124,汇川技术,s6setup-a3ddd2294c9714599d13,s6event-0de3a7b3b489afc46e49,2,SUPPORT_PULLBACK,LEGACY_SETUP_ID,ARCHETYPE_TRIGGERED,73.44337,69.32061,STOP,-0.05798819,-1.017119,-425.884809,10.0,3.608795,0.142764
S6_EXEC_E2_ARCHETYPE,2025-03-11,2025-03-12,2025-03-21,301238,瑞泰新材,s6setup-38d6d5119bdaf06abb39,s6event-d7a72ac82c0a76dc76af,1,SUPPORT_PULLBACK,LEGACY_SETUP_ID,ARCHETYPE_TRIGGERED,20.86084,19.29069,STOP,-0.08054311,-1.012451,-168.019693,10.0,1.004687,0.040152
S6_EXEC_E2_ARCHETYPE,2025-03-11,2025-03-12,2025-03-21,600143,金发科技,s6setup-ce8fa1a557656f1f9aa3,s6event-79e66440755ed30d44d2,3,SUPPORT_PULLBACK,LEGACY_SETUP_ID,ARCHETYPE_TRIGGERED,11.88187,10.99899,STOP,-0.08320309,-1.012628,-98.86083,10.0,0.5728300000000001,0.022881
S6_EXEC_E2_ARCHETYPE,2025-03-11,2025-03-12,2025-04-07,688466,金科环境,s6setup-74bacd272ba85bd07fb0,s6event-b1b47d61e98afec01ef2,4,SUPPORT_PULLBACK,LEGACY_SETUP_ID,ARCHETYPE_TRIGGERED,16.229213,15.66432,STOP,-0.04147115,-1.02855,-67.304413,10.0,0.81511,0.031894
S6_EXEC_E2_ARCHETYPE,2025-03-12,2025-03-13,2025-03-14,002152,广电运通,s6setup-1a652941f4d2ba4d952d,s6event-30988e0ebcc3bcf790ea,1,SUPPORT_PULLBACK,LEGACY_SETUP_ID,ARCHETYPE_TRIGGERED,14.02401,13.51647,STOP,-0.04382296,-1.027388,-61.457363,10.0,0.703364,0.02754
S6_EXEC_E2_ARCHETYPE,2025-03-12,2025-03-13,2025-03-24,002536,飞龙股份,s6setup-9dd30987d243c86137a3,s6event-7f39f03b95d86c2dca28,3,SUPPORT_PULLBACK,LEGACY_SETUP_ID,ARCHETYPE_TRIGGERED,16.43642,15.01497,STOP,-0.09304167,-1.010687,-152.927197,10.0,0.7822,0.031451
S6_EXEC_E2_ARCHETYPE,2025-03-12,2025-03-13,2025-03-14,300065,海兰信,s6setup-7ad83946d6b5e7a18b02,s6event-a4fd482f47647be76689,1,SUPPORT_PULLBACK,LEGACY_SETUP_ID,ARCHETYPE_TRIGGERED,12.00199,14.86512,TARGET,0.22958099,3.483169,275.542875,10.0,0.770123,0.026867
S6_EXEC_E2_ARCHETYPE,2025-03-12,2025-03-13,2025-03-31,300276,三丰智能,s6setup-a2e8f236483f82aaa623,s6event-6bdad12e7ca62d35a560,2,SUPPORT_PULLBACK,LEGACY_SETUP_ID,ARCHETYPE_TRIGGERED,13.55354,12.1878,STOP,-0.10861305,-1.009013,-147.209132,10.0,0.635131,0.025741
S6_EXEC_E2_ARCHETYPE,2025-03-12,2025-03-13,2025-04-03,300307,慈星股份,s6setup-c4931d99b7cb67258402,s6event-31d02eb60f8c6a6014c3,2,SUPPORT_PULLBACK,LEGACY_SETUP_ID,ARCHETYPE_TRIGGERED,9.61961,9.01098,STOP,-0.07415288,-1.015043,-71.332179,10.0,0.46918,0.018631
S6_EXEC_E2_ARCHETYPE,2025-03-12,2025-03-13,2025-03-14,300846,首都在线,s6setup-e638d1e29bfa0e8b492d,s6event-7d638298379559953087,1,SUPPORT_PULLBACK,LEGACY_SETUP_ID,ARCHETYPE_TRIGGERED,28.2282,25.49448,STOP,-0.10085675,-1.009423,-284.700451,10.0,1.328447,0.053723
S6_EXEC_E2_ARCHETYPE,2025-03-12,2025-03-13,2025-03-21,600143,金发科技,s6setup-32ff951c8a2e04623c92,s6event-79e66440755ed30d44d2,4,SUPPORT_PULLBACK,LEGACY_SETUP_ID,ARCHETYPE_TRIGGERED,11.84183,11.19879,STOP,-0.06323936,-1.017742,-74.886975,10.0,0.582981,0.023041
S6_EXEC_E2_ARCHETYPE,2025-03-12,2025-03-13,2025-03-21,688400,凌云光,s6setup-e30b6543c9a4f715fb66,s6event-d6fd01a0961d61c5ad09,4,SUPPORT_PULLBACK,LEGACY_SETUP_ID,ARCHETYPE_TRIGGERED,34.1341,30.89907,STOP,-0.09817543,-1.009653,-335.112995,10.0,1.609986,0.065033
S6_EXEC_E2_ARCHETYPE,2025-03-12,2025-03-13,2025-04-07,688722,同益中,s6setup-7d4617d1763b1294ea24,s6event-c59323939099ede9b45d,1,SUPPORT_PULLBACK,LEGACY_SETUP_ID,ARCHETYPE_TRIGGERED,15.62561,14.46552,STOP,-0.08112475,-1.01264,-126.76237,10.0,0.753367,0.030091
S6_EXEC_E2_ARCHETYPE,2025-03-13,2025-03-14,2025-03-21,300124,汇川技术,s6setup-5f1e06d6e268d09e8023,s6event-0de3a7b3b489afc46e49,3,SUPPORT_PULLBACK,LEGACY_SETUP_ID,ARCHETYPE_TRIGGERED,71.41134,68.89104,STOP,-0.03719505,-1.028132,-265.614836,10.0,3.584854,0.140302
S6_EXEC_E2_ARCHETYPE,2025-03-13,2025-03-18,2025-03-25,688041,海光信息,s6setup-39e835b206d36a70c71e,s6event-c57e8dfa99461c914387,2,SUPPORT_PULLBACK,LEGACY_SETUP_ID,ARCHETYPE_TRIGGERED,153.19304,142.19766,STOP,-0.07291084,-1.013115,-1116.943323,10.0,7.405274,0.295391
S6_EXEC_E2_ARCHETYPE,2025-03-13,2025-03-14,2025-03-19,688116,天奈科技,s6setup-f3f4c3e098a92dd7a8a7,s6event-34156e5518c1928e93ec,1,SUPPORT_PULLBACK,LEGACY_SETUP_ID,ARCHETYPE_TRIGGERED,47.768721,44.63532,STOP,-0.06817521,-1.014466,-325.664259,10.0,2.32417,0.092404
S6_EXEC_E2_ARCHETYPE,2025-03-13,2025-03-14,2025-03-27,688611,杭州柯林,s6setup-26e7e31a7ac13a6c69e4,s6event-271998c0c3bdbe325d19,1,SUPPORT_PULLBACK,LEGACY_SETUP_ID,ARCHETYPE_TRIGGERED,35.42539,31.88808,STOP,-0.1031443,-1.009106,-365.392705,10.0,1.6617169999999999,0.067313
S6_EXEC_E2_ARCHETYPE,2025-03-13,2025-03-14,2025-04-03,689009,九号公司,s6setup-02d7326cfc51e8d6b2de,s6event-4816ce8900b9d273cf0f,1,SUPPORT_PULLBACK,LEGACY_SETUP_ID,ARCHETYPE_TRIGGERED,59.47942,56.52342,STOP,-0.05187377,-1.019514,-308.542175,10.0,2.942174,0.116003
S6_EXEC_E2_ARCHETYPE,2025-03-14,2025-03-17,2025-03-21,002139,拓邦股份,s6setup-a395f4053d44b2b95a38,s6event-0aa69f76018ab02a5392,1,SUPPORT_PULLBACK,LEGACY_SETUP_ID,ARCHETYPE_TRIGGERED,17.05704,16.20378,STOP,-0.05638109,-1.019378,-96.169451,10.0,0.84345,0.033261
S6_EXEC_E2_ARCHETYPE,2025-03-17,2025-03-18,2025-03-24,300473,德尔股份,s6setup-4269b9bb4f194278f827,s6event-18d2afd050a77c4b0209,1,SUPPORT_PULLBACK,LEGACY_SETUP_ID,ARCHETYPE_TRIGGERED,31.26123,28.52145,STOP,-0.09131562,-1.01053,-285.46386,10.0,1.4858559999999998,0.059783
S6_EXEC_E2_ARCHETYPE,2025-03-17,2025-03-18,2025-03-24,300503,昊志机电,s6setup-b365884df694ce2f0407,s6event-2c56416ec280ba8ac8e8,1,SUPPORT_PULLBACK,LEGACY_SETUP_ID,ARCHETYPE_TRIGGERED,27.774747,26.11386,STOP,-0.06388835,-1.01599,-177.448276,10.0,1.359582,0.053889
S6_EXEC_E2_ARCHETYPE,2025-03-17,2025-03-18,2025-03-24,300687,赛意信息,s6setup-babc61c53c3fbd5dbdd9,s6event-77b00d1e628ab8e77512,1,SUPPORT_PULLBACK,LEGACY_SETUP_ID,ARCHETYPE_TRIGGERED,30.75072,27.48249,STOP,-0.10999917,-1.008489,-338.255368,10.0,1.4323569999999999,0.058233
S6_EXEC_E2_ARCHETYPE,2025-03-17,2025-03-18,2025-03-21,603496,恒为科技,s6setup-57487f4860bdd0246506,s6event-fe1d618f877150f377e6,1,SUPPORT_PULLBACK,LEGACY_SETUP_ID,ARCHETYPE_TRIGGERED,34.4344,30.93903,STOP,-0.10488039,-1.008939,-361.14933,10.0,1.612325,0.065373
S6_EXEC_E2_ARCHETYPE,2025-03-17,2025-03-18,2025-03-21,688103,国力电子,s6setup-62e204826e22d40919f8,s6event-3f254eb9175e7d7a2673,2,SUPPORT_PULLBACK,LEGACY_SETUP_ID,ARCHETYPE_TRIGGERED,51.23118,48.76119,STOP,-0.05065998,-1.02016,-259.537055,10.0,2.538051,0.099992
S6_EXEC_E2_ARCHETYPE,2025-03-17,2025-03-18,2025-03-24,688428,诺诚健华,s6setup-ec7b7291a38d04bcf218,s6event-8d422b58846141ec2975,1,SUPPORT_PULLBACK,LEGACY_SETUP_ID,ARCHETYPE_TRIGGERED,17.92791,16.63335,STOP,-0.07827027,-1.013029,-140.322236,10.0,0.866228,0.034561
S6_EXEC_E2_ARCHETYPE,2025-03-18,2025-03-19,2025-03-24,002414,高德红外,s6setup-9eb0785d7e71d7a4ffb1,s6event-591fd36cf3bc7862faec,1,SUPPORT_PULLBACK,LEGACY_SETUP_ID,ARCHETYPE_TRIGGERED,8.41841,8.0919,STOP,-0.05116418,-1.025439,-43.072104,10.0,0.421105,0.01651
S6_EXEC_E2_ARCHETYPE,2025-03-18,2025-03-19,2025-03-24,300473,德尔股份,s6setup-18307867e16b3953aa40,s6event-18d2afd050a77c4b0209,2,SUPPORT_PULLBACK,LEGACY_SETUP_ID,ARCHETYPE_TRIGGERED,30.6306,28.52145,STOP,-0.0726072,-1.013722,-222.40021,10.0,1.485225,0.059152
S6_EXEC_E2_ARCHETYPE,2025-03-18,2025-03-20,2025-03-24,301308,江波龙,s6setup-76e7dc0279f16bacf0cd,s6event-2c60d5a3f8e5e2a8bc66,3,SUPPORT_PULLBACK,LEGACY_SETUP_ID,ARCHETYPE_TRIGGERED,104.14404,96.69321,STOP,-0.07298723,-1.013161,-760.1185,10.0,5.035498,0.200837
S6_EXEC_E2_ARCHETYPE,2025-03-18,2025-03-19,2025-03-21,603496,恒为科技,s6setup-e9040e7f92b0891f1911,s6event-fe1d618f877150f377e6,2,SUPPORT_PULLBACK,LEGACY_SETUP_ID,ARCHETYPE_TRIGGERED,34.439405,31.73823,STOP,-0.08181633,-1.011902,-281.770572,10.0,1.6530900000000002,0.066178
S6_EXEC_E2_ARCHETYPE,2025-03-18,2025-03-19,2025-03-21,688070,纵横股份,s6setup-414023d3ba4d311ce03e,s6event-93390cd60687dc8b45e7,1,SUPPORT_PULLBACK,LEGACY_SETUP_ID,ARCHETYPE_TRIGGERED,47.9479,45.72423,STOP,-0.04895874,-1.021016,-234.746877,10.0,2.3798830000000004,0.093672
S6_EXEC_E2_ARCHETYPE,2025-03-18,2025-03-20,2025-03-21,688103,国力电子,s6setup-460d5619c1ccd0b42ede,s6event-3f254eb9175e7d7a2673,3,SUPPORT_PULLBACK,LEGACY_SETUP_ID,ARCHETYPE_TRIGGERED,51.31126,48.82113,STOP,-0.05097403,-1.020018,-261.554171,10.0,2.541188,0.100132
S6_EXEC_E2_ARCHETYPE,2025-03-18,2025-03-19,2025-03-20,688114,华大智造,s6setup-0cd9198cac2957d72afb,s6event-0bcac81f587051a7acbc,1,SUPPORT_PULLBACK,LEGACY_SETUP_ID,ARCHETYPE_TRIGGERED,90.84075,85.20471,STOP,-0.06363227,-1.015365,-578.040313,10.0,4.436281,0.176045
S6_EXEC_E2_ARCHETYPE,2025-03-18,2025-03-19,2025-03-24,688428,诺诚健华,s6setup-7fc4a65be0b689d9920c,s6event-8d422b58846141ec2975,2,SUPPORT_PULLBACK,LEGACY_SETUP_ID,ARCHETYPE_TRIGGERED,18.018,16.75323,STOP,-0.07622901,-1.013438,-137.34943,10.0,0.872432,0.034771
S6_EXEC_E2_ARCHETYPE,2025-03-18,2025-03-19,2025-03-21,688611,杭州柯林,s6setup-a7e02101c7f032c59cc9,s6event-271998c0c3bdbe325d19,2,SUPPORT_PULLBACK,LEGACY_SETUP_ID,ARCHETYPE_TRIGGERED,37.73055,35.70426,STOP,-0.05684721,-1.017955,-214.48765,10.0,1.8586479999999999,0.073435
S6_EXEC_E2_ARCHETYPE,2025-03-19,2025-03-20,2025-03-24,002414,高德红外,s6setup-e79fa17af18d8e91488d,s6event-591fd36cf3bc7862faec,2,SUPPORT_PULLBACK,LEGACY_SETUP_ID,ARCHETYPE_TRIGGERED,8.4084,8.08191,STOP,-0.05122209,-1.025408,-43.069582,10.0,0.420585,0.01649
S6_EXEC_E2_ARCHETYPE,2025-03-19,2025-03-20,2025-03-24,300870,欧陆通,s6setup-22eb66334993fd01e02f,s6event-a48e853f7721c8a6d22d,1,SUPPORT_PULLBACK,LEGACY_SETUP_ID,ARCHETYPE_TRIGGERED,107.54601,101.35854,STOP,-0.05895373,-1.016671,-634.023844,10.0,5.276832,0.208905
S6_EXEC_E2_ARCHETYPE,2025-03-19,2025-03-20,2025-03-21,600114,东睦股份,s6setup-a49725eba065cb5dc455,s6event-1d01534ae2f3f63c867b,1,SUPPORT_PULLBACK,LEGACY_SETUP_ID,ARCHETYPE_TRIGGERED,22.00198,20.44953,STOP,-0.07558862,-1.013362,-166.309931,10.0,1.064929,0.042452
S6_EXEC_E2_ARCHETYPE,2025-03-19,2025-03-20,2025-03-21,603583,捷昌驱动,s6setup-2b680aec3ac2ae09d9cb,s6event-f516f030efa4a0da832e,1,SUPPORT_PULLBACK,LEGACY_SETUP_ID,ARCHETYPE_TRIGGERED,46.23619,43.03692,STOP,-0.07184159,-1.013649,-332.168141,10.0,2.241119,0.089273
S6_EXEC_E2_ARCHETYPE,2025-03-19,2025-03-21,2025-04-07,688428,诺诚健华,s6setup-fb0c092ba8b95d201733,s6event-8d422b58846141ec2975,3,SUPPORT_PULLBACK,LEGACY_SETUP_ID,ARCHETYPE_TRIGGERED,17.6176,16.47351,STOP,-0.0711032,-1.014624,-125.266774,10.0,0.857767,0.034091
S6_EXEC_E2_ARCHETYPE,2025-03-20,2025-03-21,2025-03-24,300183,东软载波,s6setup-314c58c296b156d1537c,s6event-bd3c7d516658b72871e1,1,SUPPORT_PULLBACK,LEGACY_SETUP_ID,ARCHETYPE_TRIGGERED,21.015995,19.37061,STOP,-0.08353039,-1.011925,-175.547426,10.0,1.008918,0.040387
S6_EXEC_E2_ARCHETYPE,2025-03-20,2025-03-21,2025-03-25,300738,奥飞数据,s6setup-d192d8a6fa45f6875f3a,s6event-2fb2bf745613ad401332,1,SUPPORT_PULLBACK,LEGACY_SETUP_ID,ARCHETYPE_TRIGGERED,24.507483,22.62735,STOP,-0.08127795,-1.012194,-199.191798,10.0,1.1785029999999999,0.047135
S6_EXEC_E2_ARCHETYPE,2025-03-20,2025-03-21,2025-04-07,300777,中简科技,s6setup-ea5a0a3dcfe8be19d0c6,s6event-1033cc398e52d4f5ec1f,1,SUPPORT_PULLBACK,LEGACY_SETUP_ID,ARCHETYPE_TRIGGERED,34.7347,32.14913,STOP_GAP,-0.07779867,-1.29622,-270.231346,10.0,1.6743409999999999,0.066884
S6_EXEC_E2_ARCHETYPE,2025-03-20,2025-03-21,2025-03-24,603887,城地香江,s6setup-1d43275aa4335d06764a,s6event-f63caa52a63f0a4cdb1f,2,SUPPORT_PULLBACK,LEGACY_SETUP_ID,ARCHETYPE_TRIGGERED,21.03101,19.0809,STOP,-0.09795305,-1.009891,-206.005157,10.0,0.9941570000000001,0.040112
S6_EXEC_E2_ARCHETYPE,2025-03-20,2025-03-21,2025-03-24,688428,诺诚健华,s6setup-76060df902c86edffba2,s6event-8d422b58846141ec2975,4,SUPPORT_PULLBACK,LEGACY_SETUP_ID,ARCHETYPE_TRIGGERED,17.66765,16.60338,STOP,-0.06638769,-1.015864,-117.291447,10.0,0.8644400000000001,0.034271
S6_EXEC_E2_ARCHETYPE,2025-03-21,2025-03-24,2025-03-31,300777,中简科技,s6setup-87dda88ed4214ac5df61,s6event-1033cc398e52d4f5ec1f,2,SUPPORT_PULLBACK,LEGACY_SETUP_ID,ARCHETYPE_TRIGGERED,35.246522,33.3666,STOP,-0.05666634,-1.018088,-199.72914,10.0,1.7369430000000001,0.068613
S6_EXEC_E2_ARCHETYPE,2025-03-24,2025-03-25,2025-04-01,688266,泽璟制药,s6setup-01498b9e96072f6812f1,s6event-c86fdd9d63c68d1f08a1,4,SUPPORT_PULLBACK,LEGACY_SETUP_ID,ARCHETYPE_TRIGGERED,88.7887,103.65624,TARGET,0.16571689,3.592321,1471.378723,10.0,5.375257,0.192445
S6_EXEC_E2_ARCHETYPE,2025-03-25,2025-03-26,2025-03-28,300035,中科电气,s6setup-3c5e0aed12a341c184e7,s6event-968ed71f5dd296699d09,2,SUPPORT_PULLBACK,LEGACY_SETUP_ID,ARCHETYPE_TRIGGERED,16.89688,16.09389,STOP,-0.05393699,-1.020473,-91.136685,10.0,0.837685,0.032991
S6_EXEC_E2_ARCHETYPE,2025-03-25,2025-03-27,2025-03-31,300469,信息发展,s6setup-b1cf7e1a90a3897814cc,s6event-47054235d680449e42f1,1,SUPPORT_PULLBACK,LEGACY_SETUP_ID,ARCHETYPE_TRIGGERED,34.68465,31.968,STOP,-0.08168745,-1.01192,-283.330061,10.0,1.6650530000000001,0.066653
S6_EXEC_E2_ARCHETYPE,2025-03-25,2025-03-26,2025-04-03,688700,东威科技,s6setup-612c755c54dd8f6408e8,s6event-005aadb3a3fc47c27fe2,1,SUPPORT_PULLBACK,LEGACY_SETUP_ID,ARCHETYPE_TRIGGERED,39.81978,36.42354,STOP_GAP,-0.08827809,-1.041862,-351.521412,10.0,1.89742,0.076243
S6_EXEC_E2_ARCHETYPE,2025-03-28,2025-03-31,2025-04-01,300258,精锻科技,s6setup-067f3d614b1a9b2ca067,s6event-863b0e3fe1db61dcc232,1,SUPPORT_PULLBACK,LEGACY_SETUP_ID,ARCHETYPE_TRIGGERED,14.4144,13.63635,STOP_GAP,-0.06140725,-1.120464,-88.514866,10.0,0.709868,0.028051
S6_EXEC_E2_ARCHETYPE,2025-04-01,2025-04-02,2025-04-07,688521,芯原股份,s6setup-919c1bd1592da18d9049,s6event-ab1ffba7680b456636dd,1,SUPPORT_PULLBACK,LEGACY_SETUP_ID,ARCHETYPE_TRIGGERED,97.2972,90.39951,STOP,-0.07240462,-1.013293,-704.476679,10.0,4.707673,0.187697
S6_EXEC_E2_ARCHETYPE,2025-04-02,2025-04-03,2025-04-07,603678,火炬电子,s6setup-54b2a559c7ad59b371ae,s6event-94dcbe367b589db19041,1,SUPPORT_PULLBACK,LEGACY_SETUP_ID,ARCHETYPE_TRIGGERED,39.70967,37.77219,STOP,-0.05180453,-1.019903,-205.714079,10.0,1.966092,0.077482
S6_EXEC_E2_ARCHETYPE,2025-04-14,2025-04-15,2025-05-16,688178,万德斯,s6setup-2e2e62f8c57148f33f36,s6event-2a4b168067d38b89217c,1,SUPPORT_PULLBACK,LEGACY_SETUP_ID,ARCHETYPE_TRIGGERED,18.82881,23.96601,MAX_HOLDING,0.26686705,2.93754,502.478898,10.0,1.241096,0.042795
S6_EXEC_E2_ARCHETYPE,2025-04-15,2025-04-16,2025-05-19,688178,万德斯,s6setup-d6572d299243798c5c79,s6event-2a4b168067d38b89217c,2,SUPPORT_PULLBACK,LEGACY_SETUP_ID,ARCHETYPE_TRIGGERED,19.28927,24.09588,MAX_HOLDING,0.24335437,2.986826,469.412815,10.0,1.248179,0.043385
S6_EXEC_E2_ARCHETYPE,2025-04-21,2025-04-22,2025-05-23,688776,国光电气,s6setup-b862b5109c23c838ff8a,s6event-d8e0757f2196e5711ec5,1,SUPPORT_PULLBACK,LEGACY_SETUP_ID,ARCHETYPE_TRIGGERED,83.083,101.898,MAX_HOLDING,0.22462118,2.426803,1866.22015,10.0,5.279881,0.184981
S6_EXEC_E2_ARCHETYPE,2025-04-22,2025-04-23,2025-04-29,000876,新 希 望,s6setup-76e1598d90c3acec1fdc,s6event-b7a1e45588db1141bd87,1,SUPPORT_PULLBACK,LEGACY_SETUP_ID,ARCHETYPE_TRIGGERED,10.035901,9.60039,STOP,-0.0538574,-1.022564,-54.050753,10.0,0.499656,0.019636
S6_EXEC_E2_ARCHETYPE,2025-04-23,2025-04-24,2025-05-07,688580,伟思医疗,s6setup-641baa10d8724eb28812,s6event-7e3db1218746ad738bf6,1,SUPPORT_PULLBACK,LEGACY_SETUP_ID,ARCHETYPE_TRIGGERED,37.795758,51.28866,TARGET,0.35364728,4.34448,1336.636701,10.0,2.6535170000000003,0.089084
S6_EXEC_E2_ARCHETYPE,2025-05-06,2025-05-09,2025-05-21,300723,一品红,s6setup-9e030ba86f6a41585748,s6event-1d8c63a125c2fb56ce8b,1,SUPPORT_PULLBACK,LEGACY_SETUP_ID,ARCHETYPE_TRIGGERED,36.3363,48.89106,TARGET,0.34206736,3.580629,1242.946221,10.0,2.52978,0.085227
S6_EXEC_E2_ARCHETYPE,2025-05-08,2025-05-09,2025-05-15,688600,皖仪科技,s6setup-c7c68dc7bdbd306bc2fc,s6event-b22cb2c2ac82aa89d0e3,3,SUPPORT_PULLBACK,LEGACY_SETUP_ID,ARCHETYPE_TRIGGERED,19.64963,18.61137,STOP,-0.05842086,-1.018271,-114.794828,10.0,0.96883,0.038261
S6_EXEC_E2_ARCHETYPE,2025-05-09,2025-05-12,2025-05-30,001212,中旗新材,s6setup-3d692b717827051456f1,s6event-e76a168f29eb30f66638,1,SUPPORT_PULLBACK,LEGACY_SETUP_ID,ARCHETYPE_TRIGGERED,40.69065,54.58536,TARGET,0.33832009,3.571308,1376.646437,10.0,2.824544,0.095276
S6_EXEC_E2_ARCHETYPE,2025-05-19,2025-05-20,2025-06-18,688093,世华科技,s6setup-41bcdfb7e197b5fb367a,s6event-8143b4f86201cfed3a12,1,SUPPORT_PULLBACK,LEGACY_SETUP_ID,ARCHETYPE_TRIGGERED,25.40538,27.2727,MAX_HOLDING,0.06900731,1.895025,175.315693,10.0,1.416313,0.052678
S6_EXEC_E2_ARCHETYPE,2025-05-21,2025-05-22,2025-05-28,688233,神工股份,s6setup-361ea9d5d896aa6aeacd,s6event-be24be02518f6ac87cfb,1,SUPPORT_PULLBACK,LEGACY_SETUP_ID,ARCHETYPE_TRIGGERED,27.57755,26.1738,STOP,-0.05502209,-1.019019,-151.737444,10.0,1.362441,0.053751
S6_EXEC_E2_ARCHETYPE,2025-05-21,2025-05-22,2025-06-16,688722,同益中,s6setup-cdbc5becdb2b0aec2a55,s6event-b4959af07ee7840f1ff9,1,SUPPORT_PULLBACK,LEGACY_SETUP_ID,ARCHETYPE_TRIGGERED,21.875083,20.4795,STOP,-0.06885671,-1.014908,-150.624625,10.0,1.06633,0.042355
S6_EXEC_E2_ARCHETYPE,2025-05-22,2025-05-23,2025-06-13,688313,仕佳光子,s6setup-14605b552daa7ebd2184,s6event-81cc07d0c21e0406a60b,2,SUPPORT_PULLBACK,LEGACY_SETUP_ID,ARCHETYPE_TRIGGERED,28.71869,36.38358,TARGET,0.26275736,3.600754,754.604717,10.0,1.884281,0.065102
S6_EXEC_E2_ARCHETYPE,2025-05-26,2025-05-27,2025-06-05,603809,豪能股份,s6setup-415457793a9556486569,s6event-ad4f04c4a5f692f84c04,1,SUPPORT_PULLBACK,LEGACY_SETUP_ID,ARCHETYPE_TRIGGERED,15.09508,13.99599,STOP,-0.07991868,-1.012911,-120.637887,10.0,0.728891,0.029091
S6_EXEC_E2_ARCHETYPE,2025-05-26,2025-05-27,2025-06-17,688128,中国电研,s6setup-7b3723d2f89fd4ca149b,s6event-8a9046abbc5ad577d2d8,3,SUPPORT_PULLBACK,LEGACY_SETUP_ID,ARCHETYPE_TRIGGERED,23.6236,22.73724,STOP,-0.04225403,-1.026355,-99.81923,10.0,1.1832230000000001,0.046361
S6_EXEC_E2_ARCHETYPE,2025-05-27,2025-05-28,2025-06-13,688128,中国电研,s6setup-f2a5c66ddcf54c6ffda1,s6event-8a9046abbc5ad577d2d8,4,SUPPORT_PULLBACK,LEGACY_SETUP_ID,ARCHETYPE_TRIGGERED,23.78376,22.78719,STOP,-0.04660446,-1.023425,-110.842929,10.0,1.1859309999999998,0.046571
S6_EXEC_E2_ARCHETYPE,2025-05-28,2025-05-29,2025-05-30,600592,龙溪股份,s6setup-24cc6f1502a0a5d823a2,s6event-a8d00225c1c86a807af3,1,SUPPORT_PULLBACK,LEGACY_SETUP_ID,ARCHETYPE_TRIGGERED,25.95593,23.6763,STOP,-0.09215484,-1.010506,-239.196458,10.0,1.233447,0.049632
S6_EXEC_E2_ARCHETYPE,2025-05-28,2025-05-30,2025-06-10,688667,菱电电控,s6setup-038a552984e465159848,s6event-98f14216223ec88c0e07,2,SUPPORT_PULLBACK,LEGACY_SETUP_ID,ARCHETYPE_TRIGGERED,55.02497,52.49745,STOP,-0.04824799,-1.021233,-265.48442,10.0,2.7323939999999998,0.107522
S6_EXEC_E2_ARCHETYPE,2025-05-29,2025-05-30,2025-06-30,688297,中无人机,s6setup-e5b01dcbb14d34ef0d8f,s6event-4f2adf798b69c835702b,1,SUPPORT_PULLBACK,LEGACY_SETUP_ID,ARCHETYPE_TRIGGERED,44.8448,53.1468,MAX_HOLDING,0.18228304,3.058052,817.444647,10.0,2.755332,0.097992
S6_EXEC_E2_ARCHETYPE,2025-05-30,2025-06-03,2025-07-01,300047,天源迪科,s6setup-205764369053b53f46ce,s6event-f74c7d728c4b82ec9ffa,1,SUPPORT_PULLBACK,LEGACY_SETUP_ID,ARCHETYPE_TRIGGERED,14.70469,16.108875,MAX_HOLDING,0.08812307,1.587206,129.582243,10.0,0.8362580000000001,0.030814
S6_EXEC_E2_ARCHETYPE,2025-06-05,2025-06-06,2025-06-20,000722,湖南发展,s6setup-73ae5bb71010ee426865,s6event-f3f37f0b690d81e8dc23,1,SUPPORT_PULLBACK,LEGACY_SETUP_ID,ARCHETYPE_TRIGGERED,12.9129,12.00798,STOP,-0.07830721,-1.013462,-101.117317,10.0,0.62532,0.024921
S6_EXEC_E2_ARCHETYPE,2025-06-05,2025-06-06,2025-07-03,688171,纬德信息,s6setup-bb31e32885ee84db11ea,s6event-0e0886aaac3414ea8c51,1,SUPPORT_PULLBACK,LEGACY_SETUP_ID,ARCHETYPE_TRIGGERED,22.967945,20.7792,STOP,-0.10012093,-1.009594,-229.957201,10.0,1.082707,0.043747
S6_EXEC_E2_ARCHETYPE,2025-06-06,2025-06-09,2025-06-16,688171,纬德信息,s6setup-bb2b504a5c6f62af5e75,s6event-0e0886aaac3414ea8c51,2,SUPPORT_PULLBACK,LEGACY_SETUP_ID,ARCHETYPE_TRIGGERED,23.07305,20.94903,STOP,-0.09686343,-1.009971,-223.493476,10.0,1.091474,0.044022
S6_EXEC_E2_ARCHETYPE,2025-06-09,2025-06-10,2025-06-11,000859,国风新材,s6setup-1f3480720eb9c5570b71,s6event-e6993905123ac6975ad8,1,SUPPORT_PULLBACK,LEGACY_SETUP_ID,ARCHETYPE_TRIGGERED,7.57757,6.993,STOP,-0.09082228,-1.01212,-68.821218,10.0,0.364221,0.014571
S6_EXEC_E2_ARCHETYPE,2025-06-10,2025-06-11,2025-06-20,002584,西陇科学,s6setup-0e3885c48e6091598fec,s6event-d0fa077c1ad3bb48280c,1,SUPPORT_PULLBACK,LEGACY_SETUP_ID,ARCHETYPE_TRIGGERED,10.19018,9.35064,STOP_GAP,-0.09267851,-1.023605,-94.44107,10.0,0.487073,0.019541
S6_EXEC_E2_ARCHETYPE,2025-06-10,2025-06-11,2025-06-19,600550,保变电气,s6setup-b495a3465d15fcca0340,s6event-2d4bc44ee9a95abc5c17,1,SUPPORT_PULLBACK,LEGACY_SETUP_ID,ARCHETYPE_TRIGGERED,8.82882,8.31168,STOP,-0.07039075,-1.016352,-62.146726,10.0,0.432725,0.017141
S6_EXEC_E2_ARCHETYPE,2025-06-12,2025-06-13,2025-07-11,688211,中科微至,s6setup-5fd917843eae226689bc,s6event-59eab26b95631a084b23,1,SUPPORT_PULLBACK,LEGACY_SETUP_ID,ARCHETYPE_TRIGGERED,31.66163,31.84812,MAX_HOLDING,0.00220869,0.10409,6.993073,10.0,1.655916,0.06351
S6_EXEC_E2_ARCHETYPE,2025-06-13,2025-06-17,2025-06-19,002174,游族网络,s6setup-efb966241fd1357193be,s6event-8a181e0d662c24f48f89,1,SUPPORT_PULLBACK,LEGACY_SETUP_ID,ARCHETYPE_TRIGGERED,13.07306,12.26772,STOP,-0.06974092,-1.015484,-91.172723,10.0,0.6387269999999999,0.025341
S6_EXEC_E2_ARCHETYPE,2025-06-16,2025-06-17,2025-06-18,002174,游族网络,s6setup-fcdaa609d9c430fa4491,s6event-8a181e0d662c24f48f89,2,SUPPORT_PULLBACK,LEGACY_SETUP_ID,ARCHETYPE_TRIGGERED,13.10309,12.33765,STOP,-0.06653875,-1.016399,-87.186323,10.0,0.642324,0.025441
S6_EXEC_E2_ARCHETYPE,2025-06-17,2025-06-18,2025-07-16,688206,概伦电子,s6setup-1a641d1ac9caf0d71300,s6event-3f193de36fb83ed5319c,1,SUPPORT_PULLBACK,LEGACY_SETUP_ID,ARCHETYPE_TRIGGERED,25.96594,28.66131,MAX_HOLDING,0.09937992,1.766367,258.049304,10.0,1.487692,0.054627
S6_EXEC_E2_ARCHETYPE,2025-06-19,2025-06-20,2025-07-18,688103,国力电子,s6setup-172a1bad3022718fff73,s6event-f07a69854e7da3b7c485,1,SUPPORT_PULLBACK,LEGACY_SETUP_ID,ARCHETYPE_TRIGGERED,56.71619,59.68026,MAX_HOLDING,0.04995163,1.427649,283.306614,10.0,3.100409,0.116396
S6_EXEC_E2_ARCHETYPE,2025-06-23,2025-06-24,2025-07-01,688196,卓越新能,s6setup-a789564ce640373e5994,s6event-7dbd9646a79a20d856b6,1,SUPPORT_PULLBACK,LEGACY_SETUP_ID,ARCHETYPE_TRIGGERED,43.30326,48.16179,TARGET,0.10931127,2.607543,473.353435,10.0,2.499554,0.091465
S6_EXEC_E2_ARCHETYPE,2025-06-24,2025-06-25,2025-07-01,688196,卓越新能,s6setup-ecd0280fa2ab38bb0d88,s6event-7dbd9646a79a20d856b6,2,SUPPORT_PULLBACK,LEGACY_SETUP_ID,ARCHETYPE_TRIGGERED,43.87383,48.16179,TARGET,0.09488478,2.139882,416.295871,10.0,2.5001249999999997,0.092036
S6_EXEC_E2_ARCHETYPE,2025-06-24,2025-06-25,2025-06-27,688266,泽璟制药,s6setup-2c0916c727d49ac27651,s6event-78e431e5c22c69380bbf,1,SUPPORT_PULLBACK,LEGACY_SETUP_ID,ARCHETYPE_TRIGGERED,114.25414,107.90199,STOP,-0.05696356,-1.017298,-650.832256,10.0,5.617256,0.222156
S6_EXEC_E2_ARCHETYPE,2025-06-26,2025-06-27,2025-07-02,300204,舒泰神,s6setup-9c182d59a5d74d9b9c2f,s6event-50170b2c740db12762ce,2,SUPPORT_PULLBACK,LEGACY_SETUP_ID,ARCHETYPE_TRIGGERED,33.89386,46.61334,TARGET,0.37161209,3.921094,1259.536815,10.0,2.411174,0.080507
S6_EXEC_E2_ARCHETYPE,2025-06-26,2025-06-27,2025-06-30,688235,百济神州,s6setup-9c2a00b496c3276ebfcc,s6event-81f4dd46a9067af1c464,1,SUPPORT_PULLBACK,LEGACY_SETUP_ID,ARCHETYPE_TRIGGERED,248.45821,234.2655,STOP_GAP,-0.05819686,-1.153109,-1445.948766,14.481711,12.195998999999999,0.482724
S6_EXEC_E2_ARCHETYPE,2025-06-27,2025-06-30,2025-07-28,300199,翰宇药业,s6setup-98b6d5982ad98654f26b,s6event-3f23edb2c6d7a624a952,1,SUPPORT_PULLBACK,LEGACY_SETUP_ID,ARCHETYPE_TRIGGERED,16.29628,19.10088,MAX_HOLDING,0.16535649,2.425537,269.469566,10.0,0.990441,0.035397
S6_EXEC_E2_ARCHETYPE,2025-07-01,2025-07-02,2025-07-08,000766,通化金马,s6setup-59623e563d0da8f46a90,s6event-72aca919e1aa6d764148,1,SUPPORT_PULLBACK,LEGACY_SETUP_ID,ARCHETYPE_TRIGGERED,25.29527,24.08589,STOP,-0.05225944,-1.020341,-132.191664,10.0,1.2536759999999998,0.049381
S6_EXEC_E2_ARCHETYPE,2025-07-01,2025-07-02,2025-07-29,002317,众生药业,s6setup-7cf3aadef71694a02d4f,s6event-c6d1676ad100adb667e6,1,SUPPORT_PULLBACK,LEGACY_SETUP_ID,ARCHETYPE_TRIGGERED,15.20519,18.76122,TARGET,0.22665351,4.36221,344.630968,10.0,0.9720270000000001,0.033966
S6_EXEC_E2_ARCHETYPE,2025-07-04,2025-07-07,2025-07-24,688619,罗普特,s6setup-735ca3a91750dc4692c1,s6event-16d8a27bf87c3b2f3439,2,SUPPORT_PULLBACK,LEGACY_SETUP_ID,ARCHETYPE_TRIGGERED,12.46245,15.74424,TARGET,0.25465585,3.636534,317.36358,10.0,0.815419,0.028207
S6_EXEC_E2_ARCHETYPE,2025-07-07,2025-07-08,2025-08-05,300457,赢合科技,s6setup-299bd8ef7828db0ae0df,s6event-62ff4ac623c1dc7c5acf,1,SUPPORT_PULLBACK,LEGACY_SETUP_ID,ARCHETYPE_TRIGGERED,21.013993,20.71926,MAX_HOLDING,-0.01929714,-0.202706,-40.550996,10.0,1.077696,0.041733
S6_EXEC_E2_ARCHETYPE,2025-07-07,2025-07-08,2025-07-24,688619,罗普特,s6setup-d13a6c535c5f05eb28f3,s6event-16d8a27bf87c3b2f3439,3,SUPPORT_PULLBACK,LEGACY_SETUP_ID,ARCHETYPE_TRIGGERED,12.70269,15.86412,TARGET,0.2403595,3.842796,305.321222,10.0,0.821773,0.028567
S6_EXEC_E2_ARCHETYPE,2025-07-08,2025-07-09,2025-08-06,300698,万马科技,s6setup-6668ff7ac7cef8a955df,s6event-a71f65c08cee7a6bda73,1,SUPPORT_PULLBACK,LEGACY_SETUP_ID,ARCHETYPE_TRIGGERED,44.45441,46.78317,MAX_HOLDING,0.04958914,0.618625,220.445596,10.0,2.430396,0.091238
S6_EXEC_E2_ARCHETYPE,2025-07-09,2025-07-10,2025-07-22,300386,飞天诚信,s6setup-3cbfa8d687c8a76f1b76,s6event-2ad59a4408dd4d111fa3,3,SUPPORT_PULLBACK,LEGACY_SETUP_ID,ARCHETYPE_TRIGGERED,21.30128,19.84014,STOP,-0.07377357,-1.013779,-157.147147,10.0,1.033148,0.041141
S6_EXEC_E2_ARCHETYPE,2025-07-09,2025-07-10,2025-07-22,300450,先导智能,s6setup-adf6c601c300982c2d25,s6event-128058d1e8e3b78bb4be,1,SUPPORT_PULLBACK,LEGACY_SETUP_ID,ARCHETYPE_TRIGGERED,24.00398,26.48349,TARGET,0.09855713,2.494527,236.576338,10.0,1.374662,0.050487
S6_EXEC_E2_ARCHETYPE,2025-07-09,2025-07-10,2025-07-23,300468,四方精创,s6setup-b5f3c1335eb3444dbfc4,s6event-f72697d700140cde9b68,3,SUPPORT_PULLBACK,LEGACY_SETUP_ID,ARCHETYPE_TRIGGERED,44.58454,39.5604,STOP,-0.1153934,-1.007945,-514.476166,10.0,2.062165,0.084145
S6_EXEC_E2_ARCHETYPE,2025-07-09,2025-07-10,2025-07-23,300773,拉卡拉,s6setup-0015f29d48d62fab711c,s6event-a0939b05f71f63c38944,1,SUPPORT_PULLBACK,LEGACY_SETUP_ID,ARCHETYPE_TRIGGERED,21.021,18.96102,STOP,-0.10322346,-1.009299,-216.986035,10.0,0.9880329999999999,0.039982
S6_EXEC_E2_ARCHETYPE,2025-07-09,2025-07-10,2025-08-06,600178,东安动力,s6setup-d813adf2283cf382647f,s6event-1e30afb2041868f1169b,1,SUPPORT_PULLBACK,LEGACY_SETUP_ID,ARCHETYPE_TRIGGERED,13.84383,15.61437,TARGET,0.12008514,1.895998,166.243826,10.0,0.810176,0.029458
S6_EXEC_E2_ARCHETYPE,2025-07-09,2025-07-10,2025-08-07,688183,生益电子,s6setup-3a152a7ec1bfaca2be54,s6event-8ed52ccf243480c1d1ad,3,SUPPORT_PULLBACK,LEGACY_SETUP_ID,ARCHETYPE_TRIGGERED,46.72668,48.30165,MAX_HOLDING,0.03102872,0.485102,144.986907,10.0,2.510111,0.095028
S6_EXEC_E2_ARCHETYPE,2025-07-10,2025-07-14,2025-08-01,688143,长盈通,s6setup-b2682305a9609112432f,s6event-4653b1381fb97081fef4,1,SUPPORT_PULLBACK,LEGACY_SETUP_ID,ARCHETYPE_TRIGGERED,36.62659,44.2557,TARGET,0.20493782,3.53758,750.617351,10.0,2.2936669999999997,0.080882
S6_EXEC_E2_ARCHETYPE,2025-07-11,2025-07-14,2025-08-04,002074,国轩高科,s6setup-2ca32ff829370255b97d,s6event-2711cecdf5b6fd71a334,1,SUPPORT_PULLBACK,LEGACY_SETUP_ID,ARCHETYPE_TRIGGERED,30.11008,28.41156,STOP_GAP,-0.06022272,-1.132286,-181.331092,10.0,1.4790999999999999,0.058522
S6_EXEC_E2_ARCHETYPE,2025-07-11,2025-07-14,2025-08-06,600178,东安动力,s6setup-b14ad88c96db773f63b3,s6event-1e30afb2041868f1169b,2,SUPPORT_PULLBACK,LEGACY_SETUP_ID,ARCHETYPE_TRIGGERED,13.867854,15.61437,TARGET,0.11814474,2.245301,163.841401,10.0,0.8102,0.029482
S6_EXEC_E2_ARCHETYPE,2025-07-11,2025-07-14,2025-07-18,688499,利元亨,s6setup-74f372bf66beabfdd5b9,s6event-d08b48a8db4762647209,1,SUPPORT_PULLBACK,LEGACY_SETUP_ID,ARCHETYPE_TRIGGERED,39.31928,49.74021,TARGET,0.26183514,3.846384,1029.516918,10.0,2.5760690000000004,0.089059
S6_EXEC_E2_ARCHETYPE,2025-07-14,2025-07-15,2025-08-12,000519,中兵红箭,s6setup-d125da2ab6d89687d74c,s6event-a30c251bfbf3c7984ce2,1,SUPPORT_PULLBACK,LEGACY_SETUP_ID,ARCHETYPE_TRIGGERED,20.335315,22.092885,MAX_HOLDING,0.08094781,1.434382,164.609921,10.0,1.1470719999999999,0.042428
S6_EXEC_E2_ARCHETYPE,2025-07-14,2025-07-15,2025-08-04,002125,湘潭电化,s6setup-7e75682ebabd402c55ab,s6event-d85d8e16766a8c71b940,1,SUPPORT_PULLBACK,LEGACY_SETUP_ID,ARCHETYPE_TRIGGERED,13.498485,12.872115,STOP_GAP,-0.05430756,-1.029393,-73.306978,10.0,0.669977,0.026371
S6_EXEC_E2_ARCHETYPE,2025-07-14,2025-07-15,2025-08-06,600178,东安动力,s6setup-3fb1d338d8940b3e806e,s6event-1e30afb2041868f1169b,3,SUPPORT_PULLBACK,LEGACY_SETUP_ID,ARCHETYPE_TRIGGERED,13.697684,15.61437,TARGET,0.13203587,3.31788,180.858562,10.0,0.81003,0.029312
S6_EXEC_E2_ARCHETYPE,2025-07-14,2025-07-17,2025-07-18,688499,利元亨,s6setup-7df94c56685a2b5bee69,s6event-d08b48a8db4762647209,2,SUPPORT_PULLBACK,LEGACY_SETUP_ID,ARCHETYPE_TRIGGERED,39.50947,48.54141,TARGET,0.22543428,3.556624,890.678892,10.0,2.515121,0.088051
S6_EXEC_E2_ARCHETYPE,2025-07-15,2025-07-16,2025-08-13,301205,联特科技,s6setup-60999f27e1235d996029,s6event-c10c7779e5916b4351cb,1,SUPPORT_PULLBACK,LEGACY_SETUP_ID,ARCHETYPE_TRIGGERED,92.27218,102.42747,MAX_HOLDING,0.1083981,1.437982,1000.212899,10.0,5.316073,0.1947
S6_EXEC_E2_ARCHETYPE,2025-07-16,2025-07-17,2025-08-14,002210,飞马国际,s6setup-3c527aa803492bc46e6e,s6event-e410d8f8b5f89a6d373b,1,SUPPORT_PULLBACK,LEGACY_SETUP_ID,ARCHETYPE_TRIGGERED,2.88288,3.0969,MAX_HOLDING,0.03899286,1.313973,11.241174,10.0,0.16082500000000002,0.00598
S6_EXEC_E2_ARCHETYPE,2025-07-17,2025-07-18,2025-08-13,002549,凯美特气,s6setup-94d323a8e87e2f5f2975,s6event-d9b3a990b47ce67c83d9,1,SUPPORT_PULLBACK,LEGACY_SETUP_ID,ARCHETYPE_TRIGGERED,11.22121,13.97601,TARGET,0.23594247,4.043981,264.756,10.0,0.723998,0.025197
S6_EXEC_E2_ARCHETYPE,2025-07-17,2025-07-18,2025-08-11,688398,赛特新材,s6setup-a2064b7c632da1883039,s6event-c2213d10b4756aa3d6e1,1,SUPPORT_PULLBACK,LEGACY_SETUP_ID,ARCHETYPE_TRIGGERED,18.75874,22.68729,TARGET,0.20346739,3.543256,381.679187,10.0,1.17581,0.041446
S6_EXEC_E2_ARCHETYPE,2025-07-18,2025-07-21,2025-08-18,601162,天风证券,s6setup-d38b0f68ca0e92fc6098,s6event-389025e68a2cbc69b49b,1,SUPPORT_PULLBACK,LEGACY_SETUP_ID,ARCHETYPE_TRIGGERED,4.81481,5.60439,TARGET,0.14261697,4.272388,68.667361,10.0,0.29063900000000004,0.010419
S6_EXEC_E2_ARCHETYPE,2025-07-21,2025-07-22,2025-08-11,688398,赛特新材,s6setup-12dfd70fe13ef9e04d00,s6event-c2213d10b4756aa3d6e1,3,SUPPORT_PULLBACK,LEGACY_SETUP_ID,ARCHETYPE_TRIGGERED,18.9189,22.56741,TARGET,0.18694593,3.54603,353.681136,10.0,1.169856,0.041486
S6_EXEC_E2_ARCHETYPE,2025-07-24,2025-07-25,2025-08-15,002048,宁波华翔,s6setup-f5421e73dd4081027fbf,s6event-d70a9fc3cedc1e3e8eef,1,SUPPORT_PULLBACK,LEGACY_SETUP_ID,ARCHETYPE_TRIGGERED,19.04903,22.21776,TARGET,0.16049156,3.52461,305.720854,10.0,1.152155,0.041267
S6_EXEC_E2_ARCHETYPE,2025-07-24,2025-07-25,2025-08-04,002342,巨力索具,s6setup-9d1b0130a0ec33cd3b7d,s6event-49f7c9475ea3f6375d4f,1,SUPPORT_PULLBACK,LEGACY_SETUP_ID,ARCHETYPE_TRIGGERED,7.351344,6.797196,STOP_GAP,-0.08946501,-1.105325,-65.768806,10.0,0.354009,0.014149
S6_EXEC_E2_ARCHETYPE,2025-07-29,2025-07-30,2025-08-27,000989,九芝堂,s6setup-d71494a0ad33658203ce,s6event-84d67e3c1adf35c7bd96,1,SUPPORT_PULLBACK,LEGACY_SETUP_ID,ARCHETYPE_TRIGGERED,11.33132,11.17881,MAX_HOLDING,-0.02279739,-0.163757,-25.832452,10.0,0.581451,0.02251
S6_EXEC_E2_ARCHETYPE,2025-07-29,2025-07-30,2025-07-31,600267,海正药业,s6setup-26c625d3baf9fe440cdf,s6event-e0d2fe85c518860ae7da,1,SUPPORT_PULLBACK,LEGACY_SETUP_ID,ARCHETYPE_TRIGGERED,11.58157,11.23875,STOP,-0.03873979,-1.033929,-44.866759,10.0,0.584757,0.02282
S6_EXEC_E2_ARCHETYPE,2025-07-30,2025-07-31,2025-08-26,002716,湖南白银,s6setup-eec3a4d42e6b845df250,s6event-535b29e42222598c7e82,1,SUPPORT_PULLBACK,LEGACY_SETUP_ID,ARCHETYPE_TRIGGERED,4.51451,5.42457,TARGET,0.17881195,5.531943,80.724834,10.0,0.281167,0.009939
S6_EXEC_E2_ARCHETYPE,2025-07-30,2025-08-01,2025-08-12,688428,诺诚健华,s6setup-d952d452209891ee0557,s6event-266bc72de3069a809d84,1,SUPPORT_PULLBACK,LEGACY_SETUP_ID,ARCHETYPE_TRIGGERED,29.63961,27.84213,STOP,-0.06450746,-1.015749,-191.197596,10.0,1.449589,0.057482
S6_EXEC_E2_ARCHETYPE,2025-07-31,2025-08-01,2025-08-18,601519,大智慧,s6setup-a60ecf27e93ba5fe66e2,s6event-1abdaa3956b6321bb6fe,1,SUPPORT_PULLBACK,LEGACY_SETUP_ID,ARCHETYPE_TRIGGERED,13.18317,16.54344,TARGET,0.24665547,3.804783,325.170099,10.0,0.856899,0.029727
S6_EXEC_E2_ARCHETYPE,2025-08-04,2025-08-07,2025-08-08,002550,千红制药,s6setup-1d8cce98bcfe1a142389,s6event-9f09b6054cf81a6d5556,1,SUPPORT_PULLBACK,LEGACY_SETUP_ID,ARCHETYPE_TRIGGERED,11.00099,10.13985,STOP_GAP,-0.08784858,-1.048904,-96.642135,10.0,0.528133,0.021141
S6_EXEC_E2_ARCHETYPE,2025-08-04,2025-08-05,2025-08-08,688117,圣诺生物,s6setup-43d0b6c04e4fe7863f8f,s6event-431bbfdc7058cfbe558c,3,SUPPORT_PULLBACK,LEGACY_SETUP_ID,ARCHETYPE_TRIGGERED,28.18816,26.20377,STOP,-0.07442968,-1.013395,-209.803573,10.0,1.36458,0.054392
S6_EXEC_E2_ARCHETYPE,2025-08-05,2025-08-06,2025-09-02,601868,中国能建,s6setup-dd77d6e41b8afc91a237,s6event-e5e613fe70f98c8167c9,1,SUPPORT_PULLBACK,LEGACY_SETUP_ID,ARCHETYPE_TRIGGERED,2.546344,2.40759,STOP,-0.09425566,-1.017676,-24.000733,10.0,0.125333,0.004954
S6_EXEC_E2_ARCHETYPE,2025-08-06,2025-08-07,2025-09-04,002266,浙富控股,s6setup-4cab1a9a8619d98012cf,s6event-0a81e898b2afc39b1025,1,SUPPORT_PULLBACK,LEGACY_SETUP_ID,ARCHETYPE_TRIGGERED,3.57357,3.95604,MAX_HOLDING,0.07846962,1.637496,28.041668,10.0,0.20533200000000001,0.00753
S6_EXEC_E2_ARCHETYPE,2025-08-06,2025-08-07,2025-08-28,688202,美迪西,s6setup-4a027ef3cdd811824e39,s6event-18c409df76a3c383cdba,2,SUPPORT_PULLBACK,LEGACY_SETUP_ID,ARCHETYPE_TRIGGERED,60.38032,56.48346,STOP,-0.06668183,-1.014723,-402.627023,10.0,2.941037,0.116864
S6_EXEC_E2_ARCHETYPE,2025-08-06,2025-08-07,2025-09-04,688321,微芯生物,s6setup-5377fd2a99f58cc9c3ef,s6event-2d33d6772dc70c364cf3,1,SUPPORT_PULLBACK,LEGACY_SETUP_ID,ARCHETYPE_TRIGGERED,36.368332,34.897068,MAX_HOLDING,-0.04370355,-0.634622,-158.942522,10.0,1.816118,0.071265
S6_EXEC_E2_ARCHETYPE,2025-08-06,2025-08-07,2025-08-21,688718,唯赛勃,s6setup-587e5aa084c9ac94571a,s6event-6d8b18b218b332c25fd3,1,SUPPORT_PULLBACK,LEGACY_SETUP_ID,ARCHETYPE_TRIGGERED,14.688674,15.89409,TARGET,0.0746945,1.528408,109.716316,10.0,0.825288,0.030583
S6_EXEC_E2_ARCHETYPE,2025-08-07,2025-08-08,2025-08-28,600528,中铁工业,s6setup-683dc450a5cedcef3079,s6event-5264ed1157ecc9daef65,1,SUPPORT_PULLBACK,LEGACY_SETUP_ID,ARCHETYPE_TRIGGERED,8.855246,8.46153,STOP,-0.05625139,-1.021986,-49.81199,10.0,0.44039399999999995,0.017317
S6_EXEC_E2_ARCHETYPE,2025-08-07,2025-08-08,2025-09-05,600801,华新建材,s6setup-19ce1de975b65f1252f1,s6event-3e777513d560e9f3cd36,1,SUPPORT_PULLBACK,LEGACY_SETUP_ID,ARCHETYPE_TRIGGERED,14.84483,15.32466,MAX_HOLDING,0.0250502,0.454888,37.186596,10.0,0.796402,0.030169
S6_EXEC_E2_ARCHETYPE,2025-08-08,2025-08-11,2025-08-25,002736,国信证券,s6setup-80f9b3481d3dc454be12,s6event-2f2fd917ac75b035d4d0,1,SUPPORT_PULLBACK,LEGACY_SETUP_ID,ARCHETYPE_TRIGGERED,13.05304,15.12486,TARGET,0.15046118,6.618387,196.39758,10.0,0.784421,0.028178
S6_EXEC_E2_ARCHETYPE,2025-08-11,2025-08-12,2025-08-29,600418,江淮汽车,s6setup-1bc395233ee8e4509cec,s6event-b28e92dece14c478a2d4,1,SUPPORT_PULLBACK,LEGACY_SETUP_ID,ARCHETYPE_TRIGGERED,47.15711,55.32462,TARGET,0.17046895,5.644015,803.882303,10.0,2.868713,0.102482
S6_EXEC_E2_ARCHETYPE,2025-08-11,2025-08-12,2025-09-09,601208,东材科技,s6setup-36f0f2909d391d6e38bc,s6event-0ff0211087397253edce,3,SUPPORT_PULLBACK,LEGACY_SETUP_ID,ARCHETYPE_TRIGGERED,16.30629,16.55343,MAX_HOLDING,0.00849578,0.196722,13.853465,10.0,0.860532,0.03286
S6_EXEC_E2_ARCHETYPE,2025-08-12,2025-08-13,2025-08-25,002736,国信证券,s6setup-f4cdd39f619657adc0b6,s6event-2f2fd917ac75b035d4d0,2,SUPPORT_PULLBACK,LEGACY_SETUP_ID,ARCHETYPE_TRIGGERED,13.29328,14.97501,TARGET,0.11840267,3.276438,157.395985,10.0,0.777018,0.028268
S6_EXEC_E2_ARCHETYPE,2025-08-12,2025-08-13,2025-09-10,601208,东材科技,s6setup-66ff23da83b73dbac3e3,s6event-0ff0211087397253edce,4,SUPPORT_PULLBACK,LEGACY_SETUP_ID,ARCHETYPE_TRIGGERED,16.13612,17.87211,MAX_HOLDING,0.10081196,1.6918,162.671388,10.0,0.927614,0.034008
S6_EXEC_E2_ARCHETYPE,2025-08-13,2025-08-15,2025-09-12,300149,睿智医药,s6setup-14e2fd006350f69eb194,s6event-7a5c06acc7ae83524ac1,1,SUPPORT_PULLBACK,LEGACY_SETUP_ID,ARCHETYPE_TRIGGERED,12.74273,13.3866,MAX_HOLDING,0.04213504,0.594673,53.691544,10.0,0.6954589999999999,0.026129
S6_EXEC_E2_ARCHETYPE,2025-08-13,2025-08-14,2025-09-11,600010,包钢股份,s6setup-4fe377f3079b4d40efa0,s6event-8b421cb76667f0297c32,1,SUPPORT_PULLBACK,LEGACY_SETUP_ID,ARCHETYPE_TRIGGERED,2.51251,2.47752,MAX_HOLDING,-0.05424005,-0.21531,-13.627867,10.0,0.128866,0.00499
S6_EXEC_E2_ARCHETYPE,2025-08-13,2025-08-14,2025-08-27,688278,特宝生物,s6setup-a8fa994084285c828d33,s6event-66cb89222d81c95e6822,1,SUPPORT_PULLBACK,LEGACY_SETUP_ID,ARCHETYPE_TRIGGERED,86.56648,82.80711,STOP,-0.04508058,-1.022546,-390.246713,10.0,4.309729,0.169374
S6_EXEC_E2_ARCHETYPE,2025-08-14,2025-08-15,2025-08-19,600111,北方稀土,s6setup-d0cb7bb1e73364345296,s6event-ea0f24b8592c760e22a8,1,SUPPORT_PULLBACK,LEGACY_SETUP_ID,ARCHETYPE_TRIGGERED,37.90787,44.64531,TARGET,0.17448334,4.039547,661.429177,10.0,2.314819,0.082553
S6_EXEC_E2_ARCHETYPE,2025-08-15,2025-08-20,2025-08-28,688278,特宝生物,s6setup-02bdc87ef3d89554e3b1,s6event-66cb89222d81c95e6822,2,SUPPORT_PULLBACK,LEGACY_SETUP_ID,ARCHETYPE_TRIGGERED,84.6846,80.50941,STOP,-0.05097853,-1.019682,-431.709642,10.0,4.190664,0.165194
S6_EXEC_E2_ARCHETYPE,2025-08-18,2025-08-19,2025-09-03,002570,贝因美,s6setup-fb7486452e9473d13c9e,s6event-db492a164356e4f7b4e8,1,SUPPORT_PULLBACK,LEGACY_SETUP_ID,ARCHETYPE_TRIGGERED,7.19719,6.70329,STOP,-0.08300332,-1.013773,-59.739066,10.0,0.34906400000000004,0.0139
S6_EXEC_E2_ARCHETYPE,2025-08-18,2025-08-20,2025-09-04,300624,万兴科技,s6setup-c22cd4b2e561cbf60d9f,s6event-ef8004a51296479ad73a,1,SUPPORT_PULLBACK,LEGACY_SETUP_ID,ARCHETYPE_TRIGGERED,79.26919,73.18674,STOP,-0.07847397,-1.012191,-622.056804,10.0,3.8117929999999998,0.152456
S6_EXEC_E2_ARCHETYPE,2025-08-18,2025-08-19,2025-09-02,603200,上海洗霸,s6setup-b77ecfed67879a74832d,s6event-eeda90a04e234511721d,1,SUPPORT_PULLBACK,LEGACY_SETUP_ID,ARCHETYPE_TRIGGERED,67.35729,83.33658,TARGET,0.23510617,3.553093,1583.611447,10.0,4.3175229999999996,0.150694
S6_EXEC_E2_ARCHETYPE,2025-08-19,2025-08-21,2025-08-28,688166,博瑞医药,s6setup-ea5cc446b042bb37d50c,s6event-ebe7ed2caa25be26d3d3,4,SUPPORT_PULLBACK,LEGACY_SETUP_ID,ARCHETYPE_TRIGGERED,107.6075,98.73117,STOP,-0.08389526,-1.011259,-902.775919,10.0,5.142898,0.206339
S6_EXEC_E2_ARCHETYPE,2025-08-20,2025-08-21,2025-08-27,300581,晨曦航空,s6setup-8764343d809f6e381476,s6event-fb3091d5224996bdec90,1,SUPPORT_PULLBACK,LEGACY_SETUP_ID,ARCHETYPE_TRIGGERED,22.8228,21.08889,STOP,-0.08083555,-1.012325,-184.489359,10.0,1.098357,0.043912
S6_EXEC_E2_ARCHETYPE,2025-08-20,2025-08-21,2025-08-27,603367,辰欣药业,s6setup-4fb3b799ff588c2f84cc,s6event-9d58606275b072147e92,3,SUPPORT_PULLBACK,LEGACY_SETUP_ID,ARCHETYPE_TRIGGERED,30.122092,27.634338,STOP_GAP,-0.08638672,-1.018698,-260.214873,10.0,1.439473,0.057756
S6_EXEC_E2_ARCHETYPE,2025-08-20,2025-08-21,2025-08-28,688166,博瑞医药,s6setup-5b3367285908984eeb2d,s6event-ebe7ed2caa25be26d3d3,5,SUPPORT_PULLBACK,LEGACY_SETUP_ID,ARCHETYPE_TRIGGERED,109.79969,101.06883,STOP,-0.08090645,-1.011723,-888.350313,10.0,5.26431,0.210869
S6_EXEC_E2_ARCHETYPE,2025-08-21,2025-08-22,2025-08-27,300644,南京聚隆,s6setup-0ad2951473f2b0d260d8,s6event-091ce95963480c6ded9c,1,SUPPORT_PULLBACK,LEGACY_SETUP_ID,ARCHETYPE_TRIGGERED,37.79776,35.22474,STOP,-0.07120429,-1.013894,-269.136266,10.0,1.83426,0.073022
S6_EXEC_E2_ARCHETYPE,2025-08-21,2025-08-22,2025-09-03,688507,索辰科技,s6setup-987937c145bed8deb782,s6event-9126af4323913d1af5a3,1,SUPPORT_PULLBACK,LEGACY_SETUP_ID,ARCHETYPE_TRIGGERED,102.219117,94.82508,STOP,-0.07379657,-1.013004,-754.342022,10.0,4.938298,0.197044
S6_EXEC_E2_ARCHETYPE,2025-08-22,2025-08-27,2025-09-05,300009,安科生物,s6setup-b0925db5e4e62724fea7,s6event-52beecec9f0b3dac324b,2,SUPPORT_PULLBACK,LEGACY_SETUP_ID,ARCHETYPE_TRIGGERED,11.20119,10.55943,STOP,-0.06671232,-1.016746,-74.725737,10.0,0.549733,0.021761
S6_EXEC_E2_ARCHETYPE,2025-08-22,2025-08-25,2025-08-28,300600,国瑞科技,s6setup-505fdc69398e03985840,s6event-40132ab68596f6811617,1,SUPPORT_PULLBACK,LEGACY_SETUP_ID,ARCHETYPE_TRIGGERED,19.9199,18.47151,STOP_GAP,-0.07821373,-1.012931,-155.800968,10.0,0.961966,0.038391
S6_EXEC_E2_ARCHETYPE,2025-08-22,2025-08-27,2025-08-28,600184,光电股份,s6setup-a7c11205c842d67862c0,s6event-a4d996cc11c09c7054f0,1,SUPPORT_PULLBACK,LEGACY_SETUP_ID,ARCHETYPE_TRIGGERED,21.68166,20.09988,STOP,-0.07804973,-1.012884,-169.224771,10.0,1.046776,0.041782
S6_EXEC_E2_ARCHETYPE,2025-08-22,2025-08-26,2025-09-08,600629,华建集团,s6setup-9b4aa7e551d0adac65f9,s6event-97ecd243fe547a9d9cd4,1,SUPPORT_PULLBACK,LEGACY_SETUP_ID,ARCHETYPE_TRIGGERED,11.55154,10.4895,STOP,-0.10106922,-1.009985,-116.750514,10.0,0.546516,0.022041
S6_EXEC_E2_ARCHETYPE,2025-08-25,2025-08-28,2025-09-04,002317,众生药业,s6setup-dd1f38847239157305df,s6event-b4f942168b86b94eb5c8,1,SUPPORT_PULLBACK,LEGACY_SETUP_ID,ARCHETYPE_TRIGGERED,20.79077,19.39059,STOP,-0.07264171,-1.014057,-151.027709,10.0,1.009711,0.040181
S6_EXEC_E2_ARCHETYPE,2025-08-25,2025-08-27,2025-08-28,300009,安科生物,s6setup-202be4c3970aed5518b3,s6event-52beecec9f0b3dac324b,3,SUPPORT_PULLBACK,LEGACY_SETUP_ID,ARCHETYPE_TRIGGERED,11.46145,10.87911,STOP,-0.06002757,-1.019057,-68.800299,10.0,0.566297,0.022341
S6_EXEC_E2_ARCHETYPE,2025-08-25,2025-08-26,2025-09-02,300706,阿石创,s6setup-4a4c09b4357671ae65c4,s6event-0b013e21404f8c93e0e6,1,SUPPORT_PULLBACK,LEGACY_SETUP_ID,ARCHETYPE_TRIGGERED,45.12508,40.54941,STOP,-0.10408406,-1.00895,-469.680153,10.0,2.113145,0.085674
S6_EXEC_E2_ARCHETYPE,2025-08-25,2025-08-26,2025-08-27,300841,康华生物,s6setup-85b7e487b3678d3e645e,s6event-b283dfe7643863c1dd85,1,SUPPORT_PULLBACK,LEGACY_SETUP_ID,ARCHETYPE_TRIGGERED,84.5845,79.26066,STOP,-0.06461123,-1.015128,-546.510858,10.0,4.126878,0.163845
S6_EXEC_E2_ARCHETYPE,2025-08-25,2025-08-26,2025-08-27,300885,海昌新材,s6setup-91a7df50d36c56618b19,s6event-0948a8c7f4b8db7c8755,1,SUPPORT_PULLBACK,LEGACY_SETUP_ID,ARCHETYPE_TRIGGERED,27.65763,24.894481,STOP_GAP,-0.10399017,-1.084596,-287.612165,10.0,1.2972759999999999,0.052552
S6_EXEC_E2_ARCHETYPE,2025-08-25,2025-08-26,2025-09-23,688551,科威尔,s6setup-bddb947dce9126d52aeb,s6event-1e0e612f44e96e448220,1,SUPPORT_PULLBACK,LEGACY_SETUP_ID,ARCHETYPE_TRIGGERED,31.16113,30.615508,MAX_HOLDING,-0.0212299,-0.182413,-66.154767,10.0,1.592552,0.061777
S6_EXEC_E2_ARCHETYPE,2025-08-26,2025-08-27,2025-08-28,300009,安科生物,s6setup-993ceb978dfc476a231f,s6event-52beecec9f0b3dac324b,4,SUPPORT_PULLBACK,LEGACY_SETUP_ID,ARCHETYPE_TRIGGERED,11.46145,10.8891,STOP_GAP,-0.05915639,-1.0379,-67.801801,10.0,0.566806,0.022351
S6_EXEC_E2_ARCHETYPE,2025-08-26,2025-08-27,2025-08-28,300875,捷强装备,s6setup-97303033618698e750c3,s6event-812b4cf02f8147d33f48,2,SUPPORT_PULLBACK,LEGACY_SETUP_ID,ARCHETYPE_TRIGGERED,57.057,51.5484,STOP,-0.09876895,-1.009456,-563.545998,10.0,2.686025,0.108605
S6_EXEC_E2_ARCHETYPE,2025-08-26,2025-08-28,2025-09-04,301357,北方长龙,s6setup-ef0e9918778ead33c400,s6event-6d4e898543eb6a0e45db,1,SUPPORT_PULLBACK,LEGACY_SETUP_ID,ARCHETYPE_TRIGGERED,150.67052,127.61226,STOP,-0.15414329,-1.005571,-2322.484966,10.0,6.658896,0.278283
S6_EXEC_E2_ARCHETYPE,2025-08-26,2025-08-28,2025-09-25,688258,卓易信息,s6setup-27ba67f0c9d04314e9b1,s6event-56ba5723852c1d06a740,1,SUPPORT_PULLBACK,LEGACY_SETUP_ID,ARCHETYPE_TRIGGERED,67.64758,73.70622,MAX_HOLDING,0.08751789,0.95448,592.037347,10.0,3.826665,0.141354
S6_EXEC_E2_ARCHETYPE,2025-08-26,2025-08-27,2025-09-04,688580,伟思医疗,s6setup-b85e5d261c56c40edb68,s6event-8aedeb2ce254bf45dce6,1,SUPPORT_PULLBACK,LEGACY_SETUP_ID,ARCHETYPE_TRIGGERED,53.06301,49.4505,STOP,-0.07044946,-1.013893,-373.82604,10.0,2.5750390000000003,0.102514
S6_EXEC_E2_ARCHETYPE,2025-08-27,2025-08-28,2025-09-03,000901,航天科技,s6setup-91fdaaeb5fd78ee71f25,s6event-4985da626d0f9c84351d,1,SUPPORT_PULLBACK,LEGACY_SETUP_ID,ARCHETYPE_TRIGGERED,18.36835,16.86312,STOP,-0.08786929,-1.011341,-161.401387,10.0,0.878387,0.035231
S6_EXEC_E2_ARCHETYPE,2025-08-27,2025-08-28,2025-09-03,300322,硕贝德,s6setup-e9a0df59c2144700236e,s6event-96f5cb076e71c6c1d376,1,SUPPORT_PULLBACK,LEGACY_SETUP_ID,ARCHETYPE_TRIGGERED,26.23621,23.85612,STOP,-0.09500301,-1.010135,-249.251892,10.0,1.242898,0.050092
S6_EXEC_E2_ARCHETYPE,2025-08-28,2025-08-29,2025-09-22,002173,创新医疗,s6setup-34f9db971598aff4b345,s6event-70e1eb5a0a27bb9bb513,1,SUPPORT_PULLBACK,LEGACY_SETUP_ID,ARCHETYPE_TRIGGERED,22.98296,21.45852,STOP,-0.07116636,-1.014292,-163.561361,10.0,1.117367,0.044441
S6_EXEC_E2_ARCHETYPE,2025-09-01,2025-09-02,2025-09-03,000561,烽火电子,s6setup-4e4bdb4f02b2642cc0dd,s6event-b5386a73a2bfe510ce0f,1,SUPPORT_PULLBACK,LEGACY_SETUP_ID,ARCHETYPE_TRIGGERED,12.74273,11.85813,STOP,-0.07775218,-1.013601,-99.077504,10.0,0.617508,0.024601
S6_EXEC_E2_ARCHETYPE,2025-09-01,2025-09-02,2025-09-04,300400,劲拓股份,s6setup-93472d59cb6a2b06e093,s6event-8746386a86571365a54c,2,SUPPORT_PULLBACK,LEGACY_SETUP_ID,ARCHETYPE_TRIGGERED,24.79477,22.85712,STOP,-0.08266078,-1.011949,-204.955503,10.0,1.1905080000000001,0.047652
S6_EXEC_E2_ARCHETYPE,2025-09-01,2025-09-02,2025-09-04,301095,广立微,s6setup-ec4268cdb3ff4d155204,s6event-bb294f286c53898a744f,2,SUPPORT_PULLBACK,LEGACY_SETUP_ID,ARCHETYPE_TRIGGERED,87.37729,79.51041,STOP,-0.09165201,-1.010221,-800.830426,10.0,4.142408,0.166888
S6_EXEC_E2_ARCHETYPE,2025-09-01,2025-09-02,2025-09-09,600143,金发科技,s6setup-edfdf6faacd2275dbc44,s6event-06eb0640aeeec8e4dc3c,1,SUPPORT_PULLBACK,LEGACY_SETUP_ID,ARCHETYPE_TRIGGERED,15.58557,18.84114,TARGET,0.20184088,3.555785,314.580516,10.0,0.976484,0.034427
S6_EXEC_E2_ARCHETYPE,2025-09-02,2025-09-04,2025-09-23,600208,衢州发展,s6setup-58ca7e3a74ab63f1ed03,s6event-a7aa66eb135283c8fbb4,1,SUPPORT_PULLBACK,LEGACY_SETUP_ID,ARCHETYPE_TRIGGERED,4.88488,4.40559,STOP,-0.11905834,-1.009287,-58.15857,10.0,0.22957,0.00929
S6_EXEC_E2_ARCHETYPE,2025-09-02,2025-09-03,2025-10-09,688146,中船特气,s6setup-c824dd1450fd60c3bd7e,s6event-772d6827bf9ecc4a6b40,1,SUPPORT_PULLBACK,LEGACY_SETUP_ID,ARCHETYPE_TRIGGERED,40.13009,44.109846,MAX_HOLDING,0.0961089,1.416238,385.685881,10.0,2.289732,0.08424
S6_EXEC_E2_ARCHETYPE,2025-09-03,2025-09-04,2025-10-10,301217,铜冠铜箔,s6setup-de70759c7759d1a5514d,s6event-bfb877511a8c3c805f56,1,SUPPORT_PULLBACK,LEGACY_SETUP_ID,ARCHETYPE_TRIGGERED,30.92089,29.66031,MAX_HOLDING,-0.04450118,-0.395056,-137.601609,10.0,1.543596,0.060581
S6_EXEC_E2_ARCHETYPE,2025-09-03,2025-09-04,2025-09-23,600208,衢州发展,s6setup-0ae7fb503de1b253a957,s6event-a7aa66eb135283c8fbb4,2,SUPPORT_PULLBACK,LEGACY_SETUP_ID,ARCHETYPE_TRIGGERED,4.82482,4.37562,STOP,-0.1143006,-1.009847,-55.147982,10.0,0.227981,0.0092
S6_EXEC_E2_ARCHETYPE,2025-09-03,2025-09-04,2025-10-10,688767,博拓生物,s6setup-14642204952b1afeca0e,s6event-bda51d91b2b062d1359b,1,SUPPORT_PULLBACK,LEGACY_SETUP_ID,ARCHETYPE_TRIGGERED,38.6386,41.11884,MAX_HOLDING,0.06104991,0.838315,235.888305,10.0,2.135699,0.079757
S6_EXEC_E2_ARCHETYPE,2025-09-04,2025-09-05,2025-09-16,688370,丛麟科技,s6setup-217f312a9e7738e5738e,s6event-fff1725e71dee39d6e3b,1,SUPPORT_PULLBACK,LEGACY_SETUP_ID,ARCHETYPE_TRIGGERED,27.7277,25.98399,STOP,-0.06698136,-1.015142,-185.723906,10.0,1.352911,0.053712
S6_EXEC_E2_ARCHETYPE,2025-09-05,2025-09-08,2025-09-11,688621,阳光诺和,s6setup-e257d4b49d88615d8254,s6event-dc83c133e811687824dd,1,SUPPORT_PULLBACK,LEGACY_SETUP_ID,ARCHETYPE_TRIGGERED,76.95688,70.45947,STOP,-0.0862056,-1.010974,-663.411401,10.0,3.670389,0.147416
S6_EXEC_E2_ARCHETYPE,2025-09-09,2025-09-10,2025-09-15,002249,大洋电机,s6setup-9fc5786185f683e6c331,s6event-6065888cd95d2e31b9ba,1,SUPPORT_PULLBACK,LEGACY_SETUP_ID,ARCHETYPE_TRIGGERED,7.94794,9.23076,TARGET,0.14821864,3.486492,117.803286,10.0,0.478717,0.017179
S6_EXEC_E2_ARCHETYPE,2025-09-09,2025-09-10,2025-10-16,002428,云南锗业,s6setup-dc2887ba620b0c0442bf,s6event-950497fa14d010e7ffd5,1,SUPPORT_PULLBACK,LEGACY_SETUP_ID,ARCHETYPE_TRIGGERED,27.40738,28.01196,MAX_HOLDING,0.01787912,0.298208,49.001984,10.0,1.4560170000000001,0.055419
S6_EXEC_E2_ARCHETYPE,2025-09-09,2025-09-10,2025-10-16,002518,科士达,s6setup-519086fb04a79bcf4f92,s6event-1280d8542bd9c98d936e,1,SUPPORT_PULLBACK,LEGACY_SETUP_ID,ARCHETYPE_TRIGGERED,33.58355,43.23672,MAX_HOLDING,0.28379321,3.382863,953.078346,10.0,2.238656,0.07682
S6_EXEC_E2_ARCHETYPE,2025-09-09,2025-09-10,2025-10-16,600728,佳都科技,s6setup-a9f50975f20ed58922b0,s6event-cedd54436ddb7b8589cd,1,SUPPORT_PULLBACK,LEGACY_SETUP_ID,ARCHETYPE_TRIGGERED,6.78678,6.635178,MAX_HOLDING,-0.03758098,-0.293359,-25.505384,10.0,0.345181,0.013422
S6_EXEC_E2_ARCHETYPE,2025-09-09,2025-09-10,2025-09-23,688260,昀冢科技,s6setup-d3f9e34eee55f308d761,s6event-950836df661a861714c6,1,SUPPORT_PULLBACK,LEGACY_SETUP_ID,ARCHETYPE_TRIGGERED,30.60057,28.13184,STOP,-0.08442272,-1.011538,-258.338335,10.0,1.465324,0.058732
S6_EXEC_E2_ARCHETYPE,2025-09-10,2025-09-11,2025-10-10,300740,水羊股份,s6setup-90152e3f07386ecbf73a,s6event-9bb40a410265d8387024,1,SUPPORT_PULLBACK,LEGACY_SETUP_ID,ARCHETYPE_TRIGGERED,21.41139,23.72625,TARGET,0.10286794,2.244408,220.254558,10.0,1.2314509999999999,0.045138
S6_EXEC_E2_ARCHETYPE,2025-09-10,2025-09-11,2025-09-23,600111,北方稀土,s6setup-24ec443b7db1f38c8092,s6event-07968863b1a7ef596e98,1,SUPPORT_PULLBACK,LEGACY_SETUP_ID,ARCHETYPE_TRIGGERED,48.91887,46.08387,STOP,-0.06048774,-1.016541,-295.899189,10.0,2.3991960000000003,0.095003
S6_EXEC_E2_ARCHETYPE,2025-09-11,2025-09-12,2025-10-13,000063,中兴通讯,s6setup-2a2011176a13f3224d4c,s6event-f1ce462b6f726e322e4f,1,SUPPORT_PULLBACK,LEGACY_SETUP_ID,ARCHETYPE_TRIGGERED,42.661619,53.93601,TARGET,0.261276,5.215716,1114.645717,10.0,2.793399,0.096598
S6_EXEC_E2_ARCHETYPE,2025-09-11,2025-09-12,2025-09-23,300113,顺网科技,s6setup-2c76e99aa1035f5e855a,s6event-262f1ce3eced3573a35b,1,SUPPORT_PULLBACK,LEGACY_SETUP_ID,ARCHETYPE_TRIGGERED,25.41539,23.82615,STOP,-0.06695335,-1.015236,-170.16455,10.0,1.240549,0.049242
S6_EXEC_E2_ARCHETYPE,2025-09-11,2025-09-12,2025-10-13,300748,金力永磁,s6setup-318e120c4e48ebd32066,s6event-b7fe7087ef62c9767098,1,SUPPORT_PULLBACK,LEGACY_SETUP_ID,ARCHETYPE_TRIGGERED,35.19516,47.04291,TARGET,0.33309711,3.573809,1172.340608,10.0,2.4343839999999997,0.082238
S6_EXEC_E2_ARCHETYPE,2025-09-11,2025-09-12,2025-10-13,300843,胜蓝股份,s6setup-effbbcfbd9f6a9ade213,s6event-27fdeea54039c09282e9,1,SUPPORT_PULLBACK,LEGACY_SETUP_ID,ARCHETYPE_TRIGGERED,55.46541,48.74121,STOP,-0.12349341,-1.007309,-684.961262,10.0,2.541267,0.104207
S6_EXEC_E2_ARCHETYPE,2025-09-11,2025-09-12,2025-09-23,600111,北方稀土,s6setup-337d1b5067eb226db598,s6event-07968863b1a7ef596e98,2,SUPPORT_PULLBACK,LEGACY_SETUP_ID,ARCHETYPE_TRIGGERED,50.46041,46.3536,STOP,-0.08384702,-1.011427,-423.095501,10.0,2.4144940000000004,0.096814
S6_EXEC_E2_ARCHETYPE,2025-09-11,2025-09-12,2025-10-20,688372,伟测科技,s6setup-222f95ff4fd43da40b08,s6event-6573504c3556471409c8,1,SUPPORT_PULLBACK,LEGACY_SETUP_ID,ARCHETYPE_TRIGGERED,75.73566,76.50342,MAX_HOLDING,0.00829181,0.23655,62.79857,10.0,3.97741,0.152239
S6_EXEC_E2_ARCHETYPE,2025-09-11,2025-09-15,2025-10-16,688588,凌志软件,s6setup-655b9cae242f4439872d,s6event-4b45811df2acd16423f2,1,SUPPORT_PULLBACK,LEGACY_SETUP_ID,ARCHETYPE_TRIGGERED,18.25824,16.76322,STOP,-0.08783715,-1.011351,-160.375177,10.0,0.873182,0.035021
S6_EXEC_E2_ARCHETYPE,2025-09-12,2025-09-15,2025-10-17,002212,天融信,s6setup-a8f6370a9b42a2234e28,s6event-207aa1be6139928f151c,1,SUPPORT_PULLBACK,LEGACY_SETUP_ID,ARCHETYPE_TRIGGERED,10.15014,9.17082,STOP,-0.10680627,-1.009463,-108.409859,10.0,0.47786199999999995,0.019321
S6_EXEC_E2_ARCHETYPE,2025-09-12,2025-09-15,2025-09-18,002378,章源钨业,s6setup-c4520a011b1400a27c31,s6event-513050388b6f2fad0607,1,SUPPORT_PULLBACK,LEGACY_SETUP_ID,ARCHETYPE_TRIGGERED,13.39338,12.29769,STOP,-0.08975298,-1.011363,-120.209577,10.0,0.640576,0.025691
S6_EXEC_E2_ARCHETYPE,2025-09-12,2025-09-15,2025-10-09,688099,晶晨股份,s6setup-b92348116496ea5d1a8a,s6event-75cc621662af0888e508,1,SUPPORT_PULLBACK,LEGACY_SETUP_ID,ARCHETYPE_TRIGGERED,93.56347,114.80508,TARGET,0.2253243,3.544126,2108.212338,10.0,5.948623,0.208369
S6_EXEC_E2_ARCHETYPE,2025-09-15,2025-09-16,2025-09-19,002402,和而泰,s6setup-653d0556fe8b29b42e88,s6event-08f511e57843e2809849,3,SUPPORT_PULLBACK,LEGACY_SETUP_ID,ARCHETYPE_TRIGGERED,37.5375,47.03292,TARGET,0.24964523,3.712774,937.105782,10.0,2.436216,0.08457
S6_EXEC_E2_ARCHETYPE,2025-09-15,2025-09-16,2025-10-22,002600,领益智造,s6setup-15c1604499c396f1967b,s6event-c7344c0bfca6c7245f74,3,SUPPORT_PULLBACK,LEGACY_SETUP_ID,ARCHETYPE_TRIGGERED,14.47446,14.70528,MAX_HOLDING,0.00850986,0.208989,12.317563,10.0,0.764444,0.02918
S6_EXEC_E2_ARCHETYPE,2025-09-15,2025-09-17,2025-10-13,300465,高伟达,s6setup-61c5d78719f9d5af5af6,s6event-d29adfb7492c637184ee,1,SUPPORT_PULLBACK,LEGACY_SETUP_ID,ARCHETYPE_TRIGGERED,24.25423,21.7782,STOP_GAP,-0.10667745,-1.038503,-258.737941,10.0,1.1349420000000001,0.046032
S6_EXEC_E2_ARCHETYPE,2025-09-15,2025-09-18,2025-10-13,301183,东田微,s6setup-a0f79c4d75be782ec826,s6event-72db1f4fcc716097abc4,3,SUPPORT_PULLBACK,LEGACY_SETUP_ID,ARCHETYPE_TRIGGERED,95.65556,82.18773,STOP_GAP,-0.14228867,-1.254507,-1361.070241,10.0,4.28723,0.177843
S6_EXEC_E2_ARCHETYPE,2025-09-15,2025-09-16,2025-09-18,600111,北方稀土,s6setup-0c186be8dd4f4f83177e,s6event-07968863b1a7ef596e98,4,SUPPORT_PULLBACK,LEGACY_SETUP_ID,ARCHETYPE_TRIGGERED,51.66161,48.33162,STOP,-0.06688053,-1.014743,-345.515586,10.0,2.516574,0.099993
S6_EXEC_E2_ARCHETYPE,2025-09-15,2025-09-17,2025-10-13,688261,东微半导,s6setup-eefefb1710023049dce6,s6event-6653801173c712b6fc59,1,SUPPORT_PULLBACK,LEGACY_SETUP_ID,ARCHETYPE_TRIGGERED,80.85077,71.962565,STOP_GAP,-0.11163424,-1.053009,-902.571426,10.0,3.750941,0.152813
S6_EXEC_E2_ARCHETYPE,2025-09-15,2025-09-18,2025-09-23,688480,赛恩斯,s6setup-85cd93587da6d8b0a5fd,s6event-2307ebb2449d837710fa,1,SUPPORT_PULLBACK,LEGACY_SETUP_ID,ARCHETYPE_TRIGGERED,45.52548,42.41754,STOP,-0.0709499,-1.013851,-323.002825,10.0,2.2088200000000002,0.087943
S6_EXEC_E2_ARCHETYPE,2025-09-16,2025-09-18,2025-09-24,600105,永鼎股份,s6setup-efdebdc927d1177541a4,s6event-4862a8e99b45195be14d,1,SUPPORT_PULLBACK,LEGACY_SETUP_ID,ARCHETYPE_TRIGGERED,9.97997,12.51747,TARGET,0.24358954,3.524452,243.10163,10.0,0.64837,0.022497
S6_EXEC_E2_ARCHETYPE,2025-09-16,2025-09-17,2025-09-23,688222,成都先导,s6setup-6fb055c09204cc538110,s6event-0df83153aef47f39be6d,1,SUPPORT_PULLBACK,LEGACY_SETUP_ID,ARCHETYPE_TRIGGERED,26.2262,23.58639,STOP,-0.1049371,-1.009025,-275.210137,10.0,1.229133,0.049813
S6_EXEC_E2_ARCHETYPE,2025-09-16,2025-09-19,2025-10-13,688261,东微半导,s6setup-457afb98aab7503e7344,s6event-6653801173c712b6fc59,2,SUPPORT_PULLBACK,LEGACY_SETUP_ID,ARCHETYPE_TRIGGERED,80.36028,71.962565,STOP_GAP,-0.10621192,-1.019106,-853.521963,10.0,3.750451,0.152323
S6_EXEC_E2_ARCHETYPE,2025-09-17,2025-09-19,2025-10-13,002484,江海股份,s6setup-edd02d178efbc752c41c,s6event-75f40e32310314aae841,1,SUPPORT_PULLBACK,LEGACY_SETUP_ID,ARCHETYPE_TRIGGERED,31.47144,28.21176,STOP_GAP,-0.10722047,-1.189039,-337.438259,10.0,1.4702709999999999,0.059683
S6_EXEC_E2_ARCHETYPE,2025-09-17,2025-09-18,2025-09-30,688063,派能科技,s6setup-a6e76f7fe1203a8e778a,s6event-c784cdc831c065f7681e,2,SUPPORT_PULLBACK,LEGACY_SETUP_ID,ARCHETYPE_TRIGGERED,58.22817,72.07785,TARGET,0.2354932,3.552867,1371.233808,10.0,3.734199,0.130306
S6_EXEC_E2_ARCHETYPE,2025-09-18,2025-09-19,2025-10-09,300394,天孚通信,s6setup-8617597dc0fa1383b10d,s6event-79cd801d40302a847960,1,SUPPORT_PULLBACK,LEGACY_SETUP_ID,ARCHETYPE_TRIGGERED,129.7725,116.24364,STOP,-0.105488,-1.008675,-1368.944148,10.0,6.058198,0.246016
S6_EXEC_E2_ARCHETYPE,2025-09-18,2025-09-23,2025-10-13,300465,高伟达,s6setup-f5b3da7578ea5fcbc3c4,s6event-d29adfb7492c637184ee,4,SUPPORT_PULLBACK,LEGACY_SETUP_ID,ARCHETYPE_TRIGGERED,24.69467,21.7782,STOP_GAP,-0.12261042,-1.385714,-302.782386,10.0,1.135383,0.046473
S6_EXEC_E2_ARCHETYPE,2025-09-18,2025-09-19,2025-09-26,301486,致尚科技,s6setup-a791e260f9aac882d8f0,s6event-344f82aab0b4b4484030,1,SUPPORT_PULLBACK,LEGACY_SETUP_ID,ARCHETYPE_TRIGGERED,99.74965,90.49941,STOP,-0.09420978,-1.00989,-939.739258,10.0,4.715218999999999,0.190249
S6_EXEC_E2_ARCHETYPE,2025-09-18,2025-09-19,2025-09-30,601877,正泰电器,s6setup-bb0a6512ba296ba29adf,s6event-c87ae45177af37fba7db,1,SUPPORT_PULLBACK,LEGACY_SETUP_ID,ARCHETYPE_TRIGGERED,27.2272,30.42954,TARGET,0.11336269,4.229186,308.654863,10.0,1.579134,0.057657
S6_EXEC_E2_ARCHETYPE,2025-09-19,2025-09-23,2025-10-13,000962,东方钽业,s6setup-9e5c6168d65ef4ca8426,s6event-408c7194d85a82d327bf,1,SUPPORT_PULLBACK,LEGACY_SETUP_ID,ARCHETYPE_TRIGGERED,23.08306,26.19378,TARGET,0.12984112,2.069591,299.713036,10.0,1.3589660000000001,0.049277
S6_EXEC_E2_ARCHETYPE,2025-09-19,2025-09-22,2025-10-09,300394,天孚通信,s6setup-ae4b243983b20bc0b5f9,s6event-79cd801d40302a847960,2,SUPPORT_PULLBACK,LEGACY_SETUP_ID,ARCHETYPE_TRIGGERED,132.24211,118.00188,STOP,-0.10890429,-1.008364,-1440.17331,10.0,6.1503380000000005,0.250244
S6_EXEC_E2_ARCHETYPE,2025-09-19,2025-09-22,2025-09-30,601877,正泰电器,s6setup-621fba1ef2b07aedcb06,s6event-c87ae45177af37fba7db,2,SUPPORT_PULLBACK,LEGACY_SETUP_ID,ARCHETYPE_TRIGGERED,27.4274,30.42954,TARGET,0.10523588,3.308508,288.634658,10.0,1.579334,0.057857
S6_EXEC_E2_ARCHETYPE,2025-09-19,2025-09-22,2025-10-10,688235,百济神州,s6setup-769745a929022e58a476,s6event-69ac4e6da73ed19d6975,1,SUPPORT_PULLBACK,LEGACY_SETUP_ID,ARCHETYPE_TRIGGERED,307.4071,284.46525,STOP,-0.07568974,-1.012568,-2326.756347,17.756171000000002,14.815135,0.591872
S6_EXEC_E2_ARCHETYPE,2025-09-22,2025-09-23,2025-10-13,300415,伊之密,s6setup-182e4147b9219916f379,s6event-d272ccd1ea53f325865e,1,SUPPORT_PULLBACK,LEGACY_SETUP_ID,ARCHETYPE_TRIGGERED,26.63661,24.00597,STOP_GAP,-0.10298418,-1.550527,-274.314944,10.0,1.250942,0.050643
S6_EXEC_E2_ARCHETYPE,2025-09-22,2025-09-23,2025-10-13,603612,索通发展,s6setup-e2176f4c641347e3af3a,s6event-c0a34750958096e5ab7c,1,SUPPORT_PULLBACK,LEGACY_SETUP_ID,ARCHETYPE_TRIGGERED,26.04602,24.35562,STOP_GAP,-0.06922677,-1.413354,-180.308184,10.0,1.268183,0.050402
S6_EXEC_E2_ARCHETYPE,2025-09-22,2025-09-23,2025-09-30,688063,派能科技,s6setup-c2fd1a235da71c264e7e,s6event-c784cdc831c065f7681e,4,SUPPORT_PULLBACK,LEGACY_SETUP_ID,ARCHETYPE_TRIGGERED,58.614556,71.84808,TARGET,0.22343077,4.375361,1309.629538,10.0,3.722867,0.130463
S6_EXEC_E2_ARCHETYPE,2025-09-22,2025-09-23,2025-10-10,688235,百济神州,s6setup-bea30948481b1e887e0f,s6event-69ac4e6da73ed19d6975,2,SUPPORT_PULLBACK,LEGACY_SETUP_ID,ARCHETYPE_TRIGGERED,312.8125,292.46724,STOP,-0.06610711,-1.0146,-2067.913035,18.158392,15.228642,0.60528
S6_EXEC_E2_ARCHETYPE,2025-09-23,2025-09-24,2025-09-29,300394,天孚通信,s6setup-cac8a1d8746ec62e8f7e,s6event-79cd801d40302a847960,4,SUPPORT_PULLBACK,LEGACY_SETUP_ID,ARCHETYPE_TRIGGERED,128.3711,120.807643,STOP_GAP,-0.06018763,-1.133765,-772.635227,10.0,6.289561,0.249179
S6_EXEC_E2_ARCHETYPE,2025-09-23,2025-09-24,2025-10-10,688331,荣昌生物,s6setup-767c1a94d9d24c05438b,s6event-7e9a3313fc4b3ea48e0b,1,SUPPORT_PULLBACK,LEGACY_SETUP_ID,ARCHETYPE_TRIGGERED,103.37327,95.09481,STOP,-0.0815297,-1.011632,-842.799169,10.0,4.953208,0.198468
S6_EXEC_E2_ARCHETYPE,2025-09-24,2025-09-25,2025-10-13,002074,国轩高科,s6setup-ddd242a85968b864c223,s6event-9fde2ef85ad65964e051,1,SUPPORT_PULLBACK,LEGACY_SETUP_ID,ARCHETYPE_TRIGGERED,44.55451,41.10885,STOP_GAP,-0.08006083,-1.117085,-356.707105,10.0,2.141105,0.085663
S6_EXEC_E2_ARCHETYPE,2025-09-24,2025-09-25,2025-10-10,688235,百济神州,s6setup-6364bf1d4be532256cf2,s6event-69ac4e6da73ed19d6975,3,SUPPORT_PULLBACK,LEGACY_SETUP_ID,ARCHETYPE_TRIGGERED,311.311,294.34536,STOP,-0.05557326,-1.017674,-1730.056714,18.169691,15.322924,0.605656
S6_EXEC_E2_ARCHETYPE,2025-09-24,2025-09-26,2025-10-10,688331,荣昌生物,s6setup-8c876f4b12b2d5d5fd20,s6event-1103a1578edaf24f59b4,1,SUPPORT_PULLBACK,LEGACY_SETUP_ID,ARCHETYPE_TRIGGERED,104.99489,95.72418,STOP,-0.08972417,-1.010444,-942.057936,10.0,4.986928000000001,0.200719
S6_EXEC_E2_ARCHETYPE,2025-09-25,2025-09-26,2025-09-29,000796,凯撒旅业,s6setup-bba77eab5c130632d0e3,s6event-3deadc782cd4de01db84,1,SUPPORT_PULLBACK,LEGACY_SETUP_ID,ARCHETYPE_TRIGGERED,6.43643,6.03396,STOP,-0.07855468,-1.015236,-50.56117,10.0,0.314168,0.01247
S6_EXEC_E2_ARCHETYPE,2025-09-25,2025-09-26,2025-10-13,300035,中科电气,s6setup-05c1b4d829f66812bd4e,s6event-2961a3c374e5744640eb,3,SUPPORT_PULLBACK,LEGACY_SETUP_ID,ARCHETYPE_TRIGGERED,22.57255,21.12885,STOP_GAP,-0.06887576,-1.134494,-155.470154,10.0,1.100144,0.043701
S6_EXEC_E2_ARCHETYPE,2025-09-25,2025-09-26,2025-10-14,300568,星源材质,s6setup-264b4fa1922eeea044ab,s6event-495579573e707c2b9a3a,1,SUPPORT_PULLBACK,LEGACY_SETUP_ID,ARCHETYPE_TRIGGERED,13.83382,13.20678,STOP,-0.05305214,-1.021537,-73.391376,10.0,0.68738,0.027041
S6_EXEC_E2_ARCHETYPE,2025-09-25,2025-09-26,2025-09-29,600276,恒瑞医药,s6setup-a62f87e4b34911f97b44,s6event-3b72c53b2c6d47bdd8d4,1,SUPPORT_PULLBACK,LEGACY_SETUP_ID,ARCHETYPE_TRIGGERED,70.6706,67.81212,STOP,-0.04236232,-1.024325,-299.377057,10.0,3.529089,0.138483
S6_EXEC_E2_ARCHETYPE,2025-09-25,2025-09-26,2025-09-29,688235,百济神州,s6setup-4e007621adf207db42e2,s6event-69ac4e6da73ed19d6975,4,SUPPORT_PULLBACK,LEGACY_SETUP_ID,ARCHETYPE_TRIGGERED,313.6133,296.35335,STOP,-0.05611119,-1.017488,-1759.721546,18.298999,15.427634,0.609967
S6_EXEC_E2_ARCHETYPE,2025-09-29,2025-09-30,2025-10-13,002074,国轩高科,s6setup-4e0d8a63acdc01f12ff1,s6event-9fde2ef85ad65964e051,3,SUPPORT_PULLBACK,LEGACY_SETUP_ID,ARCHETYPE_TRIGGERED,45.66562,41.10885,STOP_GAP,-0.10244451,-1.762351,-467.819206,10.0,2.1422160000000003,0.086774
S6_EXEC_E2_ARCHETYPE,2025-09-29,2025-10-09,2025-10-13,003021,兆威机电,s6setup-77c168047de37b309dbb,s6event-b24ee19b2f005b5396b8,1,SUPPORT_PULLBACK,LEGACY_SETUP_ID,ARCHETYPE_TRIGGERED,135.79566,124.490385,STOP_GAP,-0.08446605,-1.217498,-1147.012301,10.0,6.484805,0.260286
S6_EXEC_E2_ARCHETYPE,2025-09-30,2025-10-10,2025-10-13,002074,国轩高科,s6setup-22f3945be4f6dee4012f,s6event-9fde2ef85ad65964e051,4,SUPPORT_PULLBACK,LEGACY_SETUP_ID,ARCHETYPE_TRIGGERED,45.93589,41.10885,STOP_GAP,-0.10772546,-1.866684,-494.846488,10.0,2.142487,0.087045
S6_EXEC_E2_ARCHETYPE,2025-09-30,2025-10-13,2025-10-17,002183,怡 亚 通,s6setup-c1dded25a893939cb221,s6event-cf23d0ad8c2000afbd88,1,SUPPORT_PULLBACK,LEGACY_SETUP_ID,ARCHETYPE_TRIGGERED,5.08508,4.8951,STOP,-0.0575266,-1.026475,-29.252736,10.0,0.254735,0.00998
S6_EXEC_E2_ARCHETYPE,2025-09-30,2025-10-09,2025-10-10,300469,信息发展,s6setup-9b076a7334c850f93fd0,s6event-4412000d9bf3c54ba766,1,SUPPORT_PULLBACK,LEGACY_SETUP_ID,ARCHETYPE_TRIGGERED,77.69762,72.90702,STOP,-0.06343257,-1.01547,-492.855972,10.0,3.795956,0.150605
S6_EXEC_E2_ARCHETYPE,2025-09-30,2025-10-09,2025-10-13,601208,东材科技,s6setup-81cc4960a1a3257ec94d,s6event-8bf8b2da61d5fe354f3f,1,SUPPORT_PULLBACK,LEGACY_SETUP_ID,ARCHETYPE_TRIGGERED,20.1201,17.7822,STOP_GAP,-0.12162813,-2.12517,-244.717014,10.0,0.927012,0.037902
S6_EXEC_E2_ARCHETYPE,2025-09-30,2025-10-09,2025-11-06,601872,招商轮船,s6setup-279667d2b1b01bdb0a95,s6event-a28d9df03c2fe23de757,1,SUPPORT_PULLBACK,LEGACY_SETUP_ID,ARCHETYPE_TRIGGERED,8.13813,8.25174,MAX_HOLDING,0.00114525,0.25352,0.932019,10.0,0.428977,0.01639
S6_EXEC_E2_ARCHETYPE,2025-09-30,2025-10-09,2025-10-13,603119,浙江荣泰,s6setup-2374b9d39f87fc8f74cb,s6event-dc4701b8bbe38cbb670c,2,SUPPORT_PULLBACK,LEGACY_SETUP_ID,ARCHETYPE_TRIGGERED,84.1379,75.270808,STOP_GAP,-0.10704239,-1.578364,-900.632191,10.0,3.922949,0.159409
S6_EXEC_E2_ARCHETYPE,2025-09-30,2025-10-10,2025-10-13,603319,美湖股份,s6setup-8e5ebc79909a2668e31d,s6event-333568524855979b73d4,5,SUPPORT_PULLBACK,LEGACY_SETUP_ID,ARCHETYPE_TRIGGERED,41.36132,37.335627,STOP_GAP,-0.10021798,-1.302257,-414.514794,10.0,1.945478,0.078697
S6_EXEC_E2_ARCHETYPE,2025-10-09,2025-10-10,2025-10-13,002008,大族激光,s6setup-c41cf311890f660da644,s6event-8c444e2eb2d853778a83,1,SUPPORT_PULLBACK,LEGACY_SETUP_ID,ARCHETYPE_TRIGGERED,39.8398,36.2637,STOP_GAP,-0.09274627,-1.521874,-369.499285,10.0,1.889288,0.076103
S6_EXEC_E2_ARCHETYPE,2025-10-09,2025-10-10,2025-10-13,002436,兴森科技,s6setup-d8d831c89fa9b91181f2,s6event-0b559850d70aa2d0a82e,1,SUPPORT_PULLBACK,LEGACY_SETUP_ID,ARCHETYPE_TRIGGERED,22.40238,19.43055,STOP_GAP,-0.13757304,-1.89002,-308.196352,10.0,1.01336,0.041833
S6_EXEC_E2_ARCHETYPE,2025-10-09,2025-10-10,2025-10-13,002624,完美世界,s6setup-f9859bec5b06a4db59b1,s6event-6b68071b8d4b40d1bc67,2,SUPPORT_PULLBACK,LEGACY_SETUP_ID,ARCHETYPE_TRIGGERED,18.08807,16.76322,STOP_GAP,-0.07925556,-1.639524,-143.358012,10.0,0.873012,0.034851
S6_EXEC_E2_ARCHETYPE,2025-10-09,2025-10-10,2025-10-13,003021,兆威机电,s6setup-8fc5eb945042a136f608,s6event-b24ee19b2f005b5396b8,2,SUPPORT_PULLBACK,LEGACY_SETUP_ID,ARCHETYPE_TRIGGERED,137.34721,124.490385,STOP_GAP,-0.09480854,-1.505975,-1302.168845,10.0,6.486357,0.261838
S6_EXEC_E2_ARCHETYPE,2025-10-09,2025-10-10,2025-10-13,300007,汉威科技,s6setup-eba4cf7be83b461c8a78,s6event-3b35b16d9621db7a678f,2,SUPPORT_PULLBACK,LEGACY_SETUP_ID,ARCHETYPE_TRIGGERED,62.17211,54.88506,STOP_GAP,-0.11927636,-1.450994,-741.566297,10.0,2.86131,0.117057
S6_EXEC_E2_ARCHETYPE,2025-10-09,2025-10-10,2025-10-13,600114,东睦股份,s6setup-188dd61e30dad51706d0,s6event-3113bb1baf435d72b2dc,1,SUPPORT_PULLBACK,LEGACY_SETUP_ID,ARCHETYPE_TRIGGERED,32.88285,30.1698,STOP_GAP,-0.08602556,-1.472203,-282.876559,10.0,1.5715430000000001,0.063053
S6_EXEC_E2_ARCHETYPE,2025-10-09,2025-10-10,2025-10-13,603119,浙江荣泰,s6setup-c5ff5044c6a383480dae,s6event-dc4701b8bbe38cbb670c,3,SUPPORT_PULLBACK,LEGACY_SETUP_ID,ARCHETYPE_TRIGGERED,81.4429,75.13479,STOP,-0.07916274,-1.012067,-644.724312,10.0,3.913317,0.156578
S6_EXEC_E2_ARCHETYPE,2025-10-09,2025-10-10,2025-10-13,688017,绿的谐波,s6setup-9fc8b9246cea1f486934,s6event-19c25053a8e7cd127b8c,3,SUPPORT_PULLBACK,LEGACY_SETUP_ID,ARCHETYPE_TRIGGERED,171.91174,159.63021,STOP_GAP,-0.07251532,-1.136996,-1246.623484,10.157352,8.313053,0.331542
S6_EXEC_E2_ARCHETYPE,2025-10-09,2025-10-10,2025-10-13,688234,天岳先进,s6setup-ca55c52aa162f3095096,s6event-024dddb2588ca4d156e7,1,SUPPORT_PULLBACK,LEGACY_SETUP_ID,ARCHETYPE_TRIGGERED,84.09401,74.6253,STOP_GAP,-0.11424844,-1.592984,-960.760946,10.0,3.889984,0.158719
S6_EXEC_E2_ARCHETYPE,2025-10-10,2025-10-13,2025-10-16,002683,广东宏大,s6setup-f2b2b481551a05209173,s6event-8c629dca789e807ee556,2,SUPPORT_PULLBACK,LEGACY_SETUP_ID,ARCHETYPE_TRIGGERED,42.28224,39.95001,STOP,-0.05801555,-1.017446,-245.302741,10.0,2.079732,0.082232
S6_EXEC_E2_ARCHETYPE,2025-10-10,2025-10-14,2025-10-15,600143,金发科技,s6setup-64401623e5c8301b2bfd,s6event-9f8eb01cc3b2a8f6e000,1,SUPPORT_PULLBACK,LEGACY_SETUP_ID,ARCHETYPE_TRIGGERED,20.4204,19.14084,STOP_GAP,-0.06804598,-1.195404,-138.952613,10.0,0.9966029999999999,0.039561
S6_EXEC_E2_ARCHETYPE,2025-10-17,2025-10-20,2025-10-28,002210,飞马国际,s6setup-7157d5833e9cba4d9d1b,s6event-93fb670bf8493f42dfca,1,SUPPORT_PULLBACK,LEGACY_SETUP_ID,ARCHETYPE_TRIGGERED,4.03403,3.68631,STOP,-0.11146183,-1.010726,-44.964037,10.0,0.192036,0.00772
S6_EXEC_E2_ARCHETYPE,2025-10-20,2025-10-21,2025-11-17,300507,苏奥传感,s6setup-3aa58fbead45c91c50b2,s6event-fa007bd029d7f7cfa807,1,SUPPORT_PULLBACK,LEGACY_SETUP_ID,ARCHETYPE_TRIGGERED,9.38938,8.84115,STOP,-0.06952886,-1.016408,-65.283289,10.0,0.460289,0.018231
S6_EXEC_E2_ARCHETYPE,2025-10-21,2025-10-22,2025-11-10,002709,天赐材料,s6setup-0c843cc5db500181bac6,s6event-28252a0ec664958973b3,1,SUPPORT_PULLBACK,LEGACY_SETUP_ID,ARCHETYPE_TRIGGERED,34.4344,45.57438,TARGET,0.31992405,4.074013,1101.639271,10.0,2.358728,0.080009
S6_EXEC_E2_ARCHETYPE,2025-10-21,2025-10-22,2025-11-19,300073,当升科技,s6setup-b462b4d77066b05af091,s6event-1b4a8399b4706ae83105,3,SUPPORT_PULLBACK,LEGACY_SETUP_ID,ARCHETYPE_TRIGGERED,63.91385,63.163773,MAX_HOLDING,-0.01381437,-0.13653,-88.292957,10.0,3.285267,0.127078
S6_EXEC_E2_ARCHETYPE,2025-10-21,2025-10-22,2025-10-28,300507,苏奥传感,s6setup-f26a8499b91549be5903,s6event-fa007bd029d7f7cfa807,2,SUPPORT_PULLBACK,LEGACY_SETUP_ID,ARCHETYPE_TRIGGERED,9.9099,9.37062,STOP,-0.06500148,-1.017701,-64.415817,10.0,0.48781199999999997,0.019281
S6_EXEC_E2_ARCHETYPE,2025-10-21,2025-10-22,2025-11-17,300604,长川科技,s6setup-de80a953d02eacc30e5d,s6event-d6458e4584e157a3cf6c,1,SUPPORT_PULLBACK,LEGACY_SETUP_ID,ARCHETYPE_TRIGGERED,83.3833,77.05287,STOP,-0.0776002,-1.012334,-647.056076,10.0,4.013079,0.160436
S6_EXEC_E2_ARCHETYPE,2025-10-21,2025-10-22,2025-10-23,603786,科博达,s6setup-0b0ba46814574b34fc35,s6event-2d11010d023b71862c63,1,SUPPORT_PULLBACK,LEGACY_SETUP_ID,ARCHETYPE_TRIGGERED,90.47038,81.49842,STOP_GAP,-0.10074489,-1.880764,-911.442848,10.0,4.24689,0.171969
S6_EXEC_E2_ARCHETYPE,2025-10-21,2025-10-22,2025-10-27,688072,拓荆科技,s6setup-5aacc296dcfaa98adfe0,s6event-1fd860b99fe76c96a6a6,1,SUPPORT_PULLBACK,LEGACY_SETUP_ID,ARCHETYPE_TRIGGERED,245.79555,316.11357,TARGET,0.28473165,4.113235,6998.577251,16.857274,16.367587,0.561909
S6_EXEC_E2_ARCHETYPE,2025-10-21,2025-10-22,2025-11-17,688082,盛美上海,s6setup-55d47d00c93b356eb6e2,s6event-c9a42990e200f97a172c,1,SUPPORT_PULLBACK,LEGACY_SETUP_ID,ARCHETYPE_TRIGGERED,180.18,164.24559,STOP,-0.08948846,-1.010425,-1612.403072,10.4054,8.556706,0.344426
S6_EXEC_E2_ARCHETYPE,2025-10-21,2025-10-22,2025-11-19,688469,芯联集成,s6setup-4f26f5b925788d16026b,s6event-36fa43854161b2a6dc04,1,SUPPORT_PULLBACK,LEGACY_SETUP_ID,ARCHETYPE_TRIGGERED,6.37637,6.88311,MAX_HOLDING,0.06322811,1.278452,40.316582,10.0,0.35741500000000004,0.013259
S6_EXEC_E2_ARCHETYPE,2025-10-22,2025-10-23,2025-11-06,002150,正泰电源,s6setup-a0fd6d6bec6aad7bcb7a,s6event-7faecd4a4017b70c3a97,1,SUPPORT_PULLBACK,LEGACY_SETUP_ID,ARCHETYPE_TRIGGERED,17.90789,23.46651,TARGET,0.30413818,4.005087,544.647307,10.0,1.2147000000000001,0.041374
S6_EXEC_E2_ARCHETYPE,2025-10-22,2025-10-23,2025-11-11,002475,立讯精密,s6setup-278336658c72358f4295,s6event-cb55e46164518c7206a0,1,SUPPORT_PULLBACK,LEGACY_SETUP_ID,ARCHETYPE_TRIGGERED,59.060005,56.38356,STOP,-0.04750747,-1.021542,-280.579142,10.0,2.934622,0.115444
S6_EXEC_E2_ARCHETYPE,2025-10-23,2025-10-24,2025-11-04,300539,横河精密,s6setup-99d7bb8dad8b230a03d0,s6event-73dad3cb74d53d13919e,1,SUPPORT_PULLBACK,LEGACY_SETUP_ID,ARCHETYPE_TRIGGERED,50.56051,46.03392,STOP,-0.09198034,-1.010285,-465.05729,10.0,2.3982900000000003,0.096594
S6_EXEC_E2_ARCHETYPE,2025-10-24,2025-10-27,2025-11-04,300539,横河精密,s6setup-a5a86bfd984507ceb868,s6event-73dad3cb74d53d13919e,2,SUPPORT_PULLBACK,LEGACY_SETUP_ID,ARCHETYPE_TRIGGERED,50.60055,45.89406,STOP,-0.09546145,-1.009857,-483.040187,10.0,2.391198,0.096495
S6_EXEC_E2_ARCHETYPE,2025-10-24,2025-10-28,2025-11-03,300604,长川科技,s6setup-4151d272f01653b16d89,s6event-d6458e4584e157a3cf6c,3,SUPPORT_PULLBACK,LEGACY_SETUP_ID,ARCHETYPE_TRIGGERED,87.71763,81.19872,STOP,-0.07593911,-1.012626,-666.119875,10.0,4.228852000000001,0.168916
S6_EXEC_E2_ARCHETYPE,2025-10-24,2025-10-27,2025-11-19,601218,吉鑫科技,s6setup-931daa23d1fa27a6c286,s6event-bd6cb316e30023c3bdc1,1,SUPPORT_PULLBACK,LEGACY_SETUP_ID,ARCHETYPE_TRIGGERED,5.600595,5.11488,STOP,-0.10505662,-1.010653,-58.837958,10.0,0.266459,0.010715
S6_EXEC_E2_ARCHETYPE,2025-10-27,2025-10-28,2025-11-03,300666,江丰电子,s6setup-36c375b3c156d1fb248e,s6event-727b40fc8292ce70934d,1,SUPPORT_PULLBACK,LEGACY_SETUP_ID,ARCHETYPE_TRIGGERED,99.13904,91.96794,STOP,-0.07382556,-1.013005,-731.899515,10.0,4.789504,0.191107
S6_EXEC_E2_ARCHETYPE,2025-10-27,2025-10-28,2025-11-21,600577,精达股份,s6setup-03e742594afed14a3aac,s6event-3acc2712a4ac2b8aa94a,1,SUPPORT_PULLBACK,LEGACY_SETUP_ID,ARCHETYPE_TRIGGERED,10.35034,9.77022,STOP,-0.06620133,-1.017148,-68.520627,10.0,0.508632,0.020121
S6_EXEC_E2_ARCHETYPE,2025-10-27,2025-10-28,2025-11-03,603650,彤程新材,s6setup-e4e5d9e7c533b0bf2f40,s6event-4925cda1f8b20f1bb10a,1,SUPPORT_PULLBACK,LEGACY_SETUP_ID,ARCHETYPE_TRIGGERED,41.6416,39.41055,STOP,-0.05647155,-1.018001,-235.15657,10.0,2.05158,0.081052
S6_EXEC_E2_ARCHETYPE,2025-10-28,2025-10-29,2025-11-21,300001,特锐德,s6setup-8e6c71012fb3d3d76322,s6event-36450aa48b5c62e9e14e,1,SUPPORT_PULLBACK,LEGACY_SETUP_ID,ARCHETYPE_TRIGGERED,27.67765,26.35362,STOP,-0.05194614,-1.020329,-143.774708,10.0,1.371712,0.054031
S6_EXEC_E2_ARCHETYPE,2025-10-28,2025-10-30,2025-11-18,600490,鹏欣资源,s6setup-a8f6e5e527714bb7679c,s6event-1f8b0f78ed030e7dd4d1,1,SUPPORT_PULLBACK,LEGACY_SETUP_ID,ARCHETYPE_TRIGGERED,8.147139,7.45254,STOP,-0.09800757,-1.010857,-79.84813,10.0,0.388227,0.0156
S6_EXEC_E2_ARCHETYPE,2025-10-28,2025-10-29,2025-10-31,688361,中科飞测,s6setup-5ac0c6968f6c8479695f,s6event-70c603e3d7900d3b671b,1,SUPPORT_PULLBACK,LEGACY_SETUP_ID,ARCHETYPE_TRIGGERED,124.89477,113.44644,STOP,-0.09293773,-1.010019,-1160.743641,10.0,5.9106630000000004,0.238341
S6_EXEC_E2_ARCHETYPE,2025-10-28,2025-10-29,2025-11-03,688409,富创精密,s6setup-45795528ad6336fc4943,s6event-8ff58c5858d0040f021e,2,SUPPORT_PULLBACK,LEGACY_SETUP_ID,ARCHETYPE_TRIGGERED,75.68561,70.11981,STOP,-0.07534217,-1.012772,-570.23181,10.0,3.6517950000000003,0.145805
S6_EXEC_E2_ARCHETYPE,2025-10-29,2025-10-30,2025-11-12,300127,银河磁体,s6setup-dc92fe3a0f3482c354f1,s6event-98dd663c3246a82f98a1,1,SUPPORT_PULLBACK,LEGACY_SETUP_ID,ARCHETYPE_TRIGGERED,34.54451,31.82814,STOP,-0.08200863,-1.011868,-283.294794,10.0,1.65778,0.066373
S6_EXEC_E2_ARCHETYPE,2025-10-29,2025-10-30,2025-11-18,600490,鹏欣资源,s6setup-5ca17db33f87b3b76412,s6event-1f8b0f78ed030e7dd4d1,2,SUPPORT_PULLBACK,LEGACY_SETUP_ID,ARCHETYPE_TRIGGERED,8.147139,7.4925,STOP,-0.09310528,-1.011589,-75.854166,10.0,0.390265,0.01564
S6_EXEC_E2_ARCHETYPE,2025-10-30,2025-10-31,2025-11-06,002941,新疆交建,s6setup-a39177bc86e1234db634,s6event-ea7b18434f206532ead1,1,SUPPORT_PULLBACK,LEGACY_SETUP_ID,ARCHETYPE_TRIGGERED,18.52851,17.32266,STOP,-0.07096468,-1.01459,-131.486978,10.0,0.901984,0.035851
S6_EXEC_E2_ARCHETYPE,2025-10-30,2025-10-31,2025-11-18,600490,鹏欣资源,s6setup-ae5446c6b89c90cbe792,s6event-1f8b0f78ed030e7dd4d1,3,SUPPORT_PULLBACK,LEGACY_SETUP_ID,ARCHETYPE_TRIGGERED,8.15815,7.54245,STOP,-0.08820973,-1.012415,-71.962821,10.0,0.39282300000000003,0.015701
S6_EXEC_E2_ARCHETYPE,2025-10-30,2025-10-31,2025-11-03,688249,晶合集成,s6setup-8f4f7a006aabcd4114df,s6event-1d5da2d8a26fed7f63ec,2,SUPPORT_PULLBACK,LEGACY_SETUP_ID,ARCHETYPE_TRIGGERED,35.84581,33.1668,STOP_GAP,-0.07800866,-1.303141,-279.62836,10.0,1.727353,0.069013
S6_EXEC_E2_ARCHETYPE,2025-10-30,2025-10-31,2025-11-21,688480,赛恩斯,s6setup-1ee9a9afea96750fe1f1,s6event-df5feed5ac3db1d9a50f,1,SUPPORT_PULLBACK,LEGACY_SETUP_ID,ARCHETYPE_TRIGGERED,51.53148,47.34261,STOP,-0.0837067,-1.011443,-431.353014,10.0,2.466005,0.098874
S6_EXEC_E2_ARCHETYPE,2025-10-31,2025-11-03,2025-11-06,002941,新疆交建,s6setup-533e5bd7f8f75b92e0be,s6event-ea7b18434f206532ead1,2,SUPPORT_PULLBACK,LEGACY_SETUP_ID,ARCHETYPE_TRIGGERED,18.80879,17.3826,STOP_GAP,-0.08162371,-1.034378,-153.524322,10.0,0.9053209999999999,0.036191
S6_EXEC_E2_ARCHETYPE,2025-10-31,2025-11-03,2025-11-05,600490,鹏欣资源,s6setup-6f74b0323bd14cc4c0e3,s6event-1f8b0f78ed030e7dd4d1,4,SUPPORT_PULLBACK,LEGACY_SETUP_ID,ARCHETYPE_TRIGGERED,8.087079,7.641351,STOP_GAP,-0.06797336,-1.019788,-54.970593,10.0,0.39779600000000004,0.015728
S6_EXEC_E2_ARCHETYPE,2025-10-31,2025-11-03,2025-11-05,601212,白银有色,s6setup-403eb70203523a546ba4,s6event-d2931bbc6e7afc71a24e,1,SUPPORT_PULLBACK,LEGACY_SETUP_ID,ARCHETYPE_TRIGGERED,5.19519,4.88511,STOP_GAP,-0.07942411,-1.126785,-41.262334,10.0,0.254336,0.01008
S6_EXEC_E2_ARCHETYPE,2025-11-03,2025-11-04,2025-11-05,002941,新疆交建,s6setup-95b0f66b91a78501b282,s6event-ea7b18434f206532ead1,3,SUPPORT_PULLBACK,LEGACY_SETUP_ID,ARCHETYPE_TRIGGERED,18.1181,17.46252,STOP,-0.04220459,-1.027394,-76.466698,10.0,0.9087069999999999,0.035581
S6_EXEC_E2_ARCHETYPE,2025-11-05,2025-11-06,2025-11-11,300179,四方达,s6setup-9558daf0ee21fcc071b8,s6event-0e4f8bb1d656eb5f7414,1,SUPPORT_PULLBACK,LEGACY_SETUP_ID,ARCHETYPE_TRIGGERED,13.28327,17.90208,TARGET,0.33949074,3.57142,450.954716,10.0,0.926289,0.031185
S6_EXEC_E2_ARCHETYPE,2025-11-05,2025-11-06,2025-12-04,601288,农业银行,s6setup-41ce0257d5e0dfa67f84,s6event-8b38e1b107f0d88eb927,1,SUPPORT_PULLBACK,LEGACY_SETUP_ID,ARCHETYPE_TRIGGERED,7.87787,7.642849,MAX_HOLDING,-0.04303164,-0.716812,-33.899767,10.0,0.397663,0.015521
S6_EXEC_E2_ARCHETYPE,2025-11-05,2025-11-06,2025-11-18,688377,迪威尔,s6setup-ced7925d6efb35e890a4,s6event-767669431e7c7f98ea73,3,SUPPORT_PULLBACK,LEGACY_SETUP_ID,ARCHETYPE_TRIGGERED,33.208175,31.95801,STOP,-0.04115841,-1.026261,-136.679568,10.0,1.663067,0.065166
S6_EXEC_E2_ARCHETYPE,2025-11-06,2025-11-07,2025-11-18,002171,楚江新材,s6setup-e055314d6892b431c9f1,s6event-17eb16d1f21f8bcbbee1,1,SUPPORT_PULLBACK,LEGACY_SETUP_ID,ARCHETYPE_TRIGGERED,12.46245,11.41857,STOP,-0.09226341,-1.011071,-114.982813,10.0,0.594809,0.023881
S6_EXEC_E2_ARCHETYPE,2025-11-06,2025-11-10,2025-12-08,688585,上纬新材,s6setup-9a9bc7c3d2a7db553a40,s6event-cb47c0ff0172db725a52,1,SUPPORT_PULLBACK,LEGACY_SETUP_ID,ARCHETYPE_TRIGGERED,100.98088,107.66223,MAX_HOLDING,0.06462048,1.058703,652.543294,10.0,5.591755,0.208643
S6_EXEC_E2_ARCHETYPE,2025-11-10,2025-11-12,2025-11-17,001287,中电港,s6setup-8400bd32af8d497f3733,s6event-9eb14b9d79132bcd381a,1,SUPPORT_PULLBACK,LEGACY_SETUP_ID,ARCHETYPE_TRIGGERED,25.487462,24.20577,STOP,-0.05470501,-1.019269,-139.429186,10.0,1.259982,0.049693
S6_EXEC_E2_ARCHETYPE,2025-11-10,2025-11-11,2025-11-12,300308,中际旭创,s6setup-988348ddc9d2061c5eda,s6event-8523c009c3d03d949ecb,1,SUPPORT_PULLBACK,LEGACY_SETUP_ID,ARCHETYPE_TRIGGERED,490.49,458.17137,STOP_GAP,-0.06695713,-1.024038,-3284.180269,28.459841,23.85723,0.948661
S6_EXEC_E2_ARCHETYPE,2025-11-10,2025-11-11,2025-11-18,601608,中信重工,s6setup-1d95ad7f92b55763e0a8,s6event-730a844ddc644df8743f,1,SUPPORT_PULLBACK,LEGACY_SETUP_ID,ARCHETYPE_TRIGGERED,7.274467,6.82317,STOP,-0.07627357,-1.015367,-55.484957,10.0,0.355257,0.014098
S6_EXEC_E2_ARCHETYPE,2025-11-11,2025-11-12,2025-11-17,001287,中电港,s6setup-0ef40d7278ce749ab26a,s6event-9eb14b9d79132bcd381a,2,SUPPORT_PULLBACK,LEGACY_SETUP_ID,ARCHETYPE_TRIGGERED,25.487462,23.95602,STOP,-0.06449895,-1.015908,-164.391454,10.0,1.2472439999999998,0.049443
S6_EXEC_E2_ARCHETYPE,2025-11-11,2025-11-12,2025-11-21,301200,大族数控,s6setup-2c4bbb328f5078d10720,s6event-5ce5a7ffc975302a0a21,1,SUPPORT_PULLBACK,LEGACY_SETUP_ID,ARCHETYPE_TRIGGERED,114.54443,106.75314,STOP,-0.06937814,-1.013906,-794.68795,10.0,5.558955,0.221298
S6_EXEC_E2_ARCHETYPE,2025-11-11,2025-11-12,2025-11-18,601608,中信重工,s6setup-4de2643acc860e8c8db9,s6event-730a844ddc644df8743f,2,SUPPORT_PULLBACK,LEGACY_SETUP_ID,ARCHETYPE_TRIGGERED,7.184377,6.75324,STOP,-0.07441884,-1.015929,-53.4653,10.0,0.3516,0.013938
S6_EXEC_E2_ARCHETYPE,2025-11-12,2025-11-13,2025-11-18,300136,信维通信,s6setup-4117735c3afe45d20380,s6event-dfe64b19725c8b979047,1,SUPPORT_PULLBACK,LEGACY_SETUP_ID,ARCHETYPE_TRIGGERED,32.87284,30.25971,STOP,-0.08301355,-1.011727,-272.889115,10.0,1.5761180000000001,0.063133
S6_EXEC_E2_ARCHETYPE,2025-11-12,2025-11-13,2025-11-21,301200,大族数控,s6setup-245cc89f55559d51894e,s6event-73f32688a6e4d75a2468,1,SUPPORT_PULLBACK,LEGACY_SETUP_ID,ARCHETYPE_TRIGGERED,117.46735,108.13176,STOP,-0.08080468,-1.01173,-949.191163,10.0,5.632187,0.225599
S6_EXEC_E2_ARCHETYPE,2025-11-13,2025-11-14,2025-11-19,301200,大族数控,s6setup-2e81c84853c18b705a82,s6event-fb7f3915940443952bbf,1,SUPPORT_PULLBACK,LEGACY_SETUP_ID,ARCHETYPE_TRIGGERED,115.58547,108.97092,STOP_GAP,-0.05858246,-1.069369,-677.128117,10.0,5.673102,0.224556
S6_EXEC_E2_ARCHETYPE,2025-11-13,2025-11-14,2025-11-17,600021,上海电力,s6setup-c43b5710ab76eac9ed6c,s6event-c874e63a2dde99337082,1,SUPPORT_PULLBACK,LEGACY_SETUP_ID,ARCHETYPE_TRIGGERED,27.65763,25.24473,STOP_GAP,-0.09133289,-1.47341,-252.605128,10.0,1.315138,0.052902
S6_EXEC_E2_ARCHETYPE,2025-11-13,2025-11-14,2025-11-21,600549,厦门钨业,s6setup-12d2a0ea20e38cbc1534,s6event-3e50516456c670624b86,1,SUPPORT_PULLBACK,LEGACY_SETUP_ID,ARCHETYPE_TRIGGERED,33.78375,32.20776,STOP,-0.05010556,-1.020884,-169.275371,10.0,1.67638,0.065992
S6_EXEC_E2_ARCHETYPE,2025-11-13,2025-11-14,2025-11-17,601611,中国核建,s6setup-523a09f50b44b3299369,s6event-45133f9b84b85ac925b0,1,SUPPORT_PULLBACK,LEGACY_SETUP_ID,ARCHETYPE_TRIGGERED,12.93292,12.11787,STOP,-0.07124141,-1.015107,-92.135946,10.0,0.6309450000000001,0.025051
S6_EXEC_E2_ARCHETYPE,2025-11-13,2025-11-14,2025-11-18,603301,振德医疗,s6setup-1865ba63164b49b9d9b6,s6event-477fdbed20c40a2a35af,1,SUPPORT_PULLBACK,LEGACY_SETUP_ID,ARCHETYPE_TRIGGERED,87.49741,78.95097,STOP,-0.09928957,-1.009333,-868.758022,10.0,4.113996,0.166448
S6_EXEC_E2_ARCHETYPE,2025-11-14,2025-11-17,2025-11-18,600595,中孚实业,s6setup-100f5c3cd4f69e5ae4f6,s6event-362577aa162da4b865e4,2,SUPPORT_PULLBACK,LEGACY_SETUP_ID,ARCHETYPE_TRIGGERED,6.731725,6.208785,STOP_GAP,-0.09301833,-1.530295,-62.617382,10.0,0.32338,0.012941
S6_EXEC_E2_ARCHETYPE,2025-11-14,2025-11-17,2025-11-18,603301,振德医疗,s6setup-380658457793e1170035,s6event-477fdbed20c40a2a35af,2,SUPPORT_PULLBACK,LEGACY_SETUP_ID,ARCHETYPE_TRIGGERED,88.37829,79.4205,STOP_GAP,-0.10295717,-1.131278,-909.917863,10.0,4.138824,0.167799
S6_EXEC_E2_ARCHETYPE,2025-11-17,2025-11-18,2025-11-20,000892,欢瑞世纪,s6setup-1c1f7a036cb2a694a431,s6event-1941bc223b67a1e150f8,1,SUPPORT_PULLBACK,LEGACY_SETUP_ID,ARCHETYPE_TRIGGERED,7.33733,6.72327,STOP,-0.0977961,-1.011081,-71.756226,10.0,0.350225,0.014061
S6_EXEC_E2_ARCHETYPE,2025-11-17,2025-11-18,2025-11-21,300454,深信服,s6setup-478345d5e6f6770a72b4,s6event-192502a6f91c83b665eb,1,SUPPORT_PULLBACK,LEGACY_SETUP_ID,ARCHETYPE_TRIGGERED,119.00889,111.80808,STOP,-0.0618359,-1.015788,-735.902182,10.0,5.821221,0.230817
S6_EXEC_E2_ARCHETYPE,2025-11-17,2025-11-18,2025-11-21,300520,科大国创,s6setup-db0db0e777752f50b52f,s6event-0f2a349c50a05171bd9a,1,SUPPORT_PULLBACK,LEGACY_SETUP_ID,ARCHETYPE_TRIGGERED,39.07904,35.3646,STOP,-0.09807986,-1.009622,-383.286677,10.0,1.842674,0.074444
S6_EXEC_E2_ARCHETYPE,2025-11-17,2025-11-18,2025-11-19,600515,海南机场,s6setup-7520b9018ef27977fe3b,s6event-29a42588013dc2a8f8f8,1,SUPPORT_PULLBACK,LEGACY_SETUP_ID,ARCHETYPE_TRIGGERED,5.350345,5.0949,STOP,-0.06692968,-1.020372,-35.809688,10.0,0.26519,0.010445
S6_EXEC_E2_ARCHETYPE,2025-11-18,2025-11-19,2025-11-21,300454,深信服,s6setup-cd40f11933069d604ab4,s6event-192502a6f91c83b665eb,2,SUPPORT_PULLBACK,LEGACY_SETUP_ID,ARCHETYPE_TRIGGERED,119.23912,111.73815,STOP,-0.06423352,-1.015137,-765.91484,10.0,5.817885,0.230977
S6_EXEC_E2_ARCHETYPE,2025-11-18,2025-11-19,2025-11-24,300814,中富电路,s6setup-c8e2a112f1ee166b60ab,s6event-ef54aa03623f66c8b2ed,1,SUPPORT_PULLBACK,LEGACY_SETUP_ID,ARCHETYPE_TRIGGERED,66.07601,87.50241,TARGET,0.32207019,3.585402,2128.11131,10.0,4.528699,0.153578
S6_EXEC_E2_ARCHETYPE,2025-11-18,2025-11-19,2025-11-25,601898,中煤能源,s6setup-76f1f31a0b4983585ccc,s6event-ac263b478bbe1866b3ba,1,SUPPORT_PULLBACK,LEGACY_SETUP_ID,ARCHETYPE_TRIGGERED,14.28427,13.65633,STOP,-0.05145853,-1.022254,-73.504754,10.0,0.710758,0.027941
S6_EXEC_E2_ARCHETYPE,2025-11-20,2025-11-21,2025-12-19,002028,思源电气,s6setup-015b9fc1c4e7060fe9ee,s6event-af68914407c0d5c53178,1,SUPPORT_PULLBACK,LEGACY_SETUP_ID,ARCHETYPE_TRIGGERED,137.437409,145.004959,MAX_HOLDING,0.05378611,1.354393,739.22236,10.0,7.53269,0.282442
S6_EXEC_E2_ARCHETYPE,2025-11-20,2025-11-21,2025-11-24,603516,淳中科技,s6setup-d0e6944fe48379037e2f,s6event-79f169b53579a8020a63,1,SUPPORT_PULLBACK,LEGACY_SETUP_ID,ARCHETYPE_TRIGGERED,193.0929,184.66515,STOP,-0.04473074,-1.022425,-863.718831,11.332740999999999,9.611016,0.377758
S6_EXEC_E2_ARCHETYPE,2025-11-25,2025-11-26,2025-12-24,000338,潍柴动力,s6setup-7540ae0a7a3f5ceb9f3a,s6event-4b85e0b7c7677094cd68,1,SUPPORT_PULLBACK,LEGACY_SETUP_ID,ARCHETYPE_TRIGGERED,16.88687,17.53245,MAX_HOLDING,0.03176844,0.762313,53.646952,10.0,0.911042,0.034419
S6_EXEC_E2_ARCHETYPE,2025-11-25,2025-11-26,2025-12-24,002028,思源电气,s6setup-41b6ce58c8d1e6c622c3,s6event-af68914407c0d5c53178,2,SUPPORT_PULLBACK,LEGACY_SETUP_ID,ARCHETYPE_TRIGGERED,143.143,149.010949,MAX_HOLDING,0.03975411,0.731391,569.052257,10.0,7.742701,0.292154
S6_EXEC_E2_ARCHETYPE,2025-11-28,2025-12-01,2025-12-11,000830,鲁西化工,s6setup-6fb24fe91307e74ac3cb,s6event-b4d059e23d9c8c95204a,1,SUPPORT_PULLBACK,LEGACY_SETUP_ID,ARCHETYPE_TRIGGERED,14.86485,14.06592,STOP,-0.06096612,-1.01794,-90.625223,10.0,0.7322270000000001,0.028931
S6_EXEC_E2_ARCHETYPE,2025-11-28,2025-12-03,2025-12-31,600737,中粮糖业,s6setup-3bee24a85bdaab6ae92d,s6event-643b9dff415413b9a430,1,SUPPORT_PULLBACK,LEGACY_SETUP_ID,ARCHETYPE_TRIGGERED,17.17716,17.19279,MAX_HOLDING,-0.00543222,0.01723,-9.331011,10.0,0.894009,0.03437
S6_EXEC_E2_ARCHETYPE,2025-12-01,2025-12-02,2025-12-15,002426,胜利精密,s6setup-6d3fcdb0125fc5a3bb2e,s6event-bc51ef012aecc5b312e7,1,SUPPORT_PULLBACK,LEGACY_SETUP_ID,ARCHETYPE_TRIGGERED,3.61361,3.38661,STOP,-0.09097919,-1.01516,-32.876331,10.0,0.17633000000000001,0.007
S6_EXEC_E2_ARCHETYPE,2025-12-01,2025-12-02,2025-12-18,600737,中粮糖业,s6setup-4874f73198b3cb2bf11a,s6event-643b9dff415413b9a430,2,SUPPORT_PULLBACK,LEGACY_SETUP_ID,ARCHETYPE_TRIGGERED,17.52751,16.56342,STOP,-0.06120165,-1.017498,-107.271253,10.0,0.862262,0.034091
S6_EXEC_E2_ARCHETYPE,2025-12-01,2025-12-02,2025-12-16,601969,海南矿业,s6setup-ca9797effd3ab4993fd5,s6event-e3fd813d974925c5bccd,1,SUPPORT_PULLBACK,LEGACY_SETUP_ID,ARCHETYPE_TRIGGERED,11.53152,10.45953,STOP,-0.1021062,-1.009863,-117.743969,10.0,0.544967,0.021991
S6_EXEC_E2_ARCHETYPE,2025-12-03,2025-12-04,2025-12-05,000833,粤桂股份,s6setup-c7e1dcf42328ff372e2a,s6event-eaee97f62428e39ff3be,1,SUPPORT_PULLBACK,LEGACY_SETUP_ID,ARCHETYPE_TRIGGERED,19.90989,19.05093,STOP,-0.048663,-1.022705,-96.887498,10.0,0.991507,0.038961
S6_EXEC_E2_ARCHETYPE,2025-12-04,2025-12-05,,300390,天华新能,s6setup-febba4e8286185632756,s6event-3654a2cd11aed8df791b,1,SUPPORT_PULLBACK,LEGACY_SETUP_ID,ARCHETYPE_TRIGGERED,49.86982,0.0,UNRESOLVED_NO_EXIT_BAR,0.0,0.0,0.0,0.0,0.0,0.0
S6_EXEC_E2_ARCHETYPE,2025-12-18,2025-12-19,,688110,东芯股份,s6setup-a7bdb0fc119a26842f6a,s6event-e7d1f64351439187182c,1,SUPPORT_PULLBACK,LEGACY_SETUP_ID,ARCHETYPE_TRIGGERED,118.118,0.0,UNRESOLVED_NO_EXIT_BAR,0.0,0.0,0.0,0.0,0.0,0.0
S6_EXEC_E2_ARCHETYPE,2025-12-19,2025-12-23,2025-12-25,300131,英唐智控,s6setup-447cb6fa7b373adb8810,s6event-2f47de8724609ff76f0d,1,SUPPORT_PULLBACK,LEGACY_SETUP_ID,ARCHETYPE_TRIGGERED,12.33232,15.17481,TARGET,0.22174477,3.542838,273.462746,10.0,0.7862469999999999,0.027507
S6_EXEC_E2_ARCHETYPE,2025-12-19,2025-12-23,,300620,光库科技,s6setup-6da27825b7ecf0774d0d,s6event-b2bf43225bb892798859,1,SUPPORT_PULLBACK,LEGACY_SETUP_ID,ARCHETYPE_TRIGGERED,157.26711,0.0,UNRESOLVED_NO_EXIT_BAR,0.0,0.0,0.0,0.0,0.0,0.0
S6_EXEC_E2_ARCHETYPE,2025-12-23,2025-12-24,,002029,七 匹 狼,s6setup-0eba66d04ba807005d51,s6event-4a82a5e847912547a456,1,SUPPORT_PULLBACK,LEGACY_SETUP_ID,ARCHETYPE_TRIGGERED,11.03102,0.0,UNRESOLVED_NO_EXIT_BAR,0.0,0.0,0.0,0.0,0.0,0.0
S6_EXEC_E2_ARCHETYPE,2025-12-25,2025-12-26,2025-12-30,688313,仕佳光子,s6setup-b3e21472ed237276500b,s6event-81f4d89b77056eae5ed3,1,SUPPORT_PULLBACK,LEGACY_SETUP_ID,ARCHETYPE_TRIGGERED,95.2952,87.67224,STOP_GAP,-0.08152169,-1.028018,-776.862575,10.0,4.566579,0.182967
S6_EXEC_E2_ARCHETYPE,2025-12-26,2025-12-29,,001267,汇绿生态,s6setup-83b4984040abb1e38d25,s6event-c1c9da22fe9718ed15a0,1,SUPPORT_PULLBACK,LEGACY_SETUP_ID,ARCHETYPE_TRIGGERED,21.27125,0.0,UNRESOLVED_NO_EXIT_BAR,0.0,0.0,0.0,0.0,0.0,0.0
S6_EXEC_E2_ARCHETYPE,2025-12-29,2025-12-30,,001267,汇绿生态,s6setup-223e50ba051c0a8871db,s6event-c1c9da22fe9718ed15a0,2,SUPPORT_PULLBACK,LEGACY_SETUP_ID,ARCHETYPE_TRIGGERED,21.278257,0.0,UNRESOLVED_NO_EXIT_BAR,0.0,0.0,0.0,0.0,0.0,0.0
S6_EXEC_E2_ARCHETYPE,2025-12-30,2025-12-31,,002353,杰瑞股份,s6setup-e96d08e08af4d241ee72,s6event-ed61b45c4ee006143ab1,1,SUPPORT_PULLBACK,LEGACY_SETUP_ID,ARCHETYPE_TRIGGERED,72.64257,0.0,UNRESOLVED_NO_EXIT_BAR,0.0,0.0,0.0,0.0,0.0,0.0
S6_EXEC_E3_COMBINED,2024-03-18,2024-03-19,2024-03-27,300210,森远股份,s6setup-86918b98cb309eb4bbcc,s6event-13cf94fd89b294dda261,1,SUPPORT_PULLBACK,FIRST_EVENT_PER_START,ARCHETYPE_TRIGGERED,12.8128,11.40858,STOP,-0.11786389,-1.008199,-151.016645,10.0,0.59465,0.024221
S6_EXEC_E3_COMBINED,2024-03-25,2024-03-26,2024-04-08,002463,沪电股份,s6setup-d6af2725e1ec60f512e7,s6event-27f1ed90cf1b7cd9f677,1,SUPPORT_PULLBACK,FIRST_EVENT_PER_START,ARCHETYPE_TRIGGERED,29.86984,27.7722,STOP_GAP,-0.07405806,-1.033402,-221.21024,10.0,1.4462519999999999,0.057642
S6_EXEC_E3_COMBINED,2024-04-12,2024-04-15,2024-04-16,600160,巨化股份,s6setup-b4db41ce30d046a12733,s6event-c62e28e1db6b70bb3d10,1,SUPPORT_PULLBACK,FIRST_EVENT_PER_START,ARCHETYPE_TRIGGERED,22.5225,21.5784,STOP,-0.04685671,-1.023415,-105.533025,10.0,1.123021,0.044101
S6_EXEC_E3_COMBINED,2024-05-06,2024-05-07,2024-06-04,000426,兴业银锡,s6setup-d2447255d82b4e7de908,s6event-ade88a7e3340f0c608e4,1,SUPPORT_PULLBACK,FIRST_EVENT_PER_START,ARCHETYPE_TRIGGERED,13.148135,14.180805,MAX_HOLDING,0.07037548,1.277843,92.530631,10.0,0.736369,0.027329
S6_EXEC_E3_COMBINED,2024-05-13,2024-05-14,2024-05-15,000777,中核科技,s6setup-e8d29abdf82f10859d35,s6event-d9a68bad3c5ecef6c2eb,1,SUPPORT_PULLBACK,FIRST_EVENT_PER_START,ARCHETYPE_TRIGGERED,18.054036,17.15283,STOP,-0.05595062,-1.019422,-101.013451,10.0,0.892849,0.035207
S6_EXEC_E3_COMBINED,2024-05-17,2024-05-20,2024-05-22,300067,安诺其,s6setup-be0b960820e1965a8848,s6event-2a0f1b26a03dc3320251,1,SUPPORT_PULLBACK,FIRST_EVENT_PER_START,ARCHETYPE_TRIGGERED,4.83483,4.44555,STOP,-0.10167795,-1.011564,-49.15956,10.0,0.231558,0.00928
S6_EXEC_E3_COMBINED,2024-05-31,2024-06-03,2024-06-04,000933,神火股份,s6setup-7e67e50667dcc64f113d,s6event-8047ef9f52333fc5da81,2,SUPPORT_PULLBACK,FIRST_EVENT_PER_START,ARCHETYPE_TRIGGERED,21.40138,20.61936,STOP,-0.04171459,-1.027109,-89.274979,10.0,1.0729890000000002,0.042021
S6_EXEC_E3_COMBINED,2024-06-28,2024-07-01,2024-07-05,601138,工业富联,s6setup-30949657f005e4e7ad28,s6event-3c06f3afe185c23baf5b,2,SUPPORT_PULLBACK,FIRST_EVENT_PER_START,ARCHETYPE_TRIGGERED,25.88586,25.12485,STOP,-0.0337668,-1.034178,-87.408266,10.0,1.307253,0.051011
S6_EXEC_E3_COMBINED,2024-07-03,2024-07-04,2024-07-18,002463,沪电股份,s6setup-36dae2d212a409c0fe1f,s6event-b3c87a794a9222581218,1,SUPPORT_PULLBACK,FIRST_EVENT_PER_START,ARCHETYPE_TRIGGERED,36.11608,34.34562,STOP,-0.05228523,-1.019803,-188.833755,10.0,1.787743,0.070462
S6_EXEC_E3_COMBINED,2024-10-24,2024-10-25,2024-11-04,002142,宁波银行,s6setup-1e29f4e0d840d2523b33,s6event-a5acafd9c44265c25654,2,SUPPORT_PULLBACK,FIRST_EVENT_PER_START,ARCHETYPE_TRIGGERED,24.27425,23.18679,STOP,-0.04941566,-1.021809,-119.952808,10.0,1.2067999999999999,0.047461
S6_EXEC_E3_COMBINED,2024-10-25,2024-10-28,2024-11-25,300925,法本信息,s6setup-d30fce650daba787ff76,s6event-30c6891ca5ec417fab68,1,SUPPORT_PULLBACK,FIRST_EVENT_PER_START,ARCHETYPE_TRIGGERED,25.210185,23.811165,MAX_HOLDING,-0.05995259,-0.407856,-151.141589,10.0,1.239579,0.049021
S6_EXEC_E3_COMBINED,2024-10-28,2024-10-29,2024-10-30,300750,宁德时代,s6setup-9e65aa9fcaf21c87e545,s6event-5544629afb4ed516095b,1,SUPPORT_PULLBACK,FIRST_EVENT_PER_START,ARCHETYPE_TRIGGERED,242.735494,232.80696,STOP,-0.04198956,-1.024036,-1019.235659,14.266274,12.11589,0.475542
S6_EXEC_E3_COMBINED,2024-10-28,2024-10-29,2024-10-31,601186,中国铁建,s6setup-af11af9996de7f907a8d,s6event-22abb3eb478dbb2950ea,2,SUPPORT_PULLBACK,FIRST_EVENT_PER_START,ARCHETYPE_TRIGGERED,8.6086,8.26173,STOP_GAP,-0.05240917,-1.201906,-45.116958,10.0,0.429956,0.01687
S6_EXEC_E3_COMBINED,2024-10-29,2024-10-30,2024-11-11,300293,蓝英装备,s6setup-2f57feeea609bcb0e16b,s6event-65b03df8846380bd20fc,2,SUPPORT_PULLBACK,FIRST_EVENT_PER_START,ARCHETYPE_TRIGGERED,28.23821,39.10086,TARGET,0.38042164,3.323731,1074.242616,10.0,2.022382,0.067339
S6_EXEC_E3_COMBINED,2024-10-29,2024-10-30,2024-11-01,300709,精研科技,s6setup-1a47687228730efc7c66,s6event-c847e2286a4d9449dd22,2,SUPPORT_PULLBACK,FIRST_EVENT_PER_START,ARCHETYPE_TRIGGERED,43.88384,41.31864,STOP,-0.06122325,-1.016388,-268.671131,10.0,2.151134,0.085202
S6_EXEC_E3_COMBINED,2024-10-31,2024-11-01,2024-11-06,000768,中航西飞,s6setup-bd4b5f1a5e26f455d992,s6event-421adacf093169439f79,1,SUPPORT_PULLBACK,FIRST_EVENT_PER_START,ARCHETYPE_TRIGGERED,28.26824,32.31765,TARGET,0.13911886,3.466248,393.264532,10.0,1.676468,0.060586
S6_EXEC_E3_COMBINED,2024-10-31,2024-11-01,2024-11-14,300139,晓程科技,s6setup-03ac53b95d0ed4d67393,s6event-69df3a7c103f9a68ab46,1,SUPPORT_PULLBACK,FIRST_EVENT_PER_START,ARCHETYPE_TRIGGERED,19.33932,17.45253,STOP,-0.10320343,-1.009346,-199.588416,10.0,0.9094180000000001,0.036792
S6_EXEC_E3_COMBINED,2024-10-31,2024-11-04,2024-11-08,300469,信息发展,s6setup-972ecff6bc6b3c765fc4,s6event-d9bc89faedf09307f2bc,1,SUPPORT_PULLBACK,FIRST_EVENT_PER_START,ARCHETYPE_TRIGGERED,24.56454,33.09687,TARGET,0.34257531,2.821034,841.520491,10.0,1.712505,0.057661
S6_EXEC_E3_COMBINED,2024-10-31,2024-11-01,2024-11-28,600415,小商品城,s6setup-972b529ace9e37bf0db0,s6event-f9f7a9ec98b9e48f99c9,1,SUPPORT_PULLBACK,FIRST_EVENT_PER_START,ARCHETYPE_TRIGGERED,9.77977,12.49749,TARGET,0.2670051,5.437941,261.124847,10.0,0.647151,0.022277
S6_EXEC_E3_COMBINED,2024-11-01,2024-11-04,2024-11-08,600326,西藏天路,s6setup-f5d42d94a6ae9189bdc1,s6event-2f56f6cb87bd3fbcfcc4,1,SUPPORT_PULLBACK,FIRST_EVENT_PER_START,ARCHETYPE_TRIGGERED,6.68668,8.36163,TARGET,0.23488767,3.513783,157.061869,10.0,0.43313,0.015048
S6_EXEC_E3_COMBINED,2024-11-06,2024-11-07,2024-11-15,002130,沃尔核材,s6setup-b3bfe3b0c2577df77662,s6event-44ba49386672a162979d,1,SUPPORT_PULLBACK,FIRST_EVENT_PER_START,ARCHETYPE_TRIGGERED,18.817158,17.81217,STOP,-0.05921513,-1.018062,-111.426046,10.0,0.927237,0.036629
S6_EXEC_E3_COMBINED,2024-11-08,2024-11-11,2024-11-25,002600,领益智造,s6setup-683787f79104f8ee2e19,s6event-59d8b9663583928e9f7b,1,SUPPORT_PULLBACK,FIRST_EVENT_PER_START,ARCHETYPE_TRIGGERED,8.48848,7.8921,STOP,-0.08252241,-1.013424,-70.048983,10.0,0.41098599999999996,0.016381
S6_EXEC_E3_COMBINED,2024-11-08,2024-11-11,2024-11-18,300067,安诺其,s6setup-00fcccb83fb3b2701a5b,s6event-759b48ea271bddf08145,1,SUPPORT_PULLBACK,FIRST_EVENT_PER_START,ARCHETYPE_TRIGGERED,6.11611,5.61438,STOP,-0.09886259,-1.011328,-60.465448,10.0,0.292449,0.01173
S6_EXEC_E3_COMBINED,2024-11-08,2024-11-11,2024-11-15,300397,天和防务,s6setup-5c56c4f571876e4504e9,s6event-5cc0f359029d713c665a,1,SUPPORT_PULLBACK,FIRST_EVENT_PER_START,ARCHETYPE_TRIGGERED,14.30429,12.99699,STOP,-0.09885646,-1.010052,-141.407147,10.0,0.6771510000000001,0.027301
S6_EXEC_E3_COMBINED,2024-11-08,2024-11-11,2024-11-14,600990,四创电子,s6setup-bc80c558b01b30a21e16,s6event-2ced8214ece184e0ff11,1,SUPPORT_PULLBACK,FIRST_EVENT_PER_START,ARCHETYPE_TRIGGERED,27.95793,25.60437,STOP,-0.08823607,-1.01101,-246.689787,10.0,1.33378,0.053562
S6_EXEC_E3_COMBINED,2024-11-08,2024-11-11,2024-11-15,688252,天德钰,s6setup-99a79916c8c7e6f3c311,s6event-cc4e1f772400fe4f601d,1,SUPPORT_PULLBACK,FIRST_EVENT_PER_START,ARCHETYPE_TRIGGERED,24.322298,23.00697,STOP,-0.05868297,-1.017821,-142.730468,10.0,1.1976769999999999,0.047329
S6_EXEC_E3_COMBINED,2024-11-11,2024-11-12,2024-11-14,300061,旗天科技,s6setup-da799d9c466c9a1bd1c9,s6event-31f5373379c3781adcbd,1,SUPPORT_PULLBACK,FIRST_EVENT_PER_START,ARCHETYPE_TRIGGERED,18.09808,16.15383,STOP,-0.11341918,-1.008387,-205.266939,10.0,0.841943,0.034252
S6_EXEC_E3_COMBINED,2024-11-11,2024-11-12,2024-11-13,300284,苏交科,s6setup-c755ba4efb03e1e282b2,s6event-4330e2e4a423e80f8d8e,1,SUPPORT_PULLBACK,FIRST_EVENT_PER_START,ARCHETYPE_TRIGGERED,13.94393,12.722265,STOP_GAP,-0.09525957,-1.040663,-132.829278,10.0,0.662779,0.026666
S6_EXEC_E3_COMBINED,2024-11-11,2024-11-12,2024-11-13,603486,科沃斯,s6setup-6898d3a1d4a6f35be2f0,s6event-c8a6b02b3aa5854e7b49,1,SUPPORT_PULLBACK,FIRST_EVENT_PER_START,ARCHETYPE_TRIGGERED,52.14209,48.81114,STOP,-0.06628743,-1.014887,-345.636514,10.0,2.54151,0.100953
S6_EXEC_E3_COMBINED,2024-11-12,2024-11-13,2024-11-18,300046,台基股份,s6setup-80d778573b45a6448eaf,s6event-10a57412646a78fedf11,1,SUPPORT_PULLBACK,FIRST_EVENT_PER_START,ARCHETYPE_TRIGGERED,44.739695,39.265695,STOP_GAP,-0.12504495,-1.079749,-559.447292,10.0,2.04729,0.084005
S6_EXEC_E3_COMBINED,2024-11-12,2024-11-13,2024-11-18,300102,乾照光电,s6setup-5c64756c89da797ce137,s6event-1f338a529659d92e3327,1,SUPPORT_PULLBACK,FIRST_EVENT_PER_START,ARCHETYPE_TRIGGERED,13.317304,11.96802,STOP,-0.10929546,-1.008958,-145.552087,10.0,0.623686,0.025285
S6_EXEC_E3_COMBINED,2024-11-12,2024-11-14,2024-11-18,300292,吴通控股,s6setup-01f82f10d02fa98a0dc6,s6event-70d3ed881f506535acd7,1,SUPPORT_PULLBACK,FIRST_EVENT_PER_START,ARCHETYPE_TRIGGERED,5.64564,5.15484,STOP,-0.10512279,-1.010625,-59.348543,10.0,0.268542,0.0108
S6_EXEC_E3_COMBINED,2024-11-13,2024-11-14,2024-11-15,300008,天海防务,s6setup-6690c342fe613eb7b44d,s6event-923e8700c8c748825ae6,1,SUPPORT_PULLBACK,FIRST_EVENT_PER_START,ARCHETYPE_TRIGGERED,5.73573,5.33466,STOP,-0.08784375,-1.013494,-50.384803,10.0,0.277803,0.01107
S6_EXEC_E3_COMBINED,2024-11-13,2024-11-14,2024-12-12,300085,银之杰,s6setup-e42a370d8980d8402bcb,s6event-30992034cfbdfeb2ceb9,1,SUPPORT_PULLBACK,FIRST_EVENT_PER_START,ARCHETYPE_TRIGGERED,49.5495,49.63032,MAX_HOLDING,-0.00090792,0.010349,-4.498698,10.0,2.580696,0.09918
S6_EXEC_E3_COMBINED,2024-11-13,2024-11-14,2024-11-15,300424,航新科技,s6setup-be858b46ff0d049233b9,s6event-4078c31fc7789642ae88,1,SUPPORT_PULLBACK,FIRST_EVENT_PER_START,ARCHETYPE_TRIGGERED,20.66064,19.09089,STOP,-0.08129917,-1.012324,-167.969288,10.0,0.994297,0.039752
S6_EXEC_E3_COMBINED,2024-11-13,2024-11-18,2024-12-16,300570,太辰光,s6setup-38a6a6d341095f048664,s6event-6177b2a0e001adb36e64,1,SUPPORT_PULLBACK,FIRST_EVENT_PER_START,ARCHETYPE_TRIGGERED,66.52646,67.75218,MAX_HOLDING,0.01639199,0.139184,109.050107,10.0,3.5218879999999997,0.134279
S6_EXEC_E3_COMBINED,2024-11-14,2024-11-18,2024-11-19,000829,天音控股,s6setup-085cfe806f3931768d77,s6event-e833f826186a061d7954,1,SUPPORT_PULLBACK,FIRST_EVENT_PER_START,ARCHETYPE_TRIGGERED,14.59458,13.07691,STOP_GAP,-0.11130743,-1.15449,-162.448519,10.0,0.681516,0.027671
S6_EXEC_E3_COMBINED,2024-11-14,2024-11-15,2024-11-18,600843,上工申贝,s6setup-85db4a2ab7750e044af3,s6event-ac4622bd39b6183386ea,1,SUPPORT_PULLBACK,FIRST_EVENT_PER_START,ARCHETYPE_TRIGGERED,13.7137,12.35763,STOP,-0.10664587,-1.009206,-146.250947,10.0,0.643952,0.026071
S6_EXEC_E3_COMBINED,2024-11-15,2024-11-18,2024-12-16,300776,帝尔激光,s6setup-c76fc897bc2b7cd6f146,s6event-cf4328f2cab914cc501f,1,SUPPORT_PULLBACK,FIRST_EVENT_PER_START,ARCHETYPE_TRIGGERED,75.29522,68.61132,STOP,-0.09057208,-1.010382,-681.964469,10.0,3.574473,0.143907
S6_EXEC_E3_COMBINED,2024-11-18,2024-11-19,2024-11-25,002281,光迅科技,s6setup-b8d2a449d0045b5a5ce1,s6event-060a9ace70fcc7fa9928,1,SUPPORT_PULLBACK,FIRST_EVENT_PER_START,ARCHETYPE_TRIGGERED,44.27423,40.7592,STOP,-0.08213039,-1.011744,-363.625978,10.0,2.122993,0.085033
S6_EXEC_E3_COMBINED,2024-11-19,2024-11-22,2024-12-20,300059,东方财富,s6setup-f33f2ffc7cab91125159,s6event-02c8f8adf967ca8e97ef,1,SUPPORT_PULLBACK,FIRST_EVENT_PER_START,ARCHETYPE_TRIGGERED,26.23621,25.92405,MAX_HOLDING,-0.01622352,-0.120702,-42.564368,10.0,1.348363,0.05216
S6_EXEC_E3_COMBINED,2024-11-19,2024-11-20,2024-11-25,600879,航天电子,s6setup-9543c99369764b5ccdd8,s6event-59d981c25ba6c9e7261a,1,SUPPORT_PULLBACK,FIRST_EVENT_PER_START,ARCHETYPE_TRIGGERED,9.748739,9.10089,STOP,-0.07719849,-1.014262,-75.258793,10.0,0.473894,0.01885
S6_EXEC_E3_COMBINED,2024-11-20,2024-11-21,2024-11-25,002273,水晶光电,s6setup-5be11763ef3d6bd00c66,s6event-e5f061fa741c93e4e351,2,SUPPORT_PULLBACK,FIRST_EVENT_PER_START,ARCHETYPE_TRIGGERED,21.27125,19.89009,STOP_GAP,-0.0701189,-1.022135,-149.151665,10.0,1.035666,0.041161
S6_EXEC_E3_COMBINED,2024-11-21,2024-11-22,2024-11-25,603920,世运电路,s6setup-d587b9f81f181660d2f5,s6event-40ebcbaf0797fa9c62fa,3,SUPPORT_PULLBACK,FIRST_EVENT_PER_START,ARCHETYPE_TRIGGERED,31.5315,28.85112,STOP,-0.0886545,-1.010892,-279.540937,10.0,1.502939,0.060383
S6_EXEC_E3_COMBINED,2024-11-21,2024-11-22,2024-12-18,688015,交控科技,s6setup-379b47d4a8f9a2b84d9b,s6event-dd14f44988f6dcbe85de,2,SUPPORT_PULLBACK,FIRST_EVENT_PER_START,ARCHETYPE_TRIGGERED,21.021,19.55043,STOP,-0.07519866,-1.013487,-158.075103,10.0,1.018093,0.040571
S6_EXEC_E3_COMBINED,2024-11-22,2024-11-25,2024-12-13,603099,长白山,s6setup-f5596be19bb7272c4656,s6event-4e5be90ee4ed8e45b2a1,1,SUPPORT_PULLBACK,FIRST_EVENT_PER_START,ARCHETYPE_TRIGGERED,38.692153,53.29665,TARGET,0.37415671,5.268287,1447.692867,10.0,2.7568219999999997,0.091989
S6_EXEC_E3_COMBINED,2024-11-25,2024-11-26,2024-11-27,600010,包钢股份,s6setup-dbea198c47162c06a439,s6event-6430e928249ca2be0c85,1,SUPPORT_PULLBACK,FIRST_EVENT_PER_START,ARCHETYPE_TRIGGERED,1.979978,1.85814,STOP,-0.11252926,-1.015503,-22.280546,10.0,0.096745,0.003838
S6_EXEC_E3_COMBINED,2024-12-03,2024-12-04,2024-12-13,688299,长阳科技,s6setup-43afa70145b72df89eb9,s6event-4095879fec5110746473,1,SUPPORT_PULLBACK,FIRST_EVENT_PER_START,ARCHETYPE_TRIGGERED,18.96895,17.1828,STOP,-0.09990553,-1.009723,-189.5103,10.0,0.895292,0.036152
S6_EXEC_E3_COMBINED,2024-12-05,2024-12-06,2025-01-03,688027,国盾量子,s6setup-cc6c31f79103fda91a9f,s6event-10ab4ad3674026702744,3,SUPPORT_PULLBACK,FIRST_EVENT_PER_START,ARCHETYPE_TRIGGERED,287.32704,263.56617,STOP,-0.08374927,-1.011228,-2406.342985,16.526796,13.729201,0.550893
S6_EXEC_E3_COMBINED,2024-12-06,2024-12-09,2025-01-07,300131,英唐智控,s6setup-8d7f3cd60a44c38e966c,s6event-bea5055d3221e44e3dad,1,SUPPORT_PULLBACK,FIRST_EVENT_PER_START,ARCHETYPE_TRIGGERED,8.1081,9.0909,MAX_HOLDING,0.10829696,1.516433,87.808258,10.0,0.471744,0.017199
S6_EXEC_E3_COMBINED,2024-12-09,2024-12-11,2025-01-09,600104,上汽集团,s6setup-16907d8b1e8abc6aa0b4,s6event-06d62bae53a90fa01174,1,SUPPORT_PULLBACK,FIRST_EVENT_PER_START,ARCHETYPE_TRIGGERED,17.69768,17.304678,MAX_HOLDING,-0.02836555,-0.27147,-50.200443,10.0,0.9002359999999999,0.035002
S6_EXEC_E3_COMBINED,2024-12-11,2024-12-12,2024-12-16,002194,武汉凡谷,s6setup-3612f5ac72a5762c6014,s6event-fdf3abf19eddc202c642,1,SUPPORT_PULLBACK,FIRST_EVENT_PER_START,ARCHETYPE_TRIGGERED,13.43342,12.72726,STOP,-0.06050471,-1.018373,-81.278518,10.0,0.662524,0.026161
S6_EXEC_E3_COMBINED,2024-12-11,2024-12-12,2024-12-13,601360,三六零,s6setup-6271e09715fb99b07d7c,s6event-b169413ceb6d517710ae,1,SUPPORT_PULLBACK,FIRST_EVENT_PER_START,ARCHETYPE_TRIGGERED,12.96295,12.25773,STOP,-0.06260929,-1.017707,-81.16011,10.0,0.638108,0.025221
S6_EXEC_E3_COMBINED,2024-12-12,2024-12-13,2024-12-16,603078,江化微,s6setup-5e35a695f2bd5244a9c7,s6event-6f59b3c69b820faa0c8c,1,SUPPORT_PULLBACK,FIRST_EVENT_PER_START,ARCHETYPE_TRIGGERED,18.64863,17.4825,STOP,-0.0683821,-1.015236,-127.523248,10.0,0.9102560000000001,0.036131
S6_EXEC_E3_COMBINED,2024-12-13,2024-12-16,2024-12-18,300377,赢时胜,s6setup-861e18604179a7947c08,s6event-6b7d949c83b5b7968218,1,SUPPORT_PULLBACK,FIRST_EVENT_PER_START,ARCHETYPE_TRIGGERED,33.1331,30.19977,STOP,-0.09202469,-1.010413,-304.906326,10.0,1.5733210000000002,0.063333
S6_EXEC_E3_COMBINED,2024-12-13,2024-12-16,2024-12-17,601615,明阳智能,s6setup-8d97ee6c589ea1ecf708,s6event-5009bb16d6aef0b8fd99,2,SUPPORT_PULLBACK,FIRST_EVENT_PER_START,ARCHETYPE_TRIGGERED,13.96395,13.32666,STOP,-0.05329625,-1.02138,-74.422617,10.0,0.6936239999999999,0.027291
S6_EXEC_E3_COMBINED,2024-12-16,2024-12-17,2024-12-23,600292,电投水电,s6setup-6e3280140834bf327467,s6event-18d4ebc0506f2cd2ad38,1,SUPPORT_PULLBACK,FIRST_EVENT_PER_START,ARCHETYPE_TRIGGERED,14.463449,13.3866,STOP,-0.08184914,-1.012601,-118.382086,10.0,0.69718,0.02785
S6_EXEC_E3_COMBINED,2024-12-18,2024-12-19,2025-01-03,600601,方正科技,s6setup-c456d52e3d99d7b05be2,s6event-c10b5d7ff1948e718b95,1,SUPPORT_PULLBACK,FIRST_EVENT_PER_START,ARCHETYPE_TRIGGERED,4.27427,4.02597,STOP,-0.08197797,-1.016498,-35.039598,10.0,0.209598,0.0083
S6_EXEC_E3_COMBINED,2024-12-19,2024-12-20,2024-12-24,300370,安控科技,s6setup-407f2bb2aee712d9378a,s6event-449ebfe24e0b3f910735,1,SUPPORT_PULLBACK,FIRST_EVENT_PER_START,ARCHETYPE_TRIGGERED,3.89389,3.47652,STOP,-0.13333247,-1.008408,-51.918197,10.0,0.181196,0.00737
S6_EXEC_E3_COMBINED,2024-12-19,2024-12-20,2024-12-23,300459,汤姆猫,s6setup-dbc04670d4bf601779fa,s6event-99a5e35ae22e99e9a682,1,SUPPORT_PULLBACK,FIRST_EVENT_PER_START,ARCHETYPE_TRIGGERED,7.31731,6.78321,STOP,-0.0871403,-1.012877,-63.763259,10.0,0.353261,0.014101
S6_EXEC_E3_COMBINED,2024-12-20,2024-12-23,2024-12-26,600864,哈投股份,s6setup-2dcaee0f6253a30902e6,s6event-91cee0cc37286ab99f3c,1,SUPPORT_PULLBACK,FIRST_EVENT_PER_START,ARCHETYPE_TRIGGERED,7.086079,7.74225,TARGET,0.07792061,1.656667,55.21516,10.0,0.401941,0.014828
S6_EXEC_E3_COMBINED,2024-12-24,2024-12-25,2025-01-03,002139,拓邦股份,s6setup-fd1e90188568d41c4d76,s6event-abe50c620aeb03c254f2,1,SUPPORT_PULLBACK,FIRST_EVENT_PER_START,ARCHETYPE_TRIGGERED,13.13312,12.39759,STOP,-0.06411151,-1.017162,-84.198415,10.0,0.645411,0.025531
S6_EXEC_E3_COMBINED,2024-12-25,2024-12-26,2024-12-31,300276,三丰智能,s6setup-6def61aaa26d7a0e6f00,s6event-ea9dd03830f9f8dd5b9e,1,SUPPORT_PULLBACK,FIRST_EVENT_PER_START,ARCHETYPE_TRIGGERED,10.72071,9.44055,STOP_GAP,-0.12919684,-1.031796,-138.508185,10.0,0.49218799999999996,0.020161
S6_EXEC_E3_COMBINED,2024-12-26,2024-12-27,2024-12-31,300503,昊志机电,s6setup-4be758aa7cd2b076adfe,s6event-eae8ded838d613114f9c,1,SUPPORT_PULLBACK,FIRST_EVENT_PER_START,ARCHETYPE_TRIGGERED,21.348327,19.47051,STOP,-0.0931202,-1.010488,-198.796048,10.0,1.014345,0.040819
S6_EXEC_E3_COMBINED,2024-12-27,2024-12-30,2024-12-31,688787,海天瑞声,s6setup-d3019118655a97c1c18a,s6event-77458ebca9d455be3c96,1,SUPPORT_PULLBACK,FIRST_EVENT_PER_START,ARCHETYPE_TRIGGERED,113.66355,98.99091,STOP,-0.1304223,-1.006799,-1482.426162,10.0,5.1621999999999995,0.212654
S6_EXEC_E3_COMBINED,2025-01-03,2025-01-06,2025-01-22,688205,德科立,s6setup-65fe963253d88d0a6493,s6event-c0718da91785d4bfccd5,2,SUPPORT_PULLBACK,FIRST_EVENT_PER_START,ARCHETYPE_TRIGGERED,63.7868,84.83508,TARGET,0.3277226,3.259862,2090.437594,10.0,4.390376,0.148622
S6_EXEC_E3_COMBINED,2025-01-14,2025-01-15,2025-01-20,300153,科泰电源,s6setup-0a4db8a473032dbd1ffb,s6event-9fe80043f054b5813b56,1,SUPPORT_PULLBACK,FIRST_EVENT_PER_START,ARCHETYPE_TRIGGERED,12.98297,17.4825,TARGET,0.33817255,2.481856,439.048407,10.0,0.90459,0.030465
S6_EXEC_E3_COMBINED,2025-02-07,2025-02-10,2025-03-10,300684,中石科技,s6setup-28fe5a89fa9261a77ef7,s6event-97e903bc9c028f55b17e,1,SUPPORT_PULLBACK,FIRST_EVENT_PER_START,ARCHETYPE_TRIGGERED,24.81479,25.04493,MAX_HOLDING,0.00471972,0.149949,11.711886,10.0,1.3021070000000001,0.04986
S6_EXEC_E3_COMBINED,2025-02-10,2025-02-12,2025-02-18,300684,中石科技,s6setup-e1ffb4c368f38b7370dd,s6event-4ff575d5bdd615b666e2,1,SUPPORT_PULLBACK,FIRST_EVENT_PER_START,ARCHETYPE_TRIGGERED,25.88586,24.41556,STOP,-0.06115349,-1.016903,-158.301068,10.0,1.2710789999999998,0.050301
S6_EXEC_E3_COMBINED,2025-02-11,2025-02-12,2025-02-18,002119,康强电子,s6setup-ee83bf34d16fd61dbe6e,s6event-720e36ef853d1cbbfb7e,2,SUPPORT_PULLBACK,FIRST_EVENT_PER_START,ARCHETYPE_TRIGGERED,18.30829,17.2827,STOP,-0.06197123,-1.017158,-113.458725,10.0,0.899726,0.035591
S6_EXEC_E3_COMBINED,2025-02-11,2025-02-12,2025-02-14,600601,方正科技,s6setup-f532cfcef1961d07d7a5,s6event-677e4c803b1030f7e12c,1,SUPPORT_PULLBACK,FIRST_EVENT_PER_START,ARCHETYPE_TRIGGERED,5.37537,4.96503,STOP,-0.09542151,-1.01226,-51.292592,10.0,0.258591,0.01034
S6_EXEC_E3_COMBINED,2025-02-18,2025-02-19,2025-03-03,301000,肇民科技,s6setup-918da66ce65af122abad,s6event-4ae5f9c31a604728129c,2,SUPPORT_PULLBACK,FIRST_EVENT_PER_START,ARCHETYPE_TRIGGERED,35.64561,33.04692,STOP,-0.07619172,-1.012894,-271.590034,10.0,1.7210390000000002,0.068693
S6_EXEC_E3_COMBINED,2025-02-19,2025-02-24,2025-03-03,300613,富瀚微,s6setup-a6e1ba2cf256a30223eb,s6event-6365413cfd02937e65b8,1,SUPPORT_PULLBACK,FIRST_EVENT_PER_START,ARCHETYPE_TRIGGERED,63.88382,58.60134,STOP,-0.08473203,-1.011229,-541.300575,10.0,3.0525520000000004,0.122485
S6_EXEC_E3_COMBINED,2025-02-21,2025-02-24,2025-02-28,603236,移远通信,s6setup-0ea4f7f9586e556c39d6,s6event-b1f717c78a45bda973d5,1,SUPPORT_PULLBACK,FIRST_EVENT_PER_START,ARCHETYPE_TRIGGERED,60.29595,57.25269,STOP,-0.05262479,-1.019193,-317.306171,10.0,2.980183,0.117549
S6_EXEC_E3_COMBINED,2025-02-25,2025-02-28,2025-03-03,300433,蓝思科技,s6setup-1cb2d12993de1176da44,s6event-8814a42e754b3e0f798e,6,SUPPORT_PULLBACK,FIRST_EVENT_PER_START,ARCHETYPE_TRIGGERED,27.06704,25.29468,STOP,-0.06966151,-1.014493,-188.553088,10.0,1.317096,0.052362
S6_EXEC_E3_COMBINED,2025-02-25,2025-02-27,2025-03-21,300634,彩讯股份,s6setup-ed8712b062c23b890d99,s6event-7f9d2cedbcf91b4efedc,1,SUPPORT_PULLBACK,FIRST_EVENT_PER_START,ARCHETYPE_TRIGGERED,29.93991,27.08289,STOP,-0.09923649,-1.00958,-297.113158,10.0,1.411167,0.057023
S6_EXEC_E3_COMBINED,2025-02-26,2025-02-28,2025-03-03,300229,拓尔思,s6setup-8351a4c7023572b12be5,s6event-9956cb653d515e4ad6c1,1,SUPPORT_PULLBACK,FIRST_EVENT_PER_START,ARCHETYPE_TRIGGERED,26.20618,24.02595,STOP,-0.08748873,-1.011154,-229.274541,10.0,1.25153,0.050232
S6_EXEC_E3_COMBINED,2025-02-26,2025-02-27,2025-02-28,300925,法本信息,s6setup-38cff9e0e7e0419fec38,s6event-050f76d94166e98295e9,2,SUPPORT_PULLBACK,FIRST_EVENT_PER_START,ARCHETYPE_TRIGGERED,27.312285,25.5744,STOP,-0.06777906,-1.014951,-185.1201,10.0,1.331607,0.052887
S6_EXEC_E3_COMBINED,2025-02-27,2025-02-28,2025-03-24,600186,莲花控股,s6setup-4d929ef3b104891ee150,s6event-d2e0bab13a2cbf0fc2fe,2,SUPPORT_PULLBACK,FIRST_EVENT_PER_START,ARCHETYPE_TRIGGERED,6.71671,6.12387,STOP,-0.10362668,-1.010448,-69.603036,10.0,0.319035,0.012841
S6_EXEC_E3_COMBINED,2025-03-03,2025-03-04,2025-03-31,688225,亚信安全,s6setup-b7da79bddadf3235431b,s6event-10744018ebd319a084f1,1,SUPPORT_PULLBACK,FIRST_EVENT_PER_START,ARCHETYPE_TRIGGERED,25.4254,23.14683,STOP,-0.09402523,-1.010273,-239.062908,10.0,1.2059140000000002,0.048572
S6_EXEC_E3_COMBINED,2025-03-04,2025-03-05,2025-03-24,002036,联创电子,s6setup-cfc0e0c32a83cacd1e5f,s6event-231d4fce5a173092f63c,1,SUPPORT_PULLBACK,FIRST_EVENT_PER_START,ARCHETYPE_TRIGGERED,12.69268,11.54844,STOP,-0.09850218,-1.010206,-125.025665,10.0,0.601663,0.024241
S6_EXEC_E3_COMBINED,2025-03-04,2025-03-05,2025-03-13,688135,利扬芯片,s6setup-e4c6a22c1b5169163ff6,s6event-5a0ec600ee6cb49b9730,1,SUPPORT_PULLBACK,FIRST_EVENT_PER_START,ARCHETYPE_TRIGGERED,21.95193,20.22975,STOP,-0.08348772,-1.011898,-183.271659,10.0,1.0536699999999999,0.042182
S6_EXEC_E3_COMBINED,2025-03-05,2025-03-06,2025-03-13,603005,晶方科技,s6setup-fb99a9ea9bf6c482cf37,s6event-021f5254cc1395bdb32d,1,SUPPORT_PULLBACK,FIRST_EVENT_PER_START,ARCHETYPE_TRIGGERED,34.830796,32.85711,STOP,-0.06002709,-1.016947,-209.079133,10.0,1.710544,0.067688
S6_EXEC_E3_COMBINED,2025-03-06,2025-03-07,2025-03-24,300603,立昂技术,s6setup-e4b882cc76f264f60fa3,s6event-e6246efb01ae14a000f1,1,SUPPORT_PULLBACK,FIRST_EVENT_PER_START,ARCHETYPE_TRIGGERED,13.8138,12.76722,STOP,-0.08348387,-1.012362,-115.322948,10.0,0.6649419999999999,0.026581
S6_EXEC_E3_COMBINED,2025-03-06,2025-03-11,2025-03-21,300672,国科微,s6setup-53bbe2b1467590242655,s6event-cf9334b6f5044ec03d90,1,SUPPORT_PULLBACK,FIRST_EVENT_PER_START,ARCHETYPE_TRIGGERED,79.25918,73.69623,STOP,-0.07193271,-1.013439,-570.132761,10.0,3.837766,0.152955
S6_EXEC_E3_COMBINED,2025-03-06,2025-03-07,2025-03-24,688048,长光华芯,s6setup-7a7cabda6a8687592f97,s6event-6752ba00d6c4719a7f85,1,SUPPORT_PULLBACK,FIRST_EVENT_PER_START,ARCHETYPE_TRIGGERED,59.72967,54.05589,STOP,-0.09713675,-1.009629,-580.194602,10.0,2.81658,0.113786
S6_EXEC_E3_COMBINED,2025-03-07,2025-03-10,2025-03-21,002518,科士达,s6setup-efe52db6cbf333d06fe7,s6event-69b0cb3cbd448aa0c8e5,1,SUPPORT_PULLBACK,FIRST_EVENT_PER_START,ARCHETYPE_TRIGGERED,27.06704,26.12385,STOP,-0.0390432,-1.028516,-105.678386,10.0,1.359384,0.053191
S6_EXEC_E3_COMBINED,2025-03-07,2025-03-10,2025-03-19,600050,中国联通,s6setup-db2f19295490f4aaa303,s6event-4bfc186b12f1fe57120f,1,SUPPORT_PULLBACK,FIRST_EVENT_PER_START,ARCHETYPE_TRIGGERED,6.09609,5.74425,STOP,-0.07461021,-1.016614,-45.483056,10.0,0.29905200000000004,0.01184
S6_EXEC_E3_COMBINED,2025-03-07,2025-03-10,2025-03-24,600143,金发科技,s6setup-e813f922d445d7fff884,s6event-79e66440755ed30d44d2,1,SUPPORT_PULLBACK,FIRST_EVENT_PER_START,ARCHETYPE_TRIGGERED,11.82181,10.89909,STOP,-0.08699148,-1.011965,-102.839675,10.0,0.567675,0.022721
S6_EXEC_E3_COMBINED,2025-03-07,2025-03-10,2025-03-13,603501,豪威集团,s6setup-e9dfe6dc7b1f76c08f27,s6event-caeba2f826388322f01d,2,SUPPORT_PULLBACK,FIRST_EVENT_PER_START,ARCHETYPE_TRIGGERED,144.29415,136.93293,STOP,-0.05220238,-1.018974,-753.249805,10.0,7.127873,0.281227
S6_EXEC_E3_COMBINED,2025-03-07,2025-03-11,2025-03-24,688468,科美诊断,s6setup-abdc2d85fb6ae0c66461,s6event-cd663eb1c0b6b351ce96,2,SUPPORT_PULLBACK,FIRST_EVENT_PER_START,ARCHETYPE_TRIGGERED,7.772765,7.34265,STOP,-0.06869338,-1.017386,-53.39375,10.0,0.382247,0.015115
S6_EXEC_E3_COMBINED,2025-03-10,2025-03-11,2025-03-17,000948,南天信息,s6setup-bf5fe9b2633a0e197b51,s6event-ae4e2e37047c942f1774,1,SUPPORT_PULLBACK,FIRST_EVENT_PER_START,ARCHETYPE_TRIGGERED,19.69968,19.11087,STOP,-0.0354703,-1.03358,-69.875356,10.0,0.9943540000000001,0.038811
S6_EXEC_E3_COMBINED,2025-03-10,2025-03-11,2025-03-24,002334,英威腾,s6setup-9573a2607c2d6860603b,s6event-f8853e289a6b6252e2c6,1,SUPPORT_PULLBACK,FIRST_EVENT_PER_START,ARCHETYPE_TRIGGERED,9.03903,8.60139,STOP,-0.05997514,-1.020069,-54.211709,10.0,0.44770899999999997,0.01764
S6_EXEC_E3_COMBINED,2025-03-10,2025-03-12,2025-03-13,002536,飞龙股份,s6setup-f1e5726770c12a03fc53,s6event-7f39f03b95d86c2dca28,1,SUPPORT_PULLBACK,FIRST_EVENT_PER_START,ARCHETYPE_TRIGGERED,16.47646,15.76422,STOP,-0.04979495,-1.022657,-82.04445,10.0,0.820452,0.032241
S6_EXEC_E3_COMBINED,2025-03-10,2025-03-12,2025-03-13,002664,信质集团,s6setup-5aabe4ff777a59307a84,s6event-c7b67be1f7d2bc738802,1,SUPPORT_PULLBACK,FIRST_EVENT_PER_START,ARCHETYPE_TRIGGERED,19.09908,18.07191,STOP,-0.05950955,-1.017927,-113.657766,10.0,0.940766,0.037171
S6_EXEC_E3_COMBINED,2025-03-10,2025-03-11,2025-03-20,601777,千里科技,s6setup-569de22093b0693f5a7b,s6event-c9d2cb6a18c875d87a92,1,SUPPORT_PULLBACK,FIRST_EVENT_PER_START,ARCHETYPE_TRIGGERED,8.98898,8.45154,STOP,-0.071403,-1.015993,-64.184014,10.0,0.44001799999999996,0.017441
S6_EXEC_E3_COMBINED,2025-03-10,2025-03-11,2025-03-13,688272,富吉瑞,s6setup-fb7127c3a9b03473442b,s6event-d411dd2bc303482e48f9,1,SUPPORT_PULLBACK,FIRST_EVENT_PER_START,ARCHETYPE_TRIGGERED,30.22019,28.0719,STOP,-0.0748807,-1.013254,-226.290898,10.0,1.461887,0.058292
S6_EXEC_E3_COMBINED,2025-03-11,2025-03-13,2025-03-17,300124,汇川技术,s6setup-a3ddd2294c9714599d13,s6event-0de3a7b3b489afc46e49,2,SUPPORT_PULLBACK,FIRST_EVENT_PER_START,ARCHETYPE_TRIGGERED,73.44337,69.32061,STOP,-0.05798819,-1.017119,-425.884809,10.0,3.608795,0.142764
S6_EXEC_E3_COMBINED,2025-03-11,2025-03-12,2025-03-21,301238,瑞泰新材,s6setup-38d6d5119bdaf06abb39,s6event-d7a72ac82c0a76dc76af,1,SUPPORT_PULLBACK,FIRST_EVENT_PER_START,ARCHETYPE_TRIGGERED,20.86084,19.29069,STOP,-0.08054311,-1.012451,-168.019693,10.0,1.004687,0.040152
S6_EXEC_E3_COMBINED,2025-03-12,2025-03-13,2025-03-14,002152,广电运通,s6setup-1a652941f4d2ba4d952d,s6event-30988e0ebcc3bcf790ea,1,SUPPORT_PULLBACK,FIRST_EVENT_PER_START,ARCHETYPE_TRIGGERED,14.02401,13.51647,STOP,-0.04382296,-1.027388,-61.457363,10.0,0.703364,0.02754
S6_EXEC_E3_COMBINED,2025-03-12,2025-03-13,2025-03-14,300065,海兰信,s6setup-7ad83946d6b5e7a18b02,s6event-a4fd482f47647be76689,1,SUPPORT_PULLBACK,FIRST_EVENT_PER_START,ARCHETYPE_TRIGGERED,12.00199,14.86512,TARGET,0.22958099,3.483169,275.542875,10.0,0.770123,0.026867
S6_EXEC_E3_COMBINED,2025-03-12,2025-03-13,2025-03-31,300276,三丰智能,s6setup-a2e8f236483f82aaa623,s6event-6bdad12e7ca62d35a560,2,SUPPORT_PULLBACK,FIRST_EVENT_PER_START,ARCHETYPE_TRIGGERED,13.55354,12.1878,STOP,-0.10861305,-1.009013,-147.209132,10.0,0.635131,0.025741
S6_EXEC_E3_COMBINED,2025-03-12,2025-03-13,2025-03-14,300846,首都在线,s6setup-e638d1e29bfa0e8b492d,s6event-7d638298379559953087,1,SUPPORT_PULLBACK,FIRST_EVENT_PER_START,ARCHETYPE_TRIGGERED,28.2282,25.49448,STOP,-0.10085675,-1.009423,-284.700451,10.0,1.328447,0.053723
S6_EXEC_E3_COMBINED,2025-03-12,2025-03-13,2025-04-07,688722,同益中,s6setup-7d4617d1763b1294ea24,s6event-c59323939099ede9b45d,1,SUPPORT_PULLBACK,FIRST_EVENT_PER_START,ARCHETYPE_TRIGGERED,15.62561,14.46552,STOP,-0.08112475,-1.01264,-126.76237,10.0,0.753367,0.030091
S6_EXEC_E3_COMBINED,2025-03-13,2025-03-18,2025-03-25,688041,海光信息,s6setup-39e835b206d36a70c71e,s6event-c57e8dfa99461c914387,2,SUPPORT_PULLBACK,FIRST_EVENT_PER_START,ARCHETYPE_TRIGGERED,153.19304,142.19766,STOP,-0.07291084,-1.013115,-1116.943323,10.0,7.405274,0.295391
S6_EXEC_E3_COMBINED,2025-03-13,2025-03-14,2025-03-19,688116,天奈科技,s6setup-f3f4c3e098a92dd7a8a7,s6event-34156e5518c1928e93ec,1,SUPPORT_PULLBACK,FIRST_EVENT_PER_START,ARCHETYPE_TRIGGERED,47.768721,44.63532,STOP,-0.06817521,-1.014466,-325.664259,10.0,2.32417,0.092404
S6_EXEC_E3_COMBINED,2025-03-13,2025-03-14,2025-03-27,688611,杭州柯林,s6setup-26e7e31a7ac13a6c69e4,s6event-271998c0c3bdbe325d19,1,SUPPORT_PULLBACK,FIRST_EVENT_PER_START,ARCHETYPE_TRIGGERED,35.42539,31.88808,STOP,-0.1031443,-1.009106,-365.392705,10.0,1.6617169999999999,0.067313
S6_EXEC_E3_COMBINED,2025-03-13,2025-03-14,2025-04-03,689009,九号公司,s6setup-02d7326cfc51e8d6b2de,s6event-4816ce8900b9d273cf0f,1,SUPPORT_PULLBACK,FIRST_EVENT_PER_START,ARCHETYPE_TRIGGERED,59.47942,56.52342,STOP,-0.05187377,-1.019514,-308.542175,10.0,2.942174,0.116003
S6_EXEC_E3_COMBINED,2025-03-14,2025-03-17,2025-03-21,002139,拓邦股份,s6setup-a395f4053d44b2b95a38,s6event-0aa69f76018ab02a5392,1,SUPPORT_PULLBACK,FIRST_EVENT_PER_START,ARCHETYPE_TRIGGERED,17.05704,16.20378,STOP,-0.05638109,-1.019378,-96.169451,10.0,0.84345,0.033261
S6_EXEC_E3_COMBINED,2025-03-17,2025-03-18,2025-03-24,300473,德尔股份,s6setup-4269b9bb4f194278f827,s6event-18d2afd050a77c4b0209,1,SUPPORT_PULLBACK,FIRST_EVENT_PER_START,ARCHETYPE_TRIGGERED,31.26123,28.52145,STOP,-0.09131562,-1.01053,-285.46386,10.0,1.4858559999999998,0.059783
S6_EXEC_E3_COMBINED,2025-03-17,2025-03-18,2025-03-24,300503,昊志机电,s6setup-b365884df694ce2f0407,s6event-2c56416ec280ba8ac8e8,1,SUPPORT_PULLBACK,FIRST_EVENT_PER_START,ARCHETYPE_TRIGGERED,27.774747,26.11386,STOP,-0.06388835,-1.01599,-177.448276,10.0,1.359582,0.053889
S6_EXEC_E3_COMBINED,2025-03-17,2025-03-18,2025-03-24,300687,赛意信息,s6setup-babc61c53c3fbd5dbdd9,s6event-77b00d1e628ab8e77512,1,SUPPORT_PULLBACK,FIRST_EVENT_PER_START,ARCHETYPE_TRIGGERED,30.75072,27.48249,STOP,-0.10999917,-1.008489,-338.255368,10.0,1.4323569999999999,0.058233
S6_EXEC_E3_COMBINED,2025-03-17,2025-03-18,2025-03-21,603496,恒为科技,s6setup-57487f4860bdd0246506,s6event-fe1d618f877150f377e6,1,SUPPORT_PULLBACK,FIRST_EVENT_PER_START,ARCHETYPE_TRIGGERED,34.4344,30.93903,STOP,-0.10488039,-1.008939,-361.14933,10.0,1.612325,0.065373
S6_EXEC_E3_COMBINED,2025-03-17,2025-03-18,2025-03-21,688103,国力电子,s6setup-62e204826e22d40919f8,s6event-3f254eb9175e7d7a2673,2,SUPPORT_PULLBACK,FIRST_EVENT_PER_START,ARCHETYPE_TRIGGERED,51.23118,48.76119,STOP,-0.05065998,-1.02016,-259.537055,10.0,2.538051,0.099992
S6_EXEC_E3_COMBINED,2025-03-17,2025-03-18,2025-03-24,688428,诺诚健华,s6setup-ec7b7291a38d04bcf218,s6event-8d422b58846141ec2975,1,SUPPORT_PULLBACK,FIRST_EVENT_PER_START,ARCHETYPE_TRIGGERED,17.92791,16.63335,STOP,-0.07827027,-1.013029,-140.322236,10.0,0.866228,0.034561
S6_EXEC_E3_COMBINED,2025-03-18,2025-03-19,2025-03-24,002414,高德红外,s6setup-9eb0785d7e71d7a4ffb1,s6event-591fd36cf3bc7862faec,1,SUPPORT_PULLBACK,FIRST_EVENT_PER_START,ARCHETYPE_TRIGGERED,8.41841,8.0919,STOP,-0.05116418,-1.025439,-43.072104,10.0,0.421105,0.01651
S6_EXEC_E3_COMBINED,2025-03-18,2025-03-19,2025-03-21,688070,纵横股份,s6setup-414023d3ba4d311ce03e,s6event-93390cd60687dc8b45e7,1,SUPPORT_PULLBACK,FIRST_EVENT_PER_START,ARCHETYPE_TRIGGERED,47.9479,45.72423,STOP,-0.04895874,-1.021016,-234.746877,10.0,2.3798830000000004,0.093672
S6_EXEC_E3_COMBINED,2025-03-18,2025-03-19,2025-03-20,688114,华大智造,s6setup-0cd9198cac2957d72afb,s6event-0bcac81f587051a7acbc,1,SUPPORT_PULLBACK,FIRST_EVENT_PER_START,ARCHETYPE_TRIGGERED,90.84075,85.20471,STOP,-0.06363227,-1.015365,-578.040313,10.0,4.436281,0.176045
S6_EXEC_E3_COMBINED,2025-03-19,2025-03-20,2025-03-24,300870,欧陆通,s6setup-22eb66334993fd01e02f,s6event-a48e853f7721c8a6d22d,1,SUPPORT_PULLBACK,FIRST_EVENT_PER_START,ARCHETYPE_TRIGGERED,107.54601,101.35854,STOP,-0.05895373,-1.016671,-634.023844,10.0,5.276832,0.208905
S6_EXEC_E3_COMBINED,2025-03-19,2025-03-20,2025-03-21,600114,东睦股份,s6setup-a49725eba065cb5dc455,s6event-1d01534ae2f3f63c867b,1,SUPPORT_PULLBACK,FIRST_EVENT_PER_START,ARCHETYPE_TRIGGERED,22.00198,20.44953,STOP,-0.07558862,-1.013362,-166.309931,10.0,1.064929,0.042452
S6_EXEC_E3_COMBINED,2025-03-19,2025-03-20,2025-03-21,603583,捷昌驱动,s6setup-2b680aec3ac2ae09d9cb,s6event-f516f030efa4a0da832e,1,SUPPORT_PULLBACK,FIRST_EVENT_PER_START,ARCHETYPE_TRIGGERED,46.23619,43.03692,STOP,-0.07184159,-1.013649,-332.168141,10.0,2.241119,0.089273
S6_EXEC_E3_COMBINED,2025-03-20,2025-03-21,2025-03-24,300183,东软载波,s6setup-314c58c296b156d1537c,s6event-bd3c7d516658b72871e1,1,SUPPORT_PULLBACK,FIRST_EVENT_PER_START,ARCHETYPE_TRIGGERED,21.015995,19.37061,STOP,-0.08353039,-1.011925,-175.547426,10.0,1.008918,0.040387
S6_EXEC_E3_COMBINED,2025-03-20,2025-03-21,2025-03-25,300738,奥飞数据,s6setup-d192d8a6fa45f6875f3a,s6event-2fb2bf745613ad401332,1,SUPPORT_PULLBACK,FIRST_EVENT_PER_START,ARCHETYPE_TRIGGERED,24.507483,22.62735,STOP,-0.08127795,-1.012194,-199.191798,10.0,1.1785029999999999,0.047135
S6_EXEC_E3_COMBINED,2025-03-20,2025-03-21,2025-04-07,300777,中简科技,s6setup-ea5a0a3dcfe8be19d0c6,s6event-1033cc398e52d4f5ec1f,1,SUPPORT_PULLBACK,FIRST_EVENT_PER_START,ARCHETYPE_TRIGGERED,34.7347,32.14913,STOP_GAP,-0.07779867,-1.29622,-270.231346,10.0,1.6743409999999999,0.066884
S6_EXEC_E3_COMBINED,2025-03-20,2025-03-21,2025-03-24,603887,城地香江,s6setup-1d43275aa4335d06764a,s6event-f63caa52a63f0a4cdb1f,2,SUPPORT_PULLBACK,FIRST_EVENT_PER_START,ARCHETYPE_TRIGGERED,21.03101,19.0809,STOP,-0.09795305,-1.009891,-206.005157,10.0,0.9941570000000001,0.040112
S6_EXEC_E3_COMBINED,2025-03-24,2025-03-25,2025-04-01,688266,泽璟制药,s6setup-01498b9e96072f6812f1,s6event-c86fdd9d63c68d1f08a1,4,SUPPORT_PULLBACK,FIRST_EVENT_PER_START,ARCHETYPE_TRIGGERED,88.7887,103.65624,TARGET,0.16571689,3.592321,1471.378723,10.0,5.375257,0.192445
S6_EXEC_E3_COMBINED,2025-03-25,2025-03-26,2025-03-28,300035,中科电气,s6setup-3c5e0aed12a341c184e7,s6event-968ed71f5dd296699d09,2,SUPPORT_PULLBACK,FIRST_EVENT_PER_START,ARCHETYPE_TRIGGERED,16.89688,16.09389,STOP,-0.05393699,-1.020473,-91.136685,10.0,0.837685,0.032991
S6_EXEC_E3_COMBINED,2025-03-25,2025-03-27,2025-03-31,300469,信息发展,s6setup-b1cf7e1a90a3897814cc,s6event-47054235d680449e42f1,1,SUPPORT_PULLBACK,FIRST_EVENT_PER_START,ARCHETYPE_TRIGGERED,34.68465,31.968,STOP,-0.08168745,-1.01192,-283.330061,10.0,1.6650530000000001,0.066653
S6_EXEC_E3_COMBINED,2025-03-25,2025-03-26,2025-04-03,688700,东威科技,s6setup-612c755c54dd8f6408e8,s6event-005aadb3a3fc47c27fe2,1,SUPPORT_PULLBACK,FIRST_EVENT_PER_START,ARCHETYPE_TRIGGERED,39.81978,36.42354,STOP_GAP,-0.08827809,-1.041862,-351.521412,10.0,1.89742,0.076243
S6_EXEC_E3_COMBINED,2025-03-28,2025-03-31,2025-04-01,300258,精锻科技,s6setup-067f3d614b1a9b2ca067,s6event-863b0e3fe1db61dcc232,1,SUPPORT_PULLBACK,FIRST_EVENT_PER_START,ARCHETYPE_TRIGGERED,14.4144,13.63635,STOP_GAP,-0.06140725,-1.120464,-88.514866,10.0,0.709868,0.028051
S6_EXEC_E3_COMBINED,2025-04-01,2025-04-02,2025-04-07,688521,芯原股份,s6setup-919c1bd1592da18d9049,s6event-ab1ffba7680b456636dd,1,SUPPORT_PULLBACK,FIRST_EVENT_PER_START,ARCHETYPE_TRIGGERED,97.2972,90.39951,STOP,-0.07240462,-1.013293,-704.476679,10.0,4.707673,0.187697
S6_EXEC_E3_COMBINED,2025-04-02,2025-04-03,2025-04-07,603678,火炬电子,s6setup-54b2a559c7ad59b371ae,s6event-94dcbe367b589db19041,1,SUPPORT_PULLBACK,FIRST_EVENT_PER_START,ARCHETYPE_TRIGGERED,39.70967,37.77219,STOP,-0.05180453,-1.019903,-205.714079,10.0,1.966092,0.077482
S6_EXEC_E3_COMBINED,2025-04-14,2025-04-15,2025-05-16,688178,万德斯,s6setup-2e2e62f8c57148f33f36,s6event-2a4b168067d38b89217c,1,SUPPORT_PULLBACK,FIRST_EVENT_PER_START,ARCHETYPE_TRIGGERED,18.82881,23.96601,MAX_HOLDING,0.26686705,2.93754,502.478898,10.0,1.241096,0.042795
S6_EXEC_E3_COMBINED,2025-04-21,2025-04-22,2025-05-23,688776,国光电气,s6setup-b862b5109c23c838ff8a,s6event-d8e0757f2196e5711ec5,1,SUPPORT_PULLBACK,FIRST_EVENT_PER_START,ARCHETYPE_TRIGGERED,83.083,101.898,MAX_HOLDING,0.22462118,2.426803,1866.22015,10.0,5.279881,0.184981
S6_EXEC_E3_COMBINED,2025-04-22,2025-04-23,2025-04-29,000876,新 希 望,s6setup-76e1598d90c3acec1fdc,s6event-b7a1e45588db1141bd87,1,SUPPORT_PULLBACK,FIRST_EVENT_PER_START,ARCHETYPE_TRIGGERED,10.035901,9.60039,STOP,-0.0538574,-1.022564,-54.050753,10.0,0.499656,0.019636
S6_EXEC_E3_COMBINED,2025-04-23,2025-04-24,2025-05-07,688580,伟思医疗,s6setup-641baa10d8724eb28812,s6event-7e3db1218746ad738bf6,1,SUPPORT_PULLBACK,FIRST_EVENT_PER_START,ARCHETYPE_TRIGGERED,37.795758,51.28866,TARGET,0.35364728,4.34448,1336.636701,10.0,2.6535170000000003,0.089084
S6_EXEC_E3_COMBINED,2025-05-06,2025-05-09,2025-05-21,300723,一品红,s6setup-9e030ba86f6a41585748,s6event-1d8c63a125c2fb56ce8b,1,SUPPORT_PULLBACK,FIRST_EVENT_PER_START,ARCHETYPE_TRIGGERED,36.3363,48.89106,TARGET,0.34206736,3.580629,1242.946221,10.0,2.52978,0.085227
S6_EXEC_E3_COMBINED,2025-05-08,2025-05-09,2025-05-15,688600,皖仪科技,s6setup-c7c68dc7bdbd306bc2fc,s6event-b22cb2c2ac82aa89d0e3,3,SUPPORT_PULLBACK,FIRST_EVENT_PER_START,ARCHETYPE_TRIGGERED,19.64963,18.61137,STOP,-0.05842086,-1.018271,-114.794828,10.0,0.96883,0.038261
S6_EXEC_E3_COMBINED,2025-05-09,2025-05-12,2025-05-30,001212,中旗新材,s6setup-3d692b717827051456f1,s6event-e76a168f29eb30f66638,1,SUPPORT_PULLBACK,FIRST_EVENT_PER_START,ARCHETYPE_TRIGGERED,40.69065,54.58536,TARGET,0.33832009,3.571308,1376.646437,10.0,2.824544,0.095276
S6_EXEC_E3_COMBINED,2025-05-19,2025-05-20,2025-06-18,688093,世华科技,s6setup-41bcdfb7e197b5fb367a,s6event-8143b4f86201cfed3a12,1,SUPPORT_PULLBACK,FIRST_EVENT_PER_START,ARCHETYPE_TRIGGERED,25.40538,27.2727,MAX_HOLDING,0.06900731,1.895025,175.315693,10.0,1.416313,0.052678
S6_EXEC_E3_COMBINED,2025-05-21,2025-05-22,2025-05-28,688233,神工股份,s6setup-361ea9d5d896aa6aeacd,s6event-be24be02518f6ac87cfb,1,SUPPORT_PULLBACK,FIRST_EVENT_PER_START,ARCHETYPE_TRIGGERED,27.57755,26.1738,STOP,-0.05502209,-1.019019,-151.737444,10.0,1.362441,0.053751
S6_EXEC_E3_COMBINED,2025-05-21,2025-05-22,2025-06-16,688722,同益中,s6setup-cdbc5becdb2b0aec2a55,s6event-b4959af07ee7840f1ff9,1,SUPPORT_PULLBACK,FIRST_EVENT_PER_START,ARCHETYPE_TRIGGERED,21.875083,20.4795,STOP,-0.06885671,-1.014908,-150.624625,10.0,1.06633,0.042355
S6_EXEC_E3_COMBINED,2025-05-22,2025-05-23,2025-06-13,688313,仕佳光子,s6setup-14605b552daa7ebd2184,s6event-81cc07d0c21e0406a60b,2,SUPPORT_PULLBACK,FIRST_EVENT_PER_START,ARCHETYPE_TRIGGERED,28.71869,36.38358,TARGET,0.26275736,3.600754,754.604717,10.0,1.884281,0.065102
S6_EXEC_E3_COMBINED,2025-05-26,2025-05-27,2025-06-05,603809,豪能股份,s6setup-415457793a9556486569,s6event-ad4f04c4a5f692f84c04,1,SUPPORT_PULLBACK,FIRST_EVENT_PER_START,ARCHETYPE_TRIGGERED,15.09508,13.99599,STOP,-0.07991868,-1.012911,-120.637887,10.0,0.728891,0.029091
S6_EXEC_E3_COMBINED,2025-05-26,2025-05-27,2025-06-17,688128,中国电研,s6setup-7b3723d2f89fd4ca149b,s6event-8a9046abbc5ad577d2d8,3,SUPPORT_PULLBACK,FIRST_EVENT_PER_START,ARCHETYPE_TRIGGERED,23.6236,22.73724,STOP,-0.04225403,-1.026355,-99.81923,10.0,1.1832230000000001,0.046361
S6_EXEC_E3_COMBINED,2025-05-28,2025-05-29,2025-05-30,600592,龙溪股份,s6setup-24cc6f1502a0a5d823a2,s6event-a8d00225c1c86a807af3,1,SUPPORT_PULLBACK,FIRST_EVENT_PER_START,ARCHETYPE_TRIGGERED,25.95593,23.6763,STOP,-0.09215484,-1.010506,-239.196458,10.0,1.233447,0.049632
S6_EXEC_E3_COMBINED,2025-05-28,2025-05-30,2025-06-10,688667,菱电电控,s6setup-038a552984e465159848,s6event-98f14216223ec88c0e07,2,SUPPORT_PULLBACK,FIRST_EVENT_PER_START,ARCHETYPE_TRIGGERED,55.02497,52.49745,STOP,-0.04824799,-1.021233,-265.48442,10.0,2.7323939999999998,0.107522
S6_EXEC_E3_COMBINED,2025-05-29,2025-05-30,2025-06-30,688297,中无人机,s6setup-e5b01dcbb14d34ef0d8f,s6event-4f2adf798b69c835702b,1,SUPPORT_PULLBACK,FIRST_EVENT_PER_START,ARCHETYPE_TRIGGERED,44.8448,53.1468,MAX_HOLDING,0.18228304,3.058052,817.444647,10.0,2.755332,0.097992
S6_EXEC_E3_COMBINED,2025-05-30,2025-06-03,2025-07-01,300047,天源迪科,s6setup-205764369053b53f46ce,s6event-f74c7d728c4b82ec9ffa,1,SUPPORT_PULLBACK,FIRST_EVENT_PER_START,ARCHETYPE_TRIGGERED,14.70469,16.108875,MAX_HOLDING,0.08812307,1.587206,129.582243,10.0,0.8362580000000001,0.030814
S6_EXEC_E3_COMBINED,2025-06-05,2025-06-06,2025-06-20,000722,湖南发展,s6setup-73ae5bb71010ee426865,s6event-f3f37f0b690d81e8dc23,1,SUPPORT_PULLBACK,FIRST_EVENT_PER_START,ARCHETYPE_TRIGGERED,12.9129,12.00798,STOP,-0.07830721,-1.013462,-101.117317,10.0,0.62532,0.024921
S6_EXEC_E3_COMBINED,2025-06-05,2025-06-06,2025-07-03,688171,纬德信息,s6setup-bb31e32885ee84db11ea,s6event-0e0886aaac3414ea8c51,1,SUPPORT_PULLBACK,FIRST_EVENT_PER_START,ARCHETYPE_TRIGGERED,22.967945,20.7792,STOP,-0.10012093,-1.009594,-229.957201,10.0,1.082707,0.043747
S6_EXEC_E3_COMBINED,2025-06-09,2025-06-10,2025-06-11,000859,国风新材,s6setup-1f3480720eb9c5570b71,s6event-e6993905123ac6975ad8,1,SUPPORT_PULLBACK,FIRST_EVENT_PER_START,ARCHETYPE_TRIGGERED,7.57757,6.993,STOP,-0.09082228,-1.01212,-68.821218,10.0,0.364221,0.014571
S6_EXEC_E3_COMBINED,2025-06-10,2025-06-11,2025-06-20,002584,西陇科学,s6setup-0e3885c48e6091598fec,s6event-d0fa077c1ad3bb48280c,1,SUPPORT_PULLBACK,FIRST_EVENT_PER_START,ARCHETYPE_TRIGGERED,10.19018,9.35064,STOP_GAP,-0.09267851,-1.023605,-94.44107,10.0,0.487073,0.019541
S6_EXEC_E3_COMBINED,2025-06-10,2025-06-11,2025-06-19,600550,保变电气,s6setup-b495a3465d15fcca0340,s6event-2d4bc44ee9a95abc5c17,1,SUPPORT_PULLBACK,FIRST_EVENT_PER_START,ARCHETYPE_TRIGGERED,8.82882,8.31168,STOP,-0.07039075,-1.016352,-62.146726,10.0,0.432725,0.017141
S6_EXEC_E3_COMBINED,2025-06-12,2025-06-13,2025-07-11,688211,中科微至,s6setup-5fd917843eae226689bc,s6event-59eab26b95631a084b23,1,SUPPORT_PULLBACK,FIRST_EVENT_PER_START,ARCHETYPE_TRIGGERED,31.66163,31.84812,MAX_HOLDING,0.00220869,0.10409,6.993073,10.0,1.655916,0.06351
S6_EXEC_E3_COMBINED,2025-06-13,2025-06-17,2025-06-19,002174,游族网络,s6setup-efb966241fd1357193be,s6event-8a181e0d662c24f48f89,1,SUPPORT_PULLBACK,FIRST_EVENT_PER_START,ARCHETYPE_TRIGGERED,13.07306,12.26772,STOP,-0.06974092,-1.015484,-91.172723,10.0,0.6387269999999999,0.025341
S6_EXEC_E3_COMBINED,2025-06-17,2025-06-18,2025-07-16,688206,概伦电子,s6setup-1a641d1ac9caf0d71300,s6event-3f193de36fb83ed5319c,1,SUPPORT_PULLBACK,FIRST_EVENT_PER_START,ARCHETYPE_TRIGGERED,25.96594,28.66131,MAX_HOLDING,0.09937992,1.766367,258.049304,10.0,1.487692,0.054627
S6_EXEC_E3_COMBINED,2025-06-19,2025-06-20,2025-07-18,688103,国力电子,s6setup-172a1bad3022718fff73,s6event-f07a69854e7da3b7c485,1,SUPPORT_PULLBACK,FIRST_EVENT_PER_START,ARCHETYPE_TRIGGERED,56.71619,59.68026,MAX_HOLDING,0.04995163,1.427649,283.306614,10.0,3.100409,0.116396
S6_EXEC_E3_COMBINED,2025-06-23,2025-06-24,2025-07-01,688196,卓越新能,s6setup-a789564ce640373e5994,s6event-7dbd9646a79a20d856b6,1,SUPPORT_PULLBACK,FIRST_EVENT_PER_START,ARCHETYPE_TRIGGERED,43.30326,48.16179,TARGET,0.10931127,2.607543,473.353435,10.0,2.499554,0.091465
S6_EXEC_E3_COMBINED,2025-06-24,2025-06-25,2025-06-27,688266,泽璟制药,s6setup-2c0916c727d49ac27651,s6event-78e431e5c22c69380bbf,1,SUPPORT_PULLBACK,FIRST_EVENT_PER_START,ARCHETYPE_TRIGGERED,114.25414,107.90199,STOP,-0.05696356,-1.017298,-650.832256,10.0,5.617256,0.222156
S6_EXEC_E3_COMBINED,2025-06-26,2025-06-27,2025-07-02,300204,舒泰神,s6setup-9c182d59a5d74d9b9c2f,s6event-50170b2c740db12762ce,2,SUPPORT_PULLBACK,FIRST_EVENT_PER_START,ARCHETYPE_TRIGGERED,33.89386,46.61334,TARGET,0.37161209,3.921094,1259.536815,10.0,2.411174,0.080507
S6_EXEC_E3_COMBINED,2025-06-26,2025-06-27,2025-06-30,688235,百济神州,s6setup-9c2a00b496c3276ebfcc,s6event-81f4dd46a9067af1c464,1,SUPPORT_PULLBACK,FIRST_EVENT_PER_START,ARCHETYPE_TRIGGERED,248.45821,234.2655,STOP_GAP,-0.05819686,-1.153109,-1445.948766,14.481711,12.195998999999999,0.482724
S6_EXEC_E3_COMBINED,2025-06-27,2025-06-30,2025-07-28,300199,翰宇药业,s6setup-98b6d5982ad98654f26b,s6event-3f23edb2c6d7a624a952,1,SUPPORT_PULLBACK,FIRST_EVENT_PER_START,ARCHETYPE_TRIGGERED,16.29628,19.10088,MAX_HOLDING,0.16535649,2.425537,269.469566,10.0,0.990441,0.035397
S6_EXEC_E3_COMBINED,2025-07-01,2025-07-02,2025-07-08,000766,通化金马,s6setup-59623e563d0da8f46a90,s6event-72aca919e1aa6d764148,1,SUPPORT_PULLBACK,FIRST_EVENT_PER_START,ARCHETYPE_TRIGGERED,25.29527,24.08589,STOP,-0.05225944,-1.020341,-132.191664,10.0,1.2536759999999998,0.049381
S6_EXEC_E3_COMBINED,2025-07-01,2025-07-02,2025-07-29,002317,众生药业,s6setup-7cf3aadef71694a02d4f,s6event-c6d1676ad100adb667e6,1,SUPPORT_PULLBACK,FIRST_EVENT_PER_START,ARCHETYPE_TRIGGERED,15.20519,18.76122,TARGET,0.22665351,4.36221,344.630968,10.0,0.9720270000000001,0.033966
S6_EXEC_E3_COMBINED,2025-07-04,2025-07-07,2025-07-24,688619,罗普特,s6setup-735ca3a91750dc4692c1,s6event-16d8a27bf87c3b2f3439,2,SUPPORT_PULLBACK,FIRST_EVENT_PER_START,ARCHETYPE_TRIGGERED,12.46245,15.74424,TARGET,0.25465585,3.636534,317.36358,10.0,0.815419,0.028207
S6_EXEC_E3_COMBINED,2025-07-07,2025-07-08,2025-08-05,300457,赢合科技,s6setup-299bd8ef7828db0ae0df,s6event-62ff4ac623c1dc7c5acf,1,SUPPORT_PULLBACK,FIRST_EVENT_PER_START,ARCHETYPE_TRIGGERED,21.013993,20.71926,MAX_HOLDING,-0.01929714,-0.202706,-40.550996,10.0,1.077696,0.041733
S6_EXEC_E3_COMBINED,2025-07-08,2025-07-09,2025-08-06,300698,万马科技,s6setup-6668ff7ac7cef8a955df,s6event-a71f65c08cee7a6bda73,1,SUPPORT_PULLBACK,FIRST_EVENT_PER_START,ARCHETYPE_TRIGGERED,44.45441,46.78317,MAX_HOLDING,0.04958914,0.618625,220.445596,10.0,2.430396,0.091238
S6_EXEC_E3_COMBINED,2025-07-09,2025-07-10,2025-07-22,300386,飞天诚信,s6setup-3cbfa8d687c8a76f1b76,s6event-2ad59a4408dd4d111fa3,3,SUPPORT_PULLBACK,FIRST_EVENT_PER_START,ARCHETYPE_TRIGGERED,21.30128,19.84014,STOP,-0.07377357,-1.013779,-157.147147,10.0,1.033148,0.041141
S6_EXEC_E3_COMBINED,2025-07-09,2025-07-10,2025-07-22,300450,先导智能,s6setup-adf6c601c300982c2d25,s6event-128058d1e8e3b78bb4be,1,SUPPORT_PULLBACK,FIRST_EVENT_PER_START,ARCHETYPE_TRIGGERED,24.00398,26.48349,TARGET,0.09855713,2.494527,236.576338,10.0,1.374662,0.050487
S6_EXEC_E3_COMBINED,2025-07-09,2025-07-10,2025-07-23,300468,四方精创,s6setup-b5f3c1335eb3444dbfc4,s6event-f72697d700140cde9b68,3,SUPPORT_PULLBACK,FIRST_EVENT_PER_START,ARCHETYPE_TRIGGERED,44.58454,39.5604,STOP,-0.1153934,-1.007945,-514.476166,10.0,2.062165,0.084145
S6_EXEC_E3_COMBINED,2025-07-09,2025-07-10,2025-07-23,300773,拉卡拉,s6setup-0015f29d48d62fab711c,s6event-a0939b05f71f63c38944,1,SUPPORT_PULLBACK,FIRST_EVENT_PER_START,ARCHETYPE_TRIGGERED,21.021,18.96102,STOP,-0.10322346,-1.009299,-216.986035,10.0,0.9880329999999999,0.039982
S6_EXEC_E3_COMBINED,2025-07-09,2025-07-10,2025-08-06,600178,东安动力,s6setup-d813adf2283cf382647f,s6event-1e30afb2041868f1169b,1,SUPPORT_PULLBACK,FIRST_EVENT_PER_START,ARCHETYPE_TRIGGERED,13.84383,15.61437,TARGET,0.12008514,1.895998,166.243826,10.0,0.810176,0.029458
S6_EXEC_E3_COMBINED,2025-07-09,2025-07-10,2025-08-07,688183,生益电子,s6setup-3a152a7ec1bfaca2be54,s6event-8ed52ccf243480c1d1ad,3,SUPPORT_PULLBACK,FIRST_EVENT_PER_START,ARCHETYPE_TRIGGERED,46.72668,48.30165,MAX_HOLDING,0.03102872,0.485102,144.986907,10.0,2.510111,0.095028
S6_EXEC_E3_COMBINED,2025-07-10,2025-07-14,2025-08-01,688143,长盈通,s6setup-b2682305a9609112432f,s6event-4653b1381fb97081fef4,1,SUPPORT_PULLBACK,FIRST_EVENT_PER_START,ARCHETYPE_TRIGGERED,36.62659,44.2557,TARGET,0.20493782,3.53758,750.617351,10.0,2.2936669999999997,0.080882
S6_EXEC_E3_COMBINED,2025-07-11,2025-07-14,2025-08-04,002074,国轩高科,s6setup-2ca32ff829370255b97d,s6event-2711cecdf5b6fd71a334,1,SUPPORT_PULLBACK,FIRST_EVENT_PER_START,ARCHETYPE_TRIGGERED,30.11008,28.41156,STOP_GAP,-0.06022272,-1.132286,-181.331092,10.0,1.4790999999999999,0.058522
S6_EXEC_E3_COMBINED,2025-07-11,2025-07-14,2025-07-18,688499,利元亨,s6setup-74f372bf66beabfdd5b9,s6event-d08b48a8db4762647209,1,SUPPORT_PULLBACK,FIRST_EVENT_PER_START,ARCHETYPE_TRIGGERED,39.31928,49.74021,TARGET,0.26183514,3.846384,1029.516918,10.0,2.5760690000000004,0.089059
S6_EXEC_E3_COMBINED,2025-07-14,2025-07-15,2025-08-12,000519,中兵红箭,s6setup-d125da2ab6d89687d74c,s6event-a30c251bfbf3c7984ce2,1,SUPPORT_PULLBACK,FIRST_EVENT_PER_START,ARCHETYPE_TRIGGERED,20.335315,22.092885,MAX_HOLDING,0.08094781,1.434382,164.609921,10.0,1.1470719999999999,0.042428
S6_EXEC_E3_COMBINED,2025-07-14,2025-07-15,2025-08-04,002125,湘潭电化,s6setup-7e75682ebabd402c55ab,s6event-d85d8e16766a8c71b940,1,SUPPORT_PULLBACK,FIRST_EVENT_PER_START,ARCHETYPE_TRIGGERED,13.498485,12.872115,STOP_GAP,-0.05430756,-1.029393,-73.306978,10.0,0.669977,0.026371
S6_EXEC_E3_COMBINED,2025-07-15,2025-07-16,2025-08-13,301205,联特科技,s6setup-60999f27e1235d996029,s6event-c10c7779e5916b4351cb,1,SUPPORT_PULLBACK,FIRST_EVENT_PER_START,ARCHETYPE_TRIGGERED,92.27218,102.42747,MAX_HOLDING,0.1083981,1.437982,1000.212899,10.0,5.316073,0.1947
S6_EXEC_E3_COMBINED,2025-07-16,2025-07-17,2025-08-14,002210,飞马国际,s6setup-3c527aa803492bc46e6e,s6event-e410d8f8b5f89a6d373b,1,SUPPORT_PULLBACK,FIRST_EVENT_PER_START,ARCHETYPE_TRIGGERED,2.88288,3.0969,MAX_HOLDING,0.03899286,1.313973,11.241174,10.0,0.16082500000000002,0.00598
S6_EXEC_E3_COMBINED,2025-07-17,2025-07-18,2025-08-13,002549,凯美特气,s6setup-94d323a8e87e2f5f2975,s6event-d9b3a990b47ce67c83d9,1,SUPPORT_PULLBACK,FIRST_EVENT_PER_START,ARCHETYPE_TRIGGERED,11.22121,13.97601,TARGET,0.23594247,4.043981,264.756,10.0,0.723998,0.025197
S6_EXEC_E3_COMBINED,2025-07-17,2025-07-18,2025-08-11,688398,赛特新材,s6setup-a2064b7c632da1883039,s6event-c2213d10b4756aa3d6e1,1,SUPPORT_PULLBACK,FIRST_EVENT_PER_START,ARCHETYPE_TRIGGERED,18.75874,22.68729,TARGET,0.20346739,3.543256,381.679187,10.0,1.17581,0.041446
S6_EXEC_E3_COMBINED,2025-07-18,2025-07-21,2025-08-18,601162,天风证券,s6setup-d38b0f68ca0e92fc6098,s6event-389025e68a2cbc69b49b,1,SUPPORT_PULLBACK,FIRST_EVENT_PER_START,ARCHETYPE_TRIGGERED,4.81481,5.60439,TARGET,0.14261697,4.272388,68.667361,10.0,0.29063900000000004,0.010419
S6_EXEC_E3_COMBINED,2025-07-24,2025-07-25,2025-08-15,002048,宁波华翔,s6setup-f5421e73dd4081027fbf,s6event-d70a9fc3cedc1e3e8eef,1,SUPPORT_PULLBACK,FIRST_EVENT_PER_START,ARCHETYPE_TRIGGERED,19.04903,22.21776,TARGET,0.16049156,3.52461,305.720854,10.0,1.152155,0.041267
S6_EXEC_E3_COMBINED,2025-07-24,2025-07-25,2025-08-04,002342,巨力索具,s6setup-9d1b0130a0ec33cd3b7d,s6event-49f7c9475ea3f6375d4f,1,SUPPORT_PULLBACK,FIRST_EVENT_PER_START,ARCHETYPE_TRIGGERED,7.351344,6.797196,STOP_GAP,-0.08946501,-1.105325,-65.768806,10.0,0.354009,0.014149
S6_EXEC_E3_COMBINED,2025-07-29,2025-07-30,2025-08-27,000989,九芝堂,s6setup-d71494a0ad33658203ce,s6event-84d67e3c1adf35c7bd96,1,SUPPORT_PULLBACK,FIRST_EVENT_PER_START,ARCHETYPE_TRIGGERED,11.33132,11.17881,MAX_HOLDING,-0.02279739,-0.163757,-25.832452,10.0,0.581451,0.02251
S6_EXEC_E3_COMBINED,2025-07-29,2025-07-30,2025-07-31,600267,海正药业,s6setup-26c625d3baf9fe440cdf,s6event-e0d2fe85c518860ae7da,1,SUPPORT_PULLBACK,FIRST_EVENT_PER_START,ARCHETYPE_TRIGGERED,11.58157,11.23875,STOP,-0.03873979,-1.033929,-44.866759,10.0,0.584757,0.02282
S6_EXEC_E3_COMBINED,2025-07-30,2025-07-31,2025-08-26,002716,湖南白银,s6setup-eec3a4d42e6b845df250,s6event-535b29e42222598c7e82,1,SUPPORT_PULLBACK,FIRST_EVENT_PER_START,ARCHETYPE_TRIGGERED,4.51451,5.42457,TARGET,0.17881195,5.531943,80.724834,10.0,0.281167,0.009939
S6_EXEC_E3_COMBINED,2025-07-30,2025-08-01,2025-08-12,688428,诺诚健华,s6setup-d952d452209891ee0557,s6event-266bc72de3069a809d84,1,SUPPORT_PULLBACK,FIRST_EVENT_PER_START,ARCHETYPE_TRIGGERED,29.63961,27.84213,STOP,-0.06450746,-1.015749,-191.197596,10.0,1.449589,0.057482
S6_EXEC_E3_COMBINED,2025-07-31,2025-08-01,2025-08-18,601519,大智慧,s6setup-a60ecf27e93ba5fe66e2,s6event-1abdaa3956b6321bb6fe,1,SUPPORT_PULLBACK,FIRST_EVENT_PER_START,ARCHETYPE_TRIGGERED,13.18317,16.54344,TARGET,0.24665547,3.804783,325.170099,10.0,0.856899,0.029727
S6_EXEC_E3_COMBINED,2025-08-04,2025-08-07,2025-08-08,002550,千红制药,s6setup-1d8cce98bcfe1a142389,s6event-9f09b6054cf81a6d5556,1,SUPPORT_PULLBACK,FIRST_EVENT_PER_START,ARCHETYPE_TRIGGERED,11.00099,10.13985,STOP_GAP,-0.08784858,-1.048904,-96.642135,10.0,0.528133,0.021141
S6_EXEC_E3_COMBINED,2025-08-04,2025-08-05,2025-08-08,688117,圣诺生物,s6setup-43d0b6c04e4fe7863f8f,s6event-431bbfdc7058cfbe558c,3,SUPPORT_PULLBACK,FIRST_EVENT_PER_START,ARCHETYPE_TRIGGERED,28.18816,26.20377,STOP,-0.07442968,-1.013395,-209.803573,10.0,1.36458,0.054392
S6_EXEC_E3_COMBINED,2025-08-05,2025-08-06,2025-09-02,601868,中国能建,s6setup-dd77d6e41b8afc91a237,s6event-e5e613fe70f98c8167c9,1,SUPPORT_PULLBACK,FIRST_EVENT_PER_START,ARCHETYPE_TRIGGERED,2.546344,2.40759,STOP,-0.09425566,-1.017676,-24.000733,10.0,0.125333,0.004954
S6_EXEC_E3_COMBINED,2025-08-06,2025-08-07,2025-09-04,002266,浙富控股,s6setup-4cab1a9a8619d98012cf,s6event-0a81e898b2afc39b1025,1,SUPPORT_PULLBACK,FIRST_EVENT_PER_START,ARCHETYPE_TRIGGERED,3.57357,3.95604,MAX_HOLDING,0.07846962,1.637496,28.041668,10.0,0.20533200000000001,0.00753
S6_EXEC_E3_COMBINED,2025-08-06,2025-08-07,2025-08-28,688202,美迪西,s6setup-4a027ef3cdd811824e39,s6event-18c409df76a3c383cdba,2,SUPPORT_PULLBACK,FIRST_EVENT_PER_START,ARCHETYPE_TRIGGERED,60.38032,56.48346,STOP,-0.06668183,-1.014723,-402.627023,10.0,2.941037,0.116864
S6_EXEC_E3_COMBINED,2025-08-06,2025-08-07,2025-09-04,688321,微芯生物,s6setup-5377fd2a99f58cc9c3ef,s6event-2d33d6772dc70c364cf3,1,SUPPORT_PULLBACK,FIRST_EVENT_PER_START,ARCHETYPE_TRIGGERED,36.368332,34.897068,MAX_HOLDING,-0.04370355,-0.634622,-158.942522,10.0,1.816118,0.071265
S6_EXEC_E3_COMBINED,2025-08-06,2025-08-07,2025-08-21,688718,唯赛勃,s6setup-587e5aa084c9ac94571a,s6event-6d8b18b218b332c25fd3,1,SUPPORT_PULLBACK,FIRST_EVENT_PER_START,ARCHETYPE_TRIGGERED,14.688674,15.89409,TARGET,0.0746945,1.528408,109.716316,10.0,0.825288,0.030583
S6_EXEC_E3_COMBINED,2025-08-07,2025-08-08,2025-08-28,600528,中铁工业,s6setup-683dc450a5cedcef3079,s6event-5264ed1157ecc9daef65,1,SUPPORT_PULLBACK,FIRST_EVENT_PER_START,ARCHETYPE_TRIGGERED,8.855246,8.46153,STOP,-0.05625139,-1.021986,-49.81199,10.0,0.44039399999999995,0.017317
S6_EXEC_E3_COMBINED,2025-08-07,2025-08-08,2025-09-05,600801,华新建材,s6setup-19ce1de975b65f1252f1,s6event-3e777513d560e9f3cd36,1,SUPPORT_PULLBACK,FIRST_EVENT_PER_START,ARCHETYPE_TRIGGERED,14.84483,15.32466,MAX_HOLDING,0.0250502,0.454888,37.186596,10.0,0.796402,0.030169
S6_EXEC_E3_COMBINED,2025-08-08,2025-08-11,2025-08-25,002736,国信证券,s6setup-80f9b3481d3dc454be12,s6event-2f2fd917ac75b035d4d0,1,SUPPORT_PULLBACK,FIRST_EVENT_PER_START,ARCHETYPE_TRIGGERED,13.05304,15.12486,TARGET,0.15046118,6.618387,196.39758,10.0,0.784421,0.028178
S6_EXEC_E3_COMBINED,2025-08-11,2025-08-12,2025-08-29,600418,江淮汽车,s6setup-1bc395233ee8e4509cec,s6event-b28e92dece14c478a2d4,1,SUPPORT_PULLBACK,FIRST_EVENT_PER_START,ARCHETYPE_TRIGGERED,47.15711,55.32462,TARGET,0.17046895,5.644015,803.882303,10.0,2.868713,0.102482
S6_EXEC_E3_COMBINED,2025-08-11,2025-08-12,2025-09-09,601208,东材科技,s6setup-36f0f2909d391d6e38bc,s6event-0ff0211087397253edce,3,SUPPORT_PULLBACK,FIRST_EVENT_PER_START,ARCHETYPE_TRIGGERED,16.30629,16.55343,MAX_HOLDING,0.00849578,0.196722,13.853465,10.0,0.860532,0.03286
S6_EXEC_E3_COMBINED,2025-08-13,2025-08-15,2025-09-12,300149,睿智医药,s6setup-14e2fd006350f69eb194,s6event-7a5c06acc7ae83524ac1,1,SUPPORT_PULLBACK,FIRST_EVENT_PER_START,ARCHETYPE_TRIGGERED,12.74273,13.3866,MAX_HOLDING,0.04213504,0.594673,53.691544,10.0,0.6954589999999999,0.026129
S6_EXEC_E3_COMBINED,2025-08-13,2025-08-14,2025-09-11,600010,包钢股份,s6setup-4fe377f3079b4d40efa0,s6event-8b421cb76667f0297c32,1,SUPPORT_PULLBACK,FIRST_EVENT_PER_START,ARCHETYPE_TRIGGERED,2.51251,2.47752,MAX_HOLDING,-0.05424005,-0.21531,-13.627867,10.0,0.128866,0.00499
S6_EXEC_E3_COMBINED,2025-08-13,2025-08-14,2025-08-27,688278,特宝生物,s6setup-a8fa994084285c828d33,s6event-66cb89222d81c95e6822,1,SUPPORT_PULLBACK,FIRST_EVENT_PER_START,ARCHETYPE_TRIGGERED,86.56648,82.80711,STOP,-0.04508058,-1.022546,-390.246713,10.0,4.309729,0.169374
S6_EXEC_E3_COMBINED,2025-08-14,2025-08-15,2025-08-19,600111,北方稀土,s6setup-d0cb7bb1e73364345296,s6event-ea0f24b8592c760e22a8,1,SUPPORT_PULLBACK,FIRST_EVENT_PER_START,ARCHETYPE_TRIGGERED,37.90787,44.64531,TARGET,0.17448334,4.039547,661.429177,10.0,2.314819,0.082553
S6_EXEC_E3_COMBINED,2025-08-18,2025-08-19,2025-09-03,002570,贝因美,s6setup-fb7486452e9473d13c9e,s6event-db492a164356e4f7b4e8,1,SUPPORT_PULLBACK,FIRST_EVENT_PER_START,ARCHETYPE_TRIGGERED,7.19719,6.70329,STOP,-0.08300332,-1.013773,-59.739066,10.0,0.34906400000000004,0.0139
S6_EXEC_E3_COMBINED,2025-08-18,2025-08-20,2025-09-04,300624,万兴科技,s6setup-c22cd4b2e561cbf60d9f,s6event-ef8004a51296479ad73a,1,SUPPORT_PULLBACK,FIRST_EVENT_PER_START,ARCHETYPE_TRIGGERED,79.26919,73.18674,STOP,-0.07847397,-1.012191,-622.056804,10.0,3.8117929999999998,0.152456
S6_EXEC_E3_COMBINED,2025-08-18,2025-08-19,2025-09-02,603200,上海洗霸,s6setup-b77ecfed67879a74832d,s6event-eeda90a04e234511721d,1,SUPPORT_PULLBACK,FIRST_EVENT_PER_START,ARCHETYPE_TRIGGERED,67.35729,83.33658,TARGET,0.23510617,3.553093,1583.611447,10.0,4.3175229999999996,0.150694
S6_EXEC_E3_COMBINED,2025-08-20,2025-08-21,2025-08-27,300581,晨曦航空,s6setup-8764343d809f6e381476,s6event-fb3091d5224996bdec90,1,SUPPORT_PULLBACK,FIRST_EVENT_PER_START,ARCHETYPE_TRIGGERED,22.8228,21.08889,STOP,-0.08083555,-1.012325,-184.489359,10.0,1.098357,0.043912
S6_EXEC_E3_COMBINED,2025-08-21,2025-08-22,2025-08-27,300644,南京聚隆,s6setup-0ad2951473f2b0d260d8,s6event-091ce95963480c6ded9c,1,SUPPORT_PULLBACK,FIRST_EVENT_PER_START,ARCHETYPE_TRIGGERED,37.79776,35.22474,STOP,-0.07120429,-1.013894,-269.136266,10.0,1.83426,0.073022
S6_EXEC_E3_COMBINED,2025-08-21,2025-08-22,2025-09-03,688507,索辰科技,s6setup-987937c145bed8deb782,s6event-9126af4323913d1af5a3,1,SUPPORT_PULLBACK,FIRST_EVENT_PER_START,ARCHETYPE_TRIGGERED,102.219117,94.82508,STOP,-0.07379657,-1.013004,-754.342022,10.0,4.938298,0.197044
S6_EXEC_E3_COMBINED,2025-08-22,2025-08-27,2025-09-05,300009,安科生物,s6setup-b0925db5e4e62724fea7,s6event-52beecec9f0b3dac324b,2,SUPPORT_PULLBACK,FIRST_EVENT_PER_START,ARCHETYPE_TRIGGERED,11.20119,10.55943,STOP,-0.06671232,-1.016746,-74.725737,10.0,0.549733,0.021761
S6_EXEC_E3_COMBINED,2025-08-22,2025-08-25,2025-08-28,300600,国瑞科技,s6setup-505fdc69398e03985840,s6event-40132ab68596f6811617,1,SUPPORT_PULLBACK,FIRST_EVENT_PER_START,ARCHETYPE_TRIGGERED,19.9199,18.47151,STOP_GAP,-0.07821373,-1.012931,-155.800968,10.0,0.961966,0.038391
S6_EXEC_E3_COMBINED,2025-08-22,2025-08-27,2025-08-28,600184,光电股份,s6setup-a7c11205c842d67862c0,s6event-a4d996cc11c09c7054f0,1,SUPPORT_PULLBACK,FIRST_EVENT_PER_START,ARCHETYPE_TRIGGERED,21.68166,20.09988,STOP,-0.07804973,-1.012884,-169.224771,10.0,1.046776,0.041782
S6_EXEC_E3_COMBINED,2025-08-22,2025-08-26,2025-09-08,600629,华建集团,s6setup-9b4aa7e551d0adac65f9,s6event-97ecd243fe547a9d9cd4,1,SUPPORT_PULLBACK,FIRST_EVENT_PER_START,ARCHETYPE_TRIGGERED,11.55154,10.4895,STOP,-0.10106922,-1.009985,-116.750514,10.0,0.546516,0.022041
S6_EXEC_E3_COMBINED,2025-08-25,2025-08-28,2025-09-04,002317,众生药业,s6setup-dd1f38847239157305df,s6event-b4f942168b86b94eb5c8,1,SUPPORT_PULLBACK,FIRST_EVENT_PER_START,ARCHETYPE_TRIGGERED,20.79077,19.39059,STOP,-0.07264171,-1.014057,-151.027709,10.0,1.009711,0.040181
S6_EXEC_E3_COMBINED,2025-08-25,2025-08-26,2025-09-02,300706,阿石创,s6setup-4a4c09b4357671ae65c4,s6event-0b013e21404f8c93e0e6,1,SUPPORT_PULLBACK,FIRST_EVENT_PER_START,ARCHETYPE_TRIGGERED,45.12508,40.54941,STOP,-0.10408406,-1.00895,-469.680153,10.0,2.113145,0.085674
S6_EXEC_E3_COMBINED,2025-08-25,2025-08-26,2025-08-27,300841,康华生物,s6setup-85b7e487b3678d3e645e,s6event-b283dfe7643863c1dd85,1,SUPPORT_PULLBACK,FIRST_EVENT_PER_START,ARCHETYPE_TRIGGERED,84.5845,79.26066,STOP,-0.06461123,-1.015128,-546.510858,10.0,4.126878,0.163845
S6_EXEC_E3_COMBINED,2025-08-25,2025-08-26,2025-08-27,300885,海昌新材,s6setup-91a7df50d36c56618b19,s6event-0948a8c7f4b8db7c8755,1,SUPPORT_PULLBACK,FIRST_EVENT_PER_START,ARCHETYPE_TRIGGERED,27.65763,24.894481,STOP_GAP,-0.10399017,-1.084596,-287.612165,10.0,1.2972759999999999,0.052552
S6_EXEC_E3_COMBINED,2025-08-25,2025-08-26,2025-09-23,688551,科威尔,s6setup-bddb947dce9126d52aeb,s6event-1e0e612f44e96e448220,1,SUPPORT_PULLBACK,FIRST_EVENT_PER_START,ARCHETYPE_TRIGGERED,31.16113,30.615508,MAX_HOLDING,-0.0212299,-0.182413,-66.154767,10.0,1.592552,0.061777
S6_EXEC_E3_COMBINED,2025-08-26,2025-08-27,2025-08-28,300875,捷强装备,s6setup-97303033618698e750c3,s6event-812b4cf02f8147d33f48,2,SUPPORT_PULLBACK,FIRST_EVENT_PER_START,ARCHETYPE_TRIGGERED,57.057,51.5484,STOP,-0.09876895,-1.009456,-563.545998,10.0,2.686025,0.108605
S6_EXEC_E3_COMBINED,2025-08-26,2025-08-28,2025-09-04,301357,北方长龙,s6setup-ef0e9918778ead33c400,s6event-6d4e898543eb6a0e45db,1,SUPPORT_PULLBACK,FIRST_EVENT_PER_START,ARCHETYPE_TRIGGERED,150.67052,127.61226,STOP,-0.15414329,-1.005571,-2322.484966,10.0,6.658896,0.278283
S6_EXEC_E3_COMBINED,2025-08-26,2025-08-28,2025-09-25,688258,卓易信息,s6setup-27ba67f0c9d04314e9b1,s6event-56ba5723852c1d06a740,1,SUPPORT_PULLBACK,FIRST_EVENT_PER_START,ARCHETYPE_TRIGGERED,67.64758,73.70622,MAX_HOLDING,0.08751789,0.95448,592.037347,10.0,3.826665,0.141354
S6_EXEC_E3_COMBINED,2025-08-26,2025-08-27,2025-09-04,688580,伟思医疗,s6setup-b85e5d261c56c40edb68,s6event-8aedeb2ce254bf45dce6,1,SUPPORT_PULLBACK,FIRST_EVENT_PER_START,ARCHETYPE_TRIGGERED,53.06301,49.4505,STOP,-0.07044946,-1.013893,-373.82604,10.0,2.5750390000000003,0.102514
S6_EXEC_E3_COMBINED,2025-08-27,2025-08-28,2025-09-03,000901,航天科技,s6setup-91fdaaeb5fd78ee71f25,s6event-4985da626d0f9c84351d,1,SUPPORT_PULLBACK,FIRST_EVENT_PER_START,ARCHETYPE_TRIGGERED,18.36835,16.86312,STOP,-0.08786929,-1.011341,-161.401387,10.0,0.878387,0.035231
S6_EXEC_E3_COMBINED,2025-08-27,2025-08-28,2025-09-03,300322,硕贝德,s6setup-e9a0df59c2144700236e,s6event-96f5cb076e71c6c1d376,1,SUPPORT_PULLBACK,FIRST_EVENT_PER_START,ARCHETYPE_TRIGGERED,26.23621,23.85612,STOP,-0.09500301,-1.010135,-249.251892,10.0,1.242898,0.050092
S6_EXEC_E3_COMBINED,2025-08-28,2025-08-29,2025-09-22,002173,创新医疗,s6setup-34f9db971598aff4b345,s6event-70e1eb5a0a27bb9bb513,1,SUPPORT_PULLBACK,FIRST_EVENT_PER_START,ARCHETYPE_TRIGGERED,22.98296,21.45852,STOP,-0.07116636,-1.014292,-163.561361,10.0,1.117367,0.044441
S6_EXEC_E3_COMBINED,2025-09-01,2025-09-02,2025-09-03,000561,烽火电子,s6setup-4e4bdb4f02b2642cc0dd,s6event-b5386a73a2bfe510ce0f,1,SUPPORT_PULLBACK,FIRST_EVENT_PER_START,ARCHETYPE_TRIGGERED,12.74273,11.85813,STOP,-0.07775218,-1.013601,-99.077504,10.0,0.617508,0.024601
S6_EXEC_E3_COMBINED,2025-09-01,2025-09-02,2025-09-04,300400,劲拓股份,s6setup-93472d59cb6a2b06e093,s6event-8746386a86571365a54c,2,SUPPORT_PULLBACK,FIRST_EVENT_PER_START,ARCHETYPE_TRIGGERED,24.79477,22.85712,STOP,-0.08266078,-1.011949,-204.955503,10.0,1.1905080000000001,0.047652
S6_EXEC_E3_COMBINED,2025-09-01,2025-09-02,2025-09-04,301095,广立微,s6setup-ec4268cdb3ff4d155204,s6event-bb294f286c53898a744f,2,SUPPORT_PULLBACK,FIRST_EVENT_PER_START,ARCHETYPE_TRIGGERED,87.37729,79.51041,STOP,-0.09165201,-1.010221,-800.830426,10.0,4.142408,0.166888
S6_EXEC_E3_COMBINED,2025-09-01,2025-09-02,2025-09-09,600143,金发科技,s6setup-edfdf6faacd2275dbc44,s6event-06eb0640aeeec8e4dc3c,1,SUPPORT_PULLBACK,FIRST_EVENT_PER_START,ARCHETYPE_TRIGGERED,15.58557,18.84114,TARGET,0.20184088,3.555785,314.580516,10.0,0.976484,0.034427
S6_EXEC_E3_COMBINED,2025-09-02,2025-09-04,2025-09-23,600208,衢州发展,s6setup-58ca7e3a74ab63f1ed03,s6event-a7aa66eb135283c8fbb4,1,SUPPORT_PULLBACK,FIRST_EVENT_PER_START,ARCHETYPE_TRIGGERED,4.88488,4.40559,STOP,-0.11905834,-1.009287,-58.15857,10.0,0.22957,0.00929
S6_EXEC_E3_COMBINED,2025-09-02,2025-09-03,2025-10-09,688146,中船特气,s6setup-c824dd1450fd60c3bd7e,s6event-772d6827bf9ecc4a6b40,1,SUPPORT_PULLBACK,FIRST_EVENT_PER_START,ARCHETYPE_TRIGGERED,40.13009,44.109846,MAX_HOLDING,0.0961089,1.416238,385.685881,10.0,2.289732,0.08424
S6_EXEC_E3_COMBINED,2025-09-03,2025-09-04,2025-10-10,301217,铜冠铜箔,s6setup-de70759c7759d1a5514d,s6event-bfb877511a8c3c805f56,1,SUPPORT_PULLBACK,FIRST_EVENT_PER_START,ARCHETYPE_TRIGGERED,30.92089,29.66031,MAX_HOLDING,-0.04450118,-0.395056,-137.601609,10.0,1.543596,0.060581
S6_EXEC_E3_COMBINED,2025-09-03,2025-09-04,2025-10-10,688767,博拓生物,s6setup-14642204952b1afeca0e,s6event-bda51d91b2b062d1359b,1,SUPPORT_PULLBACK,FIRST_EVENT_PER_START,ARCHETYPE_TRIGGERED,38.6386,41.11884,MAX_HOLDING,0.06104991,0.838315,235.888305,10.0,2.135699,0.079757
S6_EXEC_E3_COMBINED,2025-09-04,2025-09-05,2025-09-16,688370,丛麟科技,s6setup-217f312a9e7738e5738e,s6event-fff1725e71dee39d6e3b,1,SUPPORT_PULLBACK,FIRST_EVENT_PER_START,ARCHETYPE_TRIGGERED,27.7277,25.98399,STOP,-0.06698136,-1.015142,-185.723906,10.0,1.352911,0.053712
S6_EXEC_E3_COMBINED,2025-09-05,2025-09-08,2025-09-11,688621,阳光诺和,s6setup-e257d4b49d88615d8254,s6event-dc83c133e811687824dd,1,SUPPORT_PULLBACK,FIRST_EVENT_PER_START,ARCHETYPE_TRIGGERED,76.95688,70.45947,STOP,-0.0862056,-1.010974,-663.411401,10.0,3.670389,0.147416
S6_EXEC_E3_COMBINED,2025-09-09,2025-09-10,2025-09-15,002249,大洋电机,s6setup-9fc5786185f683e6c331,s6event-6065888cd95d2e31b9ba,1,SUPPORT_PULLBACK,FIRST_EVENT_PER_START,ARCHETYPE_TRIGGERED,7.94794,9.23076,TARGET,0.14821864,3.486492,117.803286,10.0,0.478717,0.017179
S6_EXEC_E3_COMBINED,2025-09-09,2025-09-10,2025-10-16,002428,云南锗业,s6setup-dc2887ba620b0c0442bf,s6event-950497fa14d010e7ffd5,1,SUPPORT_PULLBACK,FIRST_EVENT_PER_START,ARCHETYPE_TRIGGERED,27.40738,28.01196,MAX_HOLDING,0.01787912,0.298208,49.001984,10.0,1.4560170000000001,0.055419
S6_EXEC_E3_COMBINED,2025-09-09,2025-09-10,2025-10-16,002518,科士达,s6setup-519086fb04a79bcf4f92,s6event-1280d8542bd9c98d936e,1,SUPPORT_PULLBACK,FIRST_EVENT_PER_START,ARCHETYPE_TRIGGERED,33.58355,43.23672,MAX_HOLDING,0.28379321,3.382863,953.078346,10.0,2.238656,0.07682
S6_EXEC_E3_COMBINED,2025-09-09,2025-09-10,2025-10-16,600728,佳都科技,s6setup-a9f50975f20ed58922b0,s6event-cedd54436ddb7b8589cd,1,SUPPORT_PULLBACK,FIRST_EVENT_PER_START,ARCHETYPE_TRIGGERED,6.78678,6.635178,MAX_HOLDING,-0.03758098,-0.293359,-25.505384,10.0,0.345181,0.013422
S6_EXEC_E3_COMBINED,2025-09-09,2025-09-10,2025-09-23,688260,昀冢科技,s6setup-d3f9e34eee55f308d761,s6event-950836df661a861714c6,1,SUPPORT_PULLBACK,FIRST_EVENT_PER_START,ARCHETYPE_TRIGGERED,30.60057,28.13184,STOP,-0.08442272,-1.011538,-258.338335,10.0,1.465324,0.058732
S6_EXEC_E3_COMBINED,2025-09-10,2025-09-11,2025-10-10,300740,水羊股份,s6setup-90152e3f07386ecbf73a,s6event-9bb40a410265d8387024,1,SUPPORT_PULLBACK,FIRST_EVENT_PER_START,ARCHETYPE_TRIGGERED,21.41139,23.72625,TARGET,0.10286794,2.244408,220.254558,10.0,1.2314509999999999,0.045138
S6_EXEC_E3_COMBINED,2025-09-10,2025-09-11,2025-09-23,600111,北方稀土,s6setup-24ec443b7db1f38c8092,s6event-07968863b1a7ef596e98,1,SUPPORT_PULLBACK,FIRST_EVENT_PER_START,ARCHETYPE_TRIGGERED,48.91887,46.08387,STOP,-0.06048774,-1.016541,-295.899189,10.0,2.3991960000000003,0.095003
S6_EXEC_E3_COMBINED,2025-09-11,2025-09-12,2025-10-13,000063,中兴通讯,s6setup-2a2011176a13f3224d4c,s6event-f1ce462b6f726e322e4f,1,SUPPORT_PULLBACK,FIRST_EVENT_PER_START,ARCHETYPE_TRIGGERED,42.661619,53.93601,TARGET,0.261276,5.215716,1114.645717,10.0,2.793399,0.096598
S6_EXEC_E3_COMBINED,2025-09-11,2025-09-12,2025-09-23,300113,顺网科技,s6setup-2c76e99aa1035f5e855a,s6event-262f1ce3eced3573a35b,1,SUPPORT_PULLBACK,FIRST_EVENT_PER_START,ARCHETYPE_TRIGGERED,25.41539,23.82615,STOP,-0.06695335,-1.015236,-170.16455,10.0,1.240549,0.049242
S6_EXEC_E3_COMBINED,2025-09-11,2025-09-12,2025-10-13,300748,金力永磁,s6setup-318e120c4e48ebd32066,s6event-b7fe7087ef62c9767098,1,SUPPORT_PULLBACK,FIRST_EVENT_PER_START,ARCHETYPE_TRIGGERED,35.19516,47.04291,TARGET,0.33309711,3.573809,1172.340608,10.0,2.4343839999999997,0.082238
S6_EXEC_E3_COMBINED,2025-09-11,2025-09-12,2025-10-13,300843,胜蓝股份,s6setup-effbbcfbd9f6a9ade213,s6event-27fdeea54039c09282e9,1,SUPPORT_PULLBACK,FIRST_EVENT_PER_START,ARCHETYPE_TRIGGERED,55.46541,48.74121,STOP,-0.12349341,-1.007309,-684.961262,10.0,2.541267,0.104207
S6_EXEC_E3_COMBINED,2025-09-11,2025-09-12,2025-10-20,688372,伟测科技,s6setup-222f95ff4fd43da40b08,s6event-6573504c3556471409c8,1,SUPPORT_PULLBACK,FIRST_EVENT_PER_START,ARCHETYPE_TRIGGERED,75.73566,76.50342,MAX_HOLDING,0.00829181,0.23655,62.79857,10.0,3.97741,0.152239
S6_EXEC_E3_COMBINED,2025-09-11,2025-09-15,2025-10-16,688588,凌志软件,s6setup-655b9cae242f4439872d,s6event-4b45811df2acd16423f2,1,SUPPORT_PULLBACK,FIRST_EVENT_PER_START,ARCHETYPE_TRIGGERED,18.25824,16.76322,STOP,-0.08783715,-1.011351,-160.375177,10.0,0.873182,0.035021
S6_EXEC_E3_COMBINED,2025-09-12,2025-09-15,2025-10-17,002212,天融信,s6setup-a8f6370a9b42a2234e28,s6event-207aa1be6139928f151c,1,SUPPORT_PULLBACK,FIRST_EVENT_PER_START,ARCHETYPE_TRIGGERED,10.15014,9.17082,STOP,-0.10680627,-1.009463,-108.409859,10.0,0.47786199999999995,0.019321
S6_EXEC_E3_COMBINED,2025-09-12,2025-09-15,2025-09-18,002378,章源钨业,s6setup-c4520a011b1400a27c31,s6event-513050388b6f2fad0607,1,SUPPORT_PULLBACK,FIRST_EVENT_PER_START,ARCHETYPE_TRIGGERED,13.39338,12.29769,STOP,-0.08975298,-1.011363,-120.209577,10.0,0.640576,0.025691
S6_EXEC_E3_COMBINED,2025-09-12,2025-09-15,2025-10-09,688099,晶晨股份,s6setup-b92348116496ea5d1a8a,s6event-75cc621662af0888e508,1,SUPPORT_PULLBACK,FIRST_EVENT_PER_START,ARCHETYPE_TRIGGERED,93.56347,114.80508,TARGET,0.2253243,3.544126,2108.212338,10.0,5.948623,0.208369
S6_EXEC_E3_COMBINED,2025-09-15,2025-09-17,2025-10-13,300465,高伟达,s6setup-61c5d78719f9d5af5af6,s6event-d29adfb7492c637184ee,1,SUPPORT_PULLBACK,FIRST_EVENT_PER_START,ARCHETYPE_TRIGGERED,24.25423,21.7782,STOP_GAP,-0.10667745,-1.038503,-258.737941,10.0,1.1349420000000001,0.046032
S6_EXEC_E3_COMBINED,2025-09-15,2025-09-18,2025-10-13,301183,东田微,s6setup-a0f79c4d75be782ec826,s6event-72db1f4fcc716097abc4,3,SUPPORT_PULLBACK,FIRST_EVENT_PER_START,ARCHETYPE_TRIGGERED,95.65556,82.18773,STOP_GAP,-0.14228867,-1.254507,-1361.070241,10.0,4.28723,0.177843
S6_EXEC_E3_COMBINED,2025-09-15,2025-09-17,2025-10-13,688261,东微半导,s6setup-eefefb1710023049dce6,s6event-6653801173c712b6fc59,1,SUPPORT_PULLBACK,FIRST_EVENT_PER_START,ARCHETYPE_TRIGGERED,80.85077,71.962565,STOP_GAP,-0.11163424,-1.053009,-902.571426,10.0,3.750941,0.152813
S6_EXEC_E3_COMBINED,2025-09-15,2025-09-18,2025-09-23,688480,赛恩斯,s6setup-85cd93587da6d8b0a5fd,s6event-2307ebb2449d837710fa,1,SUPPORT_PULLBACK,FIRST_EVENT_PER_START,ARCHETYPE_TRIGGERED,45.52548,42.41754,STOP,-0.0709499,-1.013851,-323.002825,10.0,2.2088200000000002,0.087943
S6_EXEC_E3_COMBINED,2025-09-16,2025-09-18,2025-09-24,600105,永鼎股份,s6setup-efdebdc927d1177541a4,s6event-4862a8e99b45195be14d,1,SUPPORT_PULLBACK,FIRST_EVENT_PER_START,ARCHETYPE_TRIGGERED,9.97997,12.51747,TARGET,0.24358954,3.524452,243.10163,10.0,0.64837,0.022497
S6_EXEC_E3_COMBINED,2025-09-16,2025-09-17,2025-09-23,688222,成都先导,s6setup-6fb055c09204cc538110,s6event-0df83153aef47f39be6d,1,SUPPORT_PULLBACK,FIRST_EVENT_PER_START,ARCHETYPE_TRIGGERED,26.2262,23.58639,STOP,-0.1049371,-1.009025,-275.210137,10.0,1.229133,0.049813
S6_EXEC_E3_COMBINED,2025-09-17,2025-09-19,2025-10-13,002484,江海股份,s6setup-edd02d178efbc752c41c,s6event-75f40e32310314aae841,1,SUPPORT_PULLBACK,FIRST_EVENT_PER_START,ARCHETYPE_TRIGGERED,31.47144,28.21176,STOP_GAP,-0.10722047,-1.189039,-337.438259,10.0,1.4702709999999999,0.059683
S6_EXEC_E3_COMBINED,2025-09-18,2025-09-19,2025-10-09,300394,天孚通信,s6setup-8617597dc0fa1383b10d,s6event-79cd801d40302a847960,1,SUPPORT_PULLBACK,FIRST_EVENT_PER_START,ARCHETYPE_TRIGGERED,129.7725,116.24364,STOP,-0.105488,-1.008675,-1368.944148,10.0,6.058198,0.246016
S6_EXEC_E3_COMBINED,2025-09-18,2025-09-19,2025-09-26,301486,致尚科技,s6setup-a791e260f9aac882d8f0,s6event-344f82aab0b4b4484030,1,SUPPORT_PULLBACK,FIRST_EVENT_PER_START,ARCHETYPE_TRIGGERED,99.74965,90.49941,STOP,-0.09420978,-1.00989,-939.739258,10.0,4.715218999999999,0.190249
S6_EXEC_E3_COMBINED,2025-09-18,2025-09-19,2025-09-30,601877,正泰电器,s6setup-bb0a6512ba296ba29adf,s6event-c87ae45177af37fba7db,1,SUPPORT_PULLBACK,FIRST_EVENT_PER_START,ARCHETYPE_TRIGGERED,27.2272,30.42954,TARGET,0.11336269,4.229186,308.654863,10.0,1.579134,0.057657
S6_EXEC_E3_COMBINED,2025-09-19,2025-09-23,2025-10-13,000962,东方钽业,s6setup-9e5c6168d65ef4ca8426,s6event-408c7194d85a82d327bf,1,SUPPORT_PULLBACK,FIRST_EVENT_PER_START,ARCHETYPE_TRIGGERED,23.08306,26.19378,TARGET,0.12984112,2.069591,299.713036,10.0,1.3589660000000001,0.049277
S6_EXEC_E3_COMBINED,2025-09-19,2025-09-22,2025-10-10,688235,百济神州,s6setup-769745a929022e58a476,s6event-69ac4e6da73ed19d6975,1,SUPPORT_PULLBACK,FIRST_EVENT_PER_START,ARCHETYPE_TRIGGERED,307.4071,284.46525,STOP,-0.07568974,-1.012568,-2326.756347,17.756171000000002,14.815135,0.591872
S6_EXEC_E3_COMBINED,2025-09-22,2025-09-23,2025-10-13,300415,伊之密,s6setup-182e4147b9219916f379,s6event-d272ccd1ea53f325865e,1,SUPPORT_PULLBACK,FIRST_EVENT_PER_START,ARCHETYPE_TRIGGERED,26.63661,24.00597,STOP_GAP,-0.10298418,-1.550527,-274.314944,10.0,1.250942,0.050643
S6_EXEC_E3_COMBINED,2025-09-22,2025-09-23,2025-10-13,603612,索通发展,s6setup-e2176f4c641347e3af3a,s6event-c0a34750958096e5ab7c,1,SUPPORT_PULLBACK,FIRST_EVENT_PER_START,ARCHETYPE_TRIGGERED,26.04602,24.35562,STOP_GAP,-0.06922677,-1.413354,-180.308184,10.0,1.268183,0.050402
S6_EXEC_E3_COMBINED,2025-09-23,2025-09-24,2025-10-10,688331,荣昌生物,s6setup-767c1a94d9d24c05438b,s6event-7e9a3313fc4b3ea48e0b,1,SUPPORT_PULLBACK,FIRST_EVENT_PER_START,ARCHETYPE_TRIGGERED,103.37327,95.09481,STOP,-0.0815297,-1.011632,-842.799169,10.0,4.953208,0.198468
S6_EXEC_E3_COMBINED,2025-09-24,2025-09-25,2025-10-13,002074,国轩高科,s6setup-ddd242a85968b864c223,s6event-9fde2ef85ad65964e051,1,SUPPORT_PULLBACK,FIRST_EVENT_PER_START,ARCHETYPE_TRIGGERED,44.55451,41.10885,STOP_GAP,-0.08006083,-1.117085,-356.707105,10.0,2.141105,0.085663
S6_EXEC_E3_COMBINED,2025-09-24,2025-09-26,2025-10-10,688331,荣昌生物,s6setup-8c876f4b12b2d5d5fd20,s6event-1103a1578edaf24f59b4,1,SUPPORT_PULLBACK,FIRST_EVENT_PER_START,ARCHETYPE_TRIGGERED,104.99489,95.72418,STOP,-0.08972417,-1.010444,-942.057936,10.0,4.986928000000001,0.200719
S6_EXEC_E3_COMBINED,2025-09-25,2025-09-26,2025-09-29,000796,凯撒旅业,s6setup-bba77eab5c130632d0e3,s6event-3deadc782cd4de01db84,1,SUPPORT_PULLBACK,FIRST_EVENT_PER_START,ARCHETYPE_TRIGGERED,6.43643,6.03396,STOP,-0.07855468,-1.015236,-50.56117,10.0,0.314168,0.01247
S6_EXEC_E3_COMBINED,2025-09-25,2025-09-26,2025-10-14,300568,星源材质,s6setup-264b4fa1922eeea044ab,s6event-495579573e707c2b9a3a,1,SUPPORT_PULLBACK,FIRST_EVENT_PER_START,ARCHETYPE_TRIGGERED,13.83382,13.20678,STOP,-0.05305214,-1.021537,-73.391376,10.0,0.68738,0.027041
S6_EXEC_E3_COMBINED,2025-09-25,2025-09-26,2025-09-29,600276,恒瑞医药,s6setup-a62f87e4b34911f97b44,s6event-3b72c53b2c6d47bdd8d4,1,SUPPORT_PULLBACK,FIRST_EVENT_PER_START,ARCHETYPE_TRIGGERED,70.6706,67.81212,STOP,-0.04236232,-1.024325,-299.377057,10.0,3.529089,0.138483
S6_EXEC_E3_COMBINED,2025-09-29,2025-10-09,2025-10-13,003021,兆威机电,s6setup-77c168047de37b309dbb,s6event-b24ee19b2f005b5396b8,1,SUPPORT_PULLBACK,FIRST_EVENT_PER_START,ARCHETYPE_TRIGGERED,135.79566,124.490385,STOP_GAP,-0.08446605,-1.217498,-1147.012301,10.0,6.484805,0.260286
S6_EXEC_E3_COMBINED,2025-09-30,2025-10-13,2025-10-17,002183,怡 亚 通,s6setup-c1dded25a893939cb221,s6event-cf23d0ad8c2000afbd88,1,SUPPORT_PULLBACK,FIRST_EVENT_PER_START,ARCHETYPE_TRIGGERED,5.08508,4.8951,STOP,-0.0575266,-1.026475,-29.252736,10.0,0.254735,0.00998
S6_EXEC_E3_COMBINED,2025-09-30,2025-10-09,2025-10-10,300469,信息发展,s6setup-9b076a7334c850f93fd0,s6event-4412000d9bf3c54ba766,1,SUPPORT_PULLBACK,FIRST_EVENT_PER_START,ARCHETYPE_TRIGGERED,77.69762,72.90702,STOP,-0.06343257,-1.01547,-492.855972,10.0,3.795956,0.150605
S6_EXEC_E3_COMBINED,2025-09-30,2025-10-09,2025-10-13,601208,东材科技,s6setup-81cc4960a1a3257ec94d,s6event-8bf8b2da61d5fe354f3f,1,SUPPORT_PULLBACK,FIRST_EVENT_PER_START,ARCHETYPE_TRIGGERED,20.1201,17.7822,STOP_GAP,-0.12162813,-2.12517,-244.717014,10.0,0.927012,0.037902
S6_EXEC_E3_COMBINED,2025-09-30,2025-10-09,2025-11-06,601872,招商轮船,s6setup-279667d2b1b01bdb0a95,s6event-a28d9df03c2fe23de757,1,SUPPORT_PULLBACK,FIRST_EVENT_PER_START,ARCHETYPE_TRIGGERED,8.13813,8.25174,MAX_HOLDING,0.00114525,0.25352,0.932019,10.0,0.428977,0.01639
S6_EXEC_E3_COMBINED,2025-09-30,2025-10-09,2025-10-13,603119,浙江荣泰,s6setup-2374b9d39f87fc8f74cb,s6event-dc4701b8bbe38cbb670c,2,SUPPORT_PULLBACK,FIRST_EVENT_PER_START,ARCHETYPE_TRIGGERED,84.1379,75.270808,STOP_GAP,-0.10704239,-1.578364,-900.632191,10.0,3.922949,0.159409
S6_EXEC_E3_COMBINED,2025-10-09,2025-10-10,2025-10-13,002008,大族激光,s6setup-c41cf311890f660da644,s6event-8c444e2eb2d853778a83,1,SUPPORT_PULLBACK,FIRST_EVENT_PER_START,ARCHETYPE_TRIGGERED,39.8398,36.2637,STOP_GAP,-0.09274627,-1.521874,-369.499285,10.0,1.889288,0.076103
S6_EXEC_E3_COMBINED,2025-10-09,2025-10-10,2025-10-13,002436,兴森科技,s6setup-d8d831c89fa9b91181f2,s6event-0b559850d70aa2d0a82e,1,SUPPORT_PULLBACK,FIRST_EVENT_PER_START,ARCHETYPE_TRIGGERED,22.40238,19.43055,STOP_GAP,-0.13757304,-1.89002,-308.196352,10.0,1.01336,0.041833
S6_EXEC_E3_COMBINED,2025-10-09,2025-10-10,2025-10-13,002624,完美世界,s6setup-f9859bec5b06a4db59b1,s6event-6b68071b8d4b40d1bc67,2,SUPPORT_PULLBACK,FIRST_EVENT_PER_START,ARCHETYPE_TRIGGERED,18.08807,16.76322,STOP_GAP,-0.07925556,-1.639524,-143.358012,10.0,0.873012,0.034851
S6_EXEC_E3_COMBINED,2025-10-09,2025-10-10,2025-10-13,300007,汉威科技,s6setup-eba4cf7be83b461c8a78,s6event-3b35b16d9621db7a678f,2,SUPPORT_PULLBACK,FIRST_EVENT_PER_START,ARCHETYPE_TRIGGERED,62.17211,54.88506,STOP_GAP,-0.11927636,-1.450994,-741.566297,10.0,2.86131,0.117057
S6_EXEC_E3_COMBINED,2025-10-09,2025-10-10,2025-10-13,600114,东睦股份,s6setup-188dd61e30dad51706d0,s6event-3113bb1baf435d72b2dc,1,SUPPORT_PULLBACK,FIRST_EVENT_PER_START,ARCHETYPE_TRIGGERED,32.88285,30.1698,STOP_GAP,-0.08602556,-1.472203,-282.876559,10.0,1.5715430000000001,0.063053
S6_EXEC_E3_COMBINED,2025-10-09,2025-10-10,2025-10-13,688017,绿的谐波,s6setup-9fc8b9246cea1f486934,s6event-19c25053a8e7cd127b8c,3,SUPPORT_PULLBACK,FIRST_EVENT_PER_START,ARCHETYPE_TRIGGERED,171.91174,159.63021,STOP_GAP,-0.07251532,-1.136996,-1246.623484,10.157352,8.313053,0.331542
S6_EXEC_E3_COMBINED,2025-10-09,2025-10-10,2025-10-13,688234,天岳先进,s6setup-ca55c52aa162f3095096,s6event-024dddb2588ca4d156e7,1,SUPPORT_PULLBACK,FIRST_EVENT_PER_START,ARCHETYPE_TRIGGERED,84.09401,74.6253,STOP_GAP,-0.11424844,-1.592984,-960.760946,10.0,3.889984,0.158719
S6_EXEC_E3_COMBINED,2025-10-10,2025-10-13,2025-10-16,002683,广东宏大,s6setup-f2b2b481551a05209173,s6event-8c629dca789e807ee556,2,SUPPORT_PULLBACK,FIRST_EVENT_PER_START,ARCHETYPE_TRIGGERED,42.28224,39.95001,STOP,-0.05801555,-1.017446,-245.302741,10.0,2.079732,0.082232
S6_EXEC_E3_COMBINED,2025-10-10,2025-10-14,2025-10-15,600143,金发科技,s6setup-64401623e5c8301b2bfd,s6event-9f8eb01cc3b2a8f6e000,1,SUPPORT_PULLBACK,FIRST_EVENT_PER_START,ARCHETYPE_TRIGGERED,20.4204,19.14084,STOP_GAP,-0.06804598,-1.195404,-138.952613,10.0,0.9966029999999999,0.039561
S6_EXEC_E3_COMBINED,2025-10-17,2025-10-20,2025-10-28,002210,飞马国际,s6setup-7157d5833e9cba4d9d1b,s6event-93fb670bf8493f42dfca,1,SUPPORT_PULLBACK,FIRST_EVENT_PER_START,ARCHETYPE_TRIGGERED,4.03403,3.68631,STOP,-0.11146183,-1.010726,-44.964037,10.0,0.192036,0.00772
S6_EXEC_E3_COMBINED,2025-10-20,2025-10-21,2025-11-17,300507,苏奥传感,s6setup-3aa58fbead45c91c50b2,s6event-fa007bd029d7f7cfa807,1,SUPPORT_PULLBACK,FIRST_EVENT_PER_START,ARCHETYPE_TRIGGERED,9.38938,8.84115,STOP,-0.06952886,-1.016408,-65.283289,10.0,0.460289,0.018231
S6_EXEC_E3_COMBINED,2025-10-21,2025-10-22,2025-11-10,002709,天赐材料,s6setup-0c843cc5db500181bac6,s6event-28252a0ec664958973b3,1,SUPPORT_PULLBACK,FIRST_EVENT_PER_START,ARCHETYPE_TRIGGERED,34.4344,45.57438,TARGET,0.31992405,4.074013,1101.639271,10.0,2.358728,0.080009
S6_EXEC_E3_COMBINED,2025-10-21,2025-10-22,2025-11-17,300604,长川科技,s6setup-de80a953d02eacc30e5d,s6event-d6458e4584e157a3cf6c,1,SUPPORT_PULLBACK,FIRST_EVENT_PER_START,ARCHETYPE_TRIGGERED,83.3833,77.05287,STOP,-0.0776002,-1.012334,-647.056076,10.0,4.013079,0.160436
S6_EXEC_E3_COMBINED,2025-10-21,2025-10-22,2025-10-23,603786,科博达,s6setup-0b0ba46814574b34fc35,s6event-2d11010d023b71862c63,1,SUPPORT_PULLBACK,FIRST_EVENT_PER_START,ARCHETYPE_TRIGGERED,90.47038,81.49842,STOP_GAP,-0.10074489,-1.880764,-911.442848,10.0,4.24689,0.171969
S6_EXEC_E3_COMBINED,2025-10-21,2025-10-22,2025-10-27,688072,拓荆科技,s6setup-5aacc296dcfaa98adfe0,s6event-1fd860b99fe76c96a6a6,1,SUPPORT_PULLBACK,FIRST_EVENT_PER_START,ARCHETYPE_TRIGGERED,245.79555,316.11357,TARGET,0.28473165,4.113235,6998.577251,16.857274,16.367587,0.561909
S6_EXEC_E3_COMBINED,2025-10-21,2025-10-22,2025-11-17,688082,盛美上海,s6setup-55d47d00c93b356eb6e2,s6event-c9a42990e200f97a172c,1,SUPPORT_PULLBACK,FIRST_EVENT_PER_START,ARCHETYPE_TRIGGERED,180.18,164.24559,STOP,-0.08948846,-1.010425,-1612.403072,10.4054,8.556706,0.344426
S6_EXEC_E3_COMBINED,2025-10-21,2025-10-22,2025-11-19,688469,芯联集成,s6setup-4f26f5b925788d16026b,s6event-36fa43854161b2a6dc04,1,SUPPORT_PULLBACK,FIRST_EVENT_PER_START,ARCHETYPE_TRIGGERED,6.37637,6.88311,MAX_HOLDING,0.06322811,1.278452,40.316582,10.0,0.35741500000000004,0.013259
S6_EXEC_E3_COMBINED,2025-10-22,2025-10-23,2025-11-06,002150,正泰电源,s6setup-a0fd6d6bec6aad7bcb7a,s6event-7faecd4a4017b70c3a97,1,SUPPORT_PULLBACK,FIRST_EVENT_PER_START,ARCHETYPE_TRIGGERED,17.90789,23.46651,TARGET,0.30413818,4.005087,544.647307,10.0,1.2147000000000001,0.041374
S6_EXEC_E3_COMBINED,2025-10-22,2025-10-23,2025-11-11,002475,立讯精密,s6setup-278336658c72358f4295,s6event-cb55e46164518c7206a0,1,SUPPORT_PULLBACK,FIRST_EVENT_PER_START,ARCHETYPE_TRIGGERED,59.060005,56.38356,STOP,-0.04750747,-1.021542,-280.579142,10.0,2.934622,0.115444
S6_EXEC_E3_COMBINED,2025-10-23,2025-10-24,2025-11-04,300539,横河精密,s6setup-99d7bb8dad8b230a03d0,s6event-73dad3cb74d53d13919e,1,SUPPORT_PULLBACK,FIRST_EVENT_PER_START,ARCHETYPE_TRIGGERED,50.56051,46.03392,STOP,-0.09198034,-1.010285,-465.05729,10.0,2.3982900000000003,0.096594
S6_EXEC_E3_COMBINED,2025-10-24,2025-10-27,2025-11-19,601218,吉鑫科技,s6setup-931daa23d1fa27a6c286,s6event-bd6cb316e30023c3bdc1,1,SUPPORT_PULLBACK,FIRST_EVENT_PER_START,ARCHETYPE_TRIGGERED,5.600595,5.11488,STOP,-0.10505662,-1.010653,-58.837958,10.0,0.266459,0.010715
S6_EXEC_E3_COMBINED,2025-10-27,2025-10-28,2025-11-03,300666,江丰电子,s6setup-36c375b3c156d1fb248e,s6event-727b40fc8292ce70934d,1,SUPPORT_PULLBACK,FIRST_EVENT_PER_START,ARCHETYPE_TRIGGERED,99.13904,91.96794,STOP,-0.07382556,-1.013005,-731.899515,10.0,4.789504,0.191107
S6_EXEC_E3_COMBINED,2025-10-27,2025-10-28,2025-11-21,600577,精达股份,s6setup-03e742594afed14a3aac,s6event-3acc2712a4ac2b8aa94a,1,SUPPORT_PULLBACK,FIRST_EVENT_PER_START,ARCHETYPE_TRIGGERED,10.35034,9.77022,STOP,-0.06620133,-1.017148,-68.520627,10.0,0.508632,0.020121
S6_EXEC_E3_COMBINED,2025-10-27,2025-10-28,2025-11-03,603650,彤程新材,s6setup-e4e5d9e7c533b0bf2f40,s6event-4925cda1f8b20f1bb10a,1,SUPPORT_PULLBACK,FIRST_EVENT_PER_START,ARCHETYPE_TRIGGERED,41.6416,39.41055,STOP,-0.05647155,-1.018001,-235.15657,10.0,2.05158,0.081052
S6_EXEC_E3_COMBINED,2025-10-28,2025-10-29,2025-11-21,300001,特锐德,s6setup-8e6c71012fb3d3d76322,s6event-36450aa48b5c62e9e14e,1,SUPPORT_PULLBACK,FIRST_EVENT_PER_START,ARCHETYPE_TRIGGERED,27.67765,26.35362,STOP,-0.05194614,-1.020329,-143.774708,10.0,1.371712,0.054031
S6_EXEC_E3_COMBINED,2025-10-28,2025-10-30,2025-11-18,600490,鹏欣资源,s6setup-a8f6e5e527714bb7679c,s6event-1f8b0f78ed030e7dd4d1,1,SUPPORT_PULLBACK,FIRST_EVENT_PER_START,ARCHETYPE_TRIGGERED,8.147139,7.45254,STOP,-0.09800757,-1.010857,-79.84813,10.0,0.388227,0.0156
S6_EXEC_E3_COMBINED,2025-10-28,2025-10-29,2025-10-31,688361,中科飞测,s6setup-5ac0c6968f6c8479695f,s6event-70c603e3d7900d3b671b,1,SUPPORT_PULLBACK,FIRST_EVENT_PER_START,ARCHETYPE_TRIGGERED,124.89477,113.44644,STOP,-0.09293773,-1.010019,-1160.743641,10.0,5.9106630000000004,0.238341
S6_EXEC_E3_COMBINED,2025-10-29,2025-10-30,2025-11-12,300127,银河磁体,s6setup-dc92fe3a0f3482c354f1,s6event-98dd663c3246a82f98a1,1,SUPPORT_PULLBACK,FIRST_EVENT_PER_START,ARCHETYPE_TRIGGERED,34.54451,31.82814,STOP,-0.08200863,-1.011868,-283.294794,10.0,1.65778,0.066373
S6_EXEC_E3_COMBINED,2025-10-30,2025-10-31,2025-11-06,002941,新疆交建,s6setup-a39177bc86e1234db634,s6event-ea7b18434f206532ead1,1,SUPPORT_PULLBACK,FIRST_EVENT_PER_START,ARCHETYPE_TRIGGERED,18.52851,17.32266,STOP,-0.07096468,-1.01459,-131.486978,10.0,0.901984,0.035851
S6_EXEC_E3_COMBINED,2025-10-30,2025-10-31,2025-11-03,688249,晶合集成,s6setup-8f4f7a006aabcd4114df,s6event-1d5da2d8a26fed7f63ec,2,SUPPORT_PULLBACK,FIRST_EVENT_PER_START,ARCHETYPE_TRIGGERED,35.84581,33.1668,STOP_GAP,-0.07800866,-1.303141,-279.62836,10.0,1.727353,0.069013
S6_EXEC_E3_COMBINED,2025-10-30,2025-10-31,2025-11-21,688480,赛恩斯,s6setup-1ee9a9afea96750fe1f1,s6event-df5feed5ac3db1d9a50f,1,SUPPORT_PULLBACK,FIRST_EVENT_PER_START,ARCHETYPE_TRIGGERED,51.53148,47.34261,STOP,-0.0837067,-1.011443,-431.353014,10.0,2.466005,0.098874
S6_EXEC_E3_COMBINED,2025-10-31,2025-11-03,2025-11-05,601212,白银有色,s6setup-403eb70203523a546ba4,s6event-d2931bbc6e7afc71a24e,1,SUPPORT_PULLBACK,FIRST_EVENT_PER_START,ARCHETYPE_TRIGGERED,5.19519,4.88511,STOP_GAP,-0.07942411,-1.126785,-41.262334,10.0,0.254336,0.01008
S6_EXEC_E3_COMBINED,2025-11-05,2025-11-06,2025-11-11,300179,四方达,s6setup-9558daf0ee21fcc071b8,s6event-0e4f8bb1d656eb5f7414,1,SUPPORT_PULLBACK,FIRST_EVENT_PER_START,ARCHETYPE_TRIGGERED,13.28327,17.90208,TARGET,0.33949074,3.57142,450.954716,10.0,0.926289,0.031185
S6_EXEC_E3_COMBINED,2025-11-05,2025-11-06,2025-12-04,601288,农业银行,s6setup-41ce0257d5e0dfa67f84,s6event-8b38e1b107f0d88eb927,1,SUPPORT_PULLBACK,FIRST_EVENT_PER_START,ARCHETYPE_TRIGGERED,7.87787,7.642849,MAX_HOLDING,-0.04303164,-0.716812,-33.899767,10.0,0.397663,0.015521
S6_EXEC_E3_COMBINED,2025-11-06,2025-11-07,2025-11-18,002171,楚江新材,s6setup-e055314d6892b431c9f1,s6event-17eb16d1f21f8bcbbee1,1,SUPPORT_PULLBACK,FIRST_EVENT_PER_START,ARCHETYPE_TRIGGERED,12.46245,11.41857,STOP,-0.09226341,-1.011071,-114.982813,10.0,0.594809,0.023881
S6_EXEC_E3_COMBINED,2025-11-06,2025-11-10,2025-12-08,688585,上纬新材,s6setup-9a9bc7c3d2a7db553a40,s6event-cb47c0ff0172db725a52,1,SUPPORT_PULLBACK,FIRST_EVENT_PER_START,ARCHETYPE_TRIGGERED,100.98088,107.66223,MAX_HOLDING,0.06462048,1.058703,652.543294,10.0,5.591755,0.208643
S6_EXEC_E3_COMBINED,2025-11-10,2025-11-12,2025-11-17,001287,中电港,s6setup-8400bd32af8d497f3733,s6event-9eb14b9d79132bcd381a,1,SUPPORT_PULLBACK,FIRST_EVENT_PER_START,ARCHETYPE_TRIGGERED,25.487462,24.20577,STOP,-0.05470501,-1.019269,-139.429186,10.0,1.259982,0.049693
S6_EXEC_E3_COMBINED,2025-11-10,2025-11-11,2025-11-12,300308,中际旭创,s6setup-988348ddc9d2061c5eda,s6event-8523c009c3d03d949ecb,1,SUPPORT_PULLBACK,FIRST_EVENT_PER_START,ARCHETYPE_TRIGGERED,490.49,458.17137,STOP_GAP,-0.06695713,-1.024038,-3284.180269,28.459841,23.85723,0.948661
S6_EXEC_E3_COMBINED,2025-11-10,2025-11-11,2025-11-18,601608,中信重工,s6setup-1d95ad7f92b55763e0a8,s6event-730a844ddc644df8743f,1,SUPPORT_PULLBACK,FIRST_EVENT_PER_START,ARCHETYPE_TRIGGERED,7.274467,6.82317,STOP,-0.07627357,-1.015367,-55.484957,10.0,0.355257,0.014098
S6_EXEC_E3_COMBINED,2025-11-11,2025-11-12,2025-11-21,301200,大族数控,s6setup-2c4bbb328f5078d10720,s6event-5ce5a7ffc975302a0a21,1,SUPPORT_PULLBACK,FIRST_EVENT_PER_START,ARCHETYPE_TRIGGERED,114.54443,106.75314,STOP,-0.06937814,-1.013906,-794.68795,10.0,5.558955,0.221298
S6_EXEC_E3_COMBINED,2025-11-12,2025-11-13,2025-11-18,300136,信维通信,s6setup-4117735c3afe45d20380,s6event-dfe64b19725c8b979047,1,SUPPORT_PULLBACK,FIRST_EVENT_PER_START,ARCHETYPE_TRIGGERED,32.87284,30.25971,STOP,-0.08301355,-1.011727,-272.889115,10.0,1.5761180000000001,0.063133
S6_EXEC_E3_COMBINED,2025-11-12,2025-11-13,2025-11-21,301200,大族数控,s6setup-245cc89f55559d51894e,s6event-73f32688a6e4d75a2468,1,SUPPORT_PULLBACK,FIRST_EVENT_PER_START,ARCHETYPE_TRIGGERED,117.46735,108.13176,STOP,-0.08080468,-1.01173,-949.191163,10.0,5.632187,0.225599
S6_EXEC_E3_COMBINED,2025-11-13,2025-11-14,2025-11-19,301200,大族数控,s6setup-2e81c84853c18b705a82,s6event-fb7f3915940443952bbf,1,SUPPORT_PULLBACK,FIRST_EVENT_PER_START,ARCHETYPE_TRIGGERED,115.58547,108.97092,STOP_GAP,-0.05858246,-1.069369,-677.128117,10.0,5.673102,0.224556
S6_EXEC_E3_COMBINED,2025-11-13,2025-11-14,2025-11-17,600021,上海电力,s6setup-c43b5710ab76eac9ed6c,s6event-c874e63a2dde99337082,1,SUPPORT_PULLBACK,FIRST_EVENT_PER_START,ARCHETYPE_TRIGGERED,27.65763,25.24473,STOP_GAP,-0.09133289,-1.47341,-252.605128,10.0,1.315138,0.052902
S6_EXEC_E3_COMBINED,2025-11-13,2025-11-14,2025-11-21,600549,厦门钨业,s6setup-12d2a0ea20e38cbc1534,s6event-3e50516456c670624b86,1,SUPPORT_PULLBACK,FIRST_EVENT_PER_START,ARCHETYPE_TRIGGERED,33.78375,32.20776,STOP,-0.05010556,-1.020884,-169.275371,10.0,1.67638,0.065992
S6_EXEC_E3_COMBINED,2025-11-13,2025-11-14,2025-11-17,601611,中国核建,s6setup-523a09f50b44b3299369,s6event-45133f9b84b85ac925b0,1,SUPPORT_PULLBACK,FIRST_EVENT_PER_START,ARCHETYPE_TRIGGERED,12.93292,12.11787,STOP,-0.07124141,-1.015107,-92.135946,10.0,0.6309450000000001,0.025051
S6_EXEC_E3_COMBINED,2025-11-13,2025-11-14,2025-11-18,603301,振德医疗,s6setup-1865ba63164b49b9d9b6,s6event-477fdbed20c40a2a35af,1,SUPPORT_PULLBACK,FIRST_EVENT_PER_START,ARCHETYPE_TRIGGERED,87.49741,78.95097,STOP,-0.09928957,-1.009333,-868.758022,10.0,4.113996,0.166448
S6_EXEC_E3_COMBINED,2025-11-14,2025-11-17,2025-11-18,600595,中孚实业,s6setup-100f5c3cd4f69e5ae4f6,s6event-362577aa162da4b865e4,2,SUPPORT_PULLBACK,FIRST_EVENT_PER_START,ARCHETYPE_TRIGGERED,6.731725,6.208785,STOP_GAP,-0.09301833,-1.530295,-62.617382,10.0,0.32338,0.012941
S6_EXEC_E3_COMBINED,2025-11-17,2025-11-18,2025-11-20,000892,欢瑞世纪,s6setup-1c1f7a036cb2a694a431,s6event-1941bc223b67a1e150f8,1,SUPPORT_PULLBACK,FIRST_EVENT_PER_START,ARCHETYPE_TRIGGERED,7.33733,6.72327,STOP,-0.0977961,-1.011081,-71.756226,10.0,0.350225,0.014061
S6_EXEC_E3_COMBINED,2025-11-17,2025-11-18,2025-11-21,300454,深信服,s6setup-478345d5e6f6770a72b4,s6event-192502a6f91c83b665eb,1,SUPPORT_PULLBACK,FIRST_EVENT_PER_START,ARCHETYPE_TRIGGERED,119.00889,111.80808,STOP,-0.0618359,-1.015788,-735.902182,10.0,5.821221,0.230817
S6_EXEC_E3_COMBINED,2025-11-17,2025-11-18,2025-11-21,300520,科大国创,s6setup-db0db0e777752f50b52f,s6event-0f2a349c50a05171bd9a,1,SUPPORT_PULLBACK,FIRST_EVENT_PER_START,ARCHETYPE_TRIGGERED,39.07904,35.3646,STOP,-0.09807986,-1.009622,-383.286677,10.0,1.842674,0.074444
S6_EXEC_E3_COMBINED,2025-11-17,2025-11-18,2025-11-19,600515,海南机场,s6setup-7520b9018ef27977fe3b,s6event-29a42588013dc2a8f8f8,1,SUPPORT_PULLBACK,FIRST_EVENT_PER_START,ARCHETYPE_TRIGGERED,5.350345,5.0949,STOP,-0.06692968,-1.020372,-35.809688,10.0,0.26519,0.010445
S6_EXEC_E3_COMBINED,2025-11-18,2025-11-19,2025-11-24,300814,中富电路,s6setup-c8e2a112f1ee166b60ab,s6event-ef54aa03623f66c8b2ed,1,SUPPORT_PULLBACK,FIRST_EVENT_PER_START,ARCHETYPE_TRIGGERED,66.07601,87.50241,TARGET,0.32207019,3.585402,2128.11131,10.0,4.528699,0.153578
S6_EXEC_E3_COMBINED,2025-11-18,2025-11-19,2025-11-25,601898,中煤能源,s6setup-76f1f31a0b4983585ccc,s6event-ac263b478bbe1866b3ba,1,SUPPORT_PULLBACK,FIRST_EVENT_PER_START,ARCHETYPE_TRIGGERED,14.28427,13.65633,STOP,-0.05145853,-1.022254,-73.504754,10.0,0.710758,0.027941
S6_EXEC_E3_COMBINED,2025-11-20,2025-11-21,2025-12-19,002028,思源电气,s6setup-015b9fc1c4e7060fe9ee,s6event-af68914407c0d5c53178,1,SUPPORT_PULLBACK,FIRST_EVENT_PER_START,ARCHETYPE_TRIGGERED,137.437409,145.004959,MAX_HOLDING,0.05378611,1.354393,739.22236,10.0,7.53269,0.282442
S6_EXEC_E3_COMBINED,2025-11-20,2025-11-21,2025-11-24,603516,淳中科技,s6setup-d0e6944fe48379037e2f,s6event-79f169b53579a8020a63,1,SUPPORT_PULLBACK,FIRST_EVENT_PER_START,ARCHETYPE_TRIGGERED,193.0929,184.66515,STOP,-0.04473074,-1.022425,-863.718831,11.332740999999999,9.611016,0.377758
S6_EXEC_E3_COMBINED,2025-11-25,2025-11-26,2025-12-24,000338,潍柴动力,s6setup-7540ae0a7a3f5ceb9f3a,s6event-4b85e0b7c7677094cd68,1,SUPPORT_PULLBACK,FIRST_EVENT_PER_START,ARCHETYPE_TRIGGERED,16.88687,17.53245,MAX_HOLDING,0.03176844,0.762313,53.646952,10.0,0.911042,0.034419
S6_EXEC_E3_COMBINED,2025-11-28,2025-12-01,2025-12-11,000830,鲁西化工,s6setup-6fb24fe91307e74ac3cb,s6event-b4d059e23d9c8c95204a,1,SUPPORT_PULLBACK,FIRST_EVENT_PER_START,ARCHETYPE_TRIGGERED,14.86485,14.06592,STOP,-0.06096612,-1.01794,-90.625223,10.0,0.7322270000000001,0.028931
S6_EXEC_E3_COMBINED,2025-11-28,2025-12-03,2025-12-31,600737,中粮糖业,s6setup-3bee24a85bdaab6ae92d,s6event-643b9dff415413b9a430,1,SUPPORT_PULLBACK,FIRST_EVENT_PER_START,ARCHETYPE_TRIGGERED,17.17716,17.19279,MAX_HOLDING,-0.00543222,0.01723,-9.331011,10.0,0.894009,0.03437
S6_EXEC_E3_COMBINED,2025-12-01,2025-12-02,2025-12-15,002426,胜利精密,s6setup-6d3fcdb0125fc5a3bb2e,s6event-bc51ef012aecc5b312e7,1,SUPPORT_PULLBACK,FIRST_EVENT_PER_START,ARCHETYPE_TRIGGERED,3.61361,3.38661,STOP,-0.09097919,-1.01516,-32.876331,10.0,0.17633000000000001,0.007
S6_EXEC_E3_COMBINED,2025-12-01,2025-12-02,2025-12-16,601969,海南矿业,s6setup-ca9797effd3ab4993fd5,s6event-e3fd813d974925c5bccd,1,SUPPORT_PULLBACK,FIRST_EVENT_PER_START,ARCHETYPE_TRIGGERED,11.53152,10.45953,STOP,-0.1021062,-1.009863,-117.743969,10.0,0.544967,0.021991
S6_EXEC_E3_COMBINED,2025-12-03,2025-12-04,2025-12-05,000833,粤桂股份,s6setup-c7e1dcf42328ff372e2a,s6event-eaee97f62428e39ff3be,1,SUPPORT_PULLBACK,FIRST_EVENT_PER_START,ARCHETYPE_TRIGGERED,19.90989,19.05093,STOP,-0.048663,-1.022705,-96.887498,10.0,0.991507,0.038961
S6_EXEC_E3_COMBINED,2025-12-04,2025-12-05,,300390,天华新能,s6setup-febba4e8286185632756,s6event-3654a2cd11aed8df791b,1,SUPPORT_PULLBACK,FIRST_EVENT_PER_START,ARCHETYPE_TRIGGERED,49.86982,0.0,UNRESOLVED_NO_EXIT_BAR,0.0,0.0,0.0,0.0,0.0,0.0
S6_EXEC_E3_COMBINED,2025-12-18,2025-12-19,,688110,东芯股份,s6setup-a7bdb0fc119a26842f6a,s6event-e7d1f64351439187182c,1,SUPPORT_PULLBACK,FIRST_EVENT_PER_START,ARCHETYPE_TRIGGERED,118.118,0.0,UNRESOLVED_NO_EXIT_BAR,0.0,0.0,0.0,0.0,0.0,0.0
S6_EXEC_E3_COMBINED,2025-12-19,2025-12-23,2025-12-25,300131,英唐智控,s6setup-447cb6fa7b373adb8810,s6event-2f47de8724609ff76f0d,1,SUPPORT_PULLBACK,FIRST_EVENT_PER_START,ARCHETYPE_TRIGGERED,12.33232,15.17481,TARGET,0.22174477,3.542838,273.462746,10.0,0.7862469999999999,0.027507
S6_EXEC_E3_COMBINED,2025-12-19,2025-12-23,,300620,光库科技,s6setup-6da27825b7ecf0774d0d,s6event-b2bf43225bb892798859,1,SUPPORT_PULLBACK,FIRST_EVENT_PER_START,ARCHETYPE_TRIGGERED,157.26711,0.0,UNRESOLVED_NO_EXIT_BAR,0.0,0.0,0.0,0.0,0.0,0.0
S6_EXEC_E3_COMBINED,2025-12-23,2025-12-24,,002029,七 匹 狼,s6setup-0eba66d04ba807005d51,s6event-4a82a5e847912547a456,1,SUPPORT_PULLBACK,FIRST_EVENT_PER_START,ARCHETYPE_TRIGGERED,11.03102,0.0,UNRESOLVED_NO_EXIT_BAR,0.0,0.0,0.0,0.0,0.0,0.0
S6_EXEC_E3_COMBINED,2025-12-25,2025-12-26,2025-12-30,688313,仕佳光子,s6setup-b3e21472ed237276500b,s6event-81f4d89b77056eae5ed3,1,SUPPORT_PULLBACK,FIRST_EVENT_PER_START,ARCHETYPE_TRIGGERED,95.2952,87.67224,STOP_GAP,-0.08152169,-1.028018,-776.862575,10.0,4.566579,0.182967
S6_EXEC_E3_COMBINED,2025-12-26,2025-12-29,,001267,汇绿生态,s6setup-83b4984040abb1e38d25,s6event-c1c9da22fe9718ed15a0,1,SUPPORT_PULLBACK,FIRST_EVENT_PER_START,ARCHETYPE_TRIGGERED,21.27125,0.0,UNRESOLVED_NO_EXIT_BAR,0.0,0.0,0.0,0.0,0.0,0.0
S6_EXEC_E3_COMBINED,2025-12-30,2025-12-31,,002353,杰瑞股份,s6setup-e96d08e08af4d241ee72,s6event-ed61b45c4ee006143ab1,1,SUPPORT_PULLBACK,FIRST_EVENT_PER_START,ARCHETYPE_TRIGGERED,72.64257,0.0,UNRESOLVED_NO_EXIT_BAR,0.0,0.0,0.0,0.0,0.0,0.0
