audit_tags,brooks_setup_types,brooks_status,code,expire_date,fill_reason,multi_path_confirmed,order_id,parameter_set_id,passed_path_count,setup_id,signal_date,status,tail_path,tail_path_summary,tail_paths,tail_primary_path
[],[],BROOKS_CONTEXT_REJECT,000063,2025-09-16,FILLED_FROZEN_PLAN,False,s6order-458656066823b56ac3fc,s6ps-f03199f3e7189f9b,1,s6setup-2a2011176a13f3224d4c,2025-09-11,FILLED,BOX,BOX,"[""BOX""]",BOX
[],[],BROOKS_FAILED,000063,2025-10-30,CANCEL_OPEN_ABOVE_BUY_ZONE,False,s6order-244ce866c3da8295beaa,s6ps-f03199f3e7189f9b,1,s6setup-9c59ec914cec250db2fc,2025-10-27,CANCELLED,BOX,BOX,"[""BOX""]",BOX
[],[],BROOKS_CONTEXT_REJECT,000338,2025-11-28,CANCEL_OPEN_ABOVE_BUY_ZONE,False,s6order-e7ae64c43f1344ea04ec,s6ps-f03199f3e7189f9b,1,s6setup-7540ae0a7a3f5ceb9f3a,2025-11-25,CANCELLED,BOX,BOX,"[""BOX""]",BOX
[],"[""FAILED_BEAR_BREAKOUT""]",BROOKS_FAILED_BREAKOUT_READY,000426,2024-05-09,FILLED_FROZEN_PLAN,True,s6order-affc0f685c1db4bc3b91,s6ps-f03199f3e7189f9b,2,s6setup-d2447255d82b4e7de908,2024-05-06,FILLED,BOX,MULTI,"[""BOX"", ""BROOKS""]",BROOKS
[],[],BROOKS_FAILED,000426,2025-09-30,CANCEL_OPEN_ABOVE_BUY_ZONE,False,s6order-52b3f72328b5b2b449e2,s6ps-f03199f3e7189f9b,1,s6setup-fb9f1459e01656d3a6f2,2025-09-25,CANCELLED,BOX,BOX,"[""BOX""]",BOX
[],"[""BEAR_FOLLOW_THROUGH_FAILED""]",BROOKS_CONTEXT_REJECT,000510,2025-12-23,CANCEL_OPEN_ABOVE_BUY_ZONE,False,s6order-8efc7663301ac8bce243,s6ps-f03199f3e7189f9b,1,s6setup-e0e5cd45beeb94e21841,2025-12-18,CANCELLED,BOX,BOX,"[""BOX""]",BOX
[],"[""MICRO_DOUBLE_BOTTOM"", ""SECOND_ENTRY_LONG_READY"", ""FAILED_BEAR_BREAKOUT""]",BROOKS_CONTEXT_REJECT,000519,2025-07-17,FILLED_FROZEN_PLAN,False,s6order-eeee84175b1a8e1fc68c,s6ps-f03199f3e7189f9b,1,s6setup-d125da2ab6d89687d74c,2025-07-14,FILLED,BOX,BOX,"[""BOX""]",BOX
[],"[""FAILED_BEAR_BREAKOUT"", ""BEAR_FOLLOW_THROUGH_FAILED""]",BROOKS_CONTEXT_REJECT,000561,2025-09-04,FILLED_FROZEN_PLAN,False,s6order-acbe2abcbcc35c6a9f54,s6ps-f03199f3e7189f9b,1,s6setup-4e4bdb4f02b2642cc0dd,2025-09-01,FILLED,BOX,BOX,"[""BOX""]",BOX
[],"[""MICRO_DOUBLE_BOTTOM"", ""FAILED_BEAR_BREAKOUT""]",FAILED_BEAR_BREAKOUT,000630,2024-04-02,CANCEL_OPEN_ABOVE_BUY_ZONE,False,s6order-39d9ea895ff3ee4716d6,s6ps-f03199f3e7189f9b,1,s6setup-c91fd7b614b740b9d6bf,2024-03-28,CANCELLED,BOX,BOX,"[""BOX""]",BOX
[],"[""MICRO_DOUBLE_BOTTOM"", ""SECOND_ENTRY_LONG_READY"", ""FAILED_BEAR_BREAKOUT"", ""BEAR_FOLLOW_THROUGH_FAILED""]",SECOND_ENTRY_LONG_READY,000630,2025-10-29,CANCEL_OPEN_ABOVE_BUY_ZONE,True,s6order-f891ff40099ea234df9d,s6ps-f03199f3e7189f9b,2,s6setup-60d6fd6b2c2cbebf8e4f,2025-10-24,CANCELLED,BOTH,MULTI,"[""ORIGINAL"", ""BOX""]",ORIGINAL
[],"[""MICRO_DOUBLE_BOTTOM"", ""SECOND_ENTRY_LONG_READY"", ""FAILED_BEAR_BREAKOUT"", ""BEAR_FOLLOW_THROUGH_FAILED""]",SECOND_ENTRY_LONG_READY,000630,2025-10-30,CANCEL_OPEN_ABOVE_BUY_ZONE,True,s6order-376799d352189bf73176,s6ps-f03199f3e7189f9b,2,s6setup-8932d40eff99a7ea0742,2025-10-27,CANCELLED,BOTH,MULTI,"[""ORIGINAL"", ""BOX""]",ORIGINAL
[],"[""FAILED_BEAR_BREAKOUT""]",BROOKS_CONTEXT_REJECT,000722,2025-06-10,FILLED_FROZEN_PLAN,False,s6order-e758e808ca9fddd79904,s6ps-f03199f3e7189f9b,1,s6setup-73ae5bb71010ee426865,2025-06-05,FILLED,BOX,BOX,"[""BOX""]",BOX
[],[],BROOKS_CONTEXT_REJECT,000758,2025-08-12,CANCEL_OPEN_ABOVE_BUY_ZONE,False,s6order-57b4b268d193bc68b2e4,s6ps-f03199f3e7189f9b,1,s6setup-993b4afe570f8c7d2858,2025-08-07,CANCELLED,BOX,BOX,"[""BOX""]",BOX
[],"[""MICRO_DOUBLE_BOTTOM"", ""FAILED_BEAR_BREAKOUT""]",BROOKS_CONTEXT_REJECT,000766,2025-07-04,FILLED_FROZEN_PLAN,False,s6order-440158010835b75696fd,s6ps-f03199f3e7189f9b,1,s6setup-59623e563d0da8f46a90,2025-07-01,FILLED,BOX,BOX,"[""BOX""]",BOX
[],[],BROOKS_CONTEXT_REJECT,000768,2024-11-05,CANCEL_OPEN_ABOVE_BUY_ZONE,False,s6order-14516137765d509c3d82,s6ps-f03199f3e7189f9b,1,s6setup-bd4b5f1a5e26f455d992,2024-10-31,CANCELLED,BOX,BOX,"[""BOX""]",BOX
[],"[""MICRO_DOUBLE_BOTTOM"", ""SECOND_ENTRY_LONG_READY"", ""FAILED_BEAR_BREAKOUT"", ""BEAR_FOLLOW_THROUGH_FAILED""]",BROOKS_CONTEXT_REJECT,000777,2024-05-16,CANCEL_OPEN_ABOVE_BUY_ZONE,True,s6order-1f93be3ac74e0e31c52a,s6ps-f03199f3e7189f9b,2,s6setup-e8d29abdf82f10859d35,2024-05-13,CANCELLED,BOTH,MULTI,"[""ORIGINAL"", ""BOX""]",ORIGINAL
[],[],BROOKS_CONTEXT_REJECT,000777,2024-05-17,FILLED_FROZEN_PLAN,False,s6order-ae9ed6b83d8cb422ab3d,s6ps-f03199f3e7189f9b,1,s6setup-2d242922bc99ecab9776,2024-05-14,FILLED,BOX,BOX,"[""BOX""]",BOX
[],[],BROOKS_CONTEXT_REJECT,000796,2025-09-30,FILLED_FROZEN_PLAN,False,s6order-8690da9707b79df3df3d,s6ps-f03199f3e7189f9b,1,s6setup-bba77eab5c130632d0e3,2025-09-25,FILLED,BOX,BOX,"[""BOX""]",BOX
[],"[""MICRO_DOUBLE_BOTTOM"", ""FAILED_BEAR_BREAKOUT""]",FAILED_BEAR_BREAKOUT,000829,2024-11-19,CANCEL_OPEN_ABOVE_BUY_ZONE,True,s6order-f56034221f943f73df88,s6ps-f03199f3e7189f9b,2,s6setup-085cfe806f3931768d77,2024-11-14,CANCELLED,BOTH,MULTI,"[""ORIGINAL"", ""BOX""]",ORIGINAL
[],[],BROOKS_CONTEXT_REJECT,000830,2025-12-03,CANCEL_OPEN_ABOVE_BUY_ZONE,False,s6order-b640362bed86264a49ad,s6ps-f03199f3e7189f9b,1,s6setup-6fb24fe91307e74ac3cb,2025-11-28,CANCELLED,BOX,BOX,"[""BOX""]",BOX
[],[],BROOKS_CONTEXT_REJECT,000833,2025-12-08,FILLED_FROZEN_PLAN,False,s6order-845d2926731edab9102e,s6ps-f03199f3e7189f9b,1,s6setup-c7e1dcf42328ff372e2a,2025-12-03,FILLED,BOX,BOX,"[""BOX""]",BOX
[],"[""BEAR_FOLLOW_THROUGH_FAILED""]",BROOKS_CONTEXT_REJECT,000859,2025-06-12,FILLED_FROZEN_PLAN,True,s6order-fc854cb8adc01ca1309e,s6ps-f03199f3e7189f9b,2,s6setup-1f3480720eb9c5570b71,2025-06-09,FILLED,BOTH,MULTI,"[""ORIGINAL"", ""BOX""]",ORIGINAL
[],"[""MICRO_DOUBLE_BOTTOM"", ""SECOND_ENTRY_LONG_READY"", ""FAILED_BEAR_BREAKOUT"", ""ORDERLY_COMPRESSION_AT_SUPPORT""]",BROOKS_SUPPORT_READY,000876,2025-04-25,FILLED_FROZEN_PLAN,True,s6order-058d927f40ad263944ea,s6ps-f03199f3e7189f9b,2,s6setup-76e1598d90c3acec1fdc,2025-04-22,FILLED,BOX,MULTI,"[""BOX"", ""BROOKS""]",BROOKS
[],[],BROOKS_FAILED,000878,2025-10-29,CANCEL_OPEN_ABOVE_BUY_ZONE,False,s6order-c07c34d992cc5bab9b84,s6ps-f03199f3e7189f9b,1,s6setup-b188f38397ff23ca20f3,2025-10-24,CANCELLED,BOX,BOX,"[""BOX""]",BOX
[],[],BROOKS_FAILED,000878,2025-10-30,FILLED_FROZEN_PLAN,False,s6order-2c8fefc0806bbdb02dc6,s6ps-f03199f3e7189f9b,1,s6setup-c4676972ef6a87215a47,2025-10-27,FILLED,BOX,BOX,"[""BOX""]",BOX
[],"[""FAILED_BEAR_BREAKOUT"", ""BEAR_FOLLOW_THROUGH_FAILED""]",FAILED_BEAR_BREAKOUT,000887,2025-09-16,CANCEL_OPEN_ABOVE_BUY_ZONE,True,s6order-9509873f3ee0147fcb79,s6ps-f03199f3e7189f9b,2,s6setup-713d8c6af9bd6e72126e,2025-09-11,CANCELLED,BOTH,MULTI,"[""ORIGINAL"", ""BOX""]",ORIGINAL
[],[],BROOKS_FAILED,000892,2025-11-20,CANCEL_OPEN_ABOVE_BUY_ZONE,False,s6order-d767ddf4a534892dd4b8,s6ps-f03199f3e7189f9b,1,s6setup-1c1f7a036cb2a694a431,2025-11-17,CANCELLED,BOX,BOX,"[""BOX""]",BOX
[],[],BROOKS_CONTEXT_REJECT,000901,2025-09-01,FILLED_FROZEN_PLAN,False,s6order-7163ec4e034469537ac3,s6ps-f03199f3e7189f9b,1,s6setup-91fdaaeb5fd78ee71f25,2025-08-27,FILLED,BOX,BOX,"[""BOX""]",BOX
[],"[""MICRO_DOUBLE_BOTTOM"", ""SECOND_ENTRY_LONG_READY"", ""FAILED_BEAR_BREAKOUT""]",SECOND_ENTRY_LONG_READY,000932,2025-08-11,CANCEL_OPEN_ABOVE_BUY_ZONE,False,s6order-8a571fc82de83846f43a,s6ps-f03199f3e7189f9b,1,s6setup-e112473ba7fccbb736ed,2025-08-06,CANCELLED,BOX,BOX,"[""BOX""]",BOX
[],"[""FAILED_BEAR_BREAKOUT""]",FAILED_BEAR_BREAKOUT,000933,2024-06-04,CANCEL_OPEN_ABOVE_BUY_ZONE,True,s6order-81936d8fc382aafaa941,s6ps-f03199f3e7189f9b,2,s6setup-7e67e50667dcc64f113d,2024-05-30,CANCELLED,BOTH,MULTI,"[""ORIGINAL"", ""BOX""]",ORIGINAL
[],[],BROOKS_FAILED,000948,2025-03-13,FILLED_FROZEN_PLAN,False,s6order-133f075647889790bd60,s6ps-f03199f3e7189f9b,1,s6setup-bf5fe9b2633a0e197b51,2025-03-10,FILLED,BOX,BOX,"[""BOX""]",BOX
[],"[""FAILED_BEAR_BREAKOUT""]",FAILED_BEAR_BREAKOUT,000962,2025-09-24,CANCEL_OPEN_ABOVE_BUY_ZONE,False,s6order-07f624b25d6503f1287d,s6ps-f03199f3e7189f9b,1,s6setup-9e5c6168d65ef4ca8426,2025-09-19,CANCELLED,BOX,BOX,"[""BOX""]",BOX
[],[],BROOKS_CONTEXT_REJECT,000980,2025-11-06,CANCEL_OPEN_ABOVE_BUY_ZONE,False,s6order-33bc923c0a9c51501ae2,s6ps-f03199f3e7189f9b,1,s6setup-0d0158e532de8c412535,2025-11-03,CANCELLED,BOX,BOX,"[""BOX""]",BOX
[],[],COMPACT_BEARISH_REJECT,000989,2025-08-01,CANCEL_OPEN_ABOVE_BUY_ZONE,False,s6order-02535433bea384ce5c6c,s6ps-f03199f3e7189f9b,1,s6setup-d71494a0ad33658203ce,2025-07-29,CANCELLED,BOX,BOX,"[""BOX""]",BOX
[],"[""FAILED_BEAR_BREAKOUT""]",FAILED_BEAR_BREAKOUT,000997,2025-04-09,CANCEL_OPEN_BELOW_BUY_ZONE,True,s6order-f670b024a9e9b9fdbcd9,s6ps-f03199f3e7189f9b,2,s6setup-1e2d25294585f6e19ab8,2025-04-03,CANCELLED,BOTH,MULTI,"[""ORIGINAL"", ""BOX""]",ORIGINAL
[],"[""FAILED_BEAR_BREAKOUT"", ""BEAR_FOLLOW_THROUGH_FAILED""]",FAILED_BEAR_BREAKOUT,001212,2025-05-14,CANCEL_OPEN_ABOVE_BUY_ZONE,False,s6order-29b2ecb7bc9987dd8726,s6ps-f03199f3e7189f9b,1,s6setup-3d692b717827051456f1,2025-05-09,CANCELLED,BOX,BOX,"[""BOX""]",BOX
[],"[""MICRO_DOUBLE_BOTTOM"", ""SECOND_ENTRY_LONG_READY"", ""FAILED_BEAR_BREAKOUT""]",BROOKS_CONTEXT_REJECT,001267,2025-12-31,CANCEL_OPEN_ABOVE_BUY_ZONE,False,s6order-4202c9a6bc11f2967692,s6ps-f03199f3e7189f9b,1,s6setup-83b4984040abb1e38d25,2025-12-26,CANCELLED,BOX,BOX,"[""BOX""]",BOX
[],"[""MICRO_DOUBLE_BOTTOM"", ""SECOND_ENTRY_LONG_READY"", ""FAILED_BEAR_BREAKOUT""]",BROOKS_CONTEXT_REJECT,001267,2025-12-31,FILLED_FROZEN_PLAN,True,s6order-deed373eaa98f8cc0fe2,s6ps-f03199f3e7189f9b,2,s6setup-223e50ba051c0a8871db,2025-12-29,FILLED,BOTH,MULTI,"[""ORIGINAL"", ""BOX""]",ORIGINAL
[],"[""MICRO_DOUBLE_BOTTOM"", ""SECOND_ENTRY_LONG_READY"", ""FAILED_BEAR_BREAKOUT""]",BROOKS_CONTEXT_REJECT,001267,2025-12-31,CANCEL_OPEN_ABOVE_BUY_ZONE,True,s6order-01f355237a17b80be7a2,s6ps-f03199f3e7189f9b,2,s6setup-c72ee24097cfb90caf7f,2025-12-30,CANCELLED,BOTH,MULTI,"[""ORIGINAL"", ""BOX""]",ORIGINAL
[],"[""FAILED_BEAR_BREAKOUT""]",FAILED_BEAR_BREAKOUT,001287,2025-11-13,CANCEL_OPEN_ABOVE_BUY_ZONE,False,s6order-3da968808a5aa0e7f3cf,s6ps-f03199f3e7189f9b,1,s6setup-8400bd32af8d497f3733,2025-11-10,CANCELLED,BOX,BOX,"[""BOX""]",BOX
[],"[""MICRO_DOUBLE_BOTTOM"", ""FAILED_BEAR_BREAKOUT""]",BROOKS_FAILED_BREAKOUT_READY,001287,2025-11-14,FILLED_FROZEN_PLAN,True,s6order-37189cc0bd6e2a118f10,s6ps-f03199f3e7189f9b,2,s6setup-0ef40d7278ce749ab26a,2025-11-11,FILLED,BOX,MULTI,"[""BOX"", ""BROOKS""]",BROOKS
[],"[""FAILED_BEAR_BREAKOUT""]",FAILED_BEAR_BREAKOUT,001309,2025-03-19,CANCEL_OPEN_ABOVE_BUY_ZONE,False,s6order-d6efa4b2d3a050494086,s6ps-f03199f3e7189f9b,1,s6setup-65cc2cee22d5d9c46cf7,2025-03-14,CANCELLED,BOX,BOX,"[""BOX""]",BOX
[],"[""FAILED_BEAR_BREAKOUT""]",FAILED_BEAR_BREAKOUT,002008,2025-10-14,FILLED_FROZEN_PLAN,False,s6order-401e12384e86b8ce2ae7,s6ps-f03199f3e7189f9b,1,s6setup-c41cf311890f660da644,2025-10-09,FILLED,BOX,BOX,"[""BOX""]",BOX
[],[],BROOKS_FAILED,002020,2025-08-29,CANCEL_OPEN_ABOVE_BUY_ZONE,False,s6order-633c831b2ba2289e4de6,s6ps-f03199f3e7189f9b,1,s6setup-735a7477be0fea18fc9c,2025-08-26,CANCELLED,BOX,BOX,"[""BOX""]",BOX
[],[],BROOKS_CONTEXT_REJECT,002028,2025-11-25,FILLED_FROZEN_PLAN,False,s6order-578c6b5f23e4981bc633,s6ps-f03199f3e7189f9b,1,s6setup-015b9fc1c4e7060fe9ee,2025-11-20,FILLED,BOX,BOX,"[""BOX""]",BOX
[],[],BROOKS_CONTEXT_REJECT,002028,2025-11-28,CANCEL_OPEN_ABOVE_BUY_ZONE,False,s6order-9cb315c531386c372403,s6ps-f03199f3e7189f9b,1,s6setup-41b6ce58c8d1e6c622c3,2025-11-25,CANCELLED,BOX,BOX,"[""BOX""]",BOX
[],[],BROOKS_FAILED,002029,2025-12-26,FILLED_FROZEN_PLAN,False,s6order-9c9c7d4659654c39e18c,s6ps-f03199f3e7189f9b,1,s6setup-0eba66d04ba807005d51,2025-12-23,FILLED,BOX,BOX,"[""BOX""]",BOX
[],"[""BEAR_FOLLOW_THROUGH_FAILED""]",BROOKS_CONTEXT_REJECT,002036,2025-03-07,CANCEL_OPEN_ABOVE_BUY_ZONE,False,s6order-73ff858e6036a22aa73b,s6ps-f03199f3e7189f9b,1,s6setup-cfc0e0c32a83cacd1e5f,2025-03-04,CANCELLED,BOX,BOX,"[""BOX""]",BOX
[],"[""MICRO_DOUBLE_BOTTOM"", ""FAILED_BEAR_BREAKOUT"", ""ORDERLY_COMPRESSION_AT_SUPPORT""]",BROOKS_FAILED_BREAKOUT_READY,002048,2025-07-29,CANCEL_OPEN_ABOVE_BUY_ZONE,True,s6order-01bb8aa9816bb2a14e0c,s6ps-f03199f3e7189f9b,3,s6setup-f5421e73dd4081027fbf,2025-07-24,CANCELLED,BOTH,MULTI,"[""ORIGINAL"", ""BOX"", ""BROOKS""]",ORIGINAL
[],"[""MICRO_DOUBLE_BOTTOM"", ""SECOND_ENTRY_LONG_READY"", ""FAILED_BEAR_BREAKOUT""]",SECOND_ENTRY_LONG_READY,002062,2025-09-18,CANCEL_OPEN_ABOVE_BUY_ZONE,True,s6order-a33a1bb2d022774e496f,s6ps-f03199f3e7189f9b,2,s6setup-84f992301aabeed207c7,2025-09-15,CANCELLED,BOTH,MULTI,"[""ORIGINAL"", ""BOX""]",ORIGINAL
[],"[""FAILED_BEAR_BREAKOUT""]",BROOKS_CONTEXT_REJECT,002074,2025-06-10,CANCEL_OPEN_ABOVE_BUY_ZONE,False,s6order-a04a56a5838254ee59e5,s6ps-f03199f3e7189f9b,1,s6setup-b0a14cf7e8cfe9e8e6dc,2025-06-05,CANCELLED,BOX,BOX,"[""BOX""]",BOX
[],"[""MICRO_DOUBLE_BOTTOM"", ""SECOND_ENTRY_LONG_READY"", ""FAILED_BEAR_BREAKOUT""]",BROOKS_CONTEXT_REJECT,002074,2025-07-16,CANCEL_OPEN_ABOVE_BUY_ZONE,False,s6order-809a154b44e4d640dcb7,s6ps-f03199f3e7189f9b,1,s6setup-2ca32ff829370255b97d,2025-07-11,CANCELLED,BOX,BOX,"[""BOX""]",BOX
[],[],COMPACT_BEARISH_REJECT,002074,2025-09-29,CANCEL_OPEN_ABOVE_BUY_ZONE,False,s6order-b580df0320f08b4bec2b,s6ps-f03199f3e7189f9b,1,s6setup-ddd242a85968b864c223,2025-09-24,CANCELLED,BOX,BOX,"[""BOX""]",BOX
[],"[""FAILED_BEAR_BREAKOUT"", ""BEAR_FOLLOW_THROUGH_FAILED""]",BROOKS_CONTEXT_REJECT,002074,2025-10-10,CANCEL_OPEN_ABOVE_BUY_ZONE,False,s6order-f74c709836dae37aa88c,s6ps-f03199f3e7189f9b,1,s6setup-4e0d8a63acdc01f12ff1,2025-09-29,CANCELLED,BOX,BOX,"[""BOX""]",BOX
[],"[""FAILED_BEAR_BREAKOUT"", ""BEAR_FOLLOW_THROUGH_FAILED""]",BROOKS_CONTEXT_REJECT,002074,2025-10-13,CANCEL_OPEN_ABOVE_BUY_ZONE,False,s6order-358920354e618bd2c59e,s6ps-f03199f3e7189f9b,1,s6setup-22f3945be4f6dee4012f,2025-09-30,CANCELLED,BOX,BOX,"[""BOX""]",BOX
[],[],BROOKS_FAILED,002108,2025-12-05,CANCEL_OPEN_ABOVE_BUY_ZONE,False,s6order-6a55654ee48feb81dcd0,s6ps-f03199f3e7189f9b,1,s6setup-99d281ed96633fc2934b,2025-12-02,CANCELLED,BOX,BOX,"[""BOX""]",BOX
[],[],BROOKS_CONTEXT_REJECT,002119,2025-02-13,CANCEL_OPEN_ABOVE_BUY_ZONE,False,s6order-8450d16598dcedd92bdb,s6ps-f03199f3e7189f9b,1,s6setup-0128d555faa09eeebb8f,2025-02-10,CANCELLED,BOX,BOX,"[""BOX""]",BOX
[],"[""FAILED_BEAR_BREAKOUT""]",BROOKS_CONTEXT_REJECT,002119,2025-02-14,FILLED_FROZEN_PLAN,True,s6order-1814857f054bbe7fa00f,s6ps-f03199f3e7189f9b,2,s6setup-ee83bf34d16fd61dbe6e,2025-02-11,FILLED,BOTH,MULTI,"[""ORIGINAL"", ""BOX""]",ORIGINAL
[],"[""MICRO_DOUBLE_BOTTOM"", ""FAILED_BEAR_BREAKOUT""]",BROOKS_CONTEXT_REJECT,002121,2025-08-06,CANCEL_OPEN_ABOVE_BUY_ZONE,True,s6order-10dd407bf513a691a1ac,s6ps-f03199f3e7189f9b,2,s6setup-7c504b256b2719dc9fca,2025-08-01,CANCELLED,BOTH,MULTI,"[""ORIGINAL"", ""BOX""]",ORIGINAL
[],"[""BEAR_FOLLOW_THROUGH_FAILED""]",BROOKS_CONTEXT_REJECT,002125,2025-07-17,FILLED_FROZEN_PLAN,False,s6order-ef9750a52f220a6f2713,s6ps-f03199f3e7189f9b,1,s6setup-7e75682ebabd402c55ab,2025-07-14,FILLED,BOX,BOX,"[""BOX""]",BOX
[],"[""BEAR_FOLLOW_THROUGH_FAILED""]",BROOKS_FAILED,002130,2024-11-11,FILLED_FROZEN_PLAN,False,s6order-9fcd253efc9668165974,s6ps-f03199f3e7189f9b,1,s6setup-b3bfe3b0c2577df77662,2024-11-06,FILLED,BOX,BOX,"[""BOX""]",BOX
[],"[""BEAR_FOLLOW_THROUGH_FAILED""]",BROOKS_FAILED,002130,2024-11-12,FILLED_FROZEN_PLAN,False,s6order-dc3f1c676f72d8c48e06,s6ps-f03199f3e7189f9b,1,s6setup-601520cd7eade1a86625,2024-11-07,FILLED,BOX,BOX,"[""BOX""]",BOX
[],"[""BEAR_FOLLOW_THROUGH_FAILED""]",BROOKS_FAILED,002130,2024-11-13,FILLED_FROZEN_PLAN,False,s6order-1410feac7a6aab406360,s6ps-f03199f3e7189f9b,1,s6setup-0ea994a0114ea261040e,2024-11-08,FILLED,BOX,BOX,"[""BOX""]",BOX
[],"[""BEAR_FOLLOW_THROUGH_FAILED""]",BROOKS_FAILED,002130,2024-11-14,FILLED_FROZEN_PLAN,False,s6order-0cc96615c221423843ed,s6ps-f03199f3e7189f9b,1,s6setup-3dc4536bdb7bfa83e949,2024-11-11,FILLED,BOX,BOX,"[""BOX""]",BOX
[],"[""BEAR_FOLLOW_THROUGH_FAILED""]",BROOKS_CONTEXT_REJECT,002139,2024-12-27,CANCEL_OPEN_ABOVE_BUY_ZONE,False,s6order-545b8f703f5ec44ee206,s6ps-f03199f3e7189f9b,1,s6setup-fd1e90188568d41c4d76,2024-12-24,CANCELLED,BOX,BOX,"[""BOX""]",BOX
[],"[""FAILED_BEAR_BREAKOUT""]",FAILED_BEAR_BREAKOUT,002139,2025-03-19,FILLED_FROZEN_PLAN,False,s6order-8d62907f97c9beb34f3e,s6ps-f03199f3e7189f9b,1,s6setup-a395f4053d44b2b95a38,2025-03-14,FILLED,BOX,BOX,"[""BOX""]",BOX
[],"[""MICRO_DOUBLE_BOTTOM"", ""FAILED_BEAR_BREAKOUT"", ""BEAR_FOLLOW_THROUGH_FAILED""]",FAILED_BEAR_BREAKOUT,002142,2024-10-28,CANCEL_OPEN_ABOVE_BUY_ZONE,True,s6order-f20d4ad603212a318c9e,s6ps-f03199f3e7189f9b,2,s6setup-97cfe18a693f17ebc4f6,2024-10-23,CANCELLED,ORIGINAL,MULTI,"[""ORIGINAL"", ""BROOKS""]",ORIGINAL
[],"[""FAILED_BEAR_BREAKOUT""]",FAILED_BEAR_BREAKOUT,002142,2024-10-29,CANCEL_OPEN_ABOVE_BUY_ZONE,True,s6order-95c2e9d3ba73b3f992c1,s6ps-f03199f3e7189f9b,3,s6setup-1e29f4e0d840d2523b33,2024-10-24,CANCELLED,BOTH,MULTI,"[""ORIGINAL"", ""BOX"", ""BROOKS""]",ORIGINAL
[],"[""FAILED_BEAR_BREAKOUT""]",BROOKS_BREAKOUT_READY,002142,2024-10-30,CANCEL_OPEN_ABOVE_BUY_ZONE,True,s6order-3658be3263cd58d217d3,s6ps-f03199f3e7189f9b,3,s6setup-502a5dcb540786350afb,2024-10-25,CANCELLED,BOTH,MULTI,"[""ORIGINAL"", ""BOX"", ""BROOKS""]",ORIGINAL
[],"[""MICRO_DOUBLE_BOTTOM"", ""SECOND_ENTRY_LONG_READY"", ""FAILED_BEAR_BREAKOUT""]",SECOND_ENTRY_LONG_READY,002145,2025-09-19,CANCEL_OPEN_ABOVE_BUY_ZONE,True,s6order-52c9799aba750d858130,s6ps-f03199f3e7189f9b,3,s6setup-e61dd12f1f218d763053,2025-09-16,CANCELLED,BOTH,MULTI,"[""ORIGINAL"", ""BOX"", ""BROOKS""]",ORIGINAL
[],"[""BEAR_FOLLOW_THROUGH_FAILED""]",BROOKS_CONTEXT_REJECT,002150,2025-10-27,FILLED_FROZEN_PLAN,False,s6order-193132db8069c93822b7,s6ps-f03199f3e7189f9b,1,s6setup-a0fd6d6bec6aad7bcb7a,2025-10-22,FILLED,BOX,BOX,"[""BOX""]",BOX
[],"[""MICRO_DOUBLE_BOTTOM"", ""FAILED_BEAR_BREAKOUT""]",BROOKS_CONTEXT_REJECT,002150,2025-10-28,CANCEL_OPEN_ABOVE_BUY_ZONE,False,s6order-eea826e4b79bedfccceb,s6ps-f03199f3e7189f9b,1,s6setup-cddeebd3a9b6141abbcd,2025-10-23,CANCELLED,BOX,BOX,"[""BOX""]",BOX
[],"[""MICRO_DOUBLE_BOTTOM"", ""FAILED_BEAR_BREAKOUT""]",BROOKS_FAILED_BREAKOUT_READY,002152,2025-03-17,CANCEL_OPEN_ABOVE_BUY_ZONE,True,s6order-00e4f5a56b7e08534e37,s6ps-f03199f3e7189f9b,2,s6setup-1a652941f4d2ba4d952d,2025-03-12,CANCELLED,BOX,MULTI,"[""BOX"", ""BROOKS""]",BROOKS
[],[],BROOKS_CONTEXT_REJECT,002156,2025-10-29,CANCEL_OPEN_ABOVE_BUY_ZONE,False,s6order-8973ea33a59db7fc5b57,s6ps-f03199f3e7189f9b,1,s6setup-8f05572f8470a60dffd7,2025-10-24,CANCELLED,ORIGINAL,ORIGINAL,"[""ORIGINAL""]",ORIGINAL
[],[],BROOKS_CONTEXT_REJECT,002156,2025-10-30,CANCEL_OPEN_ABOVE_BUY_ZONE,False,s6order-c7ba816056751935f38c,s6ps-f03199f3e7189f9b,1,s6setup-e176d00e2386a8951895,2025-10-27,CANCELLED,BOX,BOX,"[""BOX""]",BOX
[],[],BROOKS_CONTEXT_REJECT,002167,2025-08-07,CANCEL_OPEN_ABOVE_BUY_ZONE,False,s6order-f3ee7b5982e5fed1c1ac,s6ps-f03199f3e7189f9b,1,s6setup-2db78dd56c59ceb70947,2025-08-04,CANCELLED,BOX,BOX,"[""BOX""]",BOX
[],[],COMPACT_BEARISH_REJECT,002167,2025-08-11,CANCEL_OPEN_ABOVE_BUY_ZONE,False,s6order-eaac8f593aa555d3e5c4,s6ps-f03199f3e7189f9b,1,s6setup-85f6927b89a425123231,2025-08-06,CANCELLED,BOX,BOX,"[""BOX""]",BOX
[],"[""MICRO_DOUBLE_BOTTOM"", ""FAILED_BEAR_BREAKOUT""]",BROOKS_CONTEXT_REJECT,002167,2025-08-12,CANCEL_OPEN_ABOVE_BUY_ZONE,True,s6order-bf1da4e3260e5ad0a558,s6ps-f03199f3e7189f9b,2,s6setup-ba567dd5684552a75a60,2025-08-07,CANCELLED,BOTH,MULTI,"[""ORIGINAL"", ""BOX""]",ORIGINAL
[],[],BROOKS_CONTEXT_REJECT,002171,2025-11-11,CANCEL_OPEN_ABOVE_BUY_ZONE,False,s6order-0a108fc45e1f921ce62e,s6ps-f03199f3e7189f9b,1,s6setup-e055314d6892b431c9f1,2025-11-06,CANCELLED,BOX,BOX,"[""BOX""]",BOX
[],"[""BEAR_FOLLOW_THROUGH_FAILED""]",BROOKS_CONTEXT_REJECT,002171,2025-11-14,CANCEL_OPEN_ABOVE_BUY_ZONE,False,s6order-6fdba249a223c1588335,s6ps-f03199f3e7189f9b,1,s6setup-d1f1a0f12a210c1396a4,2025-11-11,CANCELLED,BOX,BOX,"[""BOX""]",BOX
[],[],BROOKS_CONTEXT_REJECT,002173,2025-09-02,CANCEL_OPEN_ABOVE_BUY_ZONE,False,s6order-28716dfbff2ec2441de9,s6ps-f03199f3e7189f9b,1,s6setup-34f9db971598aff4b345,2025-08-28,CANCELLED,BOX,BOX,"[""BOX""]",BOX
[],"[""MICRO_DOUBLE_BOTTOM"", ""FAILED_BEAR_BREAKOUT""]",FAILED_BEAR_BREAKOUT,002174,2025-06-18,CANCEL_OPEN_ABOVE_BUY_ZONE,True,s6order-2fa490518ad9069d4b1f,s6ps-f03199f3e7189f9b,2,s6setup-efb966241fd1357193be,2025-06-13,CANCELLED,BOX,MULTI,"[""BOX"", ""BROOKS""]",BROOKS
[],"[""FAILED_BEAR_BREAKOUT"", ""ORDERLY_COMPRESSION_AT_SUPPORT""]",FAILED_BEAR_BREAKOUT,002174,2025-06-19,CANCEL_OPEN_ABOVE_BUY_ZONE,False,s6order-1603c3c91935ef66b1e2,s6ps-f03199f3e7189f9b,1,s6setup-fcdaa609d9c430fa4491,2025-06-16,CANCELLED,BOX,BOX,"[""BOX""]",BOX
[],"[""FAILED_BEAR_BREAKOUT""]",BROOKS_CONTEXT_REJECT,002176,2025-10-13,CANCEL_OPEN_ABOVE_BUY_ZONE,True,s6order-99d7cc5d23812e9ca389,s6ps-f03199f3e7189f9b,2,s6setup-6b6ff969af11dd8937ab,2025-09-30,CANCELLED,BOTH,MULTI,"[""ORIGINAL"", ""BOX""]",ORIGINAL
[],"[""FAILED_BEAR_BREAKOUT""]",BROOKS_FAILED_BREAKOUT_READY,002176,2025-10-15,CANCEL_OPEN_BELOW_BUY_ZONE,True,s6order-c77c34b102108767957a,s6ps-f03199f3e7189f9b,3,s6setup-b1b5adfd7a0f4fe905f7,2025-10-10,CANCELLED,BOTH,MULTI,"[""ORIGINAL"", ""BOX"", ""BROOKS""]",BROOKS
[],"[""MICRO_DOUBLE_BOTTOM"", ""SECOND_ENTRY_LONG_READY"", ""FAILED_BEAR_BREAKOUT""]",BROOKS_SUPPORT_READY,002182,2025-10-14,CANCEL_OPEN_ABOVE_BUY_ZONE,True,s6order-6b0dc3d309bc900d6326,s6ps-f03199f3e7189f9b,2,s6setup-cf3d675d3aee8f032232,2025-10-09,CANCELLED,BOX,MULTI,"[""BOX"", ""BROOKS""]",BROOKS
[],"[""MICRO_DOUBLE_BOTTOM"", ""SECOND_ENTRY_LONG_READY"", ""FAILED_BEAR_BREAKOUT""]",BROOKS_CONTEXT_REJECT,002183,2025-10-13,CANCEL_OPEN_ABOVE_BUY_ZONE,False,s6order-e7120fa5cf8f26291119,s6ps-f03199f3e7189f9b,1,s6setup-c1dded25a893939cb221,2025-09-30,CANCELLED,BOX,BOX,"[""BOX""]",BOX
[],"[""FAILED_BEAR_BREAKOUT""]",BROOKS_FAILED_BREAKOUT_READY,002189,2025-07-24,FILLED_FROZEN_PLAN,True,s6order-dedce0e2385c2e5ce0eb,s6ps-f03199f3e7189f9b,2,s6setup-04e5a63a128999110382,2025-07-21,FILLED,BOX,MULTI,"[""BOX"", ""BROOKS""]",BROOKS
[],"[""ORDERLY_COMPRESSION_AT_SUPPORT""]",ORDERLY_COMPRESSION_AT_SUPPORT,002194,2024-12-16,FILLED_FROZEN_PLAN,True,s6order-20782726d073fcfa5196,s6ps-f03199f3e7189f9b,2,s6setup-3612f5ac72a5762c6014,2024-12-11,FILLED,BOTH,MULTI,"[""ORIGINAL"", ""BOX""]",ORIGINAL
[],[],BROOKS_FAILED,002210,2025-07-21,FILLED_FROZEN_PLAN,False,s6order-90e72895c2afef31da2f,s6ps-f03199f3e7189f9b,1,s6setup-3c527aa803492bc46e6e,2025-07-16,FILLED,BOX,BOX,"[""BOX""]",BOX
[],[],BROOKS_CONTEXT_REJECT,002210,2025-10-22,CANCEL_OPEN_ABOVE_BUY_ZONE,True,s6order-749c2e7bbc4b51c4061e,s6ps-f03199f3e7189f9b,2,s6setup-7157d5833e9cba4d9d1b,2025-10-17,CANCELLED,BOTH,MULTI,"[""ORIGINAL"", ""BOX""]",ORIGINAL
[],[],BROOKS_CONTEXT_REJECT,002212,2025-09-17,CANCEL_OPEN_ABOVE_BUY_ZONE,True,s6order-a7aafb6556f7d4e4cd1d,s6ps-f03199f3e7189f9b,2,s6setup-a8f6370a9b42a2234e28,2025-09-12,CANCELLED,BOTH,MULTI,"[""ORIGINAL"", ""BOX""]",ORIGINAL
[],"[""MICRO_DOUBLE_BOTTOM"", ""FAILED_BEAR_BREAKOUT""]",BROOKS_CONTEXT_REJECT,002215,2025-06-19,FILLED_FROZEN_PLAN,False,s6order-4915431752a0062c0087,s6ps-f03199f3e7189f9b,1,s6setup-3ec37812310d180bb5c5,2025-06-16,FILLED,BOX,BOX,"[""BOX""]",BOX
[],"[""FAILED_BEAR_BREAKOUT""]",FAILED_BEAR_BREAKOUT,002241,2024-12-10,CANCEL_OPEN_ABOVE_BUY_ZONE,True,s6order-fb6c0ef931a142e1827b,s6ps-f03199f3e7189f9b,3,s6setup-c8f06de1d14a601c92f2,2024-12-05,CANCELLED,BOTH,MULTI,"[""ORIGINAL"", ""BOX"", ""BROOKS""]",ORIGINAL
[],"[""FAILED_BEAR_BREAKOUT""]",BROOKS_CONTEXT_REJECT,002245,2024-12-12,CANCEL_OPEN_ABOVE_BUY_ZONE,True,s6order-fb0eaf01ad3fd1c2de88,s6ps-f03199f3e7189f9b,2,s6setup-7cfb7c6ade0dd98f80b1,2024-12-09,CANCELLED,BOTH,MULTI,"[""ORIGINAL"", ""BOX""]",ORIGINAL
[],"[""MICRO_DOUBLE_BOTTOM"", ""FAILED_BEAR_BREAKOUT""]",BROOKS_CONTEXT_REJECT,002245,2024-12-13,FILLED_FROZEN_PLAN,True,s6order-8a5bf7a70cfe59cf3be3,s6ps-f03199f3e7189f9b,2,s6setup-bb09aca5ea8ef855f0f4,2024-12-10,FILLED,BOTH,MULTI,"[""ORIGINAL"", ""BOX""]",ORIGINAL
[],"[""FAILED_BEAR_BREAKOUT"", ""BEAR_FOLLOW_THROUGH_FAILED""]",BROOKS_CONTEXT_REJECT,002249,2025-09-12,CANCEL_OPEN_ABOVE_BUY_ZONE,False,s6order-ec4e34a1b22148bddf0a,s6ps-f03199f3e7189f9b,1,s6setup-9fc5786185f683e6c331,2025-09-09,CANCELLED,BOX,BOX,"[""BOX""]",BOX
[],"[""BEAR_FOLLOW_THROUGH_FAILED""]",BROOKS_CONTEXT_REJECT,002249,2025-10-23,CANCEL_OPEN_ABOVE_BUY_ZONE,False,s6order-87cde6793cbaab6038d3,s6ps-f03199f3e7189f9b,1,s6setup-a65b62c2e98f9ab6f8f2,2025-10-20,CANCELLED,BOX,BOX,"[""BOX""]",BOX
[],"[""FAILED_BEAR_BREAKOUT"", ""BEAR_FOLLOW_THROUGH_FAILED""]",BROOKS_CONTEXT_REJECT,002249,2025-10-24,CANCEL_OPEN_ABOVE_BUY_ZONE,False,s6order-ca6cec2f4718c8be866e,s6ps-f03199f3e7189f9b,1,s6setup-223a945d2479dceaccc4,2025-10-21,CANCELLED,BOX,BOX,"[""BOX""]",BOX
[],[],COMPACT_BEARISH_REJECT,002266,2025-08-11,FILLED_FROZEN_PLAN,False,s6order-4d9a21d8e88d1aea7caa,s6ps-f03199f3e7189f9b,1,s6setup-4cab1a9a8619d98012cf,2025-08-06,FILLED,BOX,BOX,"[""BOX""]",BOX
[],"[""BEAR_FOLLOW_THROUGH_FAILED""]",BROOKS_CONTEXT_REJECT,002273,2024-11-22,CANCEL_OPEN_ABOVE_BUY_ZONE,False,s6order-bf817ede688959390ca5,s6ps-f03199f3e7189f9b,1,s6setup-5be11763ef3d6bd00c66,2024-11-19,CANCELLED,BOX,BOX,"[""BOX""]",BOX
[],"[""BEAR_FOLLOW_THROUGH_FAILED""]",BROOKS_CONTEXT_REJECT,002273,2024-11-26,FILLED_FROZEN_PLAN,False,s6order-db3a15ce3f178dd66bd7,s6ps-f03199f3e7189f9b,1,s6setup-52ee156bbd13078c93bf,2024-11-21,FILLED,BOX,BOX,"[""BOX""]",BOX
[],[],BROOKS_CONTEXT_REJECT,002281,2024-11-21,CANCEL_OPEN_ABOVE_BUY_ZONE,False,s6order-ada2242b4cd772b4fddc,s6ps-f03199f3e7189f9b,1,s6setup-b8d2a449d0045b5a5ce1,2024-11-18,CANCELLED,BOX,BOX,"[""BOX""]",BOX
[],[],BROOKS_CONTEXT_REJECT,002281,2024-11-25,CANCEL_OPEN_ABOVE_BUY_ZONE,False,s6order-86d0fe3cecdc6360108a,s6ps-f03199f3e7189f9b,1,s6setup-e1af045107ab081f5b6e,2024-11-20,CANCELLED,BOX,BOX,"[""BOX""]",BOX
[],[],BROOKS_CONTEXT_REJECT,002281,2024-11-26,CANCEL_OPEN_ABOVE_BUY_ZONE,False,s6order-59f610114a13db3e28cc,s6ps-f03199f3e7189f9b,1,s6setup-245f99defd9d51049930,2024-11-21,CANCELLED,BOX,BOX,"[""BOX""]",BOX
[],[],BROOKS_CONTEXT_REJECT,002317,2025-07-04,FILLED_FROZEN_PLAN,True,s6order-22aa6df7afb8b17a1ebd,s6ps-f03199f3e7189f9b,2,s6setup-7cf3aadef71694a02d4f,2025-07-01,FILLED,BOTH,MULTI,"[""ORIGINAL"", ""BOX""]",ORIGINAL
[],[],BROOKS_CONTEXT_REJECT,002317,2025-08-28,CANCEL_OPEN_ABOVE_BUY_ZONE,True,s6order-7065b05b4a57c72b45bf,s6ps-f03199f3e7189f9b,2,s6setup-dd1f38847239157305df,2025-08-25,CANCELLED,BOTH,MULTI,"[""ORIGINAL"", ""BOX""]",ORIGINAL
[],[],COMPACT_BEARISH_REJECT,002320,2025-08-13,CANCEL_OPEN_ABOVE_BUY_ZONE,False,s6order-abf76520864745c50a74,s6ps-f03199f3e7189f9b,1,s6setup-f5a15e8088587ad71f14,2025-08-08,CANCELLED,BOX,BOX,"[""BOX""]",BOX
[],[],COMPACT_BEARISH_REJECT,002320,2025-08-14,CANCEL_OPEN_ABOVE_BUY_ZONE,False,s6order-9ee91c7077374057747f,s6ps-f03199f3e7189f9b,1,s6setup-75a051b002ec2857a2d9,2025-08-11,CANCELLED,BOX,BOX,"[""BOX""]",BOX
[],"[""FAILED_BEAR_BREAKOUT""]",BROOKS_CONTEXT_REJECT,002334,2025-03-13,FILLED_FROZEN_PLAN,False,s6order-3deff3e2ebda66561dba,s6ps-f03199f3e7189f9b,1,s6setup-9573a2607c2d6860603b,2025-03-10,FILLED,BOX,BOX,"[""BOX""]",BOX
[],"[""MICRO_DOUBLE_BOTTOM"", ""FAILED_BEAR_BREAKOUT""]",BROOKS_CONTEXT_REJECT,002335,2025-10-15,CANCEL_OPEN_BELOW_BUY_ZONE,False,s6order-722b52c491b7d793c1e0,s6ps-f03199f3e7189f9b,1,s6setup-80810a7e40509e905d2e,2025-10-10,CANCELLED,BOX,BOX,"[""BOX""]",BOX
[],"[""FAILED_BEAR_BREAKOUT""]",FAILED_BEAR_BREAKOUT,002342,2025-07-29,FILLED_FROZEN_PLAN,False,s6order-b2a6dc802a4494b86145,s6ps-f03199f3e7189f9b,1,s6setup-9d1b0130a0ec33cd3b7d,2025-07-24,FILLED,BOX,BOX,"[""BOX""]",BOX
[],"[""FAILED_BEAR_BREAKOUT"", ""BEAR_FOLLOW_THROUGH_FAILED""]",BROOKS_CONTEXT_REJECT,002342,2025-09-03,CANCEL_OPEN_ABOVE_BUY_ZONE,False,s6order-a6281c2093ea5d1a59b9,s6ps-f03199f3e7189f9b,1,s6setup-f1bd8e60b4e063aa9cd2,2025-08-29,CANCELLED,BOX,BOX,"[""BOX""]",BOX
[],"[""FAILED_BEAR_BREAKOUT""]",FAILED_BEAR_BREAKOUT,002353,2025-12-31,CANCEL_OPEN_ABOVE_BUY_ZONE,True,s6order-9f6b0b960015cdd3bb1a,s6ps-f03199f3e7189f9b,2,s6setup-e96d08e08af4d241ee72,2025-12-30,CANCELLED,BOTH,MULTI,"[""ORIGINAL"", ""BOX""]",ORIGINAL
[],"[""MICRO_DOUBLE_BOTTOM"", ""SECOND_ENTRY_LONG_READY"", ""FAILED_BEAR_BREAKOUT""]",BROOKS_CONTEXT_REJECT,002370,2025-08-21,CANCEL_OPEN_ABOVE_BUY_ZONE,False,s6order-d1707fafe3d9da480045,s6ps-f03199f3e7189f9b,1,s6setup-fe289e76158a79f63716,2025-08-18,CANCELLED,BOX,BOX,"[""BOX""]",BOX
[],"[""FAILED_BEAR_BREAKOUT""]",BROOKS_CONTEXT_REJECT,002371,2024-10-31,CANCEL_OPEN_ABOVE_BUY_ZONE,False,s6order-87675c9ec4948c4c77f4,s6ps-f03199f3e7189f9b,1,s6setup-f52b8d8051a025bd2150,2024-10-28,CANCELLED,BOX,BOX,"[""BOX""]",BOX
[],"[""BEAR_FOLLOW_THROUGH_FAILED""]",BROOKS_FAILED,002378,2025-09-17,FILLED_FROZEN_PLAN,True,s6order-6a3406eb21c47e8add7c,s6ps-f03199f3e7189f9b,2,s6setup-c4520a011b1400a27c31,2025-09-12,FILLED,BOTH,MULTI,"[""ORIGINAL"", ""BOX""]",ORIGINAL
[],[],BROOKS_FAILED,002384,2025-08-14,CANCEL_OPEN_ABOVE_BUY_ZONE,False,s6order-b289551a66563b121109,s6ps-f03199f3e7189f9b,1,s6setup-54711404d4e96e1c7c62,2025-08-11,CANCELLED,BOX,BOX,"[""BOX""]",BOX
[],"[""MICRO_DOUBLE_BOTTOM"", ""FAILED_BEAR_BREAKOUT""]",BROOKS_CONTEXT_REJECT,002402,2025-03-17,CANCEL_OPEN_ABOVE_BUY_ZONE,False,s6order-3f49f9806b8507943bae,s6ps-f03199f3e7189f9b,1,s6setup-f5a9455758a7c2d37c34,2025-03-12,CANCELLED,BOX,BOX,"[""BOX""]",BOX
[],[],BROOKS_CONTEXT_REJECT,002402,2025-09-16,CANCEL_OPEN_ABOVE_BUY_ZONE,False,s6order-8c2fea83b26a2657c78f,s6ps-f03199f3e7189f9b,1,s6setup-54aa95c9f92ab1eac954,2025-09-11,CANCELLED,ORIGINAL,ORIGINAL,"[""ORIGINAL""]",ORIGINAL
[],[],BROOKS_CONTEXT_REJECT,002402,2025-09-17,CANCEL_OPEN_ABOVE_BUY_ZONE,False,s6order-b34825b12011fc9460ea,s6ps-f03199f3e7189f9b,1,s6setup-653d0556fe8b29b42e88,2025-09-12,CANCELLED,ORIGINAL,ORIGINAL,"[""ORIGINAL""]",ORIGINAL
[],[],BROOKS_CONTEXT_REJECT,002407,2025-09-30,CANCEL_OPEN_ABOVE_BUY_ZONE,False,s6order-abd5c251413dd7f07f3c,s6ps-f03199f3e7189f9b,1,s6setup-5b781edcd82a9664c916,2025-09-25,CANCELLED,BOX,BOX,"[""BOX""]",BOX
[],"[""MICRO_DOUBLE_BOTTOM"", ""FAILED_BEAR_BREAKOUT"", ""ORDERLY_COMPRESSION_AT_SUPPORT""]",FAILED_BEAR_BREAKOUT,002414,2025-03-21,FILLED_FROZEN_PLAN,True,s6order-1db36677b5990108e82a,s6ps-f03199f3e7189f9b,3,s6setup-9eb0785d7e71d7a4ffb1,2025-03-18,FILLED,BOTH,MULTI,"[""ORIGINAL"", ""BOX"", ""BROOKS""]",ORIGINAL
[],"[""MICRO_DOUBLE_BOTTOM"", ""FAILED_BEAR_BREAKOUT"", ""ORDERLY_COMPRESSION_AT_SUPPORT""]",FAILED_BEAR_BREAKOUT,002414,2025-03-24,FILLED_FROZEN_PLAN,True,s6order-4733f20ec7d60bef0361,s6ps-f03199f3e7189f9b,3,s6setup-e79fa17af18d8e91488d,2025-03-19,FILLED,BOTH,MULTI,"[""ORIGINAL"", ""BOX"", ""BROOKS""]",ORIGINAL
[],"[""MICRO_DOUBLE_BOTTOM"", ""FAILED_BEAR_BREAKOUT""]",BROOKS_CONTEXT_REJECT,002426,2025-12-04,CANCEL_OPEN_ABOVE_BUY_ZONE,False,s6order-15a983acf2842b27cd6e,s6ps-f03199f3e7189f9b,1,s6setup-6d3fcdb0125fc5a3bb2e,2025-12-01,CANCELLED,BOX,BOX,"[""BOX""]",BOX
[],"[""BEAR_FOLLOW_THROUGH_FAILED""]",BROOKS_CONTEXT_REJECT,002428,2025-09-12,FILLED_FROZEN_PLAN,False,s6order-fb757324b48dc058c3e3,s6ps-f03199f3e7189f9b,1,s6setup-dc2887ba620b0c0442bf,2025-09-09,FILLED,BOX,BOX,"[""BOX""]",BOX
[],"[""BEAR_FOLLOW_THROUGH_FAILED""]",COMPACT_BEARISH_REJECT,002428,2025-09-16,CANCEL_OPEN_ABOVE_BUY_ZONE,True,s6order-275101b47ae5665f7bcb,s6ps-f03199f3e7189f9b,2,s6setup-b916abb1b1f46de52429,2025-09-11,CANCELLED,BOTH,MULTI,"[""ORIGINAL"", ""BOX""]",ORIGINAL
[],"[""MICRO_DOUBLE_BOTTOM"", ""FAILED_BEAR_BREAKOUT"", ""BEAR_FOLLOW_THROUGH_FAILED""]",BROOKS_CONTEXT_REJECT,002428,2025-09-17,CANCEL_OPEN_ABOVE_BUY_ZONE,False,s6order-d464c1ad68a14fb41552,s6ps-f03199f3e7189f9b,1,s6setup-f7b90b3340153eac10f2,2025-09-12,CANCELLED,BOX,BOX,"[""BOX""]",BOX
[],"[""MICRO_DOUBLE_BOTTOM"", ""FAILED_BEAR_BREAKOUT"", ""ORDERLY_COMPRESSION_AT_SUPPORT""]",BROOKS_FAILED_BREAKOUT_READY,002436,2025-10-14,CANCEL_OPEN_ABOVE_BUY_ZONE,True,s6order-cd8ce000822cde605fc3,s6ps-f03199f3e7189f9b,2,s6setup-d8d831c89fa9b91181f2,2025-10-09,CANCELLED,BOX,MULTI,"[""BOX"", ""BROOKS""]",BROOKS
[],"[""FAILED_BEAR_BREAKOUT""]",BROOKS_CONTEXT_REJECT,002437,2025-08-20,CANCEL_OPEN_ABOVE_BUY_ZONE,True,s6order-2bbd90f50506f4e7b595,s6ps-f03199f3e7189f9b,2,s6setup-5442f11c5e91b7c56495,2025-08-15,CANCELLED,BOTH,MULTI,"[""ORIGINAL"", ""BOX""]",ORIGINAL
[],[],BROOKS_FAILED,002460,2025-10-30,CANCEL_OPEN_ABOVE_BUY_ZONE,True,s6order-8d2ba78bfefa5d7bdb02,s6ps-f03199f3e7189f9b,2,s6setup-732d9e80f8d3fe7bd051,2025-10-27,CANCELLED,BOTH,MULTI,"[""ORIGINAL"", ""BOX""]",ORIGINAL
[],"[""MICRO_DOUBLE_BOTTOM"", ""FAILED_BEAR_BREAKOUT""]",FAILED_BEAR_BREAKOUT,002460,2025-10-31,CANCEL_OPEN_ABOVE_BUY_ZONE,True,s6order-5f4e5e96cd52724da252,s6ps-f03199f3e7189f9b,2,s6setup-12759454df13e708e003,2025-10-28,CANCELLED,BOTH,MULTI,"[""ORIGINAL"", ""BOX""]",ORIGINAL
[],[],BROOKS_CONTEXT_REJECT,002463,2024-03-28,CANCEL_OPEN_ABOVE_BUY_ZONE,False,s6order-ce4ee57049468c936ff6,s6ps-f03199f3e7189f9b,1,s6setup-d6af2725e1ec60f512e7,2024-03-25,CANCELLED,BOX,BOX,"[""BOX""]",BOX
[],"[""MICRO_DOUBLE_BOTTOM"", ""FAILED_BEAR_BREAKOUT""]",FAILED_BEAR_BREAKOUT,002463,2024-07-08,CANCEL_OPEN_ABOVE_BUY_ZONE,False,s6order-7235902f2f628a43aa9c,s6ps-f03199f3e7189f9b,1,s6setup-36dae2d212a409c0fe1f,2024-07-03,CANCELLED,ORIGINAL,ORIGINAL,"[""ORIGINAL""]",ORIGINAL
[],"[""MICRO_DOUBLE_BOTTOM"", ""FAILED_BEAR_BREAKOUT""]",FAILED_BEAR_BREAKOUT,002463,2024-07-10,CANCEL_OPEN_ABOVE_BUY_ZONE,True,s6order-30e865b1903d2213e188,s6ps-f03199f3e7189f9b,2,s6setup-5a1263c01542aa63ccf8,2024-07-05,CANCELLED,BOTH,MULTI,"[""ORIGINAL"", ""BOX""]",ORIGINAL
[],"[""FAILED_BEAR_BREAKOUT"", ""BEAR_FOLLOW_THROUGH_FAILED""]",BROOKS_CONTEXT_REJECT,002463,2025-10-15,CANCEL_OPEN_BELOW_BUY_ZONE,False,s6order-af9e746719bb1c7f3f88,s6ps-f03199f3e7189f9b,1,s6setup-2e48c0ac952559a9f304,2025-10-10,CANCELLED,BOX,BOX,"[""BOX""]",BOX
[],[],BROOKS_CONTEXT_REJECT,002468,2025-08-20,CANCEL_OPEN_ABOVE_BUY_ZONE,False,s6order-62ead06b5ea4836645e9,s6ps-f03199f3e7189f9b,1,s6setup-66821b502a63d7b903c1,2025-08-15,CANCELLED,BOX,BOX,"[""BOX""]",BOX
[],[],BROOKS_FAILED,002475,2025-10-27,FILLED_FROZEN_PLAN,False,s6order-be521ef1897f2aaeaa1c,s6ps-f03199f3e7189f9b,1,s6setup-278336658c72358f4295,2025-10-22,FILLED,BOX,BOX,"[""BOX""]",BOX
[],"[""MICRO_DOUBLE_BOTTOM"", ""FAILED_BEAR_BREAKOUT""]",BROOKS_CONTEXT_REJECT,002484,2025-09-22,CANCEL_OPEN_ABOVE_BUY_ZONE,False,s6order-5997428a09a5521df691,s6ps-f03199f3e7189f9b,1,s6setup-edd02d178efbc752c41c,2025-09-17,CANCELLED,BOX,BOX,"[""BOX""]",BOX
[],[],COMPACT_BEARISH_REJECT,002497,2025-08-13,CANCEL_OPEN_ABOVE_BUY_ZONE,False,s6order-8276aaf7f11a1243a49e,s6ps-f03199f3e7189f9b,1,s6setup-cf20e1fed216940f1881,2025-08-08,CANCELLED,BOX,BOX,"[""BOX""]",BOX
[],[],BROOKS_CONTEXT_REJECT,002497,2025-12-04,FILLED_FROZEN_PLAN,False,s6order-4ac0f2e19a11667eab94,s6ps-f03199f3e7189f9b,1,s6setup-b61ee20491e865eaa98a,2025-12-01,FILLED,BOX,BOX,"[""BOX""]",BOX
[],[],BROOKS_FAILED,002517,2025-03-03,CANCEL_OPEN_ABOVE_BUY_ZONE,False,s6order-d82948c97826b5ace46a,s6ps-f03199f3e7189f9b,1,s6setup-09f68dca72be920caa28,2025-02-26,CANCELLED,BOX,BOX,"[""BOX""]",BOX
[],[],BROOKS_FAILED,002517,2025-03-04,CANCEL_OPEN_ABOVE_BUY_ZONE,False,s6order-3f6c2c056478766e00bd,s6ps-f03199f3e7189f9b,1,s6setup-7c5bd582e895de16e58c,2025-02-27,CANCELLED,BOX,BOX,"[""BOX""]",BOX
[],"[""FAILED_BEAR_BREAKOUT""]",FAILED_BEAR_BREAKOUT,002517,2025-03-18,CANCEL_OPEN_ABOVE_BUY_ZONE,True,s6order-a01a2b4c13d62a336a3d,s6ps-f03199f3e7189f9b,3,s6setup-efbec065a0e63a0e65f3,2025-03-13,CANCELLED,BOTH,MULTI,"[""ORIGINAL"", ""BOX"", ""BROOKS""]",ORIGINAL
[],[],BROOKS_CONTEXT_REJECT,002518,2025-03-12,FILLED_FROZEN_PLAN,False,s6order-e3362073bcd3e3f7a5cc,s6ps-f03199f3e7189f9b,1,s6setup-efe52db6cbf333d06fe7,2025-03-07,FILLED,BOX,BOX,"[""BOX""]",BOX
[],[],BROOKS_CONTEXT_REJECT,002518,2025-03-13,FILLED_FROZEN_PLAN,True,s6order-ec38faa520afd0ed1a67,s6ps-f03199f3e7189f9b,2,s6setup-f206f39667a370bf3be5,2025-03-10,FILLED,BOTH,MULTI,"[""ORIGINAL"", ""BOX""]",ORIGINAL
[],"[""FAILED_BEAR_BREAKOUT""]",BROOKS_CONTEXT_REJECT,002518,2025-03-14,CANCEL_OPEN_ABOVE_BUY_ZONE,True,s6order-0eafad1963c536da8a5d,s6ps-f03199f3e7189f9b,2,s6setup-2ce17238c2c01e4fa623,2025-03-11,CANCELLED,BOTH,MULTI,"[""ORIGINAL"", ""BOX""]",ORIGINAL
[],[],BROOKS_FAILED,002518,2025-09-12,CANCEL_OPEN_ABOVE_BUY_ZONE,False,s6order-89b5f6033963039c133b,s6ps-f03199f3e7189f9b,1,s6setup-519086fb04a79bcf4f92,2025-09-09,CANCELLED,BOX,BOX,"[""BOX""]",BOX
[],"[""MICRO_DOUBLE_BOTTOM"", ""SECOND_ENTRY_LONG_READY"", ""FAILED_BEAR_BREAKOUT""]",SECOND_ENTRY_LONG_READY,002518,2025-10-21,CANCEL_OPEN_ABOVE_BUY_ZONE,True,s6order-5ff297b6dc7a2815e3fd,s6ps-f03199f3e7189f9b,2,s6setup-738120e21d1a406dc0b5,2025-10-16,CANCELLED,BOTH,MULTI,"[""ORIGINAL"", ""BOX""]",ORIGINAL
[],[],BROOKS_FAILED,002536,2025-03-13,FILLED_FROZEN_PLAN,False,s6order-a2d1645e64e772611424,s6ps-f03199f3e7189f9b,1,s6setup-f1e5726770c12a03fc53,2025-03-10,FILLED,BOX,BOX,"[""BOX""]",BOX
[],"[""ORDERLY_COMPRESSION_AT_SUPPORT""]",ORDERLY_COMPRESSION_AT_SUPPORT,002536,2025-03-14,CANCEL_OPEN_ABOVE_BUY_ZONE,True,s6order-b4af78c9a11a5e2342cd,s6ps-f03199f3e7189f9b,2,s6setup-cfe55e9a48cfc111937a,2025-03-11,CANCELLED,BOTH,MULTI,"[""ORIGINAL"", ""BOX""]",ORIGINAL
[],"[""MICRO_DOUBLE_BOTTOM"", ""FAILED_BEAR_BREAKOUT""]",FAILED_BEAR_BREAKOUT,002536,2025-03-17,CANCEL_OPEN_ABOVE_BUY_ZONE,True,s6order-ac436c6bec73cc94f46e,s6ps-f03199f3e7189f9b,2,s6setup-9dd30987d243c86137a3,2025-03-12,CANCELLED,BOX,MULTI,"[""BOX"", ""BROOKS""]",BROOKS
[],"[""ORDERLY_COMPRESSION_AT_SUPPORT""]",ORDERLY_COMPRESSION_AT_SUPPORT,002549,2025-07-22,FILLED_FROZEN_PLAN,False,s6order-c5e0825d4b428362577e,s6ps-f03199f3e7189f9b,1,s6setup-94d323a8e87e2f5f2975,2025-07-17,FILLED,BOX,BOX,"[""BOX""]",BOX
[],"[""MICRO_DOUBLE_BOTTOM"", ""FAILED_BEAR_BREAKOUT""]",BROOKS_CONTEXT_REJECT,002550,2025-07-08,CANCEL_OPEN_ABOVE_BUY_ZONE,False,s6order-7bff50fc51873f9a1236,s6ps-f03199f3e7189f9b,1,s6setup-f1c97bd07e9e81b642cd,2025-07-03,CANCELLED,BOX,BOX,"[""BOX""]",BOX
[],"[""FAILED_BEAR_BREAKOUT""]",FAILED_BEAR_BREAKOUT,002550,2025-08-07,CANCEL_OPEN_ABOVE_BUY_ZONE,False,s6order-c60e4469c18a050a3eb7,s6ps-f03199f3e7189f9b,1,s6setup-1d8cce98bcfe1a142389,2025-08-04,CANCELLED,BOX,BOX,"[""BOX""]",BOX
[],[],BROOKS_CONTEXT_REJECT,002570,2025-08-21,FILLED_FROZEN_PLAN,False,s6order-53485445e0febe986fa9,s6ps-f03199f3e7189f9b,1,s6setup-fb7486452e9473d13c9e,2025-08-18,FILLED,BOX,BOX,"[""BOX""]",BOX
[],"[""MICRO_DOUBLE_BOTTOM"", ""SECOND_ENTRY_LONG_READY"", ""FAILED_BEAR_BREAKOUT""]",BROOKS_CONTEXT_REJECT,002570,2025-08-22,CANCEL_OPEN_ABOVE_BUY_ZONE,False,s6order-749d18b7b5fd0b4c97d4,s6ps-f03199f3e7189f9b,1,s6setup-09685ae07a1322de6348,2025-08-19,CANCELLED,BOX,BOX,"[""BOX""]",BOX
[],"[""MICRO_DOUBLE_BOTTOM"", ""FAILED_BEAR_BREAKOUT""]",BROOKS_CONTEXT_REJECT,002582,2025-03-24,FILLED_FROZEN_PLAN,True,s6order-d162880a5653e7bddef1,s6ps-f03199f3e7189f9b,2,s6setup-a64be5b2f42331849268,2025-03-19,FILLED,BOTH,MULTI,"[""ORIGINAL"", ""BOX""]",ORIGINAL
[],"[""MICRO_DOUBLE_BOTTOM"", ""FAILED_BEAR_BREAKOUT"", ""BEAR_FOLLOW_THROUGH_FAILED""]",BROOKS_CONTEXT_REJECT,002584,2025-06-13,CANCEL_OPEN_ABOVE_BUY_ZONE,False,s6order-450cab655a734c06405c,s6ps-f03199f3e7189f9b,1,s6setup-0e3885c48e6091598fec,2025-06-10,CANCELLED,BOX,BOX,"[""BOX""]",BOX
[],"[""BEAR_FOLLOW_THROUGH_FAILED""]",BROOKS_FAILED,002600,2024-11-13,FILLED_FROZEN_PLAN,True,s6order-604f137afeae30e5db51,s6ps-f03199f3e7189f9b,2,s6setup-683787f79104f8ee2e19,2024-11-08,FILLED,BOTH,MULTI,"[""ORIGINAL"", ""BOX""]",ORIGINAL
[],[],BROOKS_CONTEXT_REJECT,002600,2025-09-16,CANCEL_OPEN_ABOVE_BUY_ZONE,True,s6order-b438c4e36eea0c483291,s6ps-f03199f3e7189f9b,2,s6setup-a55089e1a7af6bc6423f,2025-09-11,CANCELLED,BOTH,MULTI,"[""ORIGINAL"", ""BOX""]",ORIGINAL
[],"[""FAILED_BEAR_BREAKOUT""]",FAILED_BEAR_BREAKOUT,002600,2025-09-18,FILLED_FROZEN_PLAN,False,s6order-48d733bf38b2c9a2e453,s6ps-f03199f3e7189f9b,1,s6setup-15c1604499c396f1967b,2025-09-15,FILLED,BOX,BOX,"[""BOX""]",BOX
[],[],BROOKS_FAILED,002602,2025-03-19,CANCEL_OPEN_ABOVE_BUY_ZONE,True,s6order-77c0f6e62631ab21c2fc,s6ps-f03199f3e7189f9b,2,s6setup-8a6a27bd74f29483a17c,2025-03-14,CANCELLED,BOTH,MULTI,"[""ORIGINAL"", ""BOX""]",ORIGINAL
[],[],BROOKS_FAILED,002624,2025-10-13,CANCEL_OPEN_ABOVE_BUY_ZONE,True,s6order-210a2b94657f1f2973fe,s6ps-f03199f3e7189f9b,2,s6setup-f9859bec5b06a4db59b1,2025-09-30,CANCELLED,BOTH,MULTI,"[""ORIGINAL"", ""BOX""]",ORIGINAL
[],"[""FAILED_BEAR_BREAKOUT""]",BROOKS_CONTEXT_REJECT,002636,2025-07-31,CANCEL_OPEN_ABOVE_BUY_ZONE,False,s6order-c88157ccc53e1e2b2545,s6ps-f03199f3e7189f9b,1,s6setup-b227bd5020185bae3e64,2025-07-28,CANCELLED,BOX,BOX,"[""BOX""]",BOX
[],[],BROOKS_FAILED,002664,2025-03-13,FILLED_FROZEN_PLAN,False,s6order-dfcb8705321afb478c62,s6ps-f03199f3e7189f9b,1,s6setup-5aabe4ff777a59307a84,2025-03-10,FILLED,ORIGINAL,ORIGINAL,"[""ORIGINAL""]",ORIGINAL
[],"[""BEAR_FOLLOW_THROUGH_FAILED""]",BROOKS_FAILED,002664,2025-09-12,CANCEL_OPEN_ABOVE_BUY_ZONE,False,s6order-709af7faffa0b3b4dcf7,s6ps-f03199f3e7189f9b,1,s6setup-24cdf0717c0aac441538,2025-09-09,CANCELLED,BOX,BOX,"[""BOX""]",BOX
[],"[""MICRO_DOUBLE_BOTTOM"", ""SECOND_ENTRY_LONG_READY"", ""BEAR_FOLLOW_THROUGH_FAILED""]",SECOND_ENTRY_LONG_READY,002664,2025-09-17,CANCEL_OPEN_ABOVE_BUY_ZONE,True,s6order-d5c87726a824a91468db,s6ps-f03199f3e7189f9b,2,s6setup-45ba32e65109520f608d,2025-09-12,CANCELLED,BOTH,MULTI,"[""ORIGINAL"", ""BOX""]",ORIGINAL
[],"[""MICRO_DOUBLE_BOTTOM"", ""SECOND_ENTRY_LONG_READY"", ""FAILED_BEAR_BREAKOUT""]",SECOND_ENTRY_LONG_READY,002664,2025-09-18,CANCEL_OPEN_ABOVE_BUY_ZONE,False,s6order-ac60f9d2e2c972af793b,s6ps-f03199f3e7189f9b,1,s6setup-d344bac6191c1cf69595,2025-09-15,CANCELLED,BOX,BOX,"[""BOX""]",BOX
[],"[""BEAR_FOLLOW_THROUGH_FAILED""]",BROOKS_CONTEXT_REJECT,002670,2025-09-02,CANCEL_OPEN_ABOVE_BUY_ZONE,False,s6order-02196740702b4ac563b3,s6ps-f03199f3e7189f9b,1,s6setup-13ae253b04326b17a3fa,2025-08-28,CANCELLED,BOX,BOX,"[""BOX""]",BOX
[],"[""MICRO_DOUBLE_BOTTOM"", ""FAILED_BEAR_BREAKOUT""]",FAILED_BEAR_BREAKOUT,002683,2025-10-14,CANCEL_OPEN_ABOVE_BUY_ZONE,False,s6order-69104200caf3ac20cbe2,s6ps-f03199f3e7189f9b,1,s6setup-f2b2b481551a05209173,2025-10-09,CANCELLED,BOX,BOX,"[""BOX""]",BOX
[],"[""MICRO_DOUBLE_BOTTOM"", ""FAILED_BEAR_BREAKOUT""]",BROOKS_CONTEXT_REJECT,002709,2025-10-24,FILLED_FROZEN_PLAN,False,s6order-ea545658acb5db6e6979,s6ps-f03199f3e7189f9b,1,s6setup-0c843cc5db500181bac6,2025-10-21,FILLED,BOX,BOX,"[""BOX""]",BOX
[],"[""MICRO_DOUBLE_BOTTOM"", ""FAILED_BEAR_BREAKOUT""]",FAILED_BEAR_BREAKOUT,002716,2025-08-04,FILLED_FROZEN_PLAN,True,s6order-7004b53e8407de9031f4,s6ps-f03199f3e7189f9b,2,s6setup-eec3a4d42e6b845df250,2025-07-30,FILLED,BOX,MULTI,"[""BOX"", ""BROOKS""]",BROOKS
[],"[""FAILED_BEAR_BREAKOUT""]",FAILED_BEAR_BREAKOUT,002716,2025-08-07,CANCEL_OPEN_ABOVE_BUY_ZONE,False,s6order-393e26d06674762b6875,s6ps-f03199f3e7189f9b,1,s6setup-f3c82aa895561e3aa7ff,2025-08-04,CANCELLED,BOX,BOX,"[""BOX""]",BOX
[],"[""MICRO_DOUBLE_BOTTOM"", ""SECOND_ENTRY_LONG_READY""]",BROOKS_CONTEXT_REJECT,002736,2025-08-13,CANCEL_OPEN_ABOVE_BUY_ZONE,True,s6order-39d1b5dc38197db46f30,s6ps-f03199f3e7189f9b,2,s6setup-80f9b3481d3dc454be12,2025-08-08,CANCELLED,BOTH,MULTI,"[""ORIGINAL"", ""BOX""]",ORIGINAL
[],"[""MICRO_DOUBLE_BOTTOM"", ""SECOND_ENTRY_LONG_READY"", ""FAILED_BEAR_BREAKOUT""]",SECOND_ENTRY_LONG_READY,002736,2025-08-15,CANCEL_OPEN_ABOVE_BUY_ZONE,True,s6order-4a7014b90361c484a12a,s6ps-f03199f3e7189f9b,3,s6setup-f4cdd39f619657adc0b6,2025-08-12,CANCELLED,BOTH,MULTI,"[""ORIGINAL"", ""BOX"", ""BROOKS""]",ORIGINAL
[],[],BROOKS_FAILED,002759,2025-10-30,FILLED_FROZEN_PLAN,False,s6order-02579f7f53791058e1e9,s6ps-f03199f3e7189f9b,1,s6setup-6f1bae332badff38d281,2025-10-27,FILLED,BOX,BOX,"[""BOX""]",BOX
[],"[""MICRO_DOUBLE_BOTTOM"", ""FAILED_BEAR_BREAKOUT"", ""BEAR_FOLLOW_THROUGH_FAILED""]",FAILED_BEAR_BREAKOUT,002779,2025-02-11,CANCEL_OPEN_ABOVE_BUY_ZONE,False,s6order-db3984f45795c29cfd70,s6ps-f03199f3e7189f9b,1,s6setup-eaeec946631a8c7068b1,2025-02-06,CANCELLED,BOX,BOX,"[""BOX""]",BOX
[],"[""FAILED_BEAR_BREAKOUT""]",FAILED_BEAR_BREAKOUT,002779,2025-02-18,CANCEL_OPEN_ABOVE_BUY_ZONE,False,s6order-49834292ebf900f65175,s6ps-f03199f3e7189f9b,1,s6setup-a87bc4274e1797816b7e,2025-02-13,CANCELLED,BOX,BOX,"[""BOX""]",BOX
[],"[""FAILED_BEAR_BREAKOUT""]",FAILED_BEAR_BREAKOUT,002779,2025-02-19,CANCEL_OPEN_ABOVE_BUY_ZONE,False,s6order-c1142b5440676d09330b,s6ps-f03199f3e7189f9b,1,s6setup-18aae797240da13c306a,2025-02-14,CANCELLED,BOX,BOX,"[""BOX""]",BOX
[],[],BROOKS_CONTEXT_REJECT,002779,2025-10-10,CANCEL_OPEN_ABOVE_BUY_ZONE,False,s6order-4a196ef80e204f222f86,s6ps-f03199f3e7189f9b,1,s6setup-5b9954ffa38d55aae644,2025-09-29,CANCELLED,BOX,BOX,"[""BOX""]",BOX
[],[],BROOKS_FAILED,002837,2025-01-21,CANCEL_OPEN_ABOVE_BUY_ZONE,True,s6order-bb084e519630712b1a5d,s6ps-f03199f3e7189f9b,2,s6setup-d237c63e5ef4128ba007,2025-01-16,CANCELLED,BOTH,MULTI,"[""ORIGINAL"", ""BOX""]",ORIGINAL
[],[],BROOKS_FAILED,002837,2025-01-22,CANCEL_OPEN_ABOVE_BUY_ZONE,True,s6order-f4c246c9816e9fa0fc31,s6ps-f03199f3e7189f9b,2,s6setup-db6b8624ef8fbb8c39bb,2025-01-17,CANCELLED,BOTH,MULTI,"[""ORIGINAL"", ""BOX""]",ORIGINAL
[],[],BROOKS_FAILED,002837,2025-01-23,CANCEL_OPEN_ABOVE_BUY_ZONE,True,s6order-ec062e74f9972f368306,s6ps-f03199f3e7189f9b,2,s6setup-c5404b55eadcccdf475a,2025-01-20,CANCELLED,BOTH,MULTI,"[""ORIGINAL"", ""BOX""]",ORIGINAL
[],[],BROOKS_FAILED,002837,2025-01-24,CANCEL_OPEN_ABOVE_BUY_ZONE,False,s6order-f6765fca0c290a25c1d4,s6ps-f03199f3e7189f9b,1,s6setup-f67c342e5e1c5b0460b4,2025-01-21,CANCELLED,BOX,BOX,"[""BOX""]",BOX
[],"[""FAILED_BEAR_BREAKOUT""]",BROOKS_CONTEXT_REJECT,002837,2025-03-13,FILLED_FROZEN_PLAN,False,s6order-07560eeaf7d45a09775e,s6ps-f03199f3e7189f9b,1,s6setup-1282cc1d601a891eee3b,2025-03-10,FILLED,ORIGINAL,ORIGINAL,"[""ORIGINAL""]",ORIGINAL
[],"[""FAILED_BEAR_BREAKOUT""]",BROOKS_CONTEXT_REJECT,002837,2025-03-14,CANCEL_OPEN_ABOVE_BUY_ZONE,True,s6order-91f9c8c305a096a5f055,s6ps-f03199f3e7189f9b,2,s6setup-eafbd7beab4fe5429946,2025-03-11,CANCELLED,BOTH,MULTI,"[""ORIGINAL"", ""BOX""]",ORIGINAL
[],"[""MICRO_DOUBLE_BOTTOM"", ""FAILED_BEAR_BREAKOUT"", ""BEAR_FOLLOW_THROUGH_FAILED""]",BROOKS_CONTEXT_REJECT,002837,2025-09-16,CANCEL_OPEN_ABOVE_BUY_ZONE,False,s6order-9264216ff3a82aa326d0,s6ps-f03199f3e7189f9b,1,s6setup-1e83c9645327965425f1,2025-09-11,CANCELLED,BOX,BOX,"[""BOX""]",BOX
[],"[""MICRO_DOUBLE_BOTTOM"", ""FAILED_BEAR_BREAKOUT""]",BROOKS_CONTEXT_REJECT,002891,2025-06-06,CANCEL_OPEN_ABOVE_BUY_ZONE,False,s6order-f0f92a174dea15322303,s6ps-f03199f3e7189f9b,1,s6setup-23f11bf3513b19a47d73,2025-06-03,CANCELLED,BOX,BOX,"[""BOX""]",BOX
[],"[""FAILED_BEAR_BREAKOUT""]",FAILED_BEAR_BREAKOUT,002916,2025-01-23,CANCEL_OPEN_ABOVE_BUY_ZONE,False,s6order-48c03f100a2466a10f89,s6ps-f03199f3e7189f9b,1,s6setup-d5115329e96a644ef467,2025-01-20,CANCELLED,BOX,BOX,"[""BOX""]",BOX
[],"[""FAILED_BEAR_BREAKOUT""]",FAILED_BEAR_BREAKOUT,002916,2025-10-13,CANCEL_OPEN_ABOVE_BUY_ZONE,False,s6order-c82559b7db13ce0ec4c5,s6ps-f03199f3e7189f9b,1,s6setup-c757cc2e63e23d207547,2025-09-30,CANCELLED,ORIGINAL,ORIGINAL,"[""ORIGINAL""]",ORIGINAL
[],"[""FAILED_BEAR_BREAKOUT""]",FAILED_BEAR_BREAKOUT,002922,2025-11-03,CANCEL_OPEN_ABOVE_BUY_ZONE,False,s6order-578ad59b6690b672439e,s6ps-f03199f3e7189f9b,1,s6setup-5c9ccba6d50768351f6a,2025-10-29,CANCELLED,BOX,BOX,"[""BOX""]",BOX
[],"[""MICRO_DOUBLE_BOTTOM"", ""FAILED_BEAR_BREAKOUT"", ""ORDERLY_COMPRESSION_AT_SUPPORT""]",BROOKS_FAILED_BREAKOUT_READY,002941,2025-11-04,FILLED_FROZEN_PLAN,True,s6order-46daf78ef7e0128c845a,s6ps-f03199f3e7189f9b,3,s6setup-a39177bc86e1234db634,2025-10-30,FILLED,BOTH,MULTI,"[""ORIGINAL"", ""BOX"", ""BROOKS""]",ORIGINAL
[],"[""MICRO_DOUBLE_BOTTOM"", ""FAILED_BEAR_BREAKOUT"", ""ORDERLY_COMPRESSION_AT_SUPPORT""]",BROOKS_FAILED_BREAKOUT_READY,002941,2025-11-05,CANCEL_OPEN_ABOVE_BUY_ZONE,True,s6order-0129b469a3ea8475977b,s6ps-f03199f3e7189f9b,2,s6setup-533e5bd7f8f75b92e0be,2025-10-31,CANCELLED,BOX,MULTI,"[""BOX"", ""BROOKS""]",BROOKS
[],"[""MICRO_DOUBLE_BOTTOM"", ""FAILED_BEAR_BREAKOUT"", ""ORDERLY_COMPRESSION_AT_SUPPORT""]",BROOKS_FAILED_BREAKOUT_READY,002941,2025-11-06,FILLED_FROZEN_PLAN,True,s6order-c8b811ad4f8466b4ec3f,s6ps-f03199f3e7189f9b,3,s6setup-95b0f66b91a78501b282,2025-11-03,FILLED,BOTH,MULTI,"[""ORIGINAL"", ""BOX"", ""BROOKS""]",ORIGINAL
[],"[""BEAR_FOLLOW_THROUGH_FAILED""]",BROOKS_FAILED,002979,2024-11-28,FILLED_FROZEN_PLAN,False,s6order-215d66098147269c0ca0,s6ps-f03199f3e7189f9b,1,s6setup-313394d2517122d09fe9,2024-11-25,FILLED,ORIGINAL,ORIGINAL,"[""ORIGINAL""]",ORIGINAL
[],[],BROOKS_FAILED,002979,2024-12-27,CANCEL_OPEN_ABOVE_BUY_ZONE,False,s6order-b997404f1e182b8f56d5,s6ps-f03199f3e7189f9b,1,s6setup-19de00fa889a1c2ce895,2024-12-24,CANCELLED,BOX,BOX,"[""BOX""]",BOX
[],"[""MICRO_DOUBLE_BOTTOM"", ""SECOND_ENTRY_LONG_READY"", ""FAILED_BEAR_BREAKOUT"", ""BEAR_FOLLOW_THROUGH_FAILED"", ""ORDERLY_COMPRESSION_AT_SUPPORT""]",SECOND_ENTRY_LONG_READY,003021,2025-10-10,CANCEL_OPEN_ABOVE_BUY_ZONE,True,s6order-e29772ab68715caf231f,s6ps-f03199f3e7189f9b,2,s6setup-77c168047de37b309dbb,2025-09-29,CANCELLED,BOX,MULTI,"[""BOX"", ""BROOKS""]",BROOKS
[],"[""MICRO_DOUBLE_BOTTOM"", ""SECOND_ENTRY_LONG_READY"", ""FAILED_BEAR_BREAKOUT"", ""ORDERLY_COMPRESSION_AT_SUPPORT""]",BROOKS_SUPPORT_READY,003021,2025-10-14,CANCEL_OPEN_ABOVE_BUY_ZONE,True,s6order-e93600c781af9836ca73,s6ps-f03199f3e7189f9b,2,s6setup-8fc5eb945042a136f608,2025-10-09,CANCELLED,BOX,MULTI,"[""BOX"", ""BROOKS""]",BROOKS
[],[],BROOKS_FAILED,003031,2025-12-31,EXPIRED_NO_FILL,False,s6order-5cf8ac53169f87b6ea8e,s6ps-f03199f3e7189f9b,1,s6setup-143692decf1688b7f3f7,2025-12-31,EXPIRED_NO_FILL,BOX,BOX,"[""BOX""]",BOX
[],"[""FAILED_BEAR_BREAKOUT""]",FAILED_BEAR_BREAKOUT,300001,2025-10-31,FILLED_FROZEN_PLAN,False,s6order-06c417a4e1abac934c7d,s6ps-f03199f3e7189f9b,1,s6setup-8e6c71012fb3d3d76322,2025-10-28,FILLED,BOX,BOX,"[""BOX""]",BOX
[],[],BROOKS_FAILED,300007,2025-03-20,CANCEL_OPEN_ABOVE_BUY_ZONE,False,s6order-1c3ba75da6a7156dbf09,s6ps-f03199f3e7189f9b,1,s6setup-c6f59562fc29e1b7aa0f,2025-03-17,CANCELLED,BOX,BOX,"[""BOX""]",BOX
[],"[""MICRO_DOUBLE_BOTTOM"", ""BEAR_FOLLOW_THROUGH_FAILED""]",MICRO_DOUBLE_BOTTOM,300007,2025-10-13,CANCEL_OPEN_ABOVE_BUY_ZONE,False,s6order-28f5e026f7907bbe4d40,s6ps-f03199f3e7189f9b,1,s6setup-4f7fa1af5e31b7da1c19,2025-09-30,CANCELLED,BOX,BOX,"[""BOX""]",BOX
[],"[""MICRO_DOUBLE_BOTTOM"", ""BEAR_FOLLOW_THROUGH_FAILED""]",MICRO_DOUBLE_BOTTOM,300007,2025-10-14,CANCEL_OPEN_ABOVE_BUY_ZONE,False,s6order-502f9745020b7a20d681,s6ps-f03199f3e7189f9b,1,s6setup-eba4cf7be83b461c8a78,2025-10-09,CANCELLED,BOX,BOX,"[""BOX""]",BOX
[],"[""FAILED_BEAR_BREAKOUT""]",BROOKS_CONTEXT_REJECT,300008,2024-11-18,CANCEL_OPEN_ABOVE_BUY_ZONE,True,s6order-e46118b068ecd0137527,s6ps-f03199f3e7189f9b,2,s6setup-6690c342fe613eb7b44d,2024-11-13,CANCELLED,BOTH,MULTI,"[""ORIGINAL"", ""BOX""]",ORIGINAL
[],"[""FAILED_BEAR_BREAKOUT"", ""BEAR_FOLLOW_THROUGH_FAILED""]",FAILED_BEAR_BREAKOUT,300009,2025-08-26,CANCEL_OPEN_ABOVE_BUY_ZONE,True,s6order-da41a76eead3ba58d8a0,s6ps-f03199f3e7189f9b,3,s6setup-7c0a2e31b657333f72d7,2025-08-21,CANCELLED,BOTH,MULTI,"[""ORIGINAL"", ""BOX"", ""BROOKS""]",ORIGINAL
[],"[""MICRO_DOUBLE_BOTTOM"", ""FAILED_BEAR_BREAKOUT"", ""BEAR_FOLLOW_THROUGH_FAILED""]",FAILED_BEAR_BREAKOUT,300009,2025-08-27,CANCEL_OPEN_ABOVE_BUY_ZONE,True,s6order-bd47f3df47420deacb3b,s6ps-f03199f3e7189f9b,2,s6setup-b0925db5e4e62724fea7,2025-08-22,CANCELLED,BOX,MULTI,"[""BOX"", ""BROOKS""]",BROOKS
[],"[""MICRO_DOUBLE_BOTTOM"", ""SECOND_ENTRY_LONG_READY"", ""FAILED_BEAR_BREAKOUT""]",BROOKS_FAILED_BREAKOUT_READY,300009,2025-08-28,CANCEL_OPEN_ABOVE_BUY_ZONE,True,s6order-8d589d60bbfdd123ac6b,s6ps-f03199f3e7189f9b,2,s6setup-202be4c3970aed5518b3,2025-08-25,CANCELLED,BOX,MULTI,"[""BOX"", ""BROOKS""]",BROOKS
[],"[""MICRO_DOUBLE_BOTTOM"", ""SECOND_ENTRY_LONG_READY"", ""FAILED_BEAR_BREAKOUT""]",BROOKS_SUPPORT_READY,300009,2025-08-29,FILLED_FROZEN_PLAN,True,s6order-d3231a9d9879a1fbfa24,s6ps-f03199f3e7189f9b,2,s6setup-993ceb978dfc476a231f,2025-08-26,FILLED,BOX,MULTI,"[""BOX"", ""BROOKS""]",BROOKS
[],"[""MICRO_DOUBLE_BOTTOM"", ""FAILED_BEAR_BREAKOUT""]",BROOKS_FAILED_BREAKOUT_READY,300035,2025-03-20,CANCEL_OPEN_ABOVE_BUY_ZONE,True,s6order-2f3534bcbef840fb2871,s6ps-f03199f3e7189f9b,2,s6setup-3851eef3d0ecff5bba32,2025-03-17,CANCELLED,BOX,MULTI,"[""BOX"", ""BROOKS""]",BROOKS
[],[],BROOKS_CONTEXT_REJECT,300035,2025-03-28,CANCEL_OPEN_ABOVE_BUY_ZONE,False,s6order-2967c9dd3dbd7efbfc3b,s6ps-f03199f3e7189f9b,1,s6setup-3c5e0aed12a341c184e7,2025-03-25,CANCELLED,BOX,BOX,"[""BOX""]",BOX
[],"[""MICRO_DOUBLE_BOTTOM"", ""SECOND_ENTRY_LONG_READY"", ""FAILED_BEAR_BREAKOUT"", ""ORDERLY_COMPRESSION_AT_SUPPORT""]",BROOKS_SUPPORT_READY,300035,2025-09-25,CANCEL_OPEN_ABOVE_BUY_ZONE,True,s6order-fd14b77a53b27455b215,s6ps-f03199f3e7189f9b,3,s6setup-e1fa5ddd63e54797f3ee,2025-09-22,CANCELLED,BOTH,MULTI,"[""ORIGINAL"", ""BOX"", ""BROOKS""]",ORIGINAL
[],"[""MICRO_DOUBLE_BOTTOM"", ""SECOND_ENTRY_LONG_READY"", ""FAILED_BEAR_BREAKOUT""]",BROOKS_FAILED_BREAKOUT_READY,300035,2025-09-26,CANCEL_OPEN_ABOVE_BUY_ZONE,True,s6order-6d617f5671e9442bb7b3,s6ps-f03199f3e7189f9b,3,s6setup-0997d5202e9b69bb5081,2025-09-23,CANCELLED,BOTH,MULTI,"[""ORIGINAL"", ""BOX"", ""BROOKS""]",ORIGINAL
[],"[""FAILED_BEAR_BREAKOUT""]",FAILED_BEAR_BREAKOUT,300035,2025-09-30,FILLED_FROZEN_PLAN,False,s6order-b53b44b085af87c0a50a,s6ps-f03199f3e7189f9b,1,s6setup-05c1b4d829f66812bd4e,2025-09-25,FILLED,BOX,BOX,"[""BOX""]",BOX
[],[],BROOKS_CONTEXT_REJECT,300043,2025-07-03,CANCEL_OPEN_ABOVE_BUY_ZONE,True,s6order-e1657c8473ab23e9c650,s6ps-f03199f3e7189f9b,2,s6setup-f6a7f5890555cf3a6d76,2025-06-30,CANCELLED,BOTH,MULTI,"[""ORIGINAL"", ""BOX""]",ORIGINAL
[],"[""FAILED_BEAR_BREAKOUT""]",FAILED_BEAR_BREAKOUT,300046,2024-11-15,FILLED_FROZEN_PLAN,False,s6order-e8483c9f2fb773488b47,s6ps-f03199f3e7189f9b,1,s6setup-80d778573b45a6448eaf,2024-11-12,FILLED,ORIGINAL,ORIGINAL,"[""ORIGINAL""]",ORIGINAL
[],"[""FAILED_BEAR_BREAKOUT""]",BROOKS_CONTEXT_REJECT,300047,2025-06-05,CANCEL_OPEN_ABOVE_BUY_ZONE,False,s6order-a0283b5e7b0558b9ad6b,s6ps-f03199f3e7189f9b,1,s6setup-205764369053b53f46ce,2025-05-30,CANCELLED,BOX,BOX,"[""BOX""]",BOX
[],"[""FAILED_BEAR_BREAKOUT"", ""BEAR_FOLLOW_THROUGH_FAILED""]",BROOKS_CONTEXT_REJECT,300059,2024-11-22,CANCEL_OPEN_ABOVE_BUY_ZONE,False,s6order-81240e32e29db31960a4,s6ps-f03199f3e7189f9b,1,s6setup-f33f2ffc7cab91125159,2024-11-19,CANCELLED,BOX,BOX,"[""BOX""]",BOX
[],"[""BEAR_FOLLOW_THROUGH_FAILED""]",BROOKS_CONTEXT_REJECT,300061,2024-11-14,FILLED_FROZEN_PLAN,False,s6order-7b5c7d2d53e96fd9ca14,s6ps-f03199f3e7189f9b,1,s6setup-da799d9c466c9a1bd1c9,2024-11-11,FILLED,ORIGINAL,ORIGINAL,"[""ORIGINAL""]",ORIGINAL
[],"[""FAILED_BEAR_BREAKOUT""]",FAILED_BEAR_BREAKOUT,300065,2025-03-17,FILLED_FROZEN_PLAN,True,s6order-f31e536f43d9bed11262,s6ps-f03199f3e7189f9b,2,s6setup-7ad83946d6b5e7a18b02,2025-03-12,FILLED,BOX,MULTI,"[""BOX"", ""BROOKS""]",BROOKS
[],"[""FAILED_BEAR_BREAKOUT"", ""BEAR_FOLLOW_THROUGH_FAILED""]",BROOKS_FAILED_BREAKOUT_READY,300067,2024-05-22,FILLED_FROZEN_PLAN,True,s6order-744346ea954a1570cc0d,s6ps-f03199f3e7189f9b,2,s6setup-be0b960820e1965a8848,2024-05-17,FILLED,BOX,MULTI,"[""BOX"", ""BROOKS""]",BROOKS
[],[],BROOKS_FAILED,300067,2024-11-13,FILLED_FROZEN_PLAN,False,s6order-8d3c07e74a1ca8210ead,s6ps-f03199f3e7189f9b,1,s6setup-00fcccb83fb3b2701a5b,2024-11-08,FILLED,ORIGINAL,ORIGINAL,"[""ORIGINAL""]",ORIGINAL
[],"[""MICRO_DOUBLE_BOTTOM"", ""FAILED_BEAR_BREAKOUT""]",FAILED_BEAR_BREAKOUT,300067,2024-11-14,CANCEL_OPEN_ABOVE_BUY_ZONE,False,s6order-7f85c33e3a13eaa8ab11,s6ps-f03199f3e7189f9b,1,s6setup-27e1e1132118e57a2304,2024-11-11,CANCELLED,BOX,BOX,"[""BOX""]",BOX
[],"[""BEAR_FOLLOW_THROUGH_FAILED""]",BROOKS_FAILED,300073,2025-10-22,CANCEL_OPEN_ABOVE_BUY_ZONE,True,s6order-3a5fd91207f80c13b9a7,s6ps-f03199f3e7189f9b,2,s6setup-20517d0e7a512fd83e92,2025-10-17,CANCELLED,BOTH,MULTI,"[""ORIGINAL"", ""BOX""]",ORIGINAL
[],"[""BEAR_FOLLOW_THROUGH_FAILED""]",BROOKS_FAILED,300073,2025-10-23,CANCEL_OPEN_ABOVE_BUY_ZONE,True,s6order-e3e16ed12832f5b68897,s6ps-f03199f3e7189f9b,2,s6setup-6aaf4bd6d838fdf1316e,2025-10-20,CANCELLED,BOTH,MULTI,"[""ORIGINAL"", ""BOX""]",ORIGINAL
[],"[""MICRO_DOUBLE_BOTTOM"", ""FAILED_BEAR_BREAKOUT"", ""BEAR_FOLLOW_THROUGH_FAILED""]",FAILED_BEAR_BREAKOUT,300073,2025-10-24,CANCEL_OPEN_ABOVE_BUY_ZONE,True,s6order-85885e4f0dfdbfab40a8,s6ps-f03199f3e7189f9b,2,s6setup-b462b4d77066b05af091,2025-10-21,CANCELLED,BOTH,MULTI,"[""ORIGINAL"", ""BOX""]",ORIGINAL
[],[],BROOKS_FAILED,300085,2024-11-18,FILLED_FROZEN_PLAN,False,s6order-39954626968ee6e15abb,s6ps-f03199f3e7189f9b,1,s6setup-e42a370d8980d8402bcb,2024-11-13,FILLED,BOX,BOX,"[""BOX""]",BOX
[],"[""MICRO_DOUBLE_BOTTOM"", ""FAILED_BEAR_BREAKOUT""]",BROOKS_CONTEXT_REJECT,300102,2024-11-15,FILLED_FROZEN_PLAN,False,s6order-0b4a1c44cb283238ceb7,s6ps-f03199f3e7189f9b,1,s6setup-5c64756c89da797ce137,2024-11-12,FILLED,BOX,BOX,"[""BOX""]",BOX
[],[],BROOKS_CONTEXT_REJECT,300113,2025-09-16,CANCEL_OPEN_ABOVE_BUY_ZONE,False,s6order-783a16993d83197fa2c9,s6ps-f03199f3e7189f9b,1,s6setup-2c76e99aa1035f5e855a,2025-09-11,CANCELLED,ORIGINAL,ORIGINAL,"[""ORIGINAL""]",ORIGINAL
[],"[""MICRO_DOUBLE_BOTTOM"", ""FAILED_BEAR_BREAKOUT""]",FAILED_BEAR_BREAKOUT,300124,2025-03-13,CANCEL_OPEN_ABOVE_BUY_ZONE,True,s6order-d9b9a49f96b9527b0fbf,s6ps-f03199f3e7189f9b,2,s6setup-37ab076fbd8d138d9531,2025-03-10,CANCELLED,BOTH,MULTI,"[""ORIGINAL"", ""BOX""]",ORIGINAL
[],"[""FAILED_BEAR_BREAKOUT""]",FAILED_BEAR_BREAKOUT,300124,2025-03-14,CANCEL_OPEN_ABOVE_BUY_ZONE,True,s6order-8540af0084811330f13e,s6ps-f03199f3e7189f9b,2,s6setup-a3ddd2294c9714599d13,2025-03-11,CANCELLED,BOTH,MULTI,"[""ORIGINAL"", ""BOX""]",ORIGINAL
[],[],BROOKS_FAILED,300124,2025-03-18,FILLED_FROZEN_PLAN,False,s6order-03ba7e29406582eca790,s6ps-f03199f3e7189f9b,1,s6setup-5f1e06d6e268d09e8023,2025-03-13,FILLED,BOX,BOX,"[""BOX""]",BOX
[],"[""MICRO_DOUBLE_BOTTOM"", ""SECOND_ENTRY_LONG_READY"", ""BEAR_FOLLOW_THROUGH_FAILED""]",BROOKS_CONTEXT_REJECT,300127,2025-11-03,CANCEL_OPEN_ABOVE_BUY_ZONE,False,s6order-3982329e3ae177173a60,s6ps-f03199f3e7189f9b,1,s6setup-dc92fe3a0f3482c354f1,2025-10-29,CANCELLED,BOX,BOX,"[""BOX""]",BOX
[],"[""FAILED_BEAR_BREAKOUT"", ""ORDERLY_COMPRESSION_AT_SUPPORT""]",FAILED_BEAR_BREAKOUT,300131,2024-12-11,FILLED_FROZEN_PLAN,False,s6order-252eb22ec3ee6fc14eef,s6ps-f03199f3e7189f9b,1,s6setup-8d7f3cd60a44c38e966c,2024-12-06,FILLED,BOX,BOX,"[""BOX""]",BOX
[],[],BROOKS_CONTEXT_REJECT,300131,2025-12-24,CANCEL_OPEN_ABOVE_BUY_ZONE,False,s6order-e495da50fc8d2370412d,s6ps-f03199f3e7189f9b,1,s6setup-447cb6fa7b373adb8810,2025-12-19,CANCELLED,BOX,BOX,"[""BOX""]",BOX
[],"[""BEAR_FOLLOW_THROUGH_FAILED""]",BROOKS_FAILED,300136,2025-11-17,CANCEL_OPEN_ABOVE_BUY_ZONE,False,s6order-ab62d28a5f9f8c6888e2,s6ps-f03199f3e7189f9b,1,s6setup-4117735c3afe45d20380,2025-11-12,CANCELLED,BOX,BOX,"[""BOX""]",BOX
[],[],BROOKS_FAILED,300139,2024-11-05,FILLED_FROZEN_PLAN,False,s6order-6bd0e23e8d4fef5e4022,s6ps-f03199f3e7189f9b,1,s6setup-03ac53b95d0ed4d67393,2024-10-31,FILLED,ORIGINAL,ORIGINAL,"[""ORIGINAL""]",ORIGINAL
[],[],BROOKS_FAILED,300139,2024-11-06,FILLED_FROZEN_PLAN,False,s6order-5a80df9127291f63df1d,s6ps-f03199f3e7189f9b,1,s6setup-06fe080981f712a2689e,2024-11-01,FILLED,BOX,BOX,"[""BOX""]",BOX
[],[],BROOKS_CONTEXT_REJECT,300149,2025-08-18,CANCEL_OPEN_ABOVE_BUY_ZONE,False,s6order-e7ac3d4f57c949934e05,s6ps-f03199f3e7189f9b,1,s6setup-14e2fd006350f69eb194,2025-08-13,CANCELLED,BOX,BOX,"[""BOX""]",BOX
[],[],BROOKS_CONTEXT_REJECT,300153,2025-01-17,CANCEL_OPEN_ABOVE_BUY_ZONE,False,s6order-78d83fac9360b406bbb4,s6ps-f03199f3e7189f9b,1,s6setup-0a4db8a473032dbd1ffb,2025-01-14,CANCELLED,BOX,BOX,"[""BOX""]",BOX
[],"[""FAILED_BEAR_BREAKOUT""]",FAILED_BEAR_BREAKOUT,300179,2025-11-10,CANCEL_OPEN_ABOVE_BUY_ZONE,False,s6order-b62211a12c6b0be2786b,s6ps-f03199f3e7189f9b,1,s6setup-9558daf0ee21fcc071b8,2025-11-05,CANCELLED,BOX,BOX,"[""BOX""]",BOX
[],"[""MICRO_DOUBLE_BOTTOM"", ""FAILED_BEAR_BREAKOUT""]",FAILED_BEAR_BREAKOUT,300179,2025-11-11,CANCEL_OPEN_ABOVE_BUY_ZONE,False,s6order-82e74ce1074015667326,s6ps-f03199f3e7189f9b,1,s6setup-26d0c32d83cb8c011635,2025-11-06,CANCELLED,BOX,BOX,"[""BOX""]",BOX
[],"[""MICRO_DOUBLE_BOTTOM"", ""FAILED_BEAR_BREAKOUT""]",FAILED_BEAR_BREAKOUT,300179,2025-11-12,CANCEL_OPEN_ABOVE_BUY_ZONE,False,s6order-66a42e9cdf2c3da0364d,s6ps-f03199f3e7189f9b,1,s6setup-e0c1e5ba70b875138868,2025-11-07,CANCELLED,BOX,BOX,"[""BOX""]",BOX
[],[],BROOKS_CONTEXT_REJECT,300180,2025-07-09,CANCEL_OPEN_ABOVE_BUY_ZONE,False,s6order-ac3ac4039da56138627f,s6ps-f03199f3e7189f9b,1,s6setup-3df680df65206ff003c0,2025-07-04,CANCELLED,BOX,BOX,"[""BOX""]",BOX
[],[],BROOKS_CONTEXT_REJECT,300182,2024-12-25,CANCEL_OPEN_ABOVE_BUY_ZONE,False,s6order-3363fcecc2f057c62ce0,s6ps-f03199f3e7189f9b,1,s6setup-d2c15ade4641dee97cba,2024-12-20,CANCELLED,BOX,BOX,"[""BOX""]",BOX
[],"[""FAILED_BEAR_BREAKOUT""]",BROOKS_CONTEXT_REJECT,300183,2025-03-25,FILLED_FROZEN_PLAN,False,s6order-fde109226df61696c56a,s6ps-f03199f3e7189f9b,1,s6setup-314c58c296b156d1537c,2025-03-20,FILLED,BOX,BOX,"[""BOX""]",BOX
[],[],BROOKS_FAILED,300192,2024-11-13,CANCEL_OPEN_ABOVE_BUY_ZONE,False,s6order-0db572c15034160f08d1,s6ps-f03199f3e7189f9b,1,s6setup-18e91cf1670e563726d6,2024-11-08,CANCELLED,BOX,BOX,"[""BOX""]",BOX
[],"[""MICRO_DOUBLE_BOTTOM"", ""FAILED_BEAR_BREAKOUT""]",BROOKS_CONTEXT_REJECT,300199,2025-07-02,FILLED_FROZEN_PLAN,True,s6order-bb7652dc72dbf9d235fc,s6ps-f03199f3e7189f9b,2,s6setup-98b6d5982ad98654f26b,2025-06-27,FILLED,BOTH,MULTI,"[""ORIGINAL"", ""BOX""]",ORIGINAL
[],"[""MICRO_DOUBLE_BOTTOM"", ""FAILED_BEAR_BREAKOUT""]",BROOKS_CONTEXT_REJECT,300199,2025-07-03,CANCEL_OPEN_ABOVE_BUY_ZONE,False,s6order-c0b5a4aedd5eeea68bf0,s6ps-f03199f3e7189f9b,1,s6setup-95eb8d6782437a290e25,2025-06-30,CANCELLED,BOX,BOX,"[""BOX""]",BOX
[],[],BROOKS_FAILED,300204,2025-06-30,FILLED_FROZEN_PLAN,False,s6order-7e3f4a3dbff865d447ce,s6ps-f03199f3e7189f9b,1,s6setup-9c182d59a5d74d9b9c2f,2025-06-25,FILLED,BOX,BOX,"[""BOX""]",BOX
[],[],BROOKS_FAILED,300210,2024-03-21,FILLED_FROZEN_PLAN,False,s6order-4583c379d3d45f5eb2b6,s6ps-f03199f3e7189f9b,1,s6setup-86918b98cb309eb4bbcc,2024-03-18,FILLED,BOX,BOX,"[""BOX""]",BOX
[],[],BROOKS_FAILED,300210,2024-03-22,FILLED_FROZEN_PLAN,False,s6order-0719f63b2b336a617936,s6ps-f03199f3e7189f9b,1,s6setup-179339c621cd4c0f40fb,2024-03-19,FILLED,BOX,BOX,"[""BOX""]",BOX
[],"[""MICRO_DOUBLE_BOTTOM"", ""FAILED_BEAR_BREAKOUT"", ""ORDERLY_COMPRESSION_AT_SUPPORT""]",BROOKS_FAILED_BREAKOUT_READY,300210,2024-03-27,FILLED_FROZEN_PLAN,True,s6order-1ab343b2c4c44cc44c2f,s6ps-f03199f3e7189f9b,2,s6setup-34ead3d1be0fa4bc244f,2024-03-22,FILLED,BOX,MULTI,"[""BOX"", ""BROOKS""]",BROOKS
[],[],BROOKS_CONTEXT_REJECT,300222,2025-09-16,CANCEL_OPEN_ABOVE_BUY_ZONE,True,s6order-2e92e446a0106a1aab2a,s6ps-f03199f3e7189f9b,2,s6setup-6f0d1255bc10d57b5fc4,2025-09-11,CANCELLED,BOTH,MULTI,"[""ORIGINAL"", ""BOX""]",ORIGINAL
[],"[""MICRO_DOUBLE_BOTTOM"", ""SECOND_ENTRY_LONG_READY"", ""BEAR_FOLLOW_THROUGH_FAILED""]",SECOND_ENTRY_LONG_READY,300229,2025-03-03,CANCEL_OPEN_ABOVE_BUY_ZONE,True,s6order-d4283470bdf9f5e04897,s6ps-f03199f3e7189f9b,3,s6setup-8351a4c7023572b12be5,2025-02-26,CANCELLED,BOTH,MULTI,"[""ORIGINAL"", ""BOX"", ""BROOKS""]",ORIGINAL
[],[],BROOKS_FAILED,300256,2024-11-19,CANCEL_OPEN_ABOVE_BUY_ZONE,False,s6order-a7a689f1846c6b4fc94b,s6ps-f03199f3e7189f9b,1,s6setup-f5234fdcb28fc48d4666,2024-11-14,CANCELLED,BOX,BOX,"[""BOX""]",BOX
[],[],BROOKS_FAILED,300258,2025-04-02,FILLED_FROZEN_PLAN,False,s6order-dd9436b1f9060f16773c,s6ps-f03199f3e7189f9b,1,s6setup-067f3d614b1a9b2ca067,2025-03-28,FILLED,BOX,BOX,"[""BOX""]",BOX
[],"[""FAILED_BEAR_BREAKOUT"", ""BEAR_FOLLOW_THROUGH_FAILED""]",FAILED_BEAR_BREAKOUT,300274,2025-10-29,CANCEL_OPEN_ABOVE_BUY_ZONE,False,s6order-e8ae78405d7de87e0f16,s6ps-f03199f3e7189f9b,1,s6setup-97855adfeab9799975d5,2025-10-24,CANCELLED,BOX,BOX,"[""BOX""]",BOX
[],[],BROOKS_CONTEXT_REJECT,300276,2024-12-30,FILLED_FROZEN_PLAN,False,s6order-3e20933623d719ccf714,s6ps-f03199f3e7189f9b,1,s6setup-6def61aaa26d7a0e6f00,2024-12-25,FILLED,BOX,BOX,"[""BOX""]",BOX
[],"[""MICRO_DOUBLE_BOTTOM"", ""FAILED_BEAR_BREAKOUT""]",FAILED_BEAR_BREAKOUT,300276,2025-03-14,CANCEL_OPEN_ABOVE_BUY_ZONE,False,s6order-12a83037c578b09fe9bd,s6ps-f03199f3e7189f9b,1,s6setup-cfdfc980247dba9596c3,2025-03-11,CANCELLED,ORIGINAL,ORIGINAL,"[""ORIGINAL""]",ORIGINAL
[],"[""MICRO_DOUBLE_BOTTOM"", ""FAILED_BEAR_BREAKOUT""]",FAILED_BEAR_BREAKOUT,300276,2025-03-17,CANCEL_OPEN_ABOVE_BUY_ZONE,True,s6order-653182780f75965ee947,s6ps-f03199f3e7189f9b,2,s6setup-a2e8f236483f82aaa623,2025-03-12,CANCELLED,BOTH,MULTI,"[""ORIGINAL"", ""BOX""]",ORIGINAL
[],[],BROOKS_FAILED,300284,2024-11-14,CANCEL_OPEN_ABOVE_BUY_ZONE,True,s6order-b17d05b2da1ec97c0826,s6ps-f03199f3e7189f9b,2,s6setup-c755ba4efb03e1e282b2,2024-11-11,CANCELLED,BOTH,MULTI,"[""ORIGINAL"", ""BOX""]",ORIGINAL
[],"[""MICRO_DOUBLE_BOTTOM"", ""FAILED_BEAR_BREAKOUT""]",FAILED_BEAR_BREAKOUT,300292,2024-11-15,CANCEL_OPEN_ABOVE_BUY_ZONE,True,s6order-cae20093b6e51a89bba4,s6ps-f03199f3e7189f9b,2,s6setup-01f82f10d02fa98a0dc6,2024-11-12,CANCELLED,BOX,MULTI,"[""BOX"", ""BROOKS""]",BROOKS
[],"[""FAILED_BEAR_BREAKOUT""]",FAILED_BEAR_BREAKOUT,300292,2024-11-18,CANCEL_OPEN_ABOVE_BUY_ZONE,False,s6order-f7031a5d01ff8bced021,s6ps-f03199f3e7189f9b,1,s6setup-9c48f58a27fc6f188c7b,2024-11-13,CANCELLED,BOX,BOX,"[""BOX""]",BOX
[],"[""MICRO_DOUBLE_BOTTOM"", ""FAILED_BEAR_BREAKOUT"", ""BEAR_FOLLOW_THROUGH_FAILED""]",BROOKS_CONTEXT_REJECT,300293,2024-10-31,CANCEL_OPEN_ABOVE_BUY_ZONE,False,s6order-65de855eb64819a405a4,s6ps-f03199f3e7189f9b,1,s6setup-9bd84923404891e10b11,2024-10-28,CANCELLED,BOX,BOX,"[""BOX""]",BOX
[],"[""MICRO_DOUBLE_BOTTOM"", ""FAILED_BEAR_BREAKOUT"", ""BEAR_FOLLOW_THROUGH_FAILED""]",BROOKS_CONTEXT_REJECT,300293,2024-11-01,FILLED_FROZEN_PLAN,False,s6order-f4bc3682f4f38534ffcf,s6ps-f03199f3e7189f9b,1,s6setup-2f57feeea609bcb0e16b,2024-10-29,FILLED,BOX,BOX,"[""BOX""]",BOX
[],"[""MICRO_DOUBLE_BOTTOM"", ""FAILED_BEAR_BREAKOUT""]",BROOKS_CONTEXT_REJECT,300293,2025-07-22,CANCEL_OPEN_ABOVE_BUY_ZONE,False,s6order-1393a1b7dea48d1d2a5a,s6ps-f03199f3e7189f9b,1,s6setup-2c01acb7c2b4c647169a,2025-07-17,CANCELLED,BOX,BOX,"[""BOX""]",BOX
[],"[""FAILED_BEAR_BREAKOUT"", ""BEAR_FOLLOW_THROUGH_FAILED""]",BROOKS_CONTEXT_REJECT,300299,2025-07-02,CANCEL_OPEN_ABOVE_BUY_ZONE,True,s6order-27e8fca6b36b6c829695,s6ps-f03199f3e7189f9b,2,s6setup-fe57ace2f3bd9f89704c,2025-06-27,CANCELLED,BOTH,MULTI,"[""ORIGINAL"", ""BOX""]",ORIGINAL
[],"[""MICRO_DOUBLE_BOTTOM"", ""BEAR_FOLLOW_THROUGH_FAILED""]",MICRO_DOUBLE_BOTTOM,300303,2024-11-13,CANCEL_OPEN_ABOVE_BUY_ZONE,True,s6order-f15a90235888d0c09445,s6ps-f03199f3e7189f9b,2,s6setup-481bd3cc8486c5ed323e,2024-11-08,CANCELLED,ORIGINAL,MULTI,"[""ORIGINAL"", ""BROOKS""]",ORIGINAL
[],[],BROOKS_FAILED,300307,2025-03-11,CANCEL_OPEN_ABOVE_BUY_ZONE,False,s6order-01f55e60668124031a69,s6ps-f03199f3e7189f9b,1,s6setup-5578ad8289ff4165fed9,2025-03-06,CANCELLED,ORIGINAL,ORIGINAL,"[""ORIGINAL""]",ORIGINAL
[],"[""MICRO_DOUBLE_BOTTOM"", ""FAILED_BEAR_BREAKOUT""]",BROOKS_CONTEXT_REJECT,300307,2025-03-17,FILLED_FROZEN_PLAN,False,s6order-d198aa0c4df406f7b7b7,s6ps-f03199f3e7189f9b,1,s6setup-c4931d99b7cb67258402,2025-03-12,FILLED,BOX,BOX,"[""BOX""]",BOX
[],[],BROOKS_FAILED,300308,2025-11-13,CANCEL_OPEN_ABOVE_BUY_ZONE,True,s6order-cfc3f5dc8ac65aad4a0a,s6ps-f03199f3e7189f9b,2,s6setup-988348ddc9d2061c5eda,2025-11-10,CANCELLED,BOTH,MULTI,"[""ORIGINAL"", ""BOX""]",ORIGINAL
[],"[""BEAR_FOLLOW_THROUGH_FAILED""]",BROOKS_CONTEXT_REJECT,300310,2024-11-04,CANCEL_OPEN_ABOVE_BUY_ZONE,False,s6order-5f77adeb7494c396efe2,s6ps-f03199f3e7189f9b,1,s6setup-bad2851bb68ffb07f8d7,2024-10-30,CANCELLED,BOX,BOX,"[""BOX""]",BOX
[],[],BROOKS_FAILED,300322,2024-11-20,CANCEL_OPEN_ABOVE_BUY_ZONE,False,s6order-34e71159f60bd5563fec,s6ps-f03199f3e7189f9b,1,s6setup-3e5c7024c90b1574be62,2024-11-15,CANCELLED,BOX,BOX,"[""BOX""]",BOX
[],"[""BEAR_FOLLOW_THROUGH_FAILED""]",BROOKS_FAILED,300322,2025-09-01,CANCEL_OPEN_ABOVE_BUY_ZONE,False,s6order-30fc2fb5a034fcbf0e32,s6ps-f03199f3e7189f9b,1,s6setup-e9a0df59c2144700236e,2025-08-27,CANCELLED,BOX,BOX,"[""BOX""]",BOX
[],[],BROOKS_FAILED,300353,2025-05-22,CANCEL_OPEN_ABOVE_BUY_ZONE,False,s6order-97954b9fc984f4406a37,s6ps-f03199f3e7189f9b,1,s6setup-ca9f5bb3325d84899bbd,2025-05-19,CANCELLED,BOX,BOX,"[""BOX""]",BOX
[],[],BROOKS_CONTEXT_REJECT,300370,2024-12-24,CANCEL_OPEN_ABOVE_BUY_ZONE,False,s6order-e65aa13a821cc3245550,s6ps-f03199f3e7189f9b,1,s6setup-407f2bb2aee712d9378a,2024-12-19,CANCELLED,BOX,BOX,"[""BOX""]",BOX
[],[],BROOKS_FAILED,300377,2024-12-18,FILLED_FROZEN_PLAN,False,s6order-3b119ccd4309860bb0c2,s6ps-f03199f3e7189f9b,1,s6setup-861e18604179a7947c08,2024-12-13,FILLED,BOX,BOX,"[""BOX""]",BOX
[],[],BROOKS_FAILED,300383,2025-01-20,CANCEL_OPEN_ABOVE_BUY_ZONE,False,s6order-8a0dfe1485b4393ffa8a,s6ps-f03199f3e7189f9b,1,s6setup-055f624a2e78d5a0096b,2025-01-15,CANCELLED,BOX,BOX,"[""BOX""]",BOX
[],"[""BEAR_FOLLOW_THROUGH_FAILED""]",BROOKS_CONTEXT_REJECT,300383,2025-03-14,CANCEL_OPEN_ABOVE_BUY_ZONE,False,s6order-3b48a216215ef661a7f1,s6ps-f03199f3e7189f9b,1,s6setup-44e0c9033a1d6e65cc28,2025-03-11,CANCELLED,ORIGINAL,ORIGINAL,"[""ORIGINAL""]",ORIGINAL
[],[],BROOKS_CONTEXT_REJECT,300386,2025-07-10,CANCEL_OPEN_ABOVE_BUY_ZONE,False,s6order-9e445932b204d580c0fa,s6ps-f03199f3e7189f9b,1,s6setup-3cbfa8d687c8a76f1b76,2025-07-07,CANCELLED,BOX,BOX,"[""BOX""]",BOX
[],[],BROOKS_CONTEXT_REJECT,300390,2025-12-09,FILLED_FROZEN_PLAN,False,s6order-fa731654828dabdbb53a,s6ps-f03199f3e7189f9b,1,s6setup-febba4e8286185632756,2025-12-04,FILLED,BOX,BOX,"[""BOX""]",BOX
[],"[""MICRO_DOUBLE_BOTTOM"", ""FAILED_BEAR_BREAKOUT""]",FAILED_BEAR_BREAKOUT,300394,2024-11-07,CANCEL_OPEN_ABOVE_BUY_ZONE,True,s6order-2c888c577046ec391abe,s6ps-f03199f3e7189f9b,2,s6setup-a0e81f7cbc75b159986b,2024-11-04,CANCELLED,BOX,MULTI,"[""BOX"", ""BROOKS""]",BROOKS
[],"[""MICRO_DOUBLE_BOTTOM"", ""FAILED_BEAR_BREAKOUT""]",FAILED_BEAR_BREAKOUT,300394,2024-11-08,CANCEL_OPEN_ABOVE_BUY_ZONE,False,s6order-eb4d3a644ab617f6616f,s6ps-f03199f3e7189f9b,1,s6setup-8ead4a2d70dd6c4cbec2,2024-11-05,CANCELLED,BOX,BOX,"[""BOX""]",BOX
[],"[""MICRO_DOUBLE_BOTTOM"", ""FAILED_BEAR_BREAKOUT""]",FAILED_BEAR_BREAKOUT,300394,2024-11-13,CANCEL_OPEN_ABOVE_BUY_ZONE,False,s6order-feb782990db4b1747c79,s6ps-f03199f3e7189f9b,1,s6setup-bd38c99a8f41f1f6d00a,2024-11-08,CANCELLED,ORIGINAL,ORIGINAL,"[""ORIGINAL""]",ORIGINAL
[],"[""MICRO_DOUBLE_BOTTOM"", ""SECOND_ENTRY_LONG_READY"", ""FAILED_BEAR_BREAKOUT""]",BROOKS_SUPPORT_READY,300394,2025-09-23,FILLED_FROZEN_PLAN,False,s6order-e34a124e098390c91a9b,s6ps-f03199f3e7189f9b,1,s6setup-8617597dc0fa1383b10d,2025-09-18,FILLED,NONE,BROOKS,"[""BROOKS""]",BROOKS
[],"[""FAILED_BEAR_BREAKOUT""]",BROOKS_FAILED_BREAKOUT_READY,300394,2025-09-24,CANCEL_OPEN_ABOVE_BUY_ZONE,True,s6order-7ab8f8d94d5404ecf83f,s6ps-f03199f3e7189f9b,3,s6setup-ae4b243983b20bc0b5f9,2025-09-19,CANCELLED,BOTH,MULTI,"[""ORIGINAL"", ""BOX"", ""BROOKS""]",ORIGINAL
[],"[""MICRO_DOUBLE_BOTTOM"", ""FAILED_BEAR_BREAKOUT""]",BROOKS_FAILED_BREAKOUT_READY,300394,2025-09-26,FILLED_FROZEN_PLAN,True,s6order-d227cb28acc85b82c3c8,s6ps-f03199f3e7189f9b,2,s6setup-cac8a1d8746ec62e8f7e,2025-09-23,FILLED,ORIGINAL,MULTI,"[""ORIGINAL"", ""BROOKS""]",ORIGINAL
[],[],BROOKS_FAILED,300395,2025-08-15,CANCEL_OPEN_ABOVE_BUY_ZONE,False,s6order-cc297be2f85334fe7f9d,s6ps-f03199f3e7189f9b,1,s6setup-57bcd605c67faf9172c7,2025-08-12,CANCELLED,BOX,BOX,"[""BOX""]",BOX
[],[],BROOKS_FAILED,300397,2024-11-13,CANCEL_OPEN_ABOVE_BUY_ZONE,False,s6order-b25004d3ebb51e816439,s6ps-f03199f3e7189f9b,1,s6setup-5c56c4f571876e4504e9,2024-11-08,CANCELLED,ORIGINAL,ORIGINAL,"[""ORIGINAL""]",ORIGINAL
[],"[""FAILED_BEAR_BREAKOUT""]",FAILED_BEAR_BREAKOUT,300397,2024-11-15,FILLED_FROZEN_PLAN,False,s6order-4cc1331506ba2a4efe03,s6ps-f03199f3e7189f9b,1,s6setup-d1889779ea60fdef1231,2024-11-12,FILLED,BOX,BOX,"[""BOX""]",BOX
[],"[""MICRO_DOUBLE_BOTTOM"", ""FAILED_BEAR_BREAKOUT""]",BROOKS_FAILED_BREAKOUT_READY,300400,2025-09-03,CANCEL_OPEN_ABOVE_BUY_ZONE,True,s6order-4fc5633591a56ee503e2,s6ps-f03199f3e7189f9b,3,s6setup-93472d59cb6a2b06e093,2025-08-29,CANCELLED,BOTH,MULTI,"[""ORIGINAL"", ""BOX"", ""BROOKS""]",ORIGINAL
[],"[""MICRO_DOUBLE_BOTTOM"", ""FAILED_BEAR_BREAKOUT"", ""BEAR_FOLLOW_THROUGH_FAILED""]",BROOKS_CONTEXT_REJECT,300403,2025-01-02,CANCEL_OPEN_BELOW_BUY_ZONE,False,s6order-688c014f4bfe317298eb,s6ps-f03199f3e7189f9b,1,s6setup-16b388b01bcdba9acf84,2024-12-27,CANCELLED,BOX,BOX,"[""BOX""]",BOX
[],"[""MICRO_DOUBLE_BOTTOM"", ""FAILED_BEAR_BREAKOUT""]",FAILED_BEAR_BREAKOUT,300415,2025-09-25,CANCEL_OPEN_ABOVE_BUY_ZONE,True,s6order-92ab55c82c168dea9505,s6ps-f03199f3e7189f9b,2,s6setup-182e4147b9219916f379,2025-09-22,CANCELLED,BOX,MULTI,"[""BOX"", ""BROOKS""]",BROOKS
[],[],BROOKS_FAILED,300424,2024-11-18,FILLED_FROZEN_PLAN,False,s6order-3325174b1eb9c15fb04a,s6ps-f03199f3e7189f9b,1,s6setup-be858b46ff0d049233b9,2024-11-13,FILLED,BOX,BOX,"[""BOX""]",BOX
[],"[""FAILED_BEAR_BREAKOUT""]",BROOKS_CONTEXT_REJECT,300433,2024-11-01,CANCEL_OPEN_ABOVE_BUY_ZONE,False,s6order-e961cedc06a181b21b3d,s6ps-f03199f3e7189f9b,1,s6setup-ce55436529fac87c0148,2024-10-29,CANCELLED,BOX,BOX,"[""BOX""]",BOX
[],"[""MICRO_DOUBLE_BOTTOM"", ""FAILED_BEAR_BREAKOUT""]",FAILED_BEAR_BREAKOUT,300433,2025-02-19,CANCEL_OPEN_ABOVE_BUY_ZONE,True,s6order-f0b542c8681cb1534631,s6ps-f03199f3e7189f9b,2,s6setup-1cb2d12993de1176da44,2025-02-14,CANCELLED,BOTH,MULTI,"[""ORIGINAL"", ""BOX""]",ORIGINAL
[],"[""FAILED_BEAR_BREAKOUT""]",FAILED_BEAR_BREAKOUT,300433,2025-02-20,CANCEL_OPEN_ABOVE_BUY_ZONE,True,s6order-4d11cba210fa2dbfa2f5,s6ps-f03199f3e7189f9b,3,s6setup-65f64be8e941ebd44b99,2025-02-17,CANCELLED,BOTH,MULTI,"[""ORIGINAL"", ""BOX"", ""BROOKS""]",ORIGINAL
[],"[""MICRO_DOUBLE_BOTTOM"", ""FAILED_BEAR_BREAKOUT""]",BROOKS_CONTEXT_REJECT,300450,2025-07-14,FILLED_FROZEN_PLAN,False,s6order-450cd52994e63c3dbcb5,s6ps-f03199f3e7189f9b,1,s6setup-adf6c601c300982c2d25,2025-07-09,FILLED,BOX,BOX,"[""BOX""]",BOX
[],"[""BEAR_FOLLOW_THROUGH_FAILED""]",BROOKS_CONTEXT_REJECT,300454,2025-11-20,FILLED_FROZEN_PLAN,False,s6order-758709bc7188c7d7049a,s6ps-f03199f3e7189f9b,1,s6setup-478345d5e6f6770a72b4,2025-11-17,FILLED,BOX,BOX,"[""BOX""]",BOX
[],"[""BEAR_FOLLOW_THROUGH_FAILED""]",BROOKS_CONTEXT_REJECT,300454,2025-11-21,CANCEL_OPEN_ABOVE_BUY_ZONE,False,s6order-c1f3658da2a93a9d7443,s6ps-f03199f3e7189f9b,1,s6setup-cd40f11933069d604ab4,2025-11-18,CANCELLED,BOX,BOX,"[""BOX""]",BOX
[],"[""BEAR_FOLLOW_THROUGH_FAILED""]",BROOKS_FAILED,300457,2025-07-10,FILLED_FROZEN_PLAN,False,s6order-29022c4567d03d9b481a,s6ps-f03199f3e7189f9b,1,s6setup-299bd8ef7828db0ae0df,2025-07-07,FILLED,BOX,BOX,"[""BOX""]",BOX
[],[],BROOKS_CONTEXT_REJECT,300459,2024-12-24,FILLED_FROZEN_PLAN,False,s6order-84cdca28301dc5573f7f,s6ps-f03199f3e7189f9b,1,s6setup-dbc04670d4bf601779fa,2024-12-19,FILLED,BOX,BOX,"[""BOX""]",BOX
[],"[""MICRO_DOUBLE_BOTTOM"", ""FAILED_BEAR_BREAKOUT""]",BROOKS_CONTEXT_REJECT,300465,2025-09-18,CANCEL_OPEN_ABOVE_BUY_ZONE,False,s6order-5810e6366109d655f4d2,s6ps-f03199f3e7189f9b,1,s6setup-61c5d78719f9d5af5af6,2025-09-15,CANCELLED,BOX,BOX,"[""BOX""]",BOX
[],"[""MICRO_DOUBLE_BOTTOM"", ""FAILED_BEAR_BREAKOUT""]",BROOKS_CONTEXT_REJECT,300465,2025-09-23,CANCEL_OPEN_ABOVE_BUY_ZONE,False,s6order-071204c55837da7d49a8,s6ps-f03199f3e7189f9b,1,s6setup-f5b3da7578ea5fcbc3c4,2025-09-18,CANCELLED,BOX,BOX,"[""BOX""]",BOX
[],[],BROOKS_FAILED,300468,2025-07-10,CANCEL_OPEN_ABOVE_BUY_ZONE,False,s6order-a80eba9571d896900760,s6ps-f03199f3e7189f9b,1,s6setup-b5f3c1335eb3444dbfc4,2025-07-07,CANCELLED,BOX,BOX,"[""BOX""]",BOX
[],"[""BEAR_FOLLOW_THROUGH_FAILED""]",BROOKS_FAILED,300469,2024-11-05,CANCEL_OPEN_ABOVE_BUY_ZONE,False,s6order-338a7ce39494a18c2e86,s6ps-f03199f3e7189f9b,1,s6setup-972ecff6bc6b3c765fc4,2024-10-31,CANCELLED,BOX,BOX,"[""BOX""]",BOX
[],[],BROOKS_FAILED,300469,2025-03-28,CANCEL_OPEN_ABOVE_BUY_ZONE,False,s6order-4218aaf24644012f5f8c,s6ps-f03199f3e7189f9b,1,s6setup-b1cf7e1a90a3897814cc,2025-03-25,CANCELLED,BOX,BOX,"[""BOX""]",BOX
[],[],BROOKS_CONTEXT_REJECT,300469,2025-10-13,FILLED_FROZEN_PLAN,False,s6order-6c46ef0eef2664039b2a,s6ps-f03199f3e7189f9b,1,s6setup-9b076a7334c850f93fd0,2025-09-30,FILLED,BOX,BOX,"[""BOX""]",BOX
[],"[""MICRO_DOUBLE_BOTTOM"", ""FAILED_BEAR_BREAKOUT"", ""BEAR_FOLLOW_THROUGH_FAILED""]",BROOKS_CONTEXT_REJECT,300473,2025-03-20,FILLED_FROZEN_PLAN,False,s6order-be8eb52ff0cdc5714c16,s6ps-f03199f3e7189f9b,1,s6setup-4269b9bb4f194278f827,2025-03-17,FILLED,BOX,BOX,"[""BOX""]",BOX
[],"[""MICRO_DOUBLE_BOTTOM"", ""FAILED_BEAR_BREAKOUT""]",BROOKS_CONTEXT_REJECT,300473,2025-03-21,FILLED_FROZEN_PLAN,False,s6order-d4994cce406efc93ff19,s6ps-f03199f3e7189f9b,1,s6setup-18307867e16b3953aa40,2025-03-18,FILLED,BOX,BOX,"[""BOX""]",BOX
[],[],BROOKS_FAILED,300476,2025-08-12,CANCEL_OPEN_ABOVE_BUY_ZONE,True,s6order-0625c95712430b929dba,s6ps-f03199f3e7189f9b,2,s6setup-3a514f007a046a076145,2025-08-07,CANCELLED,BOTH,MULTI,"[""ORIGINAL"", ""BOX""]",ORIGINAL
[],"[""MICRO_DOUBLE_BOTTOM"", ""FAILED_BEAR_BREAKOUT"", ""BEAR_FOLLOW_THROUGH_FAILED"", ""ORDERLY_COMPRESSION_AT_SUPPORT""]",FAILED_BEAR_BREAKOUT,300496,2025-09-16,CANCEL_OPEN_ABOVE_BUY_ZONE,True,s6order-b5557c99ebb5b35614b4,s6ps-f03199f3e7189f9b,2,s6setup-7e2225ba9bc99627057c,2025-09-11,CANCELLED,BOX,MULTI,"[""BOX"", ""BROOKS""]",BROOKS
[],"[""MICRO_DOUBLE_BOTTOM"", ""FAILED_BEAR_BREAKOUT"", ""BEAR_FOLLOW_THROUGH_FAILED"", ""ORDERLY_COMPRESSION_AT_SUPPORT""]",FAILED_BEAR_BREAKOUT,300496,2025-09-17,CANCEL_OPEN_ABOVE_BUY_ZONE,True,s6order-7d7b3ab0dc0c30aac55c,s6ps-f03199f3e7189f9b,2,s6setup-73d07e00f41a126beb7d,2025-09-12,CANCELLED,BOX,MULTI,"[""BOX"", ""BROOKS""]",BROOKS
[],"[""MICRO_DOUBLE_BOTTOM"", ""FAILED_BEAR_BREAKOUT"", ""BEAR_FOLLOW_THROUGH_FAILED""]",FAILED_BEAR_BREAKOUT,300502,2025-12-29,CANCEL_OPEN_ABOVE_BUY_ZONE,False,s6order-ea7f75cafa689b7a1cca,s6ps-f03199f3e7189f9b,1,s6setup-0380d67ff019d0cabadd,2025-12-24,CANCELLED,BOX,BOX,"[""BOX""]",BOX
[],[],BROOKS_FAILED,300502,2025-12-30,CANCEL_OPEN_ABOVE_BUY_ZONE,True,s6order-4725e95bc8b369ecb751,s6ps-f03199f3e7189f9b,2,s6setup-d0756c36d764792175ea,2025-12-25,CANCELLED,BOTH,MULTI,"[""ORIGINAL"", ""BOX""]",ORIGINAL
[],[],BROOKS_FAILED,300502,2025-12-31,CANCEL_OPEN_ABOVE_BUY_ZONE,False,s6order-20d6ca2ce13a3f9d1f18,s6ps-f03199f3e7189f9b,1,s6setup-e9c5dc29a23bf65f1cc5,2025-12-26,CANCELLED,BOX,BOX,"[""BOX""]",BOX
[],[],BROOKS_FAILED,300502,2025-12-31,CANCEL_OPEN_ABOVE_BUY_ZONE,False,s6order-7647a8579820873a3f53,s6ps-f03199f3e7189f9b,1,s6setup-ca599d86b768b8b09c65,2025-12-29,CANCELLED,BOX,BOX,"[""BOX""]",BOX
[],[],BROOKS_FAILED,300502,2025-12-31,CANCEL_OPEN_ABOVE_BUY_ZONE,False,s6order-b3665c632e09a680b341,s6ps-f03199f3e7189f9b,1,s6setup-48005534497e2d6e8304,2025-12-30,CANCELLED,BOX,BOX,"[""BOX""]",BOX
[],[],BROOKS_CONTEXT_REJECT,300503,2024-12-31,FILLED_FROZEN_PLAN,False,s6order-fb86a14c92ac5e49a32f,s6ps-f03199f3e7189f9b,1,s6setup-4be758aa7cd2b076adfe,2024-12-26,FILLED,BOX,BOX,"[""BOX""]",BOX
[],[],BROOKS_FAILED,300503,2025-03-20,FILLED_FROZEN_PLAN,False,s6order-b9f2da84b563e22c7681,s6ps-f03199f3e7189f9b,1,s6setup-b365884df694ce2f0407,2025-03-17,FILLED,BOX,BOX,"[""BOX""]",BOX
[],[],BROOKS_FAILED,300503,2025-09-16,CANCEL_OPEN_ABOVE_BUY_ZONE,False,s6order-fac67213fc9b949c26b8,s6ps-f03199f3e7189f9b,1,s6setup-dee8f20edaf2344d5bc5,2025-09-11,CANCELLED,ORIGINAL,ORIGINAL,"[""ORIGINAL""]",ORIGINAL
[],"[""MICRO_DOUBLE_BOTTOM"", ""SECOND_ENTRY_LONG_READY"", ""FAILED_BEAR_BREAKOUT""]",SECOND_ENTRY_LONG_READY,300503,2025-09-17,CANCEL_OPEN_ABOVE_BUY_ZONE,False,s6order-530a78928d64cec55229,s6ps-f03199f3e7189f9b,1,s6setup-e3bb9aaec454e28f57b7,2025-09-12,CANCELLED,ORIGINAL,ORIGINAL,"[""ORIGINAL""]",ORIGINAL
[],"[""BEAR_FOLLOW_THROUGH_FAILED""]",BROOKS_CONTEXT_REJECT,300507,2025-10-23,FILLED_FROZEN_PLAN,False,s6order-dc34a986c4857a38e9ab,s6ps-f03199f3e7189f9b,1,s6setup-3aa58fbead45c91c50b2,2025-10-20,FILLED,BOX,BOX,"[""BOX""]",BOX
[],"[""BEAR_FOLLOW_THROUGH_FAILED""]",BROOKS_FAILED,300507,2025-10-24,FILLED_FROZEN_PLAN,False,s6order-44ce68173a26afab30ed,s6ps-f03199f3e7189f9b,1,s6setup-f26a8499b91549be5903,2025-10-21,FILLED,BOX,BOX,"[""BOX""]",BOX
[],"[""BEAR_FOLLOW_THROUGH_FAILED""]",BROOKS_CONTEXT_REJECT,300520,2025-11-20,FILLED_FROZEN_PLAN,False,s6order-19fe761f3ac966e4808d,s6ps-f03199f3e7189f9b,1,s6setup-db0db0e777752f50b52f,2025-11-17,FILLED,BOX,BOX,"[""BOX""]",BOX
[],"[""BEAR_FOLLOW_THROUGH_FAILED""]",BROOKS_FAILED,300533,2025-07-28,FILLED_FROZEN_PLAN,False,s6order-3f18bac2c24251917b66,s6ps-f03199f3e7189f9b,1,s6setup-d305e702383d30689c52,2025-07-23,FILLED,BOX,BOX,"[""BOX""]",BOX
[],"[""FAILED_BEAR_BREAKOUT""]",FAILED_BEAR_BREAKOUT,300539,2025-10-28,FILLED_FROZEN_PLAN,False,s6order-57cd92423b156190a1f8,s6ps-f03199f3e7189f9b,1,s6setup-99d7bb8dad8b230a03d0,2025-10-23,FILLED,BOX,BOX,"[""BOX""]",BOX
[],[],BROOKS_FAILED,300539,2025-10-29,FILLED_FROZEN_PLAN,False,s6order-00c3a33689b312ee1fb9,s6ps-f03199f3e7189f9b,1,s6setup-a5a86bfd984507ceb868,2025-10-24,FILLED,BOX,BOX,"[""BOX""]",BOX
[],"[""BEAR_FOLLOW_THROUGH_FAILED""]",BROOKS_FAILED,300548,2025-01-22,CANCEL_OPEN_ABOVE_BUY_ZONE,False,s6order-bcc0faee1a65bb742e7d,s6ps-f03199f3e7189f9b,1,s6setup-c5c467da96963d5f8101,2025-01-17,CANCELLED,BOX,BOX,"[""BOX""]",BOX
[],"[""FAILED_BEAR_BREAKOUT""]",BROOKS_CONTEXT_REJECT,300552,2024-07-02,CANCEL_OPEN_ABOVE_BUY_ZONE,False,s6order-02f171479eebe87b944b,s6ps-f03199f3e7189f9b,1,s6setup-05e745ce4e00e98baaf2,2024-06-27,CANCELLED,BOX,BOX,"[""BOX""]",BOX
[],"[""BEAR_FOLLOW_THROUGH_FAILED""]",BROOKS_FAILED,300563,2024-11-13,CANCEL_OPEN_ABOVE_BUY_ZONE,False,s6order-c255a8ff7349f29dbaed,s6ps-f03199f3e7189f9b,1,s6setup-3b141611a0adf956336b,2024-11-08,CANCELLED,BOX,BOX,"[""BOX""]",BOX
[],[],BROOKS_FAILED,300568,2025-09-30,FILLED_FROZEN_PLAN,False,s6order-98cf16dbeaedbfd21fa7,s6ps-f03199f3e7189f9b,1,s6setup-264b4fa1922eeea044ab,2025-09-25,FILLED,BOX,BOX,"[""BOX""]",BOX
[],"[""BEAR_FOLLOW_THROUGH_FAILED""]",BROOKS_FAILED,300570,2024-11-18,CANCEL_OPEN_ABOVE_BUY_ZONE,False,s6order-7ae45dd841889f70260c,s6ps-f03199f3e7189f9b,1,s6setup-38a6a6d341095f048664,2024-11-13,CANCELLED,ORIGINAL,ORIGINAL,"[""ORIGINAL""]",ORIGINAL
[],"[""FAILED_BEAR_BREAKOUT""]",FAILED_BEAR_BREAKOUT,300581,2025-08-25,CANCEL_OPEN_ABOVE_BUY_ZONE,False,s6order-d8c105d2652609afbae1,s6ps-f03199f3e7189f9b,1,s6setup-8764343d809f6e381476,2025-08-20,CANCELLED,BOX,BOX,"[""BOX""]",BOX
[],[],BROOKS_CONTEXT_REJECT,300600,2025-08-27,FILLED_FROZEN_PLAN,False,s6order-3753096f85eda0b1b86a,s6ps-f03199f3e7189f9b,1,s6setup-505fdc69398e03985840,2025-08-22,FILLED,BOX,BOX,"[""BOX""]",BOX
[],"[""MICRO_DOUBLE_BOTTOM"", ""SECOND_ENTRY_LONG_READY"", ""FAILED_BEAR_BREAKOUT""]",BROOKS_CONTEXT_REJECT,300602,2025-03-17,CANCEL_OPEN_ABOVE_BUY_ZONE,False,s6order-0ecec256a0797401a01a,s6ps-f03199f3e7189f9b,1,s6setup-70826988a04612db155f,2025-03-12,CANCELLED,BOX,BOX,"[""BOX""]",BOX
[],[],BROOKS_CONTEXT_REJECT,300603,2025-03-11,FILLED_FROZEN_PLAN,False,s6order-e8adf767068843712205,s6ps-f03199f3e7189f9b,1,s6setup-e4b882cc76f264f60fa3,2025-03-06,FILLED,BOX,BOX,"[""BOX""]",BOX
[],"[""BEAR_FOLLOW_THROUGH_FAILED""]",BROOKS_FAILED,300604,2025-09-16,CANCEL_OPEN_ABOVE_BUY_ZONE,False,s6order-096c4c31c7aab2b5c6ab,s6ps-f03199f3e7189f9b,1,s6setup-c2d763f154d5a3e7bd51,2025-09-11,CANCELLED,BOX,BOX,"[""BOX""]",BOX
[],[],BROOKS_FAILED,300604,2025-09-18,CANCEL_OPEN_ABOVE_BUY_ZONE,False,s6order-2cf40bc3cacf61aa5d95,s6ps-f03199f3e7189f9b,1,s6setup-fbd5a788ad18d78c7821,2025-09-15,CANCELLED,BOX,BOX,"[""BOX""]",BOX
[],[],BROOKS_FAILED,300604,2025-09-19,CANCEL_OPEN_ABOVE_BUY_ZONE,True,s6order-8295dfb45bd6270bd0e7,s6ps-f03199f3e7189f9b,2,s6setup-541f126d80173b7eb722,2025-09-16,CANCELLED,BOTH,MULTI,"[""ORIGINAL"", ""BOX""]",ORIGINAL
[],"[""BEAR_FOLLOW_THROUGH_FAILED""]",COMPACT_BEARISH_REJECT,300604,2025-10-24,FILLED_FROZEN_PLAN,False,s6order-2348ac16f6969dca7d8b,s6ps-f03199f3e7189f9b,1,s6setup-de80a953d02eacc30e5d,2025-10-21,FILLED,BOX,BOX,"[""BOX""]",BOX
[],[],BROOKS_CONTEXT_REJECT,300604,2025-10-29,CANCEL_OPEN_ABOVE_BUY_ZONE,False,s6order-97cac372160c25bed289,s6ps-f03199f3e7189f9b,1,s6setup-4151d272f01653b16d89,2025-10-24,CANCELLED,BOX,BOX,"[""BOX""]",BOX
[],"[""BEAR_FOLLOW_THROUGH_FAILED""]",BROOKS_CONTEXT_REJECT,300613,2025-02-24,CANCEL_OPEN_ABOVE_BUY_ZONE,False,s6order-1420710b89987bb4e91c,s6ps-f03199f3e7189f9b,1,s6setup-a6e1ba2cf256a30223eb,2025-02-19,CANCELLED,BOX,BOX,"[""BOX""]",BOX
[],"[""BEAR_FOLLOW_THROUGH_FAILED""]",BROOKS_CONTEXT_REJECT,300613,2025-02-25,CANCEL_OPEN_ABOVE_BUY_ZONE,False,s6order-6511a6e878e80610789a,s6ps-f03199f3e7189f9b,1,s6setup-ccef6534bb60e0821650,2025-02-20,CANCELLED,BOX,BOX,"[""BOX""]",BOX
[],"[""MICRO_DOUBLE_BOTTOM"", ""FAILED_BEAR_BREAKOUT""]",FAILED_BEAR_BREAKOUT,300619,2025-09-30,CANCEL_OPEN_ABOVE_BUY_ZONE,False,s6order-0edcd03fa54f48f96143,s6ps-f03199f3e7189f9b,1,s6setup-922230b3e37111fd7d82,2025-09-25,CANCELLED,BOX,BOX,"[""BOX""]",BOX
[],"[""BEAR_FOLLOW_THROUGH_FAILED""]",BROOKS_CONTEXT_REJECT,300620,2025-12-24,CANCEL_OPEN_ABOVE_BUY_ZONE,False,s6order-affe75c1015219569ddb,s6ps-f03199f3e7189f9b,1,s6setup-6da27825b7ecf0774d0d,2025-12-19,CANCELLED,BOX,BOX,"[""BOX""]",BOX
[],"[""MICRO_DOUBLE_BOTTOM""]",MICRO_DOUBLE_BOTTOM,300622,2024-12-09,CANCEL_OPEN_ABOVE_BUY_ZONE,False,s6order-a3441e377afd746f4bfb,s6ps-f03199f3e7189f9b,1,s6setup-0016297a5a560bad3b35,2024-12-04,CANCELLED,BOX,BOX,"[""BOX""]",BOX
[],"[""MICRO_DOUBLE_BOTTOM"", ""FAILED_BEAR_BREAKOUT"", ""BEAR_FOLLOW_THROUGH_FAILED"", ""ORDERLY_COMPRESSION_AT_SUPPORT""]",BROOKS_FAILED_BREAKOUT_READY,300624,2025-08-21,CANCEL_OPEN_ABOVE_BUY_ZONE,True,s6order-866dff35a332a456aa3e,s6ps-f03199f3e7189f9b,2,s6setup-c22cd4b2e561cbf60d9f,2025-08-18,CANCELLED,BOX,MULTI,"[""BOX"", ""BROOKS""]",BOX
[],[],BROOKS_FAILED,300634,2025-02-28,CANCEL_OPEN_ABOVE_BUY_ZONE,True,s6order-1b6c3aabc5cc564e4485,s6ps-f03199f3e7189f9b,2,s6setup-ed8712b062c23b890d99,2025-02-25,CANCELLED,BOTH,MULTI,"[""ORIGINAL"", ""BOX""]",ORIGINAL
[],"[""MICRO_DOUBLE_BOTTOM"", ""SECOND_ENTRY_LONG_READY"", ""FAILED_BEAR_BREAKOUT""]",SECOND_ENTRY_LONG_READY,300634,2025-03-03,CANCEL_OPEN_ABOVE_BUY_ZONE,False,s6order-bfb568b7cbfd7d1608df,s6ps-f03199f3e7189f9b,1,s6setup-d887655c5a20d3bbae0d,2025-02-26,CANCELLED,ORIGINAL,ORIGINAL,"[""ORIGINAL""]",ORIGINAL
[],"[""MICRO_DOUBLE_BOTTOM"", ""FAILED_BEAR_BREAKOUT""]",FAILED_BEAR_BREAKOUT,300644,2025-08-26,FILLED_FROZEN_PLAN,False,s6order-d0ccc98899ac6984e7db,s6ps-f03199f3e7189f9b,1,s6setup-0ad2951473f2b0d260d8,2025-08-21,FILLED,BOX,BOX,"[""BOX""]",BOX
[],[],BROOKS_CONTEXT_REJECT,300660,2024-12-25,CANCEL_OPEN_ABOVE_BUY_ZONE,False,s6order-37c0dda25877e1b1fc10,s6ps-f03199f3e7189f9b,1,s6setup-04ef634a8a882f10d1b6,2024-12-20,CANCELLED,BOX,BOX,"[""BOX""]",BOX
[],"[""BEAR_FOLLOW_THROUGH_FAILED""]",BROOKS_CONTEXT_REJECT,300660,2024-12-30,FILLED_FROZEN_PLAN,False,s6order-694336aef93181d8714f,s6ps-f03199f3e7189f9b,1,s6setup-82318e9097d5e2ae5a75,2024-12-25,FILLED,BOX,BOX,"[""BOX""]",BOX
[],"[""BEAR_FOLLOW_THROUGH_FAILED""]",BROOKS_FAILED,300660,2025-10-14,CANCEL_OPEN_ABOVE_BUY_ZONE,False,s6order-1807fc86c0f7d58b4622,s6ps-f03199f3e7189f9b,1,s6setup-0e6ccbcbcebf1b5b283a,2025-10-09,CANCELLED,BOX,BOX,"[""BOX""]",BOX
[],[],BROOKS_FAILED,300666,2025-10-30,CANCEL_OPEN_ABOVE_BUY_ZONE,False,s6order-a443652050ab009f29cb,s6ps-f03199f3e7189f9b,1,s6setup-36c375b3c156d1fb248e,2025-10-27,CANCELLED,BOX,BOX,"[""BOX""]",BOX
[],"[""FAILED_BEAR_BREAKOUT"", ""BEAR_FOLLOW_THROUGH_FAILED""]",FAILED_BEAR_BREAKOUT,300672,2025-03-11,CANCEL_OPEN_ABOVE_BUY_ZONE,False,s6order-4e30d5cdd6b86cf037d4,s6ps-f03199f3e7189f9b,1,s6setup-53bbe2b1467590242655,2025-03-06,CANCELLED,BOX,BOX,"[""BOX""]",BOX
[],"[""BEAR_FOLLOW_THROUGH_FAILED""]",BROOKS_FAILED,300677,2025-08-27,CANCEL_OPEN_ABOVE_BUY_ZONE,False,s6order-df0c60117d031f361eb0,s6ps-f03199f3e7189f9b,1,s6setup-643de4ab37ff183c8d60,2025-08-22,CANCELLED,BOX,BOX,"[""BOX""]",BOX
[],[],BROOKS_FAILED,300677,2025-08-28,CANCEL_OPEN_ABOVE_BUY_ZONE,True,s6order-7f77df4509fed3f79d9d,s6ps-f03199f3e7189f9b,2,s6setup-df4ae981180f5c5a8c07,2025-08-25,CANCELLED,BOTH,MULTI,"[""ORIGINAL"", ""BOX""]",ORIGINAL
[],[],BROOKS_CONTEXT_REJECT,300680,2025-10-14,CANCEL_OPEN_ABOVE_BUY_ZONE,False,s6order-1aa268ed97595ac84191,s6ps-f03199f3e7189f9b,1,s6setup-31e9deb4faca4adbd7fb,2025-10-09,CANCELLED,BOX,BOX,"[""BOX""]",BOX
[],"[""BEAR_FOLLOW_THROUGH_FAILED""]",BROOKS_CONTEXT_REJECT,300684,2025-02-12,CANCEL_OPEN_ABOVE_BUY_ZONE,False,s6order-b0824f07359002a268d3,s6ps-f03199f3e7189f9b,1,s6setup-28fe5a89fa9261a77ef7,2025-02-07,CANCELLED,BOX,BOX,"[""BOX""]",BOX
[],"[""BEAR_FOLLOW_THROUGH_FAILED""]",BROOKS_CONTEXT_REJECT,300684,2025-02-13,CANCEL_OPEN_ABOVE_BUY_ZONE,False,s6order-0cfb0308e9cac4f33d7a,s6ps-f03199f3e7189f9b,1,s6setup-e1ffb4c368f38b7370dd,2025-02-10,CANCELLED,BOX,BOX,"[""BOX""]",BOX
[],"[""MICRO_DOUBLE_BOTTOM"", ""FAILED_BEAR_BREAKOUT"", ""BEAR_FOLLOW_THROUGH_FAILED""]",BROOKS_CONTEXT_REJECT,300687,2025-03-20,FILLED_FROZEN_PLAN,False,s6order-13bbe001344043977445,s6ps-f03199f3e7189f9b,1,s6setup-babc61c53c3fbd5dbdd9,2025-03-17,FILLED,BOX,BOX,"[""BOX""]",BOX
[],"[""FAILED_BEAR_BREAKOUT""]",FAILED_BEAR_BREAKOUT,300694,2024-12-19,CANCEL_OPEN_ABOVE_BUY_ZONE,False,s6order-f5691407539e3f55f89b,s6ps-f03199f3e7189f9b,1,s6setup-16fbe563d003ec7102ed,2024-12-16,CANCELLED,BOX,BOX,"[""BOX""]",BOX
[],"[""BEAR_FOLLOW_THROUGH_FAILED""]",BROOKS_CONTEXT_REJECT,300698,2025-07-11,CANCEL_OPEN_ABOVE_BUY_ZONE,False,s6order-99d1d17c885f930b52bf,s6ps-f03199f3e7189f9b,1,s6setup-6668ff7ac7cef8a955df,2025-07-08,CANCELLED,BOX,BOX,"[""BOX""]",BOX
[],"[""MICRO_DOUBLE_BOTTOM"", ""FAILED_BEAR_BREAKOUT""]",FAILED_BEAR_BREAKOUT,300706,2025-08-28,FILLED_FROZEN_PLAN,False,s6order-45d44ff6c90683d2ed85,s6ps-f03199f3e7189f9b,1,s6setup-4a4c09b4357671ae65c4,2025-08-25,FILLED,BOX,BOX,"[""BOX""]",BOX
[],"[""BEAR_FOLLOW_THROUGH_FAILED""]",BROOKS_FAILED,300708,2025-01-27,FILLED_FROZEN_PLAN,False,s6order-a3132597cc2ccef49fa9,s6ps-f03199f3e7189f9b,1,s6setup-0a630f7143c7c44f29df,2025-01-22,FILLED,ORIGINAL,ORIGINAL,"[""ORIGINAL""]",ORIGINAL
[],"[""BEAR_FOLLOW_THROUGH_FAILED""]",BROOKS_FAILED,300708,2025-02-05,CANCEL_OPEN_ABOVE_BUY_ZONE,False,s6order-891286cd3d24ab05535d,s6ps-f03199f3e7189f9b,1,s6setup-819b55c44b879628da21,2025-01-23,CANCELLED,BOX,BOX,"[""BOX""]",BOX
[],[],BROOKS_CONTEXT_REJECT,300709,2024-10-31,CANCEL_OPEN_ABOVE_BUY_ZONE,False,s6order-57ea370c68fd6fa4c4db,s6ps-f03199f3e7189f9b,1,s6setup-5b2041e9a58ee0c21425,2024-10-28,CANCELLED,BOX,BOX,"[""BOX""]",BOX
[],[],BROOKS_CONTEXT_REJECT,300709,2024-11-01,FILLED_FROZEN_PLAN,False,s6order-4bf1a1863232a57be4a4,s6ps-f03199f3e7189f9b,1,s6setup-1a47687228730efc7c66,2024-10-29,FILLED,BOX,BOX,"[""BOX""]",BOX
[],[],BROOKS_FAILED,300723,2025-05-09,CANCEL_OPEN_ABOVE_BUY_ZONE,True,s6order-54ef9409fdc5fe09cf01,s6ps-f03199f3e7189f9b,2,s6setup-9e030ba86f6a41585748,2025-05-06,CANCELLED,BOTH,MULTI,"[""ORIGINAL"", ""BOX""]",ORIGINAL
[],[],BROOKS_FAILED,300738,2025-03-25,FILLED_FROZEN_PLAN,False,s6order-3c41b593fd507e6ff6ae,s6ps-f03199f3e7189f9b,1,s6setup-d192d8a6fa45f6875f3a,2025-03-20,FILLED,BOX,BOX,"[""BOX""]",BOX
[],"[""FAILED_BEAR_BREAKOUT"", ""ORDERLY_COMPRESSION_AT_SUPPORT""]",BROOKS_FAILED_BREAKOUT_READY,300740,2025-09-15,FILLED_FROZEN_PLAN,False,s6order-feb17b4c5f6c2c2abb70,s6ps-f03199f3e7189f9b,1,s6setup-90152e3f07386ecbf73a,2025-09-10,FILLED,NONE,BROOKS,"[""BROOKS""]",BROOKS
[],"[""MICRO_DOUBLE_BOTTOM"", ""SECOND_ENTRY_LONG_READY"", ""FAILED_BEAR_BREAKOUT""]",SECOND_ENTRY_LONG_READY,300748,2025-08-11,CANCEL_OPEN_ABOVE_BUY_ZONE,True,s6order-ee987149634be7367492,s6ps-f03199f3e7189f9b,2,s6setup-eec7e79d4070d31833e4,2025-08-06,CANCELLED,BOX,MULTI,"[""BOX"", ""BROOKS""]",BROOKS
[],"[""MICRO_DOUBLE_BOTTOM"", ""FAILED_BEAR_BREAKOUT""]",FAILED_BEAR_BREAKOUT,300748,2025-08-12,CANCEL_OPEN_ABOVE_BUY_ZONE,False,s6order-e2cc8bdd41fb94b1be52,s6ps-f03199f3e7189f9b,1,s6setup-328e9be037b690700a4d,2025-08-07,CANCELLED,BOX,BOX,"[""BOX""]",BOX
[],[],BROOKS_CONTEXT_REJECT,300748,2025-09-16,CANCEL_OPEN_ABOVE_BUY_ZONE,False,s6order-d3ba651853971d7c37f1,s6ps-f03199f3e7189f9b,1,s6setup-318e120c4e48ebd32066,2025-09-11,CANCELLED,BOX,BOX,"[""BOX""]",BOX
[],"[""FAILED_BEAR_BREAKOUT""]",BROOKS_CONTEXT_REJECT,300750,2024-10-31,CANCEL_OPEN_ABOVE_BUY_ZONE,True,s6order-550f46b7f41fdf343f42,s6ps-f03199f3e7189f9b,2,s6setup-9e65aa9fcaf21c87e545,2024-10-28,CANCELLED,BOTH,MULTI,"[""ORIGINAL"", ""BOX""]",ORIGINAL
[],"[""MICRO_DOUBLE_BOTTOM"", ""FAILED_BEAR_BREAKOUT"", ""BEAR_FOLLOW_THROUGH_FAILED""]",FAILED_BEAR_BREAKOUT,300751,2025-12-31,CANCEL_OPEN_ABOVE_BUY_ZONE,False,s6order-a389d2e52e545dec07b2,s6ps-f03199f3e7189f9b,1,s6setup-de4002f9b5390100f0b3,2025-12-26,CANCELLED,BOX,BOX,"[""BOX""]",BOX
[],[],BROOKS_FAILED,300772,2025-09-30,CANCEL_OPEN_ABOVE_BUY_ZONE,False,s6order-0f0547e4f55eace56362,s6ps-f03199f3e7189f9b,1,s6setup-7ab0e59e9fb2a5694aa0,2025-09-25,CANCELLED,BOX,BOX,"[""BOX""]",BOX
[],[],BROOKS_CONTEXT_REJECT,300773,2025-07-14,CANCEL_OPEN_ABOVE_BUY_ZONE,False,s6order-467f2bdfc301bb359820,s6ps-f03199f3e7189f9b,1,s6setup-0015f29d48d62fab711c,2025-07-09,CANCELLED,ORIGINAL,ORIGINAL,"[""ORIGINAL""]",ORIGINAL
[],[],BROOKS_FAILED,300776,2024-11-20,CANCEL_OPEN_ABOVE_BUY_ZONE,False,s6order-a7e7660ba8ba64066d6f,s6ps-f03199f3e7189f9b,1,s6setup-c76fc897bc2b7cd6f146,2024-11-15,CANCELLED,BOX,BOX,"[""BOX""]",BOX
[],[],BROOKS_FAILED,300776,2024-11-21,CANCEL_OPEN_ABOVE_BUY_ZONE,False,s6order-3dfbd84b4d184369dcfb,s6ps-f03199f3e7189f9b,1,s6setup-8c07e4dcf09a7e8c17bc,2024-11-18,CANCELLED,BOX,BOX,"[""BOX""]",BOX
[],"[""FAILED_BEAR_BREAKOUT"", ""ORDERLY_COMPRESSION_AT_SUPPORT""]",FAILED_BEAR_BREAKOUT,300777,2025-03-25,CANCEL_OPEN_ABOVE_BUY_ZONE,True,s6order-212ca227411daf90632f,s6ps-f03199f3e7189f9b,2,s6setup-ea5a0a3dcfe8be19d0c6,2025-03-20,CANCELLED,BOX,MULTI,"[""BOX"", ""BROOKS""]",BROOKS
[],"[""MICRO_DOUBLE_BOTTOM"", ""SECOND_ENTRY_LONG_READY"", ""FAILED_BEAR_BREAKOUT""]",BROOKS_CONTEXT_REJECT,300777,2025-03-26,CANCEL_OPEN_ABOVE_BUY_ZONE,False,s6order-d9dfb584d52d2bc45bab,s6ps-f03199f3e7189f9b,1,s6setup-87dda88ed4214ac5df61,2025-03-21,CANCELLED,BOX,BOX,"[""BOX""]",BOX
[],"[""BEAR_FOLLOW_THROUGH_FAILED""]",BROOKS_FAILED,300781,2024-04-03,CANCEL_OPEN_ABOVE_BUY_ZONE,True,s6order-114eb23be6fca7febe35,s6ps-f03199f3e7189f9b,2,s6setup-6d464b8c5b5936e80a75,2024-03-29,CANCELLED,BOTH,MULTI,"[""ORIGINAL"", ""BOX""]",ORIGINAL
[],"[""FAILED_BEAR_BREAKOUT""]",FAILED_BEAR_BREAKOUT,300790,2025-09-29,FILLED_FROZEN_PLAN,False,s6order-2d58bbaa56a7ad9b7d35,s6ps-f03199f3e7189f9b,1,s6setup-9b48a0dfdfd7ea144be2,2025-09-24,FILLED,BOX,BOX,"[""BOX""]",BOX
[],"[""BEAR_FOLLOW_THROUGH_FAILED""]",BROOKS_FAILED,300811,2025-09-15,CANCEL_OPEN_ABOVE_BUY_ZONE,False,s6order-efa8c45c41de3b18ebc9,s6ps-f03199f3e7189f9b,1,s6setup-acc775790aca3c3a5d2d,2025-09-10,CANCELLED,BOX,BOX,"[""BOX""]",BOX
[],"[""BEAR_FOLLOW_THROUGH_FAILED""]",BROOKS_FAILED,300814,2025-11-21,CANCEL_OPEN_ABOVE_BUY_ZONE,False,s6order-8a447026dac395bc2e58,s6ps-f03199f3e7189f9b,1,s6setup-c8e2a112f1ee166b60ab,2025-11-18,CANCELLED,BOX,BOX,"[""BOX""]",BOX
[],"[""MICRO_DOUBLE_BOTTOM"", ""FAILED_BEAR_BREAKOUT""]",FAILED_BEAR_BREAKOUT,300835,2025-08-19,CANCEL_OPEN_ABOVE_BUY_ZONE,True,s6order-69dc852aebd693df47ce,s6ps-f03199f3e7189f9b,2,s6setup-e47593b0fd6194b50ca0,2025-08-14,CANCELLED,BOTH,MULTI,"[""ORIGINAL"", ""BOX""]",ORIGINAL
[],"[""FAILED_BEAR_BREAKOUT"", ""BEAR_FOLLOW_THROUGH_FAILED""]",FAILED_BEAR_BREAKOUT,300835,2025-08-20,CANCEL_OPEN_ABOVE_BUY_ZONE,True,s6order-07b50a4ddb4d3acb64cc,s6ps-f03199f3e7189f9b,2,s6setup-b89e78056c5700207419,2025-08-15,CANCELLED,BOTH,MULTI,"[""ORIGINAL"", ""BOX""]",ORIGINAL
[],"[""MICRO_DOUBLE_BOTTOM"", ""SECOND_ENTRY_LONG_READY"", ""FAILED_BEAR_BREAKOUT"", ""ORDERLY_COMPRESSION_AT_SUPPORT""]",BROOKS_FAILED_BREAKOUT_READY,300841,2025-08-28,CANCEL_OPEN_ABOVE_BUY_ZONE,True,s6order-ff539e1f4a48f95aed61,s6ps-f03199f3e7189f9b,2,s6setup-85b7e487b3678d3e645e,2025-08-25,CANCELLED,BOX,MULTI,"[""BOX"", ""BROOKS""]",BROOKS
[],"[""BEAR_FOLLOW_THROUGH_FAILED""]",BROOKS_FAILED,300843,2025-09-16,CANCEL_OPEN_ABOVE_BUY_ZONE,True,s6order-5866ea8fcdbf2130efee,s6ps-f03199f3e7189f9b,2,s6setup-effbbcfbd9f6a9ade213,2025-09-11,CANCELLED,BOTH,MULTI,"[""ORIGINAL"", ""BOX""]",ORIGINAL
[],"[""MICRO_DOUBLE_BOTTOM"", ""FAILED_BEAR_BREAKOUT""]",BROOKS_CONTEXT_REJECT,300846,2025-03-17,FILLED_FROZEN_PLAN,False,s6order-1007032d9c04dea03b3e,s6ps-f03199f3e7189f9b,1,s6setup-e638d1e29bfa0e8b492d,2025-03-12,FILLED,BOX,BOX,"[""BOX""]",BOX
[],[],BROOKS_CONTEXT_REJECT,300857,2024-11-27,CANCEL_OPEN_ABOVE_BUY_ZONE,False,s6order-2d78097e14d1de381abc,s6ps-f03199f3e7189f9b,1,s6setup-42f12e312df88455db31,2024-11-22,CANCELLED,ORIGINAL,ORIGINAL,"[""ORIGINAL""]",ORIGINAL
[],[],BROOKS_FAILED,300870,2025-03-24,FILLED_FROZEN_PLAN,False,s6order-6a761a3cd203674f0e90,s6ps-f03199f3e7189f9b,1,s6setup-22eb66334993fd01e02f,2025-03-19,FILLED,BOX,BOX,"[""BOX""]",BOX
[],[],BROOKS_FAILED,300870,2025-03-25,CANCEL_OPEN_ABOVE_BUY_ZONE,False,s6order-452cc67891e3c6089902,s6ps-f03199f3e7189f9b,1,s6setup-560e869d0aba56ceeec8,2025-03-20,CANCELLED,BOX,BOX,"[""BOX""]",BOX
[],"[""MICRO_DOUBLE_BOTTOM"", ""FAILED_BEAR_BREAKOUT""]",FAILED_BEAR_BREAKOUT,300875,2025-08-28,CANCEL_OPEN_ABOVE_BUY_ZONE,False,s6order-412c3a09a8879e970ab1,s6ps-f03199f3e7189f9b,1,s6setup-54b2ea3088df36967b33,2025-08-25,CANCELLED,BOX,BOX,"[""BOX""]",BOX
[],"[""MICRO_DOUBLE_BOTTOM"", ""FAILED_BEAR_BREAKOUT""]",FAILED_BEAR_BREAKOUT,300875,2025-08-29,FILLED_FROZEN_PLAN,False,s6order-029eab2957c1ae03fb12,s6ps-f03199f3e7189f9b,1,s6setup-97303033618698e750c3,2025-08-26,FILLED,BOX,BOX,"[""BOX""]",BOX
[],"[""MICRO_DOUBLE_BOTTOM"", ""FAILED_BEAR_BREAKOUT""]",BROOKS_FAILED_BREAKOUT_READY,300885,2025-08-28,CANCEL_OPEN_ABOVE_BUY_ZONE,True,s6order-69d4da90ba5128a2236b,s6ps-f03199f3e7189f9b,2,s6setup-91a7df50d36c56618b19,2025-08-25,CANCELLED,BOX,MULTI,"[""BOX"", ""BROOKS""]",BROOKS
[],"[""FAILED_BEAR_BREAKOUT""]",BROOKS_CONTEXT_REJECT,300913,2025-01-17,FILLED_FROZEN_PLAN,False,s6order-f8c3caeee22621d9e971,s6ps-f03199f3e7189f9b,1,s6setup-e8eb38b1be1b6db794ca,2025-01-14,FILLED,BOX,BOX,"[""BOX""]",BOX
[],"[""BEAR_FOLLOW_THROUGH_FAILED""]",BROOKS_CONTEXT_REJECT,300925,2024-10-30,FILLED_FROZEN_PLAN,False,s6order-351cbf232cffce771279,s6ps-f03199f3e7189f9b,1,s6setup-d30fce650daba787ff76,2024-10-25,FILLED,BOX,BOX,"[""BOX""]",BOX
[],[],BROOKS_FAILED,300925,2025-02-28,CANCEL_OPEN_ABOVE_BUY_ZONE,True,s6order-dd3d673b5c763c3a6cc6,s6ps-f03199f3e7189f9b,2,s6setup-38cff9e0e7e0419fec38,2025-02-25,CANCELLED,BOTH,MULTI,"[""ORIGINAL"", ""BOX""]",ORIGINAL
[],[],BROOKS_FAILED,300953,2025-10-09,CANCEL_OPEN_ABOVE_BUY_ZONE,True,s6order-bc1c3dd2f8834d48efd7,s6ps-f03199f3e7189f9b,2,s6setup-1e6cb85e40e24aac5c88,2025-09-26,CANCELLED,BOTH,MULTI,"[""ORIGINAL"", ""BOX""]",ORIGINAL
[],[],BROOKS_FAILED,300953,2025-10-15,CANCEL_OPEN_ABOVE_BUY_ZONE,False,s6order-ce44fc3f5b7aa9b7412b,s6ps-f03199f3e7189f9b,1,s6setup-58797812908225647959,2025-10-10,CANCELLED,BOX,BOX,"[""BOX""]",BOX
[],"[""FAILED_BEAR_BREAKOUT"", ""BEAR_FOLLOW_THROUGH_FAILED""]",FAILED_BEAR_BREAKOUT,300990,2025-09-25,CANCEL_OPEN_ABOVE_BUY_ZONE,False,s6order-6d3b8314bf8424e88fac,s6ps-f03199f3e7189f9b,1,s6setup-f8900fead8840a342b0e,2025-09-22,CANCELLED,BOX,BOX,"[""BOX""]",BOX
[],"[""BEAR_FOLLOW_THROUGH_FAILED""]",BROOKS_FAILED,300990,2025-09-26,CANCEL_OPEN_ABOVE_BUY_ZONE,False,s6order-2120887a4913bd389350,s6ps-f03199f3e7189f9b,1,s6setup-f4d7e7ab7d7a245c87eb,2025-09-23,CANCELLED,BOX,BOX,"[""BOX""]",BOX
[],[],BROOKS_FAILED,301000,2025-02-20,CANCEL_OPEN_ABOVE_BUY_ZONE,False,s6order-ba2f9ce323e2004bffdd,s6ps-f03199f3e7189f9b,1,s6setup-918da66ce65af122abad,2025-02-17,CANCELLED,BOX,BOX,"[""BOX""]",BOX
[],"[""FAILED_BEAR_BREAKOUT""]",BROOKS_CONTEXT_REJECT,301018,2025-03-13,CANCEL_OPEN_ABOVE_BUY_ZONE,False,s6order-7cbd66d6e6aebc51b10d,s6ps-f03199f3e7189f9b,1,s6setup-7de0bc422549ebd1bf4f,2025-03-10,CANCELLED,ORIGINAL,ORIGINAL,"[""ORIGINAL""]",ORIGINAL
[],"[""MICRO_DOUBLE_BOTTOM"", ""FAILED_BEAR_BREAKOUT""]",BROOKS_CONTEXT_REJECT,301018,2025-03-14,CANCEL_OPEN_ABOVE_BUY_ZONE,True,s6order-529081825117704ec8aa,s6ps-f03199f3e7189f9b,2,s6setup-2ae58d8f9f65aa0ad013,2025-03-11,CANCELLED,BOTH,MULTI,"[""ORIGINAL"", ""BOX""]",ORIGINAL
[],"[""FAILED_BEAR_BREAKOUT""]",FAILED_BEAR_BREAKOUT,301091,2024-11-18,CANCEL_OPEN_ABOVE_BUY_ZONE,False,s6order-4706777e767245abb370,s6ps-f03199f3e7189f9b,1,s6setup-1fdb4e96ccfdd131bd2a,2024-11-13,CANCELLED,ORIGINAL,ORIGINAL,"[""ORIGINAL""]",ORIGINAL
[],"[""BEAR_FOLLOW_THROUGH_FAILED""]",BROOKS_FAILED,301095,2025-09-03,CANCEL_OPEN_ABOVE_BUY_ZONE,False,s6order-83fb5cf36848490a10ae,s6ps-f03199f3e7189f9b,1,s6setup-ec4268cdb3ff4d155204,2025-08-29,CANCELLED,BOX,BOX,"[""BOX""]",BOX
[],[],BROOKS_FAILED,301101,2025-03-13,CANCEL_OPEN_ABOVE_BUY_ZONE,False,s6order-04e25ec6a66f9b7492de,s6ps-f03199f3e7189f9b,1,s6setup-0ba7938bc0abd5c5e782,2025-03-10,CANCELLED,BOX,BOX,"[""BOX""]",BOX
[],"[""MICRO_DOUBLE_BOTTOM"", ""FAILED_BEAR_BREAKOUT""]",FAILED_BEAR_BREAKOUT,301101,2025-03-14,CANCEL_OPEN_ABOVE_BUY_ZONE,False,s6order-7124e0e3cd7be3f4cf03,s6ps-f03199f3e7189f9b,1,s6setup-d02b318eb42f11265766,2025-03-11,CANCELLED,BOX,BOX,"[""BOX""]",BOX
[],"[""BEAR_FOLLOW_THROUGH_FAILED""]",BROOKS_FAILED,301150,2025-10-10,CANCEL_OPEN_ABOVE_BUY_ZONE,False,s6order-9c30e1d483c6196e6fbe,s6ps-f03199f3e7189f9b,1,s6setup-b8ad5334d77d0885e535,2025-09-29,CANCELLED,BOX,BOX,"[""BOX""]",BOX
[],"[""MICRO_DOUBLE_BOTTOM"", ""FAILED_BEAR_BREAKOUT"", ""BEAR_FOLLOW_THROUGH_FAILED""]",FAILED_BEAR_BREAKOUT,301165,2025-03-19,CANCEL_OPEN_ABOVE_BUY_ZONE,False,s6order-d39648d08f3cc56b1f17,s6ps-f03199f3e7189f9b,1,s6setup-660eb4bcfb0bb97473c2,2025-03-14,CANCELLED,BOX,BOX,"[""BOX""]",BOX
[],[],BROOKS_CONTEXT_REJECT,301165,2025-09-16,FILLED_FROZEN_PLAN,True,s6order-927271a132234a69a12e,s6ps-f03199f3e7189f9b,2,s6setup-bbe02001b6d47dcd3cec,2025-09-11,FILLED,BOTH,MULTI,"[""ORIGINAL"", ""BOX""]",ORIGINAL
[],"[""MICRO_DOUBLE_BOTTOM"", ""FAILED_BEAR_BREAKOUT""]",FAILED_BEAR_BREAKOUT,301171,2025-08-21,CANCEL_OPEN_ABOVE_BUY_ZONE,True,s6order-8d752299beb6ac26c10c,s6ps-f03199f3e7189f9b,2,s6setup-cfd4132eac82cffd3d85,2025-08-18,CANCELLED,BOX,MULTI,"[""BOX"", ""BROOKS""]",BOX
[],"[""MICRO_DOUBLE_BOTTOM"", ""FAILED_BEAR_BREAKOUT""]",BROOKS_CONTEXT_REJECT,301183,2025-09-16,CANCEL_OPEN_ABOVE_BUY_ZONE,False,s6order-94772a5626d8fde7229b,s6ps-f03199f3e7189f9b,1,s6setup-68177011c742dd19c388,2025-09-11,CANCELLED,BOX,BOX,"[""BOX""]",BOX
[],"[""MICRO_DOUBLE_BOTTOM"", ""FAILED_BEAR_BREAKOUT""]",BROOKS_FAILED_BREAKOUT_READY,301183,2025-09-18,CANCEL_OPEN_ABOVE_BUY_ZONE,True,s6order-b57894138c215e3e125d,s6ps-f03199f3e7189f9b,2,s6setup-a0f79c4d75be782ec826,2025-09-15,CANCELLED,BOX,MULTI,"[""BOX"", ""BROOKS""]",BROOKS
[],"[""MICRO_DOUBLE_BOTTOM"", ""SECOND_ENTRY_LONG_READY"", ""FAILED_BEAR_BREAKOUT"", ""BEAR_FOLLOW_THROUGH_FAILED""]",SECOND_ENTRY_LONG_READY,301200,2025-11-13,CANCEL_OPEN_ABOVE_BUY_ZONE,False,s6order-661efa1bcb8afe7b3fdf,s6ps-f03199f3e7189f9b,1,s6setup-5c258545cef2aab3123a,2025-11-10,CANCELLED,BOX,BOX,"[""BOX""]",BOX
[],"[""FAILED_BEAR_BREAKOUT""]",FAILED_BEAR_BREAKOUT,301200,2025-11-14,FILLED_FROZEN_PLAN,False,s6order-0124c8051d4d581a7e81,s6ps-f03199f3e7189f9b,1,s6setup-2c4bbb328f5078d10720,2025-11-11,FILLED,BOX,BOX,"[""BOX""]",BOX
[],"[""FAILED_BEAR_BREAKOUT""]",BARB_WIRE_WAIT,301200,2025-11-17,CANCEL_OPEN_ABOVE_BUY_ZONE,False,s6order-4673a3bea5c12c69e966,s6ps-f03199f3e7189f9b,1,s6setup-245cc89f55559d51894e,2025-11-12,CANCELLED,BOX,BOX,"[""BOX""]",BOX
[],"[""MICRO_DOUBLE_BOTTOM"", ""FAILED_BEAR_BREAKOUT""]",BARB_WIRE_WAIT,301200,2025-11-18,FILLED_FROZEN_PLAN,True,s6order-02de3f0d3bebe5b78dc0,s6ps-f03199f3e7189f9b,3,s6setup-2e81c84853c18b705a82,2025-11-13,FILLED,BOTH,MULTI,"[""ORIGINAL"", ""BOX"", ""BROOKS""]",ORIGINAL
[],"[""MICRO_DOUBLE_BOTTOM"", ""FAILED_BEAR_BREAKOUT""]",BROOKS_CONTEXT_REJECT,301205,2025-07-18,CANCEL_OPEN_ABOVE_BUY_ZONE,False,s6order-aaad5dc80f80ffa75ac7,s6ps-f03199f3e7189f9b,1,s6setup-60999f27e1235d996029,2025-07-15,CANCELLED,BOX,BOX,"[""BOX""]",BOX
[],"[""MICRO_DOUBLE_BOTTOM"", ""FAILED_BEAR_BREAKOUT""]",FAILED_BEAR_BREAKOUT,301205,2025-08-18,CANCEL_OPEN_ABOVE_BUY_ZONE,False,s6order-c1bb7cd361c856598563,s6ps-f03199f3e7189f9b,1,s6setup-808964121f9c9756fb5d,2025-08-13,CANCELLED,BOX,BOX,"[""BOX""]",BOX
[],"[""BEAR_FOLLOW_THROUGH_FAILED""]",BROOKS_CONTEXT_REJECT,301217,2025-09-08,FILLED_FROZEN_PLAN,False,s6order-cb0d3c2cecfd664d574a,s6ps-f03199f3e7189f9b,1,s6setup-de70759c7759d1a5514d,2025-09-03,FILLED,BOX,BOX,"[""BOX""]",BOX
[],"[""MICRO_DOUBLE_BOTTOM"", ""SECOND_ENTRY_LONG_READY"", ""FAILED_BEAR_BREAKOUT"", ""ORDERLY_COMPRESSION_AT_SUPPORT""]",SECOND_ENTRY_LONG_READY,301238,2025-03-14,CANCEL_OPEN_ABOVE_BUY_ZONE,True,s6order-af94db1c46094423356e,s6ps-f03199f3e7189f9b,2,s6setup-38d6d5119bdaf06abb39,2025-03-11,CANCELLED,BOX,MULTI,"[""BOX"", ""BROOKS""]",BROOKS
[],"[""FAILED_BEAR_BREAKOUT"", ""BEAR_FOLLOW_THROUGH_FAILED""]",FAILED_BEAR_BREAKOUT,301308,2025-03-19,CANCEL_OPEN_ABOVE_BUY_ZONE,False,s6order-c13fd864ea34b3e39012,s6ps-f03199f3e7189f9b,1,s6setup-10c6f89509a55b7c641f,2025-03-14,CANCELLED,BOX,BOX,"[""BOX""]",BOX
[],"[""FAILED_BEAR_BREAKOUT"", ""BEAR_FOLLOW_THROUGH_FAILED""]",FAILED_BEAR_BREAKOUT,301308,2025-03-20,CANCEL_OPEN_ABOVE_BUY_ZONE,False,s6order-7a83d61f965a8377787a,s6ps-f03199f3e7189f9b,1,s6setup-76e7dc0279f16bacf0cd,2025-03-17,CANCELLED,BOX,BOX,"[""BOX""]",BOX
[],"[""MICRO_DOUBLE_BOTTOM"", ""FAILED_BEAR_BREAKOUT""]",FAILED_BEAR_BREAKOUT,301357,2025-08-29,CANCEL_OPEN_ABOVE_BUY_ZONE,True,s6order-a55de0e9e9c14c3832e2,s6ps-f03199f3e7189f9b,2,s6setup-ef0e9918778ead33c400,2025-08-26,CANCELLED,BOX,MULTI,"[""BOX"", ""BROOKS""]",BROOKS
[],[],BROOKS_FAILED,301357,2025-09-02,CANCEL_OPEN_ABOVE_BUY_ZONE,False,s6order-d2c2fc056ac5b67cde32,s6ps-f03199f3e7189f9b,1,s6setup-08c6aa33048d16225b93,2025-08-28,CANCELLED,BOX,BOX,"[""BOX""]",BOX
[],"[""FAILED_BEAR_BREAKOUT"", ""BEAR_FOLLOW_THROUGH_FAILED""]",BROOKS_CONTEXT_REJECT,301389,2025-07-30,CANCEL_OPEN_ABOVE_BUY_ZONE,False,s6order-8787d7769ed953a57797,s6ps-f03199f3e7189f9b,1,s6setup-5a07dec4b31cd092b84c,2025-07-25,CANCELLED,BOX,BOX,"[""BOX""]",BOX
[],"[""BEAR_FOLLOW_THROUGH_FAILED""]",BROOKS_CONTEXT_REJECT,301389,2025-08-27,CANCEL_OPEN_ABOVE_BUY_ZONE,False,s6order-f61039fd67bbc6125008,s6ps-f03199f3e7189f9b,1,s6setup-a6837231cfdf54aa08e7,2025-08-22,CANCELLED,BOX,BOX,"[""BOX""]",BOX
[],"[""MICRO_DOUBLE_BOTTOM"", ""FAILED_BEAR_BREAKOUT""]",BROOKS_CONTEXT_REJECT,301389,2025-08-28,CANCEL_OPEN_ABOVE_BUY_ZONE,False,s6order-91d33f5b5ba1f9b90bdb,s6ps-f03199f3e7189f9b,1,s6setup-c4db0ea54a9916e2ca2f,2025-08-25,CANCELLED,BOX,BOX,"[""BOX""]",BOX
[],[],BROOKS_CONTEXT_REJECT,301389,2025-08-29,CANCEL_OPEN_ABOVE_BUY_ZONE,False,s6order-189ceb7b6ed0421cea6c,s6ps-f03199f3e7189f9b,1,s6setup-412d7a24e21a48d36b65,2025-08-26,CANCELLED,BOX,BOX,"[""BOX""]",BOX
[],[],BROOKS_CONTEXT_REJECT,301486,2025-09-23,FILLED_FROZEN_PLAN,False,s6order-a8773f3397d52bef2037,s6ps-f03199f3e7189f9b,1,s6setup-a791e260f9aac882d8f0,2025-09-18,FILLED,BOX,BOX,"[""BOX""]",BOX
[],"[""FAILED_BEAR_BREAKOUT"", ""ORDERLY_COMPRESSION_AT_SUPPORT""]",FAILED_BEAR_BREAKOUT,600010,2024-11-28,FILLED_FROZEN_PLAN,True,s6order-5090d520b2c04443e6ba,s6ps-f03199f3e7189f9b,3,s6setup-dbea198c47162c06a439,2024-11-25,FILLED,BOTH,MULTI,"[""ORIGINAL"", ""BOX"", ""BROOKS""]",ORIGINAL
[],"[""MICRO_DOUBLE_BOTTOM"", ""SECOND_ENTRY_LONG_READY"", ""FAILED_BEAR_BREAKOUT""]",BROOKS_CONTEXT_REJECT,600010,2025-08-18,FILLED_FROZEN_PLAN,True,s6order-00488f017a17d5bfcd54,s6ps-f03199f3e7189f9b,2,s6setup-4fe377f3079b4d40efa0,2025-08-13,FILLED,BOTH,MULTI,"[""ORIGINAL"", ""BOX""]",ORIGINAL
[],"[""MICRO_DOUBLE_BOTTOM"", ""FAILED_BEAR_BREAKOUT""]",FAILED_BEAR_BREAKOUT,600021,2025-11-18,FILLED_FROZEN_PLAN,False,s6order-83597b348a8c82da14d1,s6ps-f03199f3e7189f9b,1,s6setup-c43b5710ab76eac9ed6c,2025-11-13,FILLED,BOX,BOX,"[""BOX""]",BOX
[],"[""MICRO_DOUBLE_BOTTOM"", ""SECOND_ENTRY_LONG_READY"", ""FAILED_BEAR_BREAKOUT""]",BROOKS_SUPPORT_READY,600050,2025-03-12,CANCEL_OPEN_ABOVE_BUY_ZONE,True,s6order-463a5c8355033bae93bc,s6ps-f03199f3e7189f9b,2,s6setup-db2f19295490f4aaa303,2025-03-07,CANCELLED,BOX,MULTI,"[""BOX"", ""BROOKS""]",BROOKS
[],[],BROOKS_FAILED,600089,2025-10-31,CANCEL_OPEN_ABOVE_BUY_ZONE,False,s6order-f0adf4870dd37b29ecdc,s6ps-f03199f3e7189f9b,1,s6setup-425269feeefcb6ffd33a,2025-10-28,CANCELLED,BOX,BOX,"[""BOX""]",BOX
[],"[""FAILED_BEAR_BREAKOUT""]",BROOKS_CONTEXT_REJECT,600095,2025-07-23,CANCEL_OPEN_ABOVE_BUY_ZONE,True,s6order-cf8d5e38e400dacf5b51,s6ps-f03199f3e7189f9b,2,s6setup-e1d85bbb7310d7c7de05,2025-07-18,CANCELLED,BOTH,MULTI,"[""ORIGINAL"", ""BOX""]",ORIGINAL
[],"[""MICRO_DOUBLE_BOTTOM"", ""SECOND_ENTRY_LONG_READY"", ""FAILED_BEAR_BREAKOUT""]",BROOKS_CONTEXT_REJECT,600095,2025-07-24,CANCEL_OPEN_ABOVE_BUY_ZONE,False,s6order-74d1ccde4681b3a39bde,s6ps-f03199f3e7189f9b,1,s6setup-24ebde40885e351460b5,2025-07-21,CANCELLED,BOX,BOX,"[""BOX""]",BOX
[],"[""MICRO_DOUBLE_BOTTOM"", ""FAILED_BEAR_BREAKOUT"", ""BEAR_FOLLOW_THROUGH_FAILED""]",BROOKS_CONTEXT_REJECT,600104,2024-12-12,CANCEL_OPEN_ABOVE_BUY_ZONE,True,s6order-74b1fe99f63cc5d646bc,s6ps-f03199f3e7189f9b,2,s6setup-16907d8b1e8abc6aa0b4,2024-12-09,CANCELLED,BOTH,MULTI,"[""ORIGINAL"", ""BOX""]",ORIGINAL
[],"[""FAILED_BEAR_BREAKOUT""]",FAILED_BEAR_BREAKOUT,600105,2025-06-13,CANCEL_OPEN_ABOVE_BUY_ZONE,False,s6order-d805a36a4fe51ebe7f92,s6ps-f03199f3e7189f9b,1,s6setup-5b27f659dd0e230e2a52,2025-06-10,CANCELLED,BOX,BOX,"[""BOX""]",BOX
[],"[""FAILED_BEAR_BREAKOUT""]",FAILED_BEAR_BREAKOUT,600105,2025-06-16,CANCEL_OPEN_ABOVE_BUY_ZONE,False,s6order-e48cab129610ffb5d6bc,s6ps-f03199f3e7189f9b,1,s6setup-c3731ceba7c31c7b38ea,2025-06-11,CANCELLED,BOX,BOX,"[""BOX""]",BOX
[],"[""FAILED_BEAR_BREAKOUT""]",FAILED_BEAR_BREAKOUT,600105,2025-09-19,CANCEL_OPEN_ABOVE_BUY_ZONE,False,s6order-0a82b2fabf1214c70fb3,s6ps-f03199f3e7189f9b,1,s6setup-efdebdc927d1177541a4,2025-09-16,CANCELLED,ORIGINAL,ORIGINAL,"[""ORIGINAL""]",ORIGINAL
[],"[""FAILED_BEAR_BREAKOUT"", ""ORDERLY_COMPRESSION_AT_SUPPORT""]",BROOKS_FAILED_BREAKOUT_READY,600111,2025-08-19,FILLED_FROZEN_PLAN,True,s6order-fda57a1dbb5f9aef3a86,s6ps-f03199f3e7189f9b,2,s6setup-d0cb7bb1e73364345296,2025-08-14,FILLED,BOX,MULTI,"[""BOX"", ""BROOKS""]",BROOKS
[],"[""MICRO_DOUBLE_BOTTOM"", ""SECOND_ENTRY_LONG_READY"", ""FAILED_BEAR_BREAKOUT"", ""ORDERLY_COMPRESSION_AT_SUPPORT""]",SECOND_ENTRY_LONG_READY,600111,2025-08-20,CANCEL_OPEN_ABOVE_BUY_ZONE,True,s6order-91eed80756055e8024ac,s6ps-f03199f3e7189f9b,3,s6setup-ee7524a4bbf0748140c0,2025-08-15,CANCELLED,BOTH,MULTI,"[""ORIGINAL"", ""BOX"", ""BROOKS""]",BROOKS
[],[],BROOKS_CONTEXT_REJECT,600111,2025-09-15,FILLED_FROZEN_PLAN,False,s6order-8c7a8c85c8b56b3f1c34,s6ps-f03199f3e7189f9b,1,s6setup-24ec443b7db1f38c8092,2025-09-10,FILLED,BOX,BOX,"[""BOX""]",BOX
[],"[""MICRO_DOUBLE_BOTTOM"", ""FAILED_BEAR_BREAKOUT""]",BROOKS_CONTEXT_REJECT,600111,2025-09-16,CANCEL_OPEN_ABOVE_BUY_ZONE,False,s6order-f99d55b986fd62096016,s6ps-f03199f3e7189f9b,1,s6setup-337d1b5067eb226db598,2025-09-11,CANCELLED,BOX,BOX,"[""BOX""]",BOX
[],"[""MICRO_DOUBLE_BOTTOM"", ""FAILED_BEAR_BREAKOUT""]",BROOKS_CONTEXT_REJECT,600111,2025-09-17,CANCEL_OPEN_ABOVE_BUY_ZONE,False,s6order-90887af3c4be6938791a,s6ps-f03199f3e7189f9b,1,s6setup-0c186be8dd4f4f83177e,2025-09-12,CANCELLED,BOX,BOX,"[""BOX""]",BOX
[],"[""MICRO_DOUBLE_BOTTOM"", ""SECOND_ENTRY_LONG_READY"", ""FAILED_BEAR_BREAKOUT""]",SECOND_ENTRY_LONG_READY,600113,2025-09-12,CANCEL_OPEN_ABOVE_BUY_ZONE,False,s6order-0ddc9745bc849fd54208,s6ps-f03199f3e7189f9b,1,s6setup-916872a47211c5f1a806,2025-09-09,CANCELLED,BOX,BOX,"[""BOX""]",BOX
[],"[""FAILED_BEAR_BREAKOUT""]",FAILED_BEAR_BREAKOUT,600114,2025-03-24,CANCEL_OPEN_ABOVE_BUY_ZONE,False,s6order-ebf732a13ca1d544ab1a,s6ps-f03199f3e7189f9b,1,s6setup-a49725eba065cb5dc455,2025-03-19,CANCELLED,BOX,BOX,"[""BOX""]",BOX
[],"[""MICRO_DOUBLE_BOTTOM"", ""SECOND_ENTRY_LONG_READY"", ""FAILED_BEAR_BREAKOUT""]",BROOKS_CONTEXT_REJECT,600114,2025-10-14,CANCEL_OPEN_ABOVE_BUY_ZONE,False,s6order-abfd465f617643fa1558,s6ps-f03199f3e7189f9b,1,s6setup-188dd61e30dad51706d0,2025-10-09,CANCELLED,BOX,BOX,"[""BOX""]",BOX
[],"[""MICRO_DOUBLE_BOTTOM"", ""SECOND_ENTRY_LONG_READY"", ""FAILED_BEAR_BREAKOUT""]",BROOKS_SUPPORT_READY,600114,2025-10-15,CANCEL_OPEN_BELOW_BUY_ZONE,True,s6order-1f7e72b409a197891b80,s6ps-f03199f3e7189f9b,2,s6setup-4ff0c1cc1b101a9b9057,2025-10-10,CANCELLED,BOX,MULTI,"[""BOX"", ""BROOKS""]",BROOKS
[],"[""MICRO_DOUBLE_BOTTOM"", ""FAILED_BEAR_BREAKOUT"", ""BEAR_FOLLOW_THROUGH_FAILED""]",BROOKS_CONTEXT_REJECT,600120,2025-03-05,FILLED_FROZEN_PLAN,False,s6order-31a9bc85ae643f61b9f8,s6ps-f03199f3e7189f9b,1,s6setup-b1c1dcfaa4a6e6244291,2025-02-28,FILLED,BOX,BOX,"[""BOX""]",BOX
[],[],BROOKS_CONTEXT_REJECT,600143,2025-03-12,CANCEL_OPEN_ABOVE_BUY_ZONE,True,s6order-00a534102e86027f6032,s6ps-f03199f3e7189f9b,2,s6setup-e813f922d445d7fff884,2025-03-07,CANCELLED,BOTH,MULTI,"[""ORIGINAL"", ""BOX""]",ORIGINAL
[],"[""FAILED_BEAR_BREAKOUT""]",BROOKS_CONTEXT_REJECT,600143,2025-03-14,CANCEL_OPEN_ABOVE_BUY_ZONE,False,s6order-c1e66c744ffe90ab379b,s6ps-f03199f3e7189f9b,1,s6setup-ce8fa1a557656f1f9aa3,2025-03-11,CANCELLED,BOX,BOX,"[""BOX""]",BOX
[],"[""MICRO_DOUBLE_BOTTOM"", ""FAILED_BEAR_BREAKOUT""]",BROOKS_CONTEXT_REJECT,600143,2025-03-17,FILLED_FROZEN_PLAN,False,s6order-b9bc9f6416b7f2454063,s6ps-f03199f3e7189f9b,1,s6setup-32ff951c8a2e04623c92,2025-03-12,FILLED,BOX,BOX,"[""BOX""]",BOX
[],"[""FAILED_BEAR_BREAKOUT""]",FAILED_BEAR_BREAKOUT,600143,2025-09-04,CANCEL_OPEN_ABOVE_BUY_ZONE,False,s6order-149fd0a59dfc119333d4,s6ps-f03199f3e7189f9b,1,s6setup-edfdf6faacd2275dbc44,2025-09-01,CANCELLED,BOX,BOX,"[""BOX""]",BOX
[],"[""FAILED_BEAR_BREAKOUT""]",BROOKS_CONTEXT_REJECT,600143,2025-10-15,CANCEL_OPEN_BELOW_BUY_ZONE,False,s6order-2f5853a6596698f207ae,s6ps-f03199f3e7189f9b,1,s6setup-64401623e5c8301b2bfd,2025-10-10,CANCELLED,BOX,BOX,"[""BOX""]",BOX
[],[],BROOKS_FAILED,600160,2024-04-17,FILLED_FROZEN_PLAN,False,s6order-a00c4ab38c408bcff9c3,s6ps-f03199f3e7189f9b,1,s6setup-b4db41ce30d046a12733,2024-04-12,FILLED,BOX,BOX,"[""BOX""]",BOX
[],"[""FAILED_BEAR_BREAKOUT""]",FAILED_BEAR_BREAKOUT,600160,2024-05-20,CANCEL_OPEN_ABOVE_BUY_ZONE,True,s6order-de21f2e87971a5d5d80d,s6ps-f03199f3e7189f9b,3,s6setup-f9df34d7948c1f03a54a,2024-05-15,CANCELLED,BOTH,MULTI,"[""ORIGINAL"", ""BOX"", ""BROOKS""]",ORIGINAL
[],"[""MICRO_DOUBLE_BOTTOM"", ""SECOND_ENTRY_LONG_READY"", ""FAILED_BEAR_BREAKOUT""]",BROOKS_CONTEXT_REJECT,600160,2025-09-16,CANCEL_OPEN_ABOVE_BUY_ZONE,True,s6order-e5bd2ac4e708567616c7,s6ps-f03199f3e7189f9b,2,s6setup-2cb9d15ec58e0a22e661,2025-09-11,CANCELLED,BOTH,MULTI,"[""ORIGINAL"", ""BOX""]",ORIGINAL
[],"[""MICRO_DOUBLE_BOTTOM"", ""SECOND_ENTRY_LONG_READY"", ""ORDERLY_COMPRESSION_AT_SUPPORT""]",BROOKS_SUPPORT_READY,600178,2025-07-14,CANCEL_OPEN_ABOVE_BUY_ZONE,True,s6order-6cd813669abed40f3ef6,s6ps-f03199f3e7189f9b,2,s6setup-d813adf2283cf382647f,2025-07-09,CANCELLED,BOX,MULTI,"[""BOX"", ""BROOKS""]",BROOKS
[],"[""MICRO_DOUBLE_BOTTOM"", ""SECOND_ENTRY_LONG_READY"", ""FAILED_BEAR_BREAKOUT"", ""ORDERLY_COMPRESSION_AT_SUPPORT""]",SECOND_ENTRY_LONG_READY,600178,2025-07-16,FILLED_FROZEN_PLAN,True,s6order-b884affe3623fbcc4caf,s6ps-f03199f3e7189f9b,2,s6setup-b14ad88c96db773f63b3,2025-07-11,FILLED,BOX,MULTI,"[""BOX"", ""BROOKS""]",BROOKS
[],"[""MICRO_DOUBLE_BOTTOM"", ""SECOND_ENTRY_LONG_READY"", ""FAILED_BEAR_BREAKOUT"", ""ORDERLY_COMPRESSION_AT_SUPPORT""]",SECOND_ENTRY_LONG_READY,600178,2025-07-17,FILLED_FROZEN_PLAN,True,s6order-7de1ac3f7482662f94d0,s6ps-f03199f3e7189f9b,2,s6setup-3fb1d338d8940b3e806e,2025-07-14,FILLED,BOX,MULTI,"[""BOX"", ""BROOKS""]",BROOKS
[],"[""FAILED_BEAR_BREAKOUT"", ""BEAR_FOLLOW_THROUGH_FAILED""]",BROOKS_CONTEXT_REJECT,600183,2025-02-18,CANCEL_OPEN_ABOVE_BUY_ZONE,False,s6order-876b8709643589954c9c,s6ps-f03199f3e7189f9b,1,s6setup-cddc9fa2ae414bb11d69,2025-02-13,CANCELLED,ORIGINAL,ORIGINAL,"[""ORIGINAL""]",ORIGINAL
[],[],BROOKS_CONTEXT_REJECT,600184,2025-08-27,CANCEL_OPEN_ABOVE_BUY_ZONE,False,s6order-02ab6f47242efe92845d,s6ps-f03199f3e7189f9b,1,s6setup-a7c11205c842d67862c0,2025-08-22,CANCELLED,BOX,BOX,"[""BOX""]",BOX
[],"[""MICRO_DOUBLE_BOTTOM"", ""BEAR_FOLLOW_THROUGH_FAILED""]",MICRO_DOUBLE_BOTTOM,600186,2025-03-03,CANCEL_OPEN_ABOVE_BUY_ZONE,False,s6order-9d84d5b91c1390e1a571,s6ps-f03199f3e7189f9b,1,s6setup-4d929ef3b104891ee150,2025-02-26,CANCELLED,BOX,BOX,"[""BOX""]",BOX
[],"[""MICRO_DOUBLE_BOTTOM"", ""FAILED_BEAR_BREAKOUT"", ""ORDERLY_COMPRESSION_AT_SUPPORT""]",BROOKS_FAILED_BREAKOUT_READY,600186,2025-03-06,FILLED_FROZEN_PLAN,True,s6order-0157e02b51d069a5c8f8,s6ps-f03199f3e7189f9b,3,s6setup-1705233833b71d9111cb,2025-03-03,FILLED,BOTH,MULTI,"[""ORIGINAL"", ""BOX"", ""BROOKS""]",ORIGINAL
[],"[""MICRO_DOUBLE_BOTTOM"", ""SECOND_ENTRY_LONG_READY"", ""FAILED_BEAR_BREAKOUT"", ""BEAR_FOLLOW_THROUGH_FAILED""]",BROOKS_CONTEXT_REJECT,600208,2025-09-05,CANCEL_OPEN_ABOVE_BUY_ZONE,False,s6order-53012da0742142d78db0,s6ps-f03199f3e7189f9b,1,s6setup-58ca7e3a74ab63f1ed03,2025-09-02,CANCELLED,BOX,BOX,"[""BOX""]",BOX
[],"[""MICRO_DOUBLE_BOTTOM"", ""SECOND_ENTRY_LONG_READY"", ""FAILED_BEAR_BREAKOUT"", ""BEAR_FOLLOW_THROUGH_FAILED""]",BROOKS_CONTEXT_REJECT,600208,2025-09-08,CANCEL_OPEN_ABOVE_BUY_ZONE,True,s6order-29d2d49ff9fb14c44d2c,s6ps-f03199f3e7189f9b,2,s6setup-0ae7fb503de1b253a957,2025-09-03,CANCELLED,BOTH,MULTI,"[""ORIGINAL"", ""BOX""]",ORIGINAL
[],[],BROOKS_CONTEXT_REJECT,600219,2025-11-25,FILLED_FROZEN_PLAN,False,s6order-8fdfb0dfbea80657a42f,s6ps-f03199f3e7189f9b,1,s6setup-459331fdc8307de59b61,2025-11-20,FILLED,BOX,BOX,"[""BOX""]",BOX
[],"[""MICRO_DOUBLE_BOTTOM"", ""SECOND_ENTRY_LONG_READY"", ""FAILED_BEAR_BREAKOUT""]",SECOND_ENTRY_LONG_READY,600259,2025-08-12,CANCEL_OPEN_ABOVE_BUY_ZONE,False,s6order-0a6ef895e99c94a7d834,s6ps-f03199f3e7189f9b,1,s6setup-6269b43b909404dd33ac,2025-08-07,CANCELLED,BOX,BOX,"[""BOX""]",BOX
[],[],BROOKS_FAILED,600267,2025-08-01,FILLED_FROZEN_PLAN,False,s6order-5c4b356b5c78ad8cb13a,s6ps-f03199f3e7189f9b,1,s6setup-26c625d3baf9fe440cdf,2025-07-29,FILLED,BOX,BOX,"[""BOX""]",BOX
[],"[""MICRO_DOUBLE_BOTTOM"", ""SECOND_ENTRY_LONG_READY"", ""FAILED_BEAR_BREAKOUT""]",SECOND_ENTRY_LONG_READY,600276,2025-09-30,FILLED_FROZEN_PLAN,False,s6order-170cff16f3e0e3bf3c4e,s6ps-f03199f3e7189f9b,1,s6setup-a62f87e4b34911f97b44,2025-09-25,FILLED,BOX,BOX,"[""BOX""]",BOX
[],"[""BEAR_FOLLOW_THROUGH_FAILED""]",BROOKS_FAILED,600292,2024-12-19,FILLED_FROZEN_PLAN,False,s6order-08fa832683b17b293ede,s6ps-f03199f3e7189f9b,1,s6setup-6e3280140834bf327467,2024-12-16,FILLED,BOX,BOX,"[""BOX""]",BOX
[],"[""FAILED_BEAR_BREAKOUT""]",FAILED_BEAR_BREAKOUT,600312,2024-06-28,CANCEL_OPEN_ABOVE_BUY_ZONE,True,s6order-ac2acd1b725aaa4aed7c,s6ps-f03199f3e7189f9b,2,s6setup-c72bafc2d96134d3950c,2024-06-25,CANCELLED,BOX,MULTI,"[""BOX"", ""BROOKS""]",BROOKS
[],"[""FAILED_BEAR_BREAKOUT""]",FAILED_BEAR_BREAKOUT,600312,2024-07-01,CANCEL_OPEN_ABOVE_BUY_ZONE,True,s6order-9294ad4e9c46cd12363d,s6ps-f03199f3e7189f9b,2,s6setup-0c6f98c23df38c4e22a8,2024-06-26,CANCELLED,BOX,MULTI,"[""BOX"", ""BROOKS""]",BROOKS
[],"[""FAILED_BEAR_BREAKOUT""]",BROOKS_CONTEXT_REJECT,600312,2024-07-18,CANCEL_OPEN_ABOVE_BUY_ZONE,True,s6order-918d63e324ac371520b9,s6ps-f03199f3e7189f9b,2,s6setup-e9a560efcad557642ac1,2024-07-15,CANCELLED,BOTH,MULTI,"[""ORIGINAL"", ""BOX""]",ORIGINAL
[],[],BROOKS_FAILED,600326,2024-11-06,CANCEL_OPEN_ABOVE_BUY_ZONE,False,s6order-e75fe6a9d37823975f85,s6ps-f03199f3e7189f9b,1,s6setup-f5d42d94a6ae9189bdc1,2024-11-01,CANCELLED,BOX,BOX,"[""BOX""]",BOX
[],[],BROOKS_CONTEXT_REJECT,600353,2025-07-02,CANCEL_OPEN_ABOVE_BUY_ZONE,True,s6order-8f18aeddf0ef30086200,s6ps-f03199f3e7189f9b,2,s6setup-515d78758d504540b297,2025-06-27,CANCELLED,BOTH,MULTI,"[""ORIGINAL"", ""BOX""]",ORIGINAL
[],"[""MICRO_DOUBLE_BOTTOM"", ""FAILED_BEAR_BREAKOUT""]",BROOKS_CONTEXT_REJECT,600353,2025-07-03,CANCEL_OPEN_ABOVE_BUY_ZONE,False,s6order-1f65e11dec76336e00d7,s6ps-f03199f3e7189f9b,1,s6setup-ed62b8948c41e192b4a6,2025-06-30,CANCELLED,BOX,BOX,"[""BOX""]",BOX
[],"[""FAILED_BEAR_BREAKOUT""]",FAILED_BEAR_BREAKOUT,600362,2025-09-30,CANCEL_OPEN_ABOVE_BUY_ZONE,False,s6order-69bcf4c1c6af9da94f9c,s6ps-f03199f3e7189f9b,1,s6setup-45ac314161c5cdbd49ed,2025-09-25,CANCELLED,BOX,BOX,"[""BOX""]",BOX
[],[],BROOKS_CONTEXT_REJECT,600362,2025-10-29,CANCEL_OPEN_ABOVE_BUY_ZONE,False,s6order-312b39c0a8e03be0719a,s6ps-f03199f3e7189f9b,1,s6setup-5f9d2b49198822facc04,2025-10-24,CANCELLED,BOX,BOX,"[""BOX""]",BOX
[],"[""FAILED_BEAR_BREAKOUT""]",BROOKS_CONTEXT_REJECT,600392,2025-07-03,FILLED_FROZEN_PLAN,False,s6order-47bec37e4819ed72aa9f,s6ps-f03199f3e7189f9b,1,s6setup-ce4b7ca71cf102533f26,2025-06-30,FILLED,BOX,BOX,"[""BOX""]",BOX
[],[],COMPACT_BEARISH_REJECT,600415,2024-11-05,FILLED_FROZEN_PLAN,False,s6order-ec50c35adc6147512c3e,s6ps-f03199f3e7189f9b,1,s6setup-972b529ace9e37bf0db0,2024-10-31,FILLED,BOX,BOX,"[""BOX""]",BOX
[],"[""FAILED_BEAR_BREAKOUT""]",FAILED_BEAR_BREAKOUT,600418,2024-09-24,CANCEL_OPEN_ABOVE_BUY_ZONE,False,s6order-c4d33854ec9a941305e2,s6ps-f03199f3e7189f9b,1,s6setup-9856079f5e2d0d43fc87,2024-09-19,CANCELLED,BOX,BOX,"[""BOX""]",BOX
[],"[""FAILED_BEAR_BREAKOUT"", ""ORDERLY_COMPRESSION_AT_SUPPORT""]",FAILED_BEAR_BREAKOUT,600418,2025-08-14,FILLED_FROZEN_PLAN,False,s6order-f509df264522b2570a63,s6ps-f03199f3e7189f9b,1,s6setup-1bc395233ee8e4509cec,2025-08-11,FILLED,BOX,BOX,"[""BOX""]",BOX
[],"[""FAILED_BEAR_BREAKOUT""]",FAILED_BEAR_BREAKOUT,600489,2025-10-13,CANCEL_OPEN_ABOVE_BUY_ZONE,False,s6order-12612f0e7788db81d073,s6ps-f03199f3e7189f9b,1,s6setup-6df7b0e8295664e5943a,2025-09-30,CANCELLED,ORIGINAL,ORIGINAL,"[""ORIGINAL""]",ORIGINAL
[],"[""MICRO_DOUBLE_BOTTOM"", ""FAILED_BEAR_BREAKOUT""]",FAILED_BEAR_BREAKOUT,600490,2025-10-31,CANCEL_OPEN_ABOVE_BUY_ZONE,False,s6order-ff048b6990a9195decda,s6ps-f03199f3e7189f9b,1,s6setup-a8f6e5e527714bb7679c,2025-10-28,CANCELLED,BOX,BOX,"[""BOX""]",BOX
[],"[""MICRO_DOUBLE_BOTTOM"", ""FAILED_BEAR_BREAKOUT""]",FAILED_BEAR_BREAKOUT,600490,2025-11-03,FILLED_FROZEN_PLAN,False,s6order-fd454814ca105fc90be1,s6ps-f03199f3e7189f9b,1,s6setup-5ca17db33f87b3b76412,2025-10-29,FILLED,BOX,BOX,"[""BOX""]",BOX
[],"[""MICRO_DOUBLE_BOTTOM"", ""FAILED_BEAR_BREAKOUT"", ""ORDERLY_COMPRESSION_AT_SUPPORT""]",BROOKS_FAILED_BREAKOUT_READY,600490,2025-11-04,CANCEL_OPEN_ABOVE_BUY_ZONE,False,s6order-c2119d974e9a7f840011,s6ps-f03199f3e7189f9b,1,s6setup-ae5446c6b89c90cbe792,2025-10-30,CANCELLED,NONE,BROOKS,"[""BROOKS""]",BROOKS
[],"[""MICRO_DOUBLE_BOTTOM"", ""FAILED_BEAR_BREAKOUT"", ""ORDERLY_COMPRESSION_AT_SUPPORT""]",BROOKS_FAILED_BREAKOUT_READY,600490,2025-11-05,FILLED_FROZEN_PLAN,False,s6order-8e9234654265e1dc85af,s6ps-f03199f3e7189f9b,1,s6setup-6f74b0323bd14cc4c0e3,2025-10-31,FILLED,NONE,BROOKS,"[""BROOKS""]",BROOKS
[],"[""FAILED_BEAR_BREAKOUT"", ""ORDERLY_COMPRESSION_AT_SUPPORT""]",FAILED_BEAR_BREAKOUT,600515,2025-11-20,FILLED_FROZEN_PLAN,False,s6order-95ef830ea166bc602592,s6ps-f03199f3e7189f9b,1,s6setup-7520b9018ef27977fe3b,2025-11-17,FILLED,BOX,BOX,"[""BOX""]",BOX
[],[],COMPACT_BEARISH_REJECT,600528,2025-08-12,FILLED_FROZEN_PLAN,False,s6order-f85ac0bcad37f7b1ed8e,s6ps-f03199f3e7189f9b,1,s6setup-683dc450a5cedcef3079,2025-08-07,FILLED,BOX,BOX,"[""BOX""]",BOX
[],[],BROOKS_FAILED,600549,2025-11-18,FILLED_FROZEN_PLAN,False,s6order-801c2135ff775c146793,s6ps-f03199f3e7189f9b,1,s6setup-12d2a0ea20e38cbc1534,2025-11-13,FILLED,BOX,BOX,"[""BOX""]",BOX
[],[],BROOKS_FAILED,600550,2025-06-13,FILLED_FROZEN_PLAN,True,s6order-732e0c705bcf6ab1baa3,s6ps-f03199f3e7189f9b,2,s6setup-b495a3465d15fcca0340,2025-06-10,FILLED,BOTH,MULTI,"[""ORIGINAL"", ""BOX""]",ORIGINAL
[],"[""FAILED_BEAR_BREAKOUT""]",BARB_WIRE_WAIT,600570,2025-07-22,CANCEL_OPEN_ABOVE_BUY_ZONE,True,s6order-a3b7b4672e4c2891233c,s6ps-f03199f3e7189f9b,3,s6setup-e582264ca0749f43de5d,2025-07-17,CANCELLED,BOTH,MULTI,"[""ORIGINAL"", ""BOX"", ""BROOKS""]",ORIGINAL
[],[],BROOKS_FAILED,600577,2025-10-30,FILLED_FROZEN_PLAN,False,s6order-787abf06c433a29b6227,s6ps-f03199f3e7189f9b,1,s6setup-03e742594afed14a3aac,2025-10-27,FILLED,BOX,BOX,"[""BOX""]",BOX
[],"[""BEAR_FOLLOW_THROUGH_FAILED""]",BROOKS_CONTEXT_REJECT,600592,2025-06-03,CANCEL_OPEN_ABOVE_BUY_ZONE,False,s6order-6ef4a379507ddfca52cb,s6ps-f03199f3e7189f9b,1,s6setup-24cc6f1502a0a5d823a2,2025-05-28,CANCELLED,BOX,BOX,"[""BOX""]",BOX
[],"[""MICRO_DOUBLE_BOTTOM"", ""SECOND_ENTRY_LONG_READY"", ""FAILED_BEAR_BREAKOUT""]",SECOND_ENTRY_LONG_READY,600595,2025-11-18,CANCEL_OPEN_ABOVE_BUY_ZONE,False,s6order-aaf7fdd82b6ed0cffe4a,s6ps-f03199f3e7189f9b,1,s6setup-d9c8c9a667f9d8ffe73e,2025-11-13,CANCELLED,BOX,BOX,"[""BOX""]",BOX
[],"[""MICRO_DOUBLE_BOTTOM"", ""SECOND_ENTRY_LONG_READY"", ""FAILED_BEAR_BREAKOUT""]",SECOND_ENTRY_LONG_READY,600595,2025-11-19,FILLED_FROZEN_PLAN,False,s6order-f92aca050e7a7ee1503f,s6ps-f03199f3e7189f9b,1,s6setup-100f5c3cd4f69e5ae4f6,2025-11-14,FILLED,BOX,BOX,"[""BOX""]",BOX
[],"[""BEAR_FOLLOW_THROUGH_FAILED""]",BROOKS_FAILED,600595,2025-12-24,CANCEL_OPEN_ABOVE_BUY_ZONE,False,s6order-7ccbac3d0cc115f59092,s6ps-f03199f3e7189f9b,1,s6setup-def073ea22e01988a3cf,2025-12-19,CANCELLED,BOX,BOX,"[""BOX""]",BOX
[],"[""MICRO_DOUBLE_BOTTOM"", ""FAILED_BEAR_BREAKOUT"", ""BEAR_FOLLOW_THROUGH_FAILED""]",BROOKS_FAILED_BREAKOUT_READY,600601,2024-11-13,CANCEL_OPEN_ABOVE_BUY_ZONE,True,s6order-4f11827555ec63665538,s6ps-f03199f3e7189f9b,3,s6setup-a3a1e64d42ee99d21b57,2024-11-08,CANCELLED,BOTH,MULTI,"[""ORIGINAL"", ""BOX"", ""BROOKS""]",ORIGINAL
[],"[""MICRO_DOUBLE_BOTTOM"", ""FAILED_BEAR_BREAKOUT"", ""BEAR_FOLLOW_THROUGH_FAILED""]",FAILED_BEAR_BREAKOUT,600601,2024-11-14,CANCEL_OPEN_ABOVE_BUY_ZONE,True,s6order-6becfba4d7d7a2d6202b,s6ps-f03199f3e7189f9b,3,s6setup-69badbc1a77b36f76c90,2024-11-11,CANCELLED,BOTH,MULTI,"[""ORIGINAL"", ""BOX"", ""BROOKS""]",ORIGINAL
[],"[""BEAR_FOLLOW_THROUGH_FAILED""]",BROOKS_CONTEXT_REJECT,600601,2024-12-23,FILLED_FROZEN_PLAN,False,s6order-ee8c1c4872a659d8a983,s6ps-f03199f3e7189f9b,1,s6setup-c456d52e3d99d7b05be2,2024-12-18,FILLED,BOX,BOX,"[""BOX""]",BOX
[],[],BROOKS_CONTEXT_REJECT,600601,2025-02-14,FILLED_FROZEN_PLAN,False,s6order-2fc7e0d4c0f63216e0c4,s6ps-f03199f3e7189f9b,1,s6setup-f532cfcef1961d07d7a5,2025-02-11,FILLED,BOX,BOX,"[""BOX""]",BOX
[],[],BROOKS_CONTEXT_REJECT,600629,2025-08-27,CANCEL_OPEN_ABOVE_BUY_ZONE,False,s6order-fd9216d5fca23440713e,s6ps-f03199f3e7189f9b,1,s6setup-9b4aa7e551d0adac65f9,2025-08-22,CANCELLED,BOX,BOX,"[""BOX""]",BOX
[],"[""FAILED_BEAR_BREAKOUT""]",FAILED_BEAR_BREAKOUT,600660,2025-09-16,CANCEL_OPEN_ABOVE_BUY_ZONE,True,s6order-1787b0b7e45cf480388e,s6ps-f03199f3e7189f9b,2,s6setup-8285309b61cb1f1643c8,2025-09-11,CANCELLED,BOTH,MULTI,"[""ORIGINAL"", ""BOX""]",ORIGINAL
[],"[""FAILED_BEAR_BREAKOUT""]",FAILED_BEAR_BREAKOUT,600660,2025-09-18,CANCEL_OPEN_ABOVE_BUY_ZONE,True,s6order-bd82480a4818fc49e0e1,s6ps-f03199f3e7189f9b,2,s6setup-11d9dcd7650cc1ca2b80,2025-09-15,CANCELLED,BOTH,MULTI,"[""ORIGINAL"", ""BOX""]",ORIGINAL
[],"[""FAILED_BEAR_BREAKOUT""]",FAILED_BEAR_BREAKOUT,600660,2025-09-19,CANCEL_OPEN_ABOVE_BUY_ZONE,True,s6order-be79782caf702ce69468,s6ps-f03199f3e7189f9b,3,s6setup-d910168be31bbf8c8b92,2025-09-16,CANCELLED,BOTH,MULTI,"[""ORIGINAL"", ""BOX"", ""BROOKS""]",ORIGINAL
[],"[""FAILED_BEAR_BREAKOUT""]",FAILED_BEAR_BREAKOUT,600660,2025-09-22,CANCEL_OPEN_ABOVE_BUY_ZONE,False,s6order-7ac8c2ecb9f2510c6d8f,s6ps-f03199f3e7189f9b,1,s6setup-8f823c12a7c6507cfb0b,2025-09-17,CANCELLED,ORIGINAL,ORIGINAL,"[""ORIGINAL""]",ORIGINAL
[],[],COMPACT_BEARISH_REJECT,600666,2025-07-21,CANCEL_OPEN_ABOVE_BUY_ZONE,False,s6order-f2ac8f6f78f6323b3889,s6ps-f03199f3e7189f9b,1,s6setup-4a1258ac2843d19b3f32,2025-07-16,CANCELLED,BOX,BOX,"[""BOX""]",BOX
[],"[""FAILED_BEAR_BREAKOUT""]",FAILED_BEAR_BREAKOUT,600698,2025-08-01,CANCEL_OPEN_ABOVE_BUY_ZONE,True,s6order-56810753e2ede17fa0fe,s6ps-f03199f3e7189f9b,2,s6setup-4f3f2cc081b7d9f2d7f2,2025-07-29,CANCELLED,BOTH,MULTI,"[""ORIGINAL"", ""BOX""]",ORIGINAL
[],[],BROOKS_CONTEXT_REJECT,600728,2025-09-12,CANCEL_OPEN_ABOVE_BUY_ZONE,False,s6order-c91bcff8ec09bf89ae69,s6ps-f03199f3e7189f9b,1,s6setup-a9f50975f20ed58922b0,2025-09-09,CANCELLED,BOX,BOX,"[""BOX""]",BOX
[],"[""FAILED_BEAR_BREAKOUT""]",BROOKS_CONTEXT_REJECT,600737,2025-12-03,CANCEL_OPEN_ABOVE_BUY_ZONE,False,s6order-884782c12e2bae3638c6,s6ps-f03199f3e7189f9b,1,s6setup-3bee24a85bdaab6ae92d,2025-11-28,CANCELLED,BOX,BOX,"[""BOX""]",BOX
[],"[""MICRO_DOUBLE_BOTTOM"", ""FAILED_BEAR_BREAKOUT""]",BROOKS_CONTEXT_REJECT,600737,2025-12-04,CANCEL_OPEN_ABOVE_BUY_ZONE,False,s6order-6d719e8ffb0988f4e200,s6ps-f03199f3e7189f9b,1,s6setup-4874f73198b3cb2bf11a,2025-12-01,CANCELLED,BOX,BOX,"[""BOX""]",BOX
[],"[""MICRO_DOUBLE_BOTTOM"", ""SECOND_ENTRY_LONG_READY"", ""FAILED_BEAR_BREAKOUT""]",SECOND_ENTRY_LONG_READY,600751,2025-08-08,CANCEL_OPEN_ABOVE_BUY_ZONE,True,s6order-ef315152c9a17b8cb3ee,s6ps-f03199f3e7189f9b,2,s6setup-c9a7c7446fa693b596db,2025-08-05,CANCELLED,BOTH,MULTI,"[""ORIGINAL"", ""BOX""]",ORIGINAL
[],"[""MICRO_DOUBLE_BOTTOM"", ""FAILED_BEAR_BREAKOUT"", ""BEAR_FOLLOW_THROUGH_FAILED""]",BROOKS_CONTEXT_REJECT,600776,2024-12-16,CANCEL_OPEN_ABOVE_BUY_ZONE,True,s6order-8f6598c1182cad768355,s6ps-f03199f3e7189f9b,2,s6setup-2d0fcc865c125bc42520,2024-12-11,CANCELLED,BOTH,MULTI,"[""ORIGINAL"", ""BOX""]",ORIGINAL
[],[],COMPACT_BEARISH_REJECT,600801,2025-08-12,FILLED_FROZEN_PLAN,False,s6order-5f5cbda58c833abb01fb,s6ps-f03199f3e7189f9b,1,s6setup-19ce1de975b65f1252f1,2025-08-07,FILLED,BOX,BOX,"[""BOX""]",BOX
[],[],BROOKS_CONTEXT_REJECT,600815,2025-12-04,CANCEL_OPEN_ABOVE_BUY_ZONE,False,s6order-36c8d4eb5417d84236a9,s6ps-f03199f3e7189f9b,1,s6setup-abddcf8ce10784f22653,2025-12-01,CANCELLED,BOX,BOX,"[""BOX""]",BOX
[],"[""BEAR_FOLLOW_THROUGH_FAILED""]",BROOKS_CONTEXT_REJECT,600843,2024-11-19,FILLED_FROZEN_PLAN,False,s6order-7424baca50e0a1b1e354,s6ps-f03199f3e7189f9b,1,s6setup-85db4a2ab7750e044af3,2024-11-14,FILLED,BOX,BOX,"[""BOX""]",BOX
[],[],BROOKS_CONTEXT_REJECT,600850,2025-03-12,FILLED_FROZEN_PLAN,False,s6order-84d900161293914c76fe,s6ps-f03199f3e7189f9b,1,s6setup-5bb2edf1d6217631e0ae,2025-03-07,FILLED,BOX,BOX,"[""BOX""]",BOX
[],[],COMPACT_BEARISH_REJECT,600864,2024-12-25,CANCEL_OPEN_ABOVE_BUY_ZONE,False,s6order-1b687e9c1e7bc3d9bb7d,s6ps-f03199f3e7189f9b,1,s6setup-2dcaee0f6253a30902e6,2024-12-20,CANCELLED,BOX,BOX,"[""BOX""]",BOX
[],"[""FAILED_BEAR_BREAKOUT""]",BROOKS_CONTEXT_REJECT,600875,2025-08-11,FILLED_FROZEN_PLAN,False,s6order-fb16ee905f4258a8ad05,s6ps-f03199f3e7189f9b,1,s6setup-93eb128ab6ce4fc6345b,2025-08-06,FILLED,BOX,BOX,"[""BOX""]",BOX
[],"[""MICRO_DOUBLE_BOTTOM"", ""SECOND_ENTRY_LONG_READY"", ""FAILED_BEAR_BREAKOUT""]",BROOKS_CONTEXT_REJECT,600875,2025-08-14,FILLED_FROZEN_PLAN,True,s6order-00ca5b67d45b13a5ec96,s6ps-f03199f3e7189f9b,2,s6setup-fdc17521e378be474b4a,2025-08-11,FILLED,BOTH,MULTI,"[""ORIGINAL"", ""BOX""]",ORIGINAL
[],[],BROOKS_CONTEXT_REJECT,600879,2024-11-22,FILLED_FROZEN_PLAN,False,s6order-9df7795a8a33364fb199,s6ps-f03199f3e7189f9b,1,s6setup-9543c99369764b5ccdd8,2024-11-19,FILLED,BOX,BOX,"[""BOX""]",BOX
[],"[""MICRO_DOUBLE_BOTTOM"", ""SECOND_ENTRY_LONG_READY"", ""FAILED_BEAR_BREAKOUT""]",SECOND_ENTRY_LONG_READY,600967,2025-07-22,CANCEL_OPEN_ABOVE_BUY_ZONE,False,s6order-9cc242fd7f69087be672,s6ps-f03199f3e7189f9b,1,s6setup-617a61badb000ef99227,2025-07-17,CANCELLED,BOX,BOX,"[""BOX""]",BOX
[],[],BROOKS_FAILED,600990,2024-11-13,CANCEL_OPEN_ABOVE_BUY_ZONE,False,s6order-04ed328974938e82450f,s6ps-f03199f3e7189f9b,1,s6setup-bc80c558b01b30a21e16,2024-11-08,CANCELLED,BOX,BOX,"[""BOX""]",BOX
[],[],BROOKS_FAILED,600990,2024-11-14,CANCEL_OPEN_ABOVE_BUY_ZONE,True,s6order-5f116887571836293bd5,s6ps-f03199f3e7189f9b,2,s6setup-f60a3a82f18a788290ae,2024-11-11,CANCELLED,BOTH,MULTI,"[""ORIGINAL"", ""BOX""]",ORIGINAL
[],[],BROOKS_CONTEXT_REJECT,601069,2025-10-10,FILLED_FROZEN_PLAN,False,s6order-76f91528cbfa550deb50,s6ps-f03199f3e7189f9b,1,s6setup-6100ae38d450adf8a83d,2025-09-29,FILLED,BOX,BOX,"[""BOX""]",BOX
[],[],BROOKS_FAILED,601127,2024-03-26,CANCEL_OPEN_ABOVE_BUY_ZONE,True,s6order-d1ed52ff4edcfe75f457,s6ps-f03199f3e7189f9b,2,s6setup-d3a8809dcb194c286c7f,2024-03-21,CANCELLED,BOTH,MULTI,"[""ORIGINAL"", ""BOX""]",ORIGINAL
[],"[""MICRO_DOUBLE_BOTTOM"", ""FAILED_BEAR_BREAKOUT""]",BARB_WIRE_WAIT,601127,2024-03-27,CANCEL_OPEN_ABOVE_BUY_ZONE,True,s6order-dd11509dc7039af91f50,s6ps-f03199f3e7189f9b,2,s6setup-3fb8101e69f6778c6f0d,2024-03-22,CANCELLED,BOX,MULTI,"[""BOX"", ""BROOKS""]",BROOKS
[],"[""MICRO_DOUBLE_BOTTOM"", ""FAILED_BEAR_BREAKOUT""]",BROOKS_CONTEXT_REJECT,601127,2024-03-28,FILLED_FROZEN_PLAN,False,s6order-af7eee32101148c0cc33,s6ps-f03199f3e7189f9b,1,s6setup-437d28e1721ada013542,2024-03-25,FILLED,BOX,BOX,"[""BOX""]",BOX
[],"[""FAILED_BEAR_BREAKOUT""]",BROOKS_CONTEXT_REJECT,601138,2024-07-02,CANCEL_OPEN_ABOVE_BUY_ZONE,False,s6order-9b7565b2f2130d60c61c,s6ps-f03199f3e7189f9b,1,s6setup-30949657f005e4e7ad28,2024-06-27,CANCELLED,BOX,BOX,"[""BOX""]",BOX
[],"[""FAILED_BEAR_BREAKOUT"", ""BEAR_FOLLOW_THROUGH_FAILED""]",BROOKS_CONTEXT_REJECT,601138,2025-10-13,CANCEL_OPEN_ABOVE_BUY_ZONE,False,s6order-76c6cf4210cee18bca91,s6ps-f03199f3e7189f9b,1,s6setup-549b8b40985a235e30cd,2025-09-30,CANCELLED,BOX,BOX,"[""BOX""]",BOX
[],[],BROOKS_CONTEXT_REJECT,601162,2025-07-23,FILLED_FROZEN_PLAN,False,s6order-9ab9fef8a005875e11d5,s6ps-f03199f3e7189f9b,1,s6setup-d38b0f68ca0e92fc6098,2025-07-18,FILLED,BOX,BOX,"[""BOX""]",BOX
[],[],BROOKS_FAILED,601168,2024-04-08,CANCEL_OPEN_ABOVE_BUY_ZONE,True,s6order-f41bdefb93ea515d1fab,s6ps-f03199f3e7189f9b,2,s6setup-a8d44e8860c7bc613f58,2024-04-01,CANCELLED,BOTH,MULTI,"[""ORIGINAL"", ""BOX""]",ORIGINAL
[],"[""MICRO_DOUBLE_BOTTOM"", ""SECOND_ENTRY_LONG_READY"", ""FAILED_BEAR_BREAKOUT"", ""BEAR_FOLLOW_THROUGH_FAILED""]",SECOND_ENTRY_LONG_READY,601168,2025-10-28,CANCEL_OPEN_ABOVE_BUY_ZONE,False,s6order-d6a31021efe8d904c251,s6ps-f03199f3e7189f9b,1,s6setup-fcdecb9da0a8c656bf74,2025-10-23,CANCELLED,BOX,BOX,"[""BOX""]",BOX
[],"[""MICRO_DOUBLE_BOTTOM"", ""SECOND_ENTRY_LONG_READY"", ""FAILED_BEAR_BREAKOUT"", ""BEAR_FOLLOW_THROUGH_FAILED""]",SECOND_ENTRY_LONG_READY,601168,2025-10-29,CANCEL_OPEN_ABOVE_BUY_ZONE,False,s6order-a4b62e5532908f361796,s6ps-f03199f3e7189f9b,1,s6setup-963e885d502821cc389e,2025-10-24,CANCELLED,BOX,BOX,"[""BOX""]",BOX
[],"[""FAILED_BEAR_BREAKOUT"", ""BEAR_FOLLOW_THROUGH_FAILED""]",BROOKS_CONTEXT_REJECT,601186,2024-10-30,CANCEL_OPEN_ABOVE_BUY_ZONE,True,s6order-fde9f44e2a407d196349,s6ps-f03199f3e7189f9b,2,s6setup-af11af9996de7f907a8d,2024-10-25,CANCELLED,BOTH,MULTI,"[""ORIGINAL"", ""BOX""]",ORIGINAL
[],[],BROOKS_FAILED,601208,2025-08-08,CANCEL_OPEN_ABOVE_BUY_ZONE,False,s6order-16da9cbb03650f207de0,s6ps-f03199f3e7189f9b,1,s6setup-943aee4145a0956ad753,2025-08-05,CANCELLED,BOX,BOX,"[""BOX""]",BOX
[],"[""ORDERLY_COMPRESSION_AT_SUPPORT""]",ORDERLY_COMPRESSION_AT_SUPPORT,601208,2025-08-14,CANCEL_OPEN_ABOVE_BUY_ZONE,False,s6order-fd6cf7f4201352c0d2a6,s6ps-f03199f3e7189f9b,1,s6setup-36f0f2909d391d6e38bc,2025-08-11,CANCELLED,BOX,BOX,"[""BOX""]",BOX
[],"[""MICRO_DOUBLE_BOTTOM"", ""FAILED_BEAR_BREAKOUT"", ""ORDERLY_COMPRESSION_AT_SUPPORT""]",BROOKS_FAILED_BREAKOUT_READY,601208,2025-08-15,FILLED_FROZEN_PLAN,True,s6order-34db59bf66fd65c787d1,s6ps-f03199f3e7189f9b,2,s6setup-66ff23da83b73dbac3e3,2025-08-12,FILLED,BOX,MULTI,"[""BOX"", ""BROOKS""]",BROOKS
[],[],BROOKS_CONTEXT_REJECT,601208,2025-10-13,FILLED_FROZEN_PLAN,False,s6order-68b2a580a6dfc22b8666,s6ps-f03199f3e7189f9b,1,s6setup-81cc4960a1a3257ec94d,2025-09-30,FILLED,BOX,BOX,"[""BOX""]",BOX
[],"[""MICRO_DOUBLE_BOTTOM"", ""FAILED_BEAR_BREAKOUT""]",BROOKS_CONTEXT_REJECT,601212,2025-11-05,FILLED_FROZEN_PLAN,True,s6order-1863ef7b746d252c8e53,s6ps-f03199f3e7189f9b,2,s6setup-403eb70203523a546ba4,2025-10-31,FILLED,BOTH,MULTI,"[""ORIGINAL"", ""BOX""]",ORIGINAL
[],[],BROOKS_CONTEXT_REJECT,601218,2025-10-29,FILLED_FROZEN_PLAN,False,s6order-297c3461efd7b8fd5dc5,s6ps-f03199f3e7189f9b,1,s6setup-931daa23d1fa27a6c286,2025-10-24,FILLED,BOX,BOX,"[""BOX""]",BOX
[],[],BROOKS_FAILED,601218,2025-11-03,CANCEL_OPEN_ABOVE_BUY_ZONE,False,s6order-02bb3c555da662701b9f,s6ps-f03199f3e7189f9b,1,s6setup-607d41629cbe3613d06c,2025-10-29,CANCELLED,BOX,BOX,"[""BOX""]",BOX
[],[],BROOKS_CONTEXT_REJECT,601288,2025-11-10,CANCEL_OPEN_ABOVE_BUY_ZONE,False,s6order-d2f4f43ef5c6927b0244,s6ps-f03199f3e7189f9b,1,s6setup-41ce0257d5e0dfa67f84,2025-11-05,CANCELLED,BOX,BOX,"[""BOX""]",BOX
[],[],COMPACT_BEARISH_REJECT,601288,2025-11-11,CANCEL_OPEN_ABOVE_BUY_ZONE,False,s6order-4db34205ad3af8f4c136,s6ps-f03199f3e7189f9b,1,s6setup-1f36b9c74bc2cefe8a1e,2025-11-06,CANCELLED,BOX,BOX,"[""BOX""]",BOX
[],"[""MICRO_DOUBLE_BOTTOM"", ""SECOND_ENTRY_LONG_READY"", ""FAILED_BEAR_BREAKOUT""]",BROOKS_CONTEXT_REJECT,601318,2024-10-30,CANCEL_OPEN_ABOVE_BUY_ZONE,True,s6order-7f552f6016bafb775992,s6ps-f03199f3e7189f9b,2,s6setup-dd9d59b135b21a91db46,2024-10-25,CANCELLED,BOTH,MULTI,"[""ORIGINAL"", ""BOX""]",ORIGINAL
[],"[""MICRO_DOUBLE_BOTTOM"", ""SECOND_ENTRY_LONG_READY"", ""FAILED_BEAR_BREAKOUT""]",BROOKS_CONTEXT_REJECT,601318,2024-10-31,CANCEL_OPEN_ABOVE_BUY_ZONE,True,s6order-717d3edf09851f196394,s6ps-f03199f3e7189f9b,2,s6setup-98c0b474d9979a45cc3c,2024-10-28,CANCELLED,BOTH,MULTI,"[""ORIGINAL"", ""BOX""]",ORIGINAL
[],"[""FAILED_BEAR_BREAKOUT""]",FAILED_BEAR_BREAKOUT,601336,2024-10-30,CANCEL_OPEN_ABOVE_BUY_ZONE,True,s6order-a2b6709dede1b29b70fb,s6ps-f03199f3e7189f9b,3,s6setup-ae409aecc4671570a769,2024-10-25,CANCELLED,BOTH,MULTI,"[""ORIGINAL"", ""BOX"", ""BROOKS""]",ORIGINAL
[],"[""MICRO_DOUBLE_BOTTOM"", ""FAILED_BEAR_BREAKOUT""]",BROOKS_FAILED_BREAKOUT_READY,601336,2024-11-01,FILLED_FROZEN_PLAN,True,s6order-ad938aef17b7a32ec990,s6ps-f03199f3e7189f9b,3,s6setup-96f5e92fb6957b29f889,2024-10-29,FILLED,BOTH,MULTI,"[""ORIGINAL"", ""BOX"", ""BROOKS""]",ORIGINAL
[],"[""MICRO_DOUBLE_BOTTOM"", ""FAILED_BEAR_BREAKOUT"", ""BEAR_FOLLOW_THROUGH_FAILED""]",BROOKS_CONTEXT_REJECT,601360,2024-12-16,FILLED_FROZEN_PLAN,True,s6order-ed11ef436cf92564de7a,s6ps-f03199f3e7189f9b,2,s6setup-6271e09715fb99b07d7c,2024-12-11,FILLED,BOTH,MULTI,"[""ORIGINAL"", ""BOX""]",ORIGINAL
[],"[""MICRO_DOUBLE_BOTTOM"", ""FAILED_BEAR_BREAKOUT""]",BROOKS_CONTEXT_REJECT,601519,2025-08-05,CANCEL_OPEN_ABOVE_BUY_ZONE,False,s6order-4068be7c1804e5ed3009,s6ps-f03199f3e7189f9b,1,s6setup-a60ecf27e93ba5fe66e2,2025-07-31,CANCELLED,BOX,BOX,"[""BOX""]",BOX
[],"[""FAILED_BEAR_BREAKOUT""]",FAILED_BEAR_BREAKOUT,601601,2025-06-16,CANCEL_OPEN_ABOVE_BUY_ZONE,True,s6order-cc474761360b1de8bcf5,s6ps-f03199f3e7189f9b,2,s6setup-b986c4e469da63b62700,2025-06-11,CANCELLED,BOTH,MULTI,"[""ORIGINAL"", ""BOX""]",ORIGINAL
[],[],COMPACT_BEARISH_REJECT,601608,2025-11-13,FILLED_FROZEN_PLAN,False,s6order-e67850b8867883f704f5,s6ps-f03199f3e7189f9b,1,s6setup-1d95ad7f92b55763e0a8,2025-11-10,FILLED,BOX,BOX,"[""BOX""]",BOX
[],"[""MICRO_DOUBLE_BOTTOM"", ""FAILED_BEAR_BREAKOUT""]",BROOKS_CONTEXT_REJECT,601608,2025-11-14,FILLED_FROZEN_PLAN,False,s6order-e3949ba11866148dd8f3,s6ps-f03199f3e7189f9b,1,s6setup-4de2643acc860e8c8db9,2025-11-11,FILLED,BOX,BOX,"[""BOX""]",BOX
[],"[""MICRO_DOUBLE_BOTTOM"", ""FAILED_BEAR_BREAKOUT""]",FAILED_BEAR_BREAKOUT,601611,2025-11-18,FILLED_FROZEN_PLAN,False,s6order-24c15742cb02e690f4e7,s6ps-f03199f3e7189f9b,1,s6setup-523a09f50b44b3299369,2025-11-13,FILLED,BOX,BOX,"[""BOX""]",BOX
[],"[""MICRO_DOUBLE_BOTTOM"", ""SECOND_ENTRY_LONG_READY"", ""FAILED_BEAR_BREAKOUT"", ""BEAR_FOLLOW_THROUGH_FAILED""]",BROOKS_CONTEXT_REJECT,601615,2024-12-17,CANCEL_OPEN_ABOVE_BUY_ZONE,True,s6order-df3701b34fa1ca98da62,s6ps-f03199f3e7189f9b,2,s6setup-8d97ee6c589ea1ecf708,2024-12-12,CANCELLED,BOTH,MULTI,"[""ORIGINAL"", ""BOX""]",ORIGINAL
[],"[""FAILED_BEAR_BREAKOUT""]",FAILED_BEAR_BREAKOUT,601688,2025-10-30,CANCEL_OPEN_ABOVE_BUY_ZONE,False,s6order-97d633e985d0a0f485cb,s6ps-f03199f3e7189f9b,1,s6setup-e282d3272c07f66093d1,2025-10-27,CANCELLED,BOX,BOX,"[""BOX""]",BOX
[],[],COMPACT_BEARISH_REJECT,601696,2025-08-13,CANCEL_OPEN_ABOVE_BUY_ZONE,False,s6order-98acaa136d501a964bd5,s6ps-f03199f3e7189f9b,1,s6setup-43ca95e27d2be3639d49,2025-08-08,CANCELLED,BOX,BOX,"[""BOX""]",BOX
[],"[""MICRO_DOUBLE_BOTTOM"", ""FAILED_BEAR_BREAKOUT""]",FAILED_BEAR_BREAKOUT,601696,2025-08-18,CANCEL_OPEN_ABOVE_BUY_ZONE,False,s6order-6640a8bec0f99420366f,s6ps-f03199f3e7189f9b,1,s6setup-7b9444423ee5055c15dd,2025-08-13,CANCELLED,BOX,BOX,"[""BOX""]",BOX
[],"[""FAILED_BEAR_BREAKOUT""]",BROOKS_CONTEXT_REJECT,601728,2025-03-12,CANCEL_OPEN_ABOVE_BUY_ZONE,True,s6order-382e7936e1f8424c373b,s6ps-f03199f3e7189f9b,2,s6setup-c1daba4df39d22dd0650,2025-03-07,CANCELLED,BOTH,MULTI,"[""ORIGINAL"", ""BOX""]",ORIGINAL
[],[],COMPACT_BEARISH_REJECT,601777,2025-03-13,FILLED_FROZEN_PLAN,False,s6order-5d9f5034cd4aa9845f40,s6ps-f03199f3e7189f9b,1,s6setup-569de22093b0693f5a7b,2025-03-10,FILLED,BOX,BOX,"[""BOX""]",BOX
[],"[""MICRO_DOUBLE_BOTTOM"", ""SECOND_ENTRY_LONG_READY"", ""FAILED_BEAR_BREAKOUT""]",BROOKS_CONTEXT_REJECT,601868,2025-08-08,FILLED_FROZEN_PLAN,False,s6order-7d40562ed0efe1f99206,s6ps-f03199f3e7189f9b,1,s6setup-dd77d6e41b8afc91a237,2025-08-05,FILLED,BOX,BOX,"[""BOX""]",BOX
[],"[""MICRO_DOUBLE_BOTTOM"", ""FAILED_BEAR_BREAKOUT""]",BROOKS_FAILED_BREAKOUT_READY,601872,2025-10-13,FILLED_FROZEN_PLAN,True,s6order-8f3601140d327cf9abb3,s6ps-f03199f3e7189f9b,2,s6setup-279667d2b1b01bdb0a95,2025-09-30,FILLED,BOX,MULTI,"[""BOX"", ""BROOKS""]",BROOKS
[],[],BROOKS_FAILED,601877,2025-09-23,CANCEL_OPEN_ABOVE_BUY_ZONE,False,s6order-7e8202bf1c8bf246f8be,s6ps-f03199f3e7189f9b,1,s6setup-bb0a6512ba296ba29adf,2025-09-18,CANCELLED,BOX,BOX,"[""BOX""]",BOX
[],[],BROOKS_FAILED,601877,2025-09-24,CANCEL_OPEN_ABOVE_BUY_ZONE,False,s6order-81165ed82ee02b3b5518,s6ps-f03199f3e7189f9b,1,s6setup-621fba1ef2b07aedcb06,2025-09-19,CANCELLED,BOX,BOX,"[""BOX""]",BOX
[],"[""FAILED_BEAR_BREAKOUT""]",FAILED_BEAR_BREAKOUT,601881,2025-03-27,CANCEL_OPEN_ABOVE_BUY_ZONE,True,s6order-d776a97c66020fba95b2,s6ps-f03199f3e7189f9b,2,s6setup-da407f8d08dd81c247b6,2025-03-24,CANCELLED,BOX,MULTI,"[""BOX"", ""BROOKS""]",BOX
[],"[""MICRO_DOUBLE_BOTTOM"", ""FAILED_BEAR_BREAKOUT"", ""BEAR_FOLLOW_THROUGH_FAILED""]",BROOKS_CONTEXT_REJECT,601888,2025-12-05,CANCEL_OPEN_ABOVE_BUY_ZONE,False,s6order-774a7ee0c0874309ca19,s6ps-f03199f3e7189f9b,1,s6setup-afe12cc74c60779ff82e,2025-12-02,CANCELLED,BOX,BOX,"[""BOX""]",BOX
[],"[""MICRO_DOUBLE_BOTTOM"", ""FAILED_BEAR_BREAKOUT"", ""BEAR_FOLLOW_THROUGH_FAILED""]",FAILED_BEAR_BREAKOUT,601898,2025-11-21,FILLED_FROZEN_PLAN,False,s6order-bfd8711491528b321920,s6ps-f03199f3e7189f9b,1,s6setup-76f1f31a0b4983585ccc,2025-11-18,FILLED,BOX,BOX,"[""BOX""]",BOX
[],"[""FAILED_BEAR_BREAKOUT""]",BROOKS_FAILED_BREAKOUT_READY,601899,2025-11-03,CANCEL_OPEN_ABOVE_BUY_ZONE,True,s6order-fd8849723610595e96bd,s6ps-f03199f3e7189f9b,3,s6setup-a90fde919ab2ebf75565,2025-10-29,CANCELLED,BOTH,MULTI,"[""ORIGINAL"", ""BOX"", ""BROOKS""]",ORIGINAL
[],"[""FAILED_BEAR_BREAKOUT""]",BROOKS_FAILED_BREAKOUT_READY,601899,2025-11-04,CANCEL_OPEN_ABOVE_BUY_ZONE,True,s6order-e8838c8e3228b51e0fef,s6ps-f03199f3e7189f9b,3,s6setup-832812ec0a63395fcd77,2025-10-30,CANCELLED,BOTH,MULTI,"[""ORIGINAL"", ""BOX"", ""BROOKS""]",ORIGINAL
[],"[""FAILED_BEAR_BREAKOUT""]",BROOKS_CONTEXT_REJECT,601899,2025-11-05,FILLED_FROZEN_PLAN,True,s6order-0c8a70f72a83fa2797c9,s6ps-f03199f3e7189f9b,2,s6setup-4558a4761f57a6ac7229,2025-10-31,FILLED,BOTH,MULTI,"[""ORIGINAL"", ""BOX""]",ORIGINAL
[],"[""BEAR_FOLLOW_THROUGH_FAILED""]",BROOKS_CONTEXT_REJECT,601969,2025-12-04,FILLED_FROZEN_PLAN,False,s6order-ed316cc66cb9ec277a82,s6ps-f03199f3e7189f9b,1,s6setup-ca9797effd3ab4993fd5,2025-12-01,FILLED,BOX,BOX,"[""BOX""]",BOX
[],"[""BEAR_FOLLOW_THROUGH_FAILED""]",BROOKS_CONTEXT_REJECT,603005,2025-03-07,CANCEL_OPEN_ABOVE_BUY_ZONE,False,s6order-506bff40dfe4cbb8093d,s6ps-f03199f3e7189f9b,1,s6setup-87b9f7f054113f42440d,2025-03-04,CANCELLED,BOX,BOX,"[""BOX""]",BOX
[],[],BROOKS_CONTEXT_REJECT,603005,2025-03-10,CANCEL_OPEN_ABOVE_BUY_ZONE,False,s6order-6bfbef4c44e087dbb40c,s6ps-f03199f3e7189f9b,1,s6setup-fb99a9ea9bf6c482cf37,2025-03-05,CANCELLED,BOX,BOX,"[""BOX""]",BOX
[],[],BROOKS_CONTEXT_REJECT,603015,2025-02-14,CANCEL_OPEN_ABOVE_BUY_ZONE,False,s6order-3702c2b620b9740e2d33,s6ps-f03199f3e7189f9b,1,s6setup-84ab2f527131a37304df,2025-02-11,CANCELLED,ORIGINAL,ORIGINAL,"[""ORIGINAL""]",ORIGINAL
[],"[""MICRO_DOUBLE_BOTTOM"", ""FAILED_BEAR_BREAKOUT"", ""BEAR_FOLLOW_THROUGH_FAILED""]",BROOKS_CONTEXT_REJECT,603078,2024-12-17,FILLED_FROZEN_PLAN,True,s6order-f502e49c6f718d96eefe,s6ps-f03199f3e7189f9b,2,s6setup-5e35a695f2bd5244a9c7,2024-12-12,FILLED,BOTH,MULTI,"[""ORIGINAL"", ""BOX""]",ORIGINAL
[],"[""FAILED_BEAR_BREAKOUT""]",BROOKS_CONTEXT_REJECT,603099,2024-11-27,FILLED_FROZEN_PLAN,True,s6order-9ce76ac76851638f607f,s6ps-f03199f3e7189f9b,2,s6setup-f5596be19bb7272c4656,2024-11-22,FILLED,BOTH,MULTI,"[""ORIGINAL"", ""BOX""]",ORIGINAL
[],"[""FAILED_BEAR_BREAKOUT"", ""BEAR_FOLLOW_THROUGH_FAILED""]",BROOKS_CONTEXT_REJECT,603099,2024-11-28,CANCEL_OPEN_ABOVE_BUY_ZONE,True,s6order-1bc1605c3a62e7603c37,s6ps-f03199f3e7189f9b,2,s6setup-7b16baa68ddbd2d18b34,2024-11-25,CANCELLED,BOTH,MULTI,"[""ORIGINAL"", ""BOX""]",ORIGINAL
[],"[""MICRO_DOUBLE_BOTTOM"", ""FAILED_BEAR_BREAKOUT"", ""BEAR_FOLLOW_THROUGH_FAILED""]",FAILED_BEAR_BREAKOUT,603119,2025-10-09,CANCEL_OPEN_ABOVE_BUY_ZONE,True,s6order-cb81a68f71cf5edd2fd8,s6ps-f03199f3e7189f9b,2,s6setup-796cb0a388ba90add440,2025-09-26,CANCELLED,BOX,MULTI,"[""BOX"", ""BROOKS""]",BOX
[],"[""MICRO_DOUBLE_BOTTOM"", ""FAILED_BEAR_BREAKOUT""]",BROOKS_FAILED_BREAKOUT_READY,603119,2025-10-13,FILLED_FROZEN_PLAN,True,s6order-aa69311eddd901f70a68,s6ps-f03199f3e7189f9b,3,s6setup-2374b9d39f87fc8f74cb,2025-09-30,FILLED,BOTH,MULTI,"[""ORIGINAL"", ""BOX"", ""BROOKS""]",ORIGINAL
[],"[""MICRO_DOUBLE_BOTTOM"", ""FAILED_BEAR_BREAKOUT""]",FAILED_BEAR_BREAKOUT,603119,2025-10-14,FILLED_FROZEN_PLAN,False,s6order-0c47861994386f072af5,s6ps-f03199f3e7189f9b,1,s6setup-c5ff5044c6a383480dae,2025-10-09,FILLED,BOX,BOX,"[""BOX""]",BOX
[],"[""MICRO_DOUBLE_BOTTOM"", ""FAILED_BEAR_BREAKOUT"", ""BEAR_FOLLOW_THROUGH_FAILED""]",FAILED_BEAR_BREAKOUT,603179,2025-10-13,CANCEL_OPEN_ABOVE_BUY_ZONE,False,s6order-fa9cdb713a5b8277e19a,s6ps-f03199f3e7189f9b,1,s6setup-6762e812ce871789c37b,2025-09-30,CANCELLED,BOX,BOX,"[""BOX""]",BOX
[],"[""MICRO_DOUBLE_BOTTOM"", ""SECOND_ENTRY_LONG_READY"", ""FAILED_BEAR_BREAKOUT""]",BROOKS_FAILED_BREAKOUT_READY,603200,2025-08-21,CANCEL_OPEN_ABOVE_BUY_ZONE,True,s6order-9f1ceb9cc185bf4c0231,s6ps-f03199f3e7189f9b,2,s6setup-b77ecfed67879a74832d,2025-08-18,CANCELLED,BOX,MULTI,"[""BOX"", ""BROOKS""]",BROOKS
[],[],BROOKS_FAILED,603228,2025-07-30,CANCEL_OPEN_ABOVE_BUY_ZONE,True,s6order-f64b9baba3afb3bc0059,s6ps-f03199f3e7189f9b,2,s6setup-e4aabaeb4a177d943648,2025-07-25,CANCELLED,BOTH,MULTI,"[""ORIGINAL"", ""BOX""]",ORIGINAL
[],"[""FAILED_BEAR_BREAKOUT""]",BROOKS_CONTEXT_REJECT,603236,2025-01-17,CANCEL_OPEN_ABOVE_BUY_ZONE,False,s6order-5b821c8892c9a92dd3a4,s6ps-f03199f3e7189f9b,1,s6setup-c798af28efd589de84d8,2025-01-14,CANCELLED,ORIGINAL,ORIGINAL,"[""ORIGINAL""]",ORIGINAL
[],[],BROOKS_FAILED,603236,2025-02-26,FILLED_FROZEN_PLAN,False,s6order-6333eb5d0b0dbc08d39e,s6ps-f03199f3e7189f9b,1,s6setup-0ea4f7f9586e556c39d6,2025-02-21,FILLED,BOX,BOX,"[""BOX""]",BOX
[],"[""MICRO_DOUBLE_BOTTOM"", ""SECOND_ENTRY_LONG_READY"", ""FAILED_BEAR_BREAKOUT""]",BROOKS_CONTEXT_REJECT,603301,2025-11-18,CANCEL_OPEN_ABOVE_BUY_ZONE,False,s6order-ebf77659cc86d62a72dc,s6ps-f03199f3e7189f9b,1,s6setup-1865ba63164b49b9d9b6,2025-11-13,CANCELLED,BOX,BOX,"[""BOX""]",BOX
[],"[""MICRO_DOUBLE_BOTTOM"", ""SECOND_ENTRY_LONG_READY"", ""FAILED_BEAR_BREAKOUT""]",BROOKS_CONTEXT_REJECT,603301,2025-11-19,FILLED_FROZEN_PLAN,False,s6order-4b8ee6ea71061364eedc,s6ps-f03199f3e7189f9b,1,s6setup-380658457793e1170035,2025-11-14,FILLED,BOX,BOX,"[""BOX""]",BOX
[],"[""FAILED_BEAR_BREAKOUT""]",FAILED_BEAR_BREAKOUT,603308,2025-10-14,CANCEL_OPEN_ABOVE_BUY_ZONE,True,s6order-f571b3613b8667c41ad3,s6ps-f03199f3e7189f9b,2,s6setup-eb3d08c4e6d4e02cf9b9,2025-10-09,CANCELLED,BOTH,MULTI,"[""ORIGINAL"", ""BOX""]",ORIGINAL
[],"[""FAILED_BEAR_BREAKOUT""]",FAILED_BEAR_BREAKOUT,603308,2025-10-15,CANCEL_OPEN_ABOVE_BUY_ZONE,True,s6order-35f6fe5c74405eb5bd89,s6ps-f03199f3e7189f9b,2,s6setup-6bf102eefcbf962310f2,2025-10-10,CANCELLED,BOTH,MULTI,"[""ORIGINAL"", ""BOX""]",ORIGINAL
[],"[""FAILED_BEAR_BREAKOUT"", ""BEAR_FOLLOW_THROUGH_FAILED""]",FAILED_BEAR_BREAKOUT,603319,2025-09-17,CANCEL_OPEN_ABOVE_BUY_ZONE,False,s6order-f1528451e61ce8e27a46,s6ps-f03199f3e7189f9b,1,s6setup-53b07e70702ac2bdc128,2025-09-12,CANCELLED,ORIGINAL,ORIGINAL,"[""ORIGINAL""]",ORIGINAL
[],[],BROOKS_FAILED,603319,2025-09-30,CANCEL_OPEN_ABOVE_BUY_ZONE,False,s6order-1bc1d08be396cab691ca,s6ps-f03199f3e7189f9b,1,s6setup-33a8d4b25d72b3dc0baa,2025-09-25,CANCELLED,ORIGINAL,ORIGINAL,"[""ORIGINAL""]",ORIGINAL
[],"[""MICRO_DOUBLE_BOTTOM"", ""FAILED_BEAR_BREAKOUT""]",FAILED_BEAR_BREAKOUT,603319,2025-10-10,CANCEL_OPEN_ABOVE_BUY_ZONE,True,s6order-243e36a5325d05ee2a30,s6ps-f03199f3e7189f9b,2,s6setup-8e5ebc79909a2668e31d,2025-09-29,CANCELLED,BOTH,MULTI,"[""ORIGINAL"", ""BOX""]",ORIGINAL
[],[],BROOKS_CONTEXT_REJECT,603367,2025-08-20,CANCEL_OPEN_ABOVE_BUY_ZONE,False,s6order-a3137294f4ee8ba638d7,s6ps-f03199f3e7189f9b,1,s6setup-6768125f8d087509f817,2025-08-15,CANCELLED,BOX,BOX,"[""BOX""]",BOX
[],[],BROOKS_CONTEXT_REJECT,603367,2025-08-22,CANCEL_OPEN_ABOVE_BUY_ZONE,False,s6order-2576a1929843b7f5eb82,s6ps-f03199f3e7189f9b,1,s6setup-4fb3b799ff588c2f84cc,2025-08-19,CANCELLED,BOX,BOX,"[""BOX""]",BOX
[],"[""FAILED_BEAR_BREAKOUT""]",FAILED_BEAR_BREAKOUT,603444,2025-08-15,CANCEL_OPEN_ABOVE_BUY_ZONE,True,s6order-65364b8ba9fe84071ff8,s6ps-f03199f3e7189f9b,2,s6setup-5495057d612d3532c841,2025-08-12,CANCELLED,BOTH,MULTI,"[""ORIGINAL"", ""BOX""]",ORIGINAL
[],[],BROOKS_FAILED,603486,2024-11-14,CANCEL_OPEN_ABOVE_BUY_ZONE,True,s6order-69daad93226160109e2f,s6ps-f03199f3e7189f9b,2,s6setup-6898d3a1d4a6f35be2f0,2024-11-11,CANCELLED,BOTH,MULTI,"[""ORIGINAL"", ""BOX""]",ORIGINAL
[],[],BROOKS_CONTEXT_REJECT,603486,2025-03-07,CANCEL_OPEN_ABOVE_BUY_ZONE,False,s6order-e6c54d8a4a47aae1e21d,s6ps-f03199f3e7189f9b,1,s6setup-1329ee6d6176dab5aff4,2025-03-04,CANCELLED,BOX,BOX,"[""BOX""]",BOX
[],"[""FAILED_BEAR_BREAKOUT""]",FAILED_BEAR_BREAKOUT,603486,2025-08-15,CANCEL_OPEN_ABOVE_BUY_ZONE,True,s6order-36692e54918cfb798739,s6ps-f03199f3e7189f9b,2,s6setup-47bc24e67bfced45806f,2025-08-12,CANCELLED,BOTH,MULTI,"[""ORIGINAL"", ""BOX""]",ORIGINAL
[],"[""FAILED_BEAR_BREAKOUT""]",FAILED_BEAR_BREAKOUT,603486,2025-08-18,CANCEL_OPEN_ABOVE_BUY_ZONE,True,s6order-44f684ebae988b1ef5f3,s6ps-f03199f3e7189f9b,2,s6setup-470f43d1726fab973716,2025-08-13,CANCELLED,BOTH,MULTI,"[""ORIGINAL"", ""BOX""]",ORIGINAL
[],"[""FAILED_BEAR_BREAKOUT""]",BROOKS_CONTEXT_REJECT,603496,2025-03-20,CANCEL_OPEN_ABOVE_BUY_ZONE,False,s6order-679bf9c4fb7f627eb971,s6ps-f03199f3e7189f9b,1,s6setup-57487f4860bdd0246506,2025-03-17,CANCELLED,BOX,BOX,"[""BOX""]",BOX
[],"[""FAILED_BEAR_BREAKOUT""]",BROOKS_CONTEXT_REJECT,603496,2025-03-21,FILLED_FROZEN_PLAN,False,s6order-5461f1211ea9b1926382,s6ps-f03199f3e7189f9b,1,s6setup-e9040e7f92b0891f1911,2025-03-18,FILLED,BOX,BOX,"[""BOX""]",BOX
[],[],COMPACT_BEARISH_REJECT,603501,2025-03-11,CANCEL_OPEN_ABOVE_BUY_ZONE,False,s6order-f2692162f2812cac771f,s6ps-f03199f3e7189f9b,1,s6setup-3d291caa03eb71207405,2025-03-06,CANCELLED,BOX,BOX,"[""BOX""]",BOX
[],[],BROOKS_CONTEXT_REJECT,603501,2025-03-12,FILLED_FROZEN_PLAN,True,s6order-ddd19650ca41b427a542,s6ps-f03199f3e7189f9b,2,s6setup-e9dfe6dc7b1f76c08f27,2025-03-07,FILLED,BOTH,MULTI,"[""ORIGINAL"", ""BOX""]",ORIGINAL
[],"[""MICRO_DOUBLE_BOTTOM"", ""SECOND_ENTRY_LONG_READY"", ""FAILED_BEAR_BREAKOUT""]",BROOKS_CONTEXT_REJECT,603516,2025-11-25,FILLED_FROZEN_PLAN,False,s6order-f29145f177654883daf0,s6ps-f03199f3e7189f9b,1,s6setup-d0e6944fe48379037e2f,2025-11-20,FILLED,BOX,BOX,"[""BOX""]",BOX
[],"[""FAILED_BEAR_BREAKOUT""]",FAILED_BEAR_BREAKOUT,603583,2025-03-24,FILLED_FROZEN_PLAN,False,s6order-56d90f9776ed9eb28214,s6ps-f03199f3e7189f9b,1,s6setup-2b680aec3ac2ae09d9cb,2025-03-19,FILLED,BOX,BOX,"[""BOX""]",BOX
[],"[""BEAR_FOLLOW_THROUGH_FAILED""]",BROOKS_FAILED,603606,2024-11-08,CANCEL_OPEN_ABOVE_BUY_ZONE,True,s6order-aadc16251cb7df3084ed,s6ps-f03199f3e7189f9b,2,s6setup-39fd8e4c4023e6fc31b9,2024-11-05,CANCELLED,BOTH,MULTI,"[""ORIGINAL"", ""BOX""]",ORIGINAL
[],"[""FAILED_BEAR_BREAKOUT"", ""ORDERLY_COMPRESSION_AT_SUPPORT""]",FAILED_BEAR_BREAKOUT,603612,2025-09-25,FILLED_FROZEN_PLAN,False,s6order-82993f3b19ca51e9b790,s6ps-f03199f3e7189f9b,1,s6setup-e2176f4c641347e3af3a,2025-09-22,FILLED,BOX,BOX,"[""BOX""]",BOX
[],[],BROOKS_FAILED,603650,2025-10-30,FILLED_FROZEN_PLAN,False,s6order-c87afb41ccac66ff9adb,s6ps-f03199f3e7189f9b,1,s6setup-e4e5d9e7c533b0bf2f40,2025-10-27,FILLED,BOX,BOX,"[""BOX""]",BOX
[],"[""FAILED_BEAR_BREAKOUT""]",FAILED_BEAR_BREAKOUT,603678,2025-04-08,FILLED_FROZEN_PLAN,True,s6order-039335398b1e8fd78666,s6ps-f03199f3e7189f9b,2,s6setup-54b2a559c7ad59b371ae,2025-04-02,FILLED,BOX,MULTI,"[""BOX"", ""BROOKS""]",BROOKS
[],"[""FAILED_BEAR_BREAKOUT""]",BROOKS_FAILED_BREAKOUT_READY,603678,2025-04-09,CANCEL_OPEN_BELOW_BUY_ZONE,True,s6order-af9fe291f4fd16b8f79c,s6ps-f03199f3e7189f9b,3,s6setup-ff30d4f93e8b818443fb,2025-04-03,CANCELLED,BOTH,MULTI,"[""ORIGINAL"", ""BOX"", ""BROOKS""]",ORIGINAL
[],"[""FAILED_BEAR_BREAKOUT"", ""BEAR_FOLLOW_THROUGH_FAILED""]",BROOKS_CONTEXT_REJECT,603786,2025-10-24,FILLED_FROZEN_PLAN,False,s6order-799527cecd666a37b1c2,s6ps-f03199f3e7189f9b,1,s6setup-0b0ba46814574b34fc35,2025-10-21,FILLED,BOX,BOX,"[""BOX""]",BOX
[],[],BROOKS_FAILED,603799,2025-10-30,CANCEL_OPEN_ABOVE_BUY_ZONE,True,s6order-2935968085bb251dc8ac,s6ps-f03199f3e7189f9b,2,s6setup-15630377163f6c48d79f,2025-10-27,CANCELLED,BOTH,MULTI,"[""ORIGINAL"", ""BOX""]",ORIGINAL
[],[],BROOKS_FAILED,603809,2025-02-21,CANCEL_OPEN_ABOVE_BUY_ZONE,False,s6order-e0cabdc8cb141161e187,s6ps-f03199f3e7189f9b,1,s6setup-b711397711c1038bd559,2025-02-18,CANCELLED,BOX,BOX,"[""BOX""]",BOX
[],"[""BEAR_FOLLOW_THROUGH_FAILED""]",BROOKS_FAILED,603809,2025-02-24,CANCEL_OPEN_ABOVE_BUY_ZONE,False,s6order-d6adc8dba03f5ff2ca8a,s6ps-f03199f3e7189f9b,1,s6setup-51dd18023b551d7f64d7,2025-02-19,CANCELLED,BOX,BOX,"[""BOX""]",BOX
[],"[""MICRO_DOUBLE_BOTTOM"", ""FAILED_BEAR_BREAKOUT""]",BROOKS_CONTEXT_REJECT,603809,2025-05-29,FILLED_FROZEN_PLAN,True,s6order-1bac68e23c5699493fba,s6ps-f03199f3e7189f9b,2,s6setup-415457793a9556486569,2025-05-26,FILLED,BOTH,MULTI,"[""ORIGINAL"", ""BOX""]",ORIGINAL
[],[],BROOKS_FAILED,603887,2025-03-24,CANCEL_OPEN_ABOVE_BUY_ZONE,False,s6order-47e3a246d58b260fcfb6,s6ps-f03199f3e7189f9b,1,s6setup-1d43275aa4335d06764a,2025-03-19,CANCELLED,BOX,BOX,"[""BOX""]",BOX
[],"[""FAILED_BEAR_BREAKOUT""]",FAILED_BEAR_BREAKOUT,603893,2024-11-11,CANCEL_OPEN_ABOVE_BUY_ZONE,False,s6order-e2b195e98cec2a8e143e,s6ps-f03199f3e7189f9b,1,s6setup-5b52a644932ad736476a,2024-11-06,CANCELLED,BOX,BOX,"[""BOX""]",BOX
[],"[""FAILED_BEAR_BREAKOUT""]",FAILED_BEAR_BREAKOUT,603893,2024-11-12,CANCEL_OPEN_ABOVE_BUY_ZONE,False,s6order-018dd241e18eef5c87c0,s6ps-f03199f3e7189f9b,1,s6setup-5c8f844a5bd2c3275a12,2024-11-07,CANCELLED,BOX,BOX,"[""BOX""]",BOX
[],"[""MICRO_DOUBLE_BOTTOM"", ""FAILED_BEAR_BREAKOUT""]",FAILED_BEAR_BREAKOUT,603893,2024-11-13,CANCEL_OPEN_ABOVE_BUY_ZONE,True,s6order-2de083fbf816a0f6c5f9,s6ps-f03199f3e7189f9b,2,s6setup-a63db8c9eb7d11d047d3,2024-11-08,CANCELLED,BOTH,MULTI,"[""ORIGINAL"", ""BOX""]",ORIGINAL
[],"[""FAILED_BEAR_BREAKOUT"", ""BEAR_FOLLOW_THROUGH_FAILED""]",BROOKS_CONTEXT_REJECT,603915,2025-03-14,CANCEL_OPEN_ABOVE_BUY_ZONE,False,s6order-fe11dbb78c10bf458aad,s6ps-f03199f3e7189f9b,1,s6setup-a268ff9470f36410b3b1,2025-03-11,CANCELLED,ORIGINAL,ORIGINAL,"[""ORIGINAL""]",ORIGINAL
[],"[""FAILED_BEAR_BREAKOUT"", ""BEAR_FOLLOW_THROUGH_FAILED""]",FAILED_BEAR_BREAKOUT,603920,2024-11-22,CANCEL_OPEN_ABOVE_BUY_ZONE,False,s6order-43dc76d5fc291cff4f8b,s6ps-f03199f3e7189f9b,1,s6setup-d587b9f81f181660d2f5,2024-11-19,CANCELLED,BOX,BOX,"[""BOX""]",BOX
[],[],BROOKS_CONTEXT_REJECT,603986,2025-02-17,CANCEL_OPEN_ABOVE_BUY_ZONE,False,s6order-4ed56d98300086100d41,s6ps-f03199f3e7189f9b,1,s6setup-7a6580f669fe0713c9ea,2025-02-12,CANCELLED,BOX,BOX,"[""BOX""]",BOX
[],"[""FAILED_BEAR_BREAKOUT""]",FAILED_BEAR_BREAKOUT,603993,2025-08-15,CANCEL_OPEN_ABOVE_BUY_ZONE,True,s6order-b02319ebe167ac1615f2,s6ps-f03199f3e7189f9b,2,s6setup-b480475ca9ae290a0c96,2025-08-12,CANCELLED,BOTH,MULTI,"[""ORIGINAL"", ""BOX""]",ORIGINAL
[],"[""MICRO_DOUBLE_BOTTOM"", ""SECOND_ENTRY_LONG_READY"", ""FAILED_BEAR_BREAKOUT"", ""BEAR_FOLLOW_THROUGH_FAILED""]",SECOND_ENTRY_LONG_READY,603993,2025-10-29,CANCEL_OPEN_ABOVE_BUY_ZONE,False,s6order-23aec1f396d6d50ba3c5,s6ps-f03199f3e7189f9b,1,s6setup-abf04063308da2e9d179,2025-10-24,CANCELLED,BOX,BOX,"[""BOX""]",BOX
[],"[""MICRO_DOUBLE_BOTTOM"", ""FAILED_BEAR_BREAKOUT""]",FAILED_BEAR_BREAKOUT,605255,2025-12-19,CANCEL_OPEN_ABOVE_BUY_ZONE,False,s6order-ac46550ff45b802b1d12,s6ps-f03199f3e7189f9b,1,s6setup-e48de09982940e62af28,2025-12-16,CANCELLED,BOX,BOX,"[""BOX""]",BOX
[],"[""MICRO_DOUBLE_BOTTOM"", ""FAILED_BEAR_BREAKOUT""]",FAILED_BEAR_BREAKOUT,605255,2025-12-22,CANCEL_OPEN_ABOVE_BUY_ZONE,False,s6order-80a49f3c9d25e9b41a82,s6ps-f03199f3e7189f9b,1,s6setup-f0c8e486ddf086ee9ca7,2025-12-17,CANCELLED,BOX,BOX,"[""BOX""]",BOX
[],[],BROOKS_CONTEXT_REJECT,605358,2025-10-29,CANCEL_OPEN_ABOVE_BUY_ZONE,False,s6order-05fc09bf070ad4aea034,s6ps-f03199f3e7189f9b,1,s6setup-1552d32801806320da78,2025-10-24,CANCELLED,BOX,BOX,"[""BOX""]",BOX
[],"[""FAILED_BEAR_BREAKOUT"", ""BEAR_FOLLOW_THROUGH_FAILED""]",FAILED_BEAR_BREAKOUT,605499,2025-04-29,CANCEL_OPEN_ABOVE_BUY_ZONE,True,s6order-16734c0bf50e2b7e8bca,s6ps-f03199f3e7189f9b,2,s6setup-2b970302ad49532611b6,2025-04-24,CANCELLED,BOTH,MULTI,"[""ORIGINAL"", ""BOX""]",ORIGINAL
[],[],BROOKS_FAILED,688013,2025-09-26,CANCEL_OPEN_ABOVE_BUY_ZONE,False,s6order-87d325b7f04dddde47b2,s6ps-f03199f3e7189f9b,1,s6setup-d80f2ced0e3cb981c9af,2025-09-23,CANCELLED,BOX,BOX,"[""BOX""]",BOX
[],[],BROOKS_FAILED,688015,2024-11-25,CANCEL_OPEN_ABOVE_BUY_ZONE,False,s6order-9eb0d9140eb122a54807,s6ps-f03199f3e7189f9b,1,s6setup-379b47d4a8f9a2b84d9b,2024-11-20,CANCELLED,BOX,BOX,"[""BOX""]",BOX
[],"[""MICRO_DOUBLE_BOTTOM"", ""FAILED_BEAR_BREAKOUT""]",FAILED_BEAR_BREAKOUT,688017,2025-10-09,CANCEL_OPEN_ABOVE_BUY_ZONE,True,s6order-2d8fdca5de6cf3370f4d,s6ps-f03199f3e7189f9b,2,s6setup-ccd52baaab642b15b1c7,2025-09-26,CANCELLED,BOTH,MULTI,"[""ORIGINAL"", ""BOX""]",ORIGINAL
[],"[""MICRO_DOUBLE_BOTTOM"", ""SECOND_ENTRY_LONG_READY"", ""FAILED_BEAR_BREAKOUT""]",BROOKS_SUPPORT_READY,688017,2025-10-14,CANCEL_OPEN_ABOVE_BUY_ZONE,True,s6order-17524689ffe69e3d00a2,s6ps-f03199f3e7189f9b,3,s6setup-9fc8b9246cea1f486934,2025-10-09,CANCELLED,BOTH,MULTI,"[""ORIGINAL"", ""BOX"", ""BROOKS""]",BROOKS
[],"[""MICRO_DOUBLE_BOTTOM"", ""SECOND_ENTRY_LONG_READY"", ""FAILED_BEAR_BREAKOUT""]",SECOND_ENTRY_LONG_READY,688017,2025-10-15,CANCEL_OPEN_BELOW_BUY_ZONE,True,s6order-3ca4d4a77fde119c628f,s6ps-f03199f3e7189f9b,2,s6setup-7a3c8cafe5d006caa7a2,2025-10-10,CANCELLED,BOTH,MULTI,"[""ORIGINAL"", ""BOX""]",BOX
[],[],BROOKS_FAILED,688019,2025-10-24,CANCEL_OPEN_ABOVE_BUY_ZONE,False,s6order-0cec5c9fea79f4e7deaa,s6ps-f03199f3e7189f9b,1,s6setup-940f40f9768978882465,2025-10-21,CANCELLED,BOX,BOX,"[""BOX""]",BOX
[],"[""BEAR_FOLLOW_THROUGH_FAILED""]",BROOKS_CONTEXT_REJECT,688020,2025-09-16,CANCEL_OPEN_ABOVE_BUY_ZONE,False,s6order-b411c55547f936345c1b,s6ps-f03199f3e7189f9b,1,s6setup-4a801fc3f2fc18be9e5e,2025-09-11,CANCELLED,BOX,BOX,"[""BOX""]",BOX
[],"[""BEAR_FOLLOW_THROUGH_FAILED""]",BROOKS_FAILED,688027,2024-12-05,CANCEL_OPEN_ABOVE_BUY_ZONE,True,s6order-09000d6a0f1718dbfefb,s6ps-f03199f3e7189f9b,2,s6setup-cc6c31f79103fda91a9f,2024-12-02,CANCELLED,BOTH,MULTI,"[""ORIGINAL"", ""BOX""]",ORIGINAL
[],"[""MICRO_DOUBLE_BOTTOM"", ""SECOND_ENTRY_LONG_READY"", ""FAILED_BEAR_BREAKOUT""]",BROOKS_CONTEXT_REJECT,688041,2025-03-14,CANCEL_OPEN_ABOVE_BUY_ZONE,False,s6order-e96d5a8fc6676479edcd,s6ps-f03199f3e7189f9b,1,s6setup-9a7648a71876120ebaaf,2025-03-11,CANCELLED,ORIGINAL,ORIGINAL,"[""ORIGINAL""]",ORIGINAL
[],"[""MICRO_DOUBLE_BOTTOM"", ""FAILED_BEAR_BREAKOUT""]",FAILED_BEAR_BREAKOUT,688041,2025-03-18,CANCEL_OPEN_ABOVE_BUY_ZONE,False,s6order-34654b86fceb974bd557,s6ps-f03199f3e7189f9b,1,s6setup-39e835b206d36a70c71e,2025-03-13,CANCELLED,BOX,BOX,"[""BOX""]",BOX
[],[],BROOKS_FAILED,688047,2024-12-11,CANCEL_OPEN_ABOVE_BUY_ZONE,False,s6order-2a17c635b162fbea6037,s6ps-f03199f3e7189f9b,1,s6setup-14e014135a88f7a17339,2024-12-06,CANCELLED,BOX,BOX,"[""BOX""]",BOX
[],[],BROOKS_FAILED,688048,2025-03-11,CANCEL_OPEN_ABOVE_BUY_ZONE,False,s6order-0fc6e5287205360f4564,s6ps-f03199f3e7189f9b,1,s6setup-7a7cabda6a8687592f97,2025-03-06,CANCELLED,BOX,BOX,"[""BOX""]",BOX
[],"[""MICRO_DOUBLE_BOTTOM"", ""FAILED_BEAR_BREAKOUT""]",FAILED_BEAR_BREAKOUT,688051,2025-08-14,CANCEL_OPEN_ABOVE_BUY_ZONE,False,s6order-cb04c952051235c12bfb,s6ps-f03199f3e7189f9b,1,s6setup-104981bd2fba18d90be6,2025-08-11,CANCELLED,BOX,BOX,"[""BOX""]",BOX
[],"[""MICRO_DOUBLE_BOTTOM"", ""FAILED_BEAR_BREAKOUT""]",FAILED_BEAR_BREAKOUT,688051,2025-08-15,CANCEL_OPEN_ABOVE_BUY_ZONE,False,s6order-a547cd070a3fc2a51d13,s6ps-f03199f3e7189f9b,1,s6setup-3ce14f1cd14688c5860b,2025-08-12,CANCELLED,BOX,BOX,"[""BOX""]",BOX
[],[],BROOKS_FAILED,688062,2025-08-18,CANCEL_OPEN_ABOVE_BUY_ZONE,False,s6order-b156c34fa996e8125426,s6ps-f03199f3e7189f9b,1,s6setup-f58a2dbfae45133fcf4f,2025-08-13,CANCELLED,BOX,BOX,"[""BOX""]",BOX
[],"[""FAILED_BEAR_BREAKOUT""]",BROOKS_CONTEXT_REJECT,688063,2025-09-19,CANCEL_OPEN_ABOVE_BUY_ZONE,True,s6order-fa681f0cbd55ed464a3c,s6ps-f03199f3e7189f9b,2,s6setup-6fd60e456ad516bcb45b,2025-09-16,CANCELLED,BOTH,MULTI,"[""ORIGINAL"", ""BOX""]",ORIGINAL
[],"[""MICRO_DOUBLE_BOTTOM"", ""SECOND_ENTRY_LONG_READY""]",BROOKS_CONTEXT_REJECT,688063,2025-09-22,CANCEL_OPEN_ABOVE_BUY_ZONE,False,s6order-75b7cd85637b490fc5f2,s6ps-f03199f3e7189f9b,1,s6setup-a6e76f7fe1203a8e778a,2025-09-17,CANCELLED,BOX,BOX,"[""BOX""]",BOX
[],"[""MICRO_DOUBLE_BOTTOM"", ""FAILED_BEAR_BREAKOUT"", ""ORDERLY_COMPRESSION_AT_SUPPORT""]",FAILED_BEAR_BREAKOUT,688063,2025-09-25,FILLED_FROZEN_PLAN,True,s6order-8519d724cf51ff36d273,s6ps-f03199f3e7189f9b,2,s6setup-c2fd1a235da71c264e7e,2025-09-22,FILLED,BOX,MULTI,"[""BOX"", ""BROOKS""]",BROOKS
[],"[""FAILED_BEAR_BREAKOUT""]",FAILED_BEAR_BREAKOUT,688065,2025-04-29,CANCEL_OPEN_ABOVE_BUY_ZONE,True,s6order-45b494f81e3be03bf21a,s6ps-f03199f3e7189f9b,3,s6setup-69910d5c6bd94a133606,2025-04-24,CANCELLED,BOTH,MULTI,"[""ORIGINAL"", ""BOX"", ""BROOKS""]",ORIGINAL
[],"[""MICRO_DOUBLE_BOTTOM"", ""FAILED_BEAR_BREAKOUT""]",FAILED_BEAR_BREAKOUT,688070,2025-03-21,FILLED_FROZEN_PLAN,True,s6order-92fbb9bba8b04bd4ff47,s6ps-f03199f3e7189f9b,2,s6setup-414023d3ba4d311ce03e,2025-03-18,FILLED,BOTH,MULTI,"[""ORIGINAL"", ""BOX""]",ORIGINAL
[],"[""BEAR_FOLLOW_THROUGH_FAILED""]",BROOKS_FAILED,688072,2025-10-24,FILLED_FROZEN_PLAN,False,s6order-f788b8a0488086c73988,s6ps-f03199f3e7189f9b,1,s6setup-5aacc296dcfaa98adfe0,2025-10-21,FILLED,BOX,BOX,"[""BOX""]",BOX
[],"[""BEAR_FOLLOW_THROUGH_FAILED""]",BROOKS_FAILED,688072,2025-10-27,CANCEL_OPEN_ABOVE_BUY_ZONE,False,s6order-016bb060ba63f421acfe,s6ps-f03199f3e7189f9b,1,s6setup-cc4286b155eba87be70b,2025-10-22,CANCELLED,BOX,BOX,"[""BOX""]",BOX
[],"[""BEAR_FOLLOW_THROUGH_FAILED""]",BROOKS_FAILED,688072,2025-10-28,CANCEL_OPEN_ABOVE_BUY_ZONE,False,s6order-c80dd83b401c24919231,s6ps-f03199f3e7189f9b,1,s6setup-c76fb55067ee7b53a9ad,2025-10-23,CANCELLED,BOX,BOX,"[""BOX""]",BOX
[],"[""MICRO_DOUBLE_BOTTOM"", ""SECOND_ENTRY_LONG_READY"", ""FAILED_BEAR_BREAKOUT"", ""BEAR_FOLLOW_THROUGH_FAILED""]",SECOND_ENTRY_LONG_READY,688081,2025-03-24,CANCEL_OPEN_ABOVE_BUY_ZONE,False,s6order-eec548e7625d2433c2b9,s6ps-f03199f3e7189f9b,1,s6setup-e68d61bcf0d2acd44105,2025-03-19,CANCELLED,BOX,BOX,"[""BOX""]",BOX
[],[],BROOKS_FAILED,688082,2025-10-24,FILLED_FROZEN_PLAN,False,s6order-6445281b9c49b8ecc873,s6ps-f03199f3e7189f9b,1,s6setup-55d47d00c93b356eb6e2,2025-10-21,FILLED,BOX,BOX,"[""BOX""]",BOX
[],[],BROOKS_FAILED,688090,2024-10-30,CANCEL_OPEN_ABOVE_BUY_ZONE,False,s6order-0d024fb24b2081d68d1b,s6ps-f03199f3e7189f9b,1,s6setup-f5b842b9eed62e75172e,2024-10-25,CANCELLED,BOX,BOX,"[""BOX""]",BOX
[],[],COMPACT_BEARISH_REJECT,688093,2025-05-22,FILLED_FROZEN_PLAN,False,s6order-e011d41ccf99b155b6fd,s6ps-f03199f3e7189f9b,1,s6setup-41bcdfb7e197b5fb367a,2025-05-19,FILLED,BOX,BOX,"[""BOX""]",BOX
[],"[""BEAR_FOLLOW_THROUGH_FAILED""]",BROOKS_CONTEXT_REJECT,688099,2025-09-12,CANCEL_OPEN_ABOVE_BUY_ZONE,False,s6order-68fa34408d70c2521bad,s6ps-f03199f3e7189f9b,1,s6setup-04b43703d8c20e8af02d,2025-09-09,CANCELLED,BOX,BOX,"[""BOX""]",BOX
[],[],BROOKS_CONTEXT_REJECT,688099,2025-09-17,CANCEL_OPEN_ABOVE_BUY_ZONE,True,s6order-52f811496c876efb47e3,s6ps-f03199f3e7189f9b,2,s6setup-b92348116496ea5d1a8a,2025-09-12,CANCELLED,BOTH,MULTI,"[""ORIGINAL"", ""BOX""]",ORIGINAL
[],"[""FAILED_BEAR_BREAKOUT""]",BROOKS_CONTEXT_REJECT,688103,2025-03-19,CANCEL_OPEN_ABOVE_BUY_ZONE,False,s6order-6762c214c9f280a52f71,s6ps-f03199f3e7189f9b,1,s6setup-460d5619c1ccd0b42ede,2025-03-14,CANCELLED,BOX,BOX,"[""BOX""]",BOX
[],"[""MICRO_DOUBLE_BOTTOM"", ""SECOND_ENTRY_LONG_READY"", ""FAILED_BEAR_BREAKOUT""]",BROOKS_CONTEXT_REJECT,688103,2025-03-20,CANCEL_OPEN_ABOVE_BUY_ZONE,False,s6order-08bff8ba73f4578696b5,s6ps-f03199f3e7189f9b,1,s6setup-62e204826e22d40919f8,2025-03-17,CANCELLED,BOX,BOX,"[""BOX""]",BOX
[],[],BROOKS_FAILED,688103,2025-06-24,FILLED_FROZEN_PLAN,False,s6order-477292e26e64eb303388,s6ps-f03199f3e7189f9b,1,s6setup-172a1bad3022718fff73,2025-06-19,FILLED,BOX,BOX,"[""BOX""]",BOX
[],"[""FAILED_BEAR_BREAKOUT""]",FAILED_BEAR_BREAKOUT,688109,2025-11-03,CANCEL_OPEN_ABOVE_BUY_ZONE,False,s6order-b0f85bc4fa515ec5a8fa,s6ps-f03199f3e7189f9b,1,s6setup-edf8e39b0ada683384e2,2025-10-29,CANCELLED,BOX,BOX,"[""BOX""]",BOX
[],[],BROOKS_CONTEXT_REJECT,688110,2025-12-23,FILLED_FROZEN_PLAN,False,s6order-015e4a6a14b35aade182,s6ps-f03199f3e7189f9b,1,s6setup-a7bdb0fc119a26842f6a,2025-12-18,FILLED,BOX,BOX,"[""BOX""]",BOX
[],[],BROOKS_FAILED,688114,2025-03-21,FILLED_FROZEN_PLAN,False,s6order-4f93360afaf8ae9402da,s6ps-f03199f3e7189f9b,1,s6setup-0cd9198cac2957d72afb,2025-03-18,FILLED,BOX,BOX,"[""BOX""]",BOX
[],"[""MICRO_DOUBLE_BOTTOM"", ""SECOND_ENTRY_LONG_READY"", ""FAILED_BEAR_BREAKOUT""]",BROOKS_CONTEXT_REJECT,688116,2024-12-05,CANCEL_OPEN_ABOVE_BUY_ZONE,False,s6order-a5bddb90fececbf943da,s6ps-f03199f3e7189f9b,1,s6setup-ae1919e95f7b3d37f2ad,2024-12-02,CANCELLED,BOX,BOX,"[""BOX""]",BOX
[],"[""MICRO_DOUBLE_BOTTOM"", ""FAILED_BEAR_BREAKOUT""]",BROOKS_CONTEXT_REJECT,688116,2025-03-18,FILLED_FROZEN_PLAN,False,s6order-1c4b8ce4472fece5b6da,s6ps-f03199f3e7189f9b,1,s6setup-f3f4c3e098a92dd7a8a7,2025-03-13,FILLED,BOX,BOX,"[""BOX""]",BOX
[],"[""MICRO_DOUBLE_BOTTOM"", ""FAILED_BEAR_BREAKOUT""]",FAILED_BEAR_BREAKOUT,688116,2025-09-30,CANCEL_OPEN_ABOVE_BUY_ZONE,True,s6order-7fbca7455a4279187554,s6ps-f03199f3e7189f9b,2,s6setup-cecb0529ee0f187d6279,2025-09-25,CANCELLED,BOTH,MULTI,"[""ORIGINAL"", ""BOX""]",ORIGINAL
[],"[""FAILED_BEAR_BREAKOUT""]",FAILED_BEAR_BREAKOUT,688117,2025-05-16,CANCEL_OPEN_ABOVE_BUY_ZONE,True,s6order-7a25d6458ab14ff7c704,s6ps-f03199f3e7189f9b,2,s6setup-45220c57334d58bf17cd,2025-05-13,CANCELLED,BOTH,MULTI,"[""ORIGINAL"", ""BOX""]",ORIGINAL
[],"[""FAILED_BEAR_BREAKOUT""]",FAILED_BEAR_BREAKOUT,688117,2025-06-05,CANCEL_OPEN_ABOVE_BUY_ZONE,True,s6order-454f746b5cced72f3987,s6ps-f03199f3e7189f9b,2,s6setup-04791a11266fccefb339,2025-05-30,CANCELLED,BOTH,MULTI,"[""ORIGINAL"", ""BOX""]",ORIGINAL
[],[],BROOKS_CONTEXT_REJECT,688117,2025-08-01,CANCEL_OPEN_ABOVE_BUY_ZONE,False,s6order-8645420a91af1acbd7ff,s6ps-f03199f3e7189f9b,1,s6setup-f6f7025a60edbf05d598,2025-07-29,CANCELLED,BOX,BOX,"[""BOX""]",BOX
[],"[""FAILED_BEAR_BREAKOUT""]",BROOKS_CONTEXT_REJECT,688117,2025-08-07,CANCEL_OPEN_ABOVE_BUY_ZONE,False,s6order-413adebd71b734d57626,s6ps-f03199f3e7189f9b,1,s6setup-43d0b6c04e4fe7863f8f,2025-08-04,CANCELLED,BOX,BOX,"[""BOX""]",BOX
[],"[""MICRO_DOUBLE_BOTTOM"", ""FAILED_BEAR_BREAKOUT"", ""ORDERLY_COMPRESSION_AT_SUPPORT""]",FAILED_BEAR_BREAKOUT,688118,2025-08-21,CANCEL_OPEN_ABOVE_BUY_ZONE,True,s6order-3d55a3ae0149367d0545,s6ps-f03199f3e7189f9b,3,s6setup-5432c73552dd1d9dabb9,2025-08-18,CANCELLED,BOTH,MULTI,"[""ORIGINAL"", ""BOX"", ""BROOKS""]",ORIGINAL
[],"[""BEAR_FOLLOW_THROUGH_FAILED""]",BROOKS_FAILED,688123,2025-10-28,CANCEL_OPEN_ABOVE_BUY_ZONE,True,s6order-0c11da782f388d8b8432,s6ps-f03199f3e7189f9b,2,s6setup-5100f9abeba05aecb98d,2025-10-23,CANCELLED,BOTH,MULTI,"[""ORIGINAL"", ""BOX""]",ORIGINAL
[],"[""FAILED_BEAR_BREAKOUT""]",FAILED_BEAR_BREAKOUT,688128,2025-05-26,CANCEL_OPEN_ABOVE_BUY_ZONE,False,s6order-55279b6b1b62c7daa9f8,s6ps-f03199f3e7189f9b,1,s6setup-558ca6606b8a183fe613,2025-05-21,CANCELLED,BOX,BOX,"[""BOX""]",BOX
[],"[""MICRO_DOUBLE_BOTTOM"", ""FAILED_BEAR_BREAKOUT""]",FAILED_BEAR_BREAKOUT,688128,2025-05-27,CANCEL_OPEN_ABOVE_BUY_ZONE,True,s6order-3c3d66330ea4b2d0541e,s6ps-f03199f3e7189f9b,3,s6setup-7b3723d2f89fd4ca149b,2025-05-22,CANCELLED,BOTH,MULTI,"[""ORIGINAL"", ""BOX"", ""BROOKS""]",ORIGINAL
[],"[""MICRO_DOUBLE_BOTTOM"", ""SECOND_ENTRY_LONG_READY"", ""FAILED_BEAR_BREAKOUT"", ""ORDERLY_COMPRESSION_AT_SUPPORT""]",BROOKS_FAILED_BREAKOUT_READY,688128,2025-05-30,CANCEL_OPEN_ABOVE_BUY_ZONE,True,s6order-7afd84f02bd7584516a0,s6ps-f03199f3e7189f9b,2,s6setup-f2a5c66ddcf54c6ffda1,2025-05-27,CANCELLED,BOX,MULTI,"[""BOX"", ""BROOKS""]",BROOKS
[],[],BROOKS_CONTEXT_REJECT,688128,2025-10-30,CANCEL_OPEN_ABOVE_BUY_ZONE,False,s6order-f563810069105a2d1454,s6ps-f03199f3e7189f9b,1,s6setup-9f464a7256484e45a2c5,2025-10-27,CANCELLED,BOX,BOX,"[""BOX""]",BOX
[],"[""MICRO_DOUBLE_BOTTOM"", ""SECOND_ENTRY_LONG_READY"", ""FAILED_BEAR_BREAKOUT""]",SECOND_ENTRY_LONG_READY,688131,2025-10-09,CANCEL_OPEN_ABOVE_BUY_ZONE,True,s6order-cc792cdd4fcf4ecf6fba,s6ps-f03199f3e7189f9b,2,s6setup-de8a35130200259e121c,2025-09-26,CANCELLED,BOTH,MULTI,"[""ORIGINAL"", ""BOX""]",ORIGINAL
[],[],BROOKS_FAILED,688135,2025-03-07,CANCEL_OPEN_ABOVE_BUY_ZONE,False,s6order-633cde8dd0deb0a80cdf,s6ps-f03199f3e7189f9b,1,s6setup-e4c6a22c1b5169163ff6,2025-03-04,CANCELLED,BOX,BOX,"[""BOX""]",BOX
[],[],BROOKS_FAILED,688141,2025-09-22,CANCEL_OPEN_ABOVE_BUY_ZONE,True,s6order-88ac82189211340cb665,s6ps-f03199f3e7189f9b,2,s6setup-7e5b679759f4559a4557,2025-09-17,CANCELLED,BOTH,MULTI,"[""ORIGINAL"", ""BOX""]",ORIGINAL
[],[],BROOKS_FAILED,688141,2025-09-25,CANCEL_OPEN_ABOVE_BUY_ZONE,False,s6order-9ade46b8424472ce570d,s6ps-f03199f3e7189f9b,1,s6setup-1533be6620f7e49b28f6,2025-09-22,CANCELLED,ORIGINAL,ORIGINAL,"[""ORIGINAL""]",ORIGINAL
[],"[""FAILED_BEAR_BREAKOUT""]",FAILED_BEAR_BREAKOUT,688141,2025-10-14,CANCEL_OPEN_ABOVE_BUY_ZONE,True,s6order-6219214796ce0fe1dd36,s6ps-f03199f3e7189f9b,2,s6setup-a002f9a0d0eff15e47b7,2025-10-09,CANCELLED,BOX,MULTI,"[""BOX"", ""BROOKS""]",BROOKS
[],"[""FAILED_BEAR_BREAKOUT""]",FAILED_BEAR_BREAKOUT,688141,2025-10-15,CANCEL_OPEN_ABOVE_BUY_ZONE,False,s6order-4ec07d66f0469330a1e7,s6ps-f03199f3e7189f9b,1,s6setup-c717c93a011d4cfbfb0e,2025-10-10,CANCELLED,BOX,BOX,"[""BOX""]",BOX
[],"[""FAILED_BEAR_BREAKOUT""]",FAILED_BEAR_BREAKOUT,688141,2025-10-16,CANCEL_OPEN_ABOVE_BUY_ZONE,False,s6order-725f1e168225f878081a,s6ps-f03199f3e7189f9b,1,s6setup-3cd169f2df8338164e66,2025-10-13,CANCELLED,BOX,BOX,"[""BOX""]",BOX
[],"[""MICRO_DOUBLE_BOTTOM"", ""FAILED_BEAR_BREAKOUT""]",BROOKS_CONTEXT_REJECT,688143,2025-07-15,CANCEL_OPEN_ABOVE_BUY_ZONE,False,s6order-628cbad9390cee6cd3b8,s6ps-f03199f3e7189f9b,1,s6setup-b2682305a9609112432f,2025-07-10,CANCELLED,BOX,BOX,"[""BOX""]",BOX
[],"[""MICRO_DOUBLE_BOTTOM"", ""FAILED_BEAR_BREAKOUT""]",FAILED_BEAR_BREAKOUT,688143,2025-08-05,CANCEL_OPEN_ABOVE_BUY_ZONE,False,s6order-321d02190575824b9a95,s6ps-f03199f3e7189f9b,1,s6setup-188a77f6c471cdcc4c16,2025-07-31,CANCELLED,BOX,BOX,"[""BOX""]",BOX
[],"[""FAILED_BEAR_BREAKOUT""]",BROOKS_CONTEXT_REJECT,688146,2025-09-05,CANCEL_OPEN_ABOVE_BUY_ZONE,False,s6order-4442b621589258fb9d71,s6ps-f03199f3e7189f9b,1,s6setup-c824dd1450fd60c3bd7e,2025-09-02,CANCELLED,BOX,BOX,"[""BOX""]",BOX
[],"[""MICRO_DOUBLE_BOTTOM"", ""FAILED_BEAR_BREAKOUT""]",FAILED_BEAR_BREAKOUT,688156,2025-08-13,CANCEL_OPEN_ABOVE_BUY_ZONE,True,s6order-16c2e743c4e3e56fc9af,s6ps-f03199f3e7189f9b,3,s6setup-e7a7fa42e720b4bdcd48,2025-08-08,CANCELLED,BOTH,MULTI,"[""ORIGINAL"", ""BOX"", ""BROOKS""]",ORIGINAL
[],"[""MICRO_DOUBLE_BOTTOM"", ""FAILED_BEAR_BREAKOUT""]",FAILED_BEAR_BREAKOUT,688156,2025-08-14,CANCEL_OPEN_ABOVE_BUY_ZONE,True,s6order-c13608566efe2b4b9017,s6ps-f03199f3e7189f9b,2,s6setup-c91f1dc33af262dcbd9e,2025-08-11,CANCELLED,BOX,MULTI,"[""BOX"", ""BROOKS""]",BROOKS
[],[],BROOKS_FAILED,688160,2025-02-21,CANCEL_OPEN_ABOVE_BUY_ZONE,False,s6order-9286eb836503c73228bb,s6ps-f03199f3e7189f9b,1,s6setup-bb256764512af0a8dbea,2025-02-18,CANCELLED,BOX,BOX,"[""BOX""]",BOX
[],"[""MICRO_DOUBLE_BOTTOM"", ""FAILED_BEAR_BREAKOUT"", ""BEAR_FOLLOW_THROUGH_FAILED""]",BROOKS_CONTEXT_REJECT,688163,2025-08-21,CANCEL_OPEN_ABOVE_BUY_ZONE,False,s6order-b55fa4d98bb140202e68,s6ps-f03199f3e7189f9b,1,s6setup-5ed925011de066dfabcf,2025-08-18,CANCELLED,BOX,BOX,"[""BOX""]",BOX
[],"[""FAILED_BEAR_BREAKOUT"", ""BEAR_FOLLOW_THROUGH_FAILED""]",FAILED_BEAR_BREAKOUT,688166,2025-08-18,CANCEL_OPEN_ABOVE_BUY_ZONE,False,s6order-bee80a102188dfe856f7,s6ps-f03199f3e7189f9b,1,s6setup-5b3367285908984eeb2d,2025-08-13,CANCELLED,ORIGINAL,ORIGINAL,"[""ORIGINAL""]",ORIGINAL
[],"[""FAILED_BEAR_BREAKOUT"", ""BEAR_FOLLOW_THROUGH_FAILED""]",FAILED_BEAR_BREAKOUT,688166,2025-08-20,CANCEL_OPEN_ABOVE_BUY_ZONE,True,s6order-22f1702591b4da02b56c,s6ps-f03199f3e7189f9b,3,s6setup-43f97e3badd8202b13e5,2025-08-15,CANCELLED,BOTH,MULTI,"[""ORIGINAL"", ""BOX"", ""BROOKS""]",ORIGINAL
[],"[""MICRO_DOUBLE_BOTTOM"", ""FAILED_BEAR_BREAKOUT"", ""ORDERLY_COMPRESSION_AT_SUPPORT""]",FAILED_BEAR_BREAKOUT,688166,2025-08-21,CANCEL_OPEN_ABOVE_BUY_ZONE,True,s6order-c0956ace53c04ca0066e,s6ps-f03199f3e7189f9b,3,s6setup-ea5cc446b042bb37d50c,2025-08-18,CANCELLED,BOTH,MULTI,"[""ORIGINAL"", ""BOX"", ""BROOKS""]",ORIGINAL
[],"[""FAILED_BEAR_BREAKOUT""]",BROOKS_CONTEXT_REJECT,688167,2025-10-14,CANCEL_OPEN_ABOVE_BUY_ZONE,False,s6order-33e2e1471ffb36ded637,s6ps-f03199f3e7189f9b,1,s6setup-5108d3f94d5e98e23292,2025-10-09,CANCELLED,BOX,BOX,"[""BOX""]",BOX
[],"[""FAILED_BEAR_BREAKOUT"", ""BEAR_FOLLOW_THROUGH_FAILED""]",FAILED_BEAR_BREAKOUT,688167,2025-12-31,CANCEL_OPEN_ABOVE_BUY_ZONE,False,s6order-0d0652436cb3c38f7148,s6ps-f03199f3e7189f9b,1,s6setup-29ed83eec61eb5f8a012,2025-12-29,CANCELLED,BOX,BOX,"[""BOX""]",BOX
[],"[""MICRO_DOUBLE_BOTTOM"", ""FAILED_BEAR_BREAKOUT"", ""BEAR_FOLLOW_THROUGH_FAILED""]",FAILED_BEAR_BREAKOUT,688167,2025-12-31,EXPIRED_NO_FILL,False,s6order-e40c4276d5c135adb6b0,s6ps-f03199f3e7189f9b,1,s6setup-badd66725cdae56586ed,2025-12-31,EXPIRED_NO_FILL,BOX,BOX,"[""BOX""]",BOX
[],[],BROOKS_CONTEXT_REJECT,688171,2025-06-10,CANCEL_OPEN_ABOVE_BUY_ZONE,False,s6order-a14e637f047ed8f50cc3,s6ps-f03199f3e7189f9b,1,s6setup-bb31e32885ee84db11ea,2025-06-05,CANCELLED,BOX,BOX,"[""BOX""]",BOX
[],"[""FAILED_BEAR_BREAKOUT""]",BROOKS_CONTEXT_REJECT,688171,2025-06-11,CANCEL_OPEN_ABOVE_BUY_ZONE,False,s6order-a3883a69f014701b1145,s6ps-f03199f3e7189f9b,1,s6setup-bb2b504a5c6f62af5e75,2025-06-06,CANCELLED,BOX,BOX,"[""BOX""]",BOX
[],[],BROOKS_FAILED,688171,2025-08-22,CANCEL_OPEN_ABOVE_BUY_ZONE,False,s6order-171e0b94e9402ac9201a,s6ps-f03199f3e7189f9b,1,s6setup-13e1106ba97e88d232a2,2025-08-19,CANCELLED,BOX,BOX,"[""BOX""]",BOX
[],[],BROOKS_FAILED,688171,2025-08-25,CANCEL_OPEN_ABOVE_BUY_ZONE,True,s6order-742d9242087a09015ab3,s6ps-f03199f3e7189f9b,2,s6setup-31a941667c3af445228c,2025-08-20,CANCELLED,BOTH,MULTI,"[""ORIGINAL"", ""BOX""]",ORIGINAL
[],[],BROOKS_FAILED,688171,2025-08-26,CANCEL_OPEN_ABOVE_BUY_ZONE,True,s6order-3e6a38c312efca493337,s6ps-f03199f3e7189f9b,2,s6setup-21a71258455e9c272f77,2025-08-21,CANCELLED,BOTH,MULTI,"[""ORIGINAL"", ""BOX""]",ORIGINAL
[],"[""MICRO_DOUBLE_BOTTOM"", ""SECOND_ENTRY_LONG_READY"", ""FAILED_BEAR_BREAKOUT"", ""ORDERLY_COMPRESSION_AT_SUPPORT""]",BROOKS_SUPPORT_READY,688178,2025-03-03,CANCEL_OPEN_ABOVE_BUY_ZONE,True,s6order-fda9cc4aaa230a12f7b2,s6ps-f03199f3e7189f9b,2,s6setup-a82e2950ef5eb410c141,2025-02-26,CANCELLED,BOX,MULTI,"[""BOX"", ""BROOKS""]",BROOKS
[],"[""FAILED_BEAR_BREAKOUT""]",BROOKS_CONTEXT_REJECT,688178,2025-04-17,FILLED_FROZEN_PLAN,False,s6order-2bfae2e6d0fe36db508b,s6ps-f03199f3e7189f9b,1,s6setup-2e2e62f8c57148f33f36,2025-04-14,FILLED,BOX,BOX,"[""BOX""]",BOX
[],[],BROOKS_CONTEXT_REJECT,688178,2025-04-18,FILLED_FROZEN_PLAN,True,s6order-1fe27958a2f636c55ce8,s6ps-f03199f3e7189f9b,2,s6setup-d6572d299243798c5c79,2025-04-15,FILLED,BOTH,MULTI,"[""ORIGINAL"", ""BOX""]",ORIGINAL
[],"[""MICRO_DOUBLE_BOTTOM"", ""SECOND_ENTRY_LONG_READY"", ""FAILED_BEAR_BREAKOUT"", ""BEAR_FOLLOW_THROUGH_FAILED""]",SECOND_ENTRY_LONG_READY,688183,2025-07-10,CANCEL_OPEN_ABOVE_BUY_ZONE,False,s6order-026b814d572912bb009d,s6ps-f03199f3e7189f9b,1,s6setup-3a152a7ec1bfaca2be54,2025-07-07,CANCELLED,BOX,BOX,"[""BOX""]",BOX
[],"[""FAILED_BEAR_BREAKOUT""]",FAILED_BEAR_BREAKOUT,688183,2025-09-24,CANCEL_OPEN_ABOVE_BUY_ZONE,False,s6order-4f45795a8a4bbcd4f4f8,s6ps-f03199f3e7189f9b,1,s6setup-c454dce9dae0a5eac1f5,2025-09-19,CANCELLED,BOX,BOX,"[""BOX""]",BOX
[],"[""FAILED_BEAR_BREAKOUT""]",FAILED_BEAR_BREAKOUT,688183,2025-09-25,CANCEL_OPEN_ABOVE_BUY_ZONE,True,s6order-852867f24abc103f888e,s6ps-f03199f3e7189f9b,2,s6setup-8ad879673856045750cb,2025-09-22,CANCELLED,BOX,MULTI,"[""BOX"", ""BROOKS""]",BROOKS
[],[],BROOKS_FAILED,688183,2025-09-26,CANCEL_OPEN_ABOVE_BUY_ZONE,False,s6order-d85b60a00c98ebadf351,s6ps-f03199f3e7189f9b,1,s6setup-6e322181eb4a62bec9dd,2025-09-23,CANCELLED,BOX,BOX,"[""BOX""]",BOX
[],"[""FAILED_BEAR_BREAKOUT""]",FAILED_BEAR_BREAKOUT,688183,2025-09-29,CANCEL_OPEN_ABOVE_BUY_ZONE,True,s6order-cd148b30112b0dfec4e3,s6ps-f03199f3e7189f9b,2,s6setup-3ab98ba4e6aa6ee621c4,2025-09-24,CANCELLED,BOX,MULTI,"[""BOX"", ""BROOKS""]",BROOKS
[],"[""MICRO_DOUBLE_BOTTOM"", ""FAILED_BEAR_BREAKOUT""]",FAILED_BEAR_BREAKOUT,688186,2025-04-24,CANCEL_OPEN_ABOVE_BUY_ZONE,False,s6order-e3073c633dbf94521b9b,s6ps-f03199f3e7189f9b,1,s6setup-981db2cb4cbb2d4ee947,2025-04-21,CANCELLED,ORIGINAL,ORIGINAL,"[""ORIGINAL""]",ORIGINAL
[],"[""FAILED_BEAR_BREAKOUT""]",FAILED_BEAR_BREAKOUT,688191,2025-07-23,CANCEL_OPEN_ABOVE_BUY_ZONE,False,s6order-081810597a34f58c88c5,s6ps-f03199f3e7189f9b,1,s6setup-c322353cc4fe738b3788,2025-07-18,CANCELLED,BOX,BOX,"[""BOX""]",BOX
[],[],BROOKS_FAILED,688196,2025-06-26,FILLED_FROZEN_PLAN,False,s6order-374fbf1fe5eab10522c3,s6ps-f03199f3e7189f9b,1,s6setup-a789564ce640373e5994,2025-06-23,FILLED,BOX,BOX,"[""BOX""]",BOX
[],[],BROOKS_FAILED,688196,2025-06-27,CANCEL_OPEN_ABOVE_BUY_ZONE,False,s6order-61304c2d8f55f8bba788,s6ps-f03199f3e7189f9b,1,s6setup-ecd0280fa2ab38bb0d88,2025-06-24,CANCELLED,BOX,BOX,"[""BOX""]",BOX
[],"[""MICRO_DOUBLE_BOTTOM"", ""FAILED_BEAR_BREAKOUT""]",BARB_WIRE_WAIT,688202,2025-08-08,CANCEL_OPEN_ABOVE_BUY_ZONE,True,s6order-21bf4320f819b8436677,s6ps-f03199f3e7189f9b,2,s6setup-4a027ef3cdd811824e39,2025-08-05,CANCELLED,BOX,MULTI,"[""BOX"", ""BROOKS""]",BROOKS
[],"[""MICRO_DOUBLE_BOTTOM"", ""FAILED_BEAR_BREAKOUT"", ""BEAR_FOLLOW_THROUGH_FAILED""]",FAILED_BEAR_BREAKOUT,688205,2025-01-03,CANCEL_OPEN_ABOVE_BUY_ZONE,False,s6order-96beb7ea20dfb473302d,s6ps-f03199f3e7189f9b,1,s6setup-97ceb9eb89758d0cd3b1,2024-12-30,CANCELLED,BOX,BOX,"[""BOX""]",BOX
[],[],BROOKS_CONTEXT_REJECT,688205,2025-01-08,FILLED_FROZEN_PLAN,False,s6order-64fadac527f8297673ca,s6ps-f03199f3e7189f9b,1,s6setup-65fe963253d88d0a6493,2025-01-03,FILLED,BOX,BOX,"[""BOX""]",BOX
[],"[""FAILED_BEAR_BREAKOUT""]",BROOKS_CONTEXT_REJECT,688206,2025-06-20,FILLED_FROZEN_PLAN,False,s6order-d77726381bd9e8cad18d,s6ps-f03199f3e7189f9b,1,s6setup-1a641d1ac9caf0d71300,2025-06-17,FILLED,BOX,BOX,"[""BOX""]",BOX
[],"[""MICRO_DOUBLE_BOTTOM"", ""FAILED_BEAR_BREAKOUT"", ""ORDERLY_COMPRESSION_AT_SUPPORT""]",FAILED_BEAR_BREAKOUT,688211,2025-06-17,FILLED_FROZEN_PLAN,True,s6order-76a493e68a92fb699e4b,s6ps-f03199f3e7189f9b,2,s6setup-5fd917843eae226689bc,2025-06-12,FILLED,BOX,MULTI,"[""BOX"", ""BROOKS""]",BROOKS
[],"[""FAILED_BEAR_BREAKOUT""]",BROOKS_CONTEXT_REJECT,688213,2025-03-14,CANCEL_OPEN_ABOVE_BUY_ZONE,False,s6order-9130f27f233fde537a45,s6ps-f03199f3e7189f9b,1,s6setup-cfd64463a895f91c7e92,2025-03-11,CANCELLED,BOX,BOX,"[""BOX""]",BOX
[],"[""FAILED_BEAR_BREAKOUT""]",BROOKS_CONTEXT_REJECT,688213,2025-03-17,CANCEL_OPEN_BELOW_BUY_ZONE,False,s6order-a4a85943d928162dc2c4,s6ps-f03199f3e7189f9b,1,s6setup-e587c432324694e3816e,2025-03-12,CANCELLED,BOX,BOX,"[""BOX""]",BOX
[],[],BROOKS_CONTEXT_REJECT,688215,2025-06-30,CANCEL_OPEN_ABOVE_BUY_ZONE,False,s6order-05bb74d10ad71a61b401,s6ps-f03199f3e7189f9b,1,s6setup-2787916ddcfc6dd462ce,2025-06-25,CANCELLED,BOX,BOX,"[""BOX""]",BOX
[],"[""FAILED_BEAR_BREAKOUT""]",FAILED_BEAR_BREAKOUT,688222,2025-09-19,CANCEL_OPEN_ABOVE_BUY_ZONE,False,s6order-d8c21c59a289e0cf957a,s6ps-f03199f3e7189f9b,1,s6setup-6fb055c09204cc538110,2025-09-16,CANCELLED,ORIGINAL,ORIGINAL,"[""ORIGINAL""]",ORIGINAL
[],"[""MICRO_DOUBLE_BOTTOM"", ""SECOND_ENTRY_LONG_READY"", ""FAILED_BEAR_BREAKOUT"", ""ORDERLY_COMPRESSION_AT_SUPPORT""]",BROOKS_SUPPORT_READY,688225,2025-03-06,FILLED_FROZEN_PLAN,True,s6order-51b39cc5c57e73342b2a,s6ps-f03199f3e7189f9b,2,s6setup-b7da79bddadf3235431b,2025-03-03,FILLED,BOX,MULTI,"[""BOX"", ""BROOKS""]",BROOKS
[],"[""FAILED_BEAR_BREAKOUT""]",FAILED_BEAR_BREAKOUT,688225,2025-03-07,CANCEL_OPEN_ABOVE_BUY_ZONE,False,s6order-d3e184adbc8cfba4add6,s6ps-f03199f3e7189f9b,1,s6setup-d497a32a40f10abe4f15,2025-03-04,CANCELLED,BOX,BOX,"[""BOX""]",BOX
[],"[""FAILED_BEAR_BREAKOUT""]",FAILED_BEAR_BREAKOUT,688225,2025-03-12,FILLED_FROZEN_PLAN,True,s6order-5e4bc0bc064350e182bc,s6ps-f03199f3e7189f9b,2,s6setup-6c0295ad1ca057113cb8,2025-03-07,FILLED,BOTH,MULTI,"[""ORIGINAL"", ""BOX""]",ORIGINAL
[],"[""MICRO_DOUBLE_BOTTOM"", ""FAILED_BEAR_BREAKOUT""]",FAILED_BEAR_BREAKOUT,688231,2025-12-29,CANCEL_OPEN_ABOVE_BUY_ZONE,False,s6order-adc97547ea99799dca53,s6ps-f03199f3e7189f9b,1,s6setup-631aceb90dcce648d738,2025-12-24,CANCELLED,BOX,BOX,"[""BOX""]",BOX
[],[],COMPACT_BEARISH_REJECT,688233,2025-05-26,CANCEL_OPEN_ABOVE_BUY_ZONE,False,s6order-ca22083f28fe8795255b,s6ps-f03199f3e7189f9b,1,s6setup-361ea9d5d896aa6aeacd,2025-05-21,CANCELLED,BOX,BOX,"[""BOX""]",BOX
[],"[""MICRO_DOUBLE_BOTTOM"", ""FAILED_BEAR_BREAKOUT""]",FAILED_BEAR_BREAKOUT,688234,2025-10-14,FILLED_FROZEN_PLAN,True,s6order-26bc5cbf41f7ef9c5b8e,s6ps-f03199f3e7189f9b,2,s6setup-ca55c52aa162f3095096,2025-10-09,FILLED,BOX,MULTI,"[""BOX"", ""BROOKS""]",BROOKS
[],"[""FAILED_BEAR_BREAKOUT""]",BROOKS_CONTEXT_REJECT,688235,2025-07-01,CANCEL_OPEN_ABOVE_BUY_ZONE,False,s6order-00b4fc80c069680a410d,s6ps-f03199f3e7189f9b,1,s6setup-9c2a00b496c3276ebfcc,2025-06-26,CANCELLED,BOX,BOX,"[""BOX""]",BOX
[],"[""FAILED_BEAR_BREAKOUT"", ""ORDERLY_COMPRESSION_AT_SUPPORT""]",FAILED_BEAR_BREAKOUT,688235,2025-09-24,FILLED_FROZEN_PLAN,True,s6order-bcd55ef6713a3455c993,s6ps-f03199f3e7189f9b,2,s6setup-769745a929022e58a476,2025-09-19,FILLED,BOX,MULTI,"[""BOX"", ""BROOKS""]",BROOKS
[],"[""FAILED_BEAR_BREAKOUT"", ""ORDERLY_COMPRESSION_AT_SUPPORT""]",FAILED_BEAR_BREAKOUT,688235,2025-09-25,FILLED_FROZEN_PLAN,True,s6order-f2d3ca6c6e54b4ba39f4,s6ps-f03199f3e7189f9b,2,s6setup-bea30948481b1e887e0f,2025-09-22,FILLED,BOX,MULTI,"[""BOX"", ""BROOKS""]",BROOKS
[],"[""FAILED_BEAR_BREAKOUT""]",BROOKS_CONTEXT_REJECT,688235,2025-09-29,FILLED_FROZEN_PLAN,False,s6order-d99394470df0a1a992dd,s6ps-f03199f3e7189f9b,1,s6setup-6364bf1d4be532256cf2,2025-09-24,FILLED,BOX,BOX,"[""BOX""]",BOX
[],"[""FAILED_BEAR_BREAKOUT""]",BROOKS_CONTEXT_REJECT,688235,2025-09-30,FILLED_FROZEN_PLAN,False,s6order-354c51434e4ecedcdf46,s6ps-f03199f3e7189f9b,1,s6setup-4e007621adf207db42e2,2025-09-25,FILLED,BOX,BOX,"[""BOX""]",BOX
[],[],BROOKS_CONTEXT_REJECT,688249,2025-10-29,CANCEL_OPEN_ABOVE_BUY_ZONE,False,s6order-ca156edaf512cd11d856,s6ps-f03199f3e7189f9b,1,s6setup-0ad33087d3f08f6f45e1,2025-10-24,CANCELLED,BOX,BOX,"[""BOX""]",BOX
[],"[""FAILED_BEAR_BREAKOUT""]",BROOKS_CONTEXT_REJECT,688249,2025-11-04,FILLED_FROZEN_PLAN,True,s6order-bbde373ef4817f4402c2,s6ps-f03199f3e7189f9b,2,s6setup-8f4f7a006aabcd4114df,2025-10-30,FILLED,BOTH,MULTI,"[""ORIGINAL"", ""BOX""]",ORIGINAL
[],[],BROOKS_FAILED,688252,2024-11-13,FILLED_FROZEN_PLAN,True,s6order-3a6042d12033e8400f47,s6ps-f03199f3e7189f9b,2,s6setup-99a79916c8c7e6f3c311,2024-11-08,FILLED,BOTH,MULTI,"[""ORIGINAL"", ""BOX""]",ORIGINAL
[],[],BROOKS_CONTEXT_REJECT,688256,2024-11-25,CANCEL_OPEN_ABOVE_BUY_ZONE,False,s6order-1b4ddb70d70f7c1695df,s6ps-f03199f3e7189f9b,1,s6setup-8a4e7f4aa3a11b6e31f8,2024-11-20,CANCELLED,BOX,BOX,"[""BOX""]",BOX
[],"[""MICRO_DOUBLE_BOTTOM"", ""BEAR_FOLLOW_THROUGH_FAILED""]",MICRO_DOUBLE_BOTTOM,688258,2025-08-29,CANCEL_OPEN_ABOVE_BUY_ZONE,False,s6order-ae918161af6b2c8e1405,s6ps-f03199f3e7189f9b,1,s6setup-27ba67f0c9d04314e9b1,2025-08-26,CANCELLED,BOX,BOX,"[""BOX""]",BOX
[],[],BROOKS_FAILED,688260,2025-07-28,CANCEL_OPEN_ABOVE_BUY_ZONE,True,s6order-2f36eb549d38b767d84b,s6ps-f03199f3e7189f9b,2,s6setup-d870080aa7f4b73ebf0d,2025-07-23,CANCELLED,BOTH,MULTI,"[""ORIGINAL"", ""BOX""]",ORIGINAL
[],[],BROOKS_FAILED,688260,2025-07-29,CANCEL_OPEN_ABOVE_BUY_ZONE,True,s6order-d38e5da83495358d3106,s6ps-f03199f3e7189f9b,2,s6setup-50c8b1672d9f17e4bc47,2025-07-24,CANCELLED,BOTH,MULTI,"[""ORIGINAL"", ""BOX""]",ORIGINAL
[],"[""MICRO_DOUBLE_BOTTOM"", ""FAILED_BEAR_BREAKOUT"", ""ORDERLY_COMPRESSION_AT_SUPPORT""]",FAILED_BEAR_BREAKOUT,688260,2025-09-12,FILLED_FROZEN_PLAN,True,s6order-222dbb161562ddd2b107,s6ps-f03199f3e7189f9b,2,s6setup-d3f9e34eee55f308d761,2025-09-09,FILLED,BOX,MULTI,"[""BOX"", ""BROOKS""]",BROOKS
[],"[""BEAR_FOLLOW_THROUGH_FAILED""]",BROOKS_CONTEXT_REJECT,688261,2025-09-18,CANCEL_OPEN_ABOVE_BUY_ZONE,False,s6order-767178b8bc926ce91163,s6ps-f03199f3e7189f9b,1,s6setup-eefefb1710023049dce6,2025-09-15,CANCELLED,BOX,BOX,"[""BOX""]",BOX
[],"[""BEAR_FOLLOW_THROUGH_FAILED""]",BROOKS_CONTEXT_REJECT,688261,2025-09-19,CANCEL_OPEN_ABOVE_BUY_ZONE,False,s6order-06f6c70a313cbe0a4541,s6ps-f03199f3e7189f9b,1,s6setup-457afb98aab7503e7344,2025-09-16,CANCELLED,ORIGINAL,ORIGINAL,"[""ORIGINAL""]",ORIGINAL
[],"[""MICRO_DOUBLE_BOTTOM"", ""FAILED_BEAR_BREAKOUT"", ""BEAR_FOLLOW_THROUGH_FAILED""]",BROOKS_CONTEXT_REJECT,688261,2025-09-22,CANCEL_OPEN_ABOVE_BUY_ZONE,False,s6order-f578d2e8bdff57781d8d,s6ps-f03199f3e7189f9b,1,s6setup-587e3b000ff4e253cc89,2025-09-17,CANCELLED,ORIGINAL,ORIGINAL,"[""ORIGINAL""]",ORIGINAL
[],"[""FAILED_BEAR_BREAKOUT""]",FAILED_BEAR_BREAKOUT,688265,2025-08-04,CANCEL_OPEN_ABOVE_BUY_ZONE,True,s6order-9819b01477e2009e56c4,s6ps-f03199f3e7189f9b,2,s6setup-280cc84c2c7d58f57f2b,2025-07-30,CANCELLED,BOTH,MULTI,"[""ORIGINAL"", ""BOX""]",ORIGINAL
[],"[""FAILED_BEAR_BREAKOUT""]",FAILED_BEAR_BREAKOUT,688265,2025-08-05,CANCEL_OPEN_ABOVE_BUY_ZONE,False,s6order-2ae1db309fa323bd9109,s6ps-f03199f3e7189f9b,1,s6setup-d8fb30d6f0a575a4fe36,2025-07-31,CANCELLED,BOX,BOX,"[""BOX""]",BOX
[],"[""FAILED_BEAR_BREAKOUT"", ""BEAR_FOLLOW_THROUGH_FAILED""]",FAILED_BEAR_BREAKOUT,688266,2025-03-24,CANCEL_OPEN_ABOVE_BUY_ZONE,True,s6order-b167b6fafcc762c02294,s6ps-f03199f3e7189f9b,3,s6setup-eb2c77ff2d313ed90396,2025-03-19,CANCELLED,BOTH,MULTI,"[""ORIGINAL"", ""BOX"", ""BROOKS""]",ORIGINAL
[],"[""FAILED_BEAR_BREAKOUT"", ""BEAR_FOLLOW_THROUGH_FAILED""]",FAILED_BEAR_BREAKOUT,688266,2025-03-25,CANCEL_OPEN_ABOVE_BUY_ZONE,True,s6order-d79f6d90c091a0737c2a,s6ps-f03199f3e7189f9b,3,s6setup-6efad0bc55ebf522decc,2025-03-20,CANCELLED,BOTH,MULTI,"[""ORIGINAL"", ""BOX"", ""BROOKS""]",ORIGINAL
[],"[""FAILED_BEAR_BREAKOUT""]",FAILED_BEAR_BREAKOUT,688266,2025-03-26,CANCEL_OPEN_ABOVE_BUY_ZONE,True,s6order-e8ecd7e950b64d64cf97,s6ps-f03199f3e7189f9b,2,s6setup-01498b9e96072f6812f1,2025-03-21,CANCELLED,BOTH,MULTI,"[""ORIGINAL"", ""BOX""]",ORIGINAL
[],[],BROOKS_FAILED,688266,2025-06-27,CANCEL_OPEN_ABOVE_BUY_ZONE,False,s6order-6ec9c24eec94ef44bb47,s6ps-f03199f3e7189f9b,1,s6setup-2c0916c727d49ac27651,2025-06-24,CANCELLED,BOX,BOX,"[""BOX""]",BOX
[],"[""MICRO_DOUBLE_BOTTOM"", ""FAILED_BEAR_BREAKOUT""]",FAILED_BEAR_BREAKOUT,688267,2025-07-15,CANCEL_OPEN_ABOVE_BUY_ZONE,True,s6order-e89ba24c042d5f8dac81,s6ps-f03199f3e7189f9b,2,s6setup-6cd374be7a0320858639,2025-07-10,CANCELLED,BOTH,MULTI,"[""ORIGINAL"", ""BOX""]",ORIGINAL
[],"[""BEAR_FOLLOW_THROUGH_FAILED""]",BROOKS_FAILED,688267,2025-07-18,CANCEL_OPEN_ABOVE_BUY_ZONE,False,s6order-0d6f4d3e7c539b1574e3,s6ps-f03199f3e7189f9b,1,s6setup-875f4b92169e442ea23e,2025-07-15,CANCELLED,BOX,BOX,"[""BOX""]",BOX
[],[],COMPACT_BEARISH_REJECT,688272,2025-03-13,FILLED_FROZEN_PLAN,False,s6order-4878d006037934cab179,s6ps-f03199f3e7189f9b,1,s6setup-fb7127c3a9b03473442b,2025-03-10,FILLED,ORIGINAL,ORIGINAL,"[""ORIGINAL""]",ORIGINAL
[],[],BROOKS_CONTEXT_REJECT,688278,2024-03-28,CANCEL_OPEN_ABOVE_BUY_ZONE,False,s6order-49f4b566c12ff47e4764,s6ps-f03199f3e7189f9b,1,s6setup-f06222f7a04b3347b3a9,2024-03-25,CANCELLED,BOX,BOX,"[""BOX""]",BOX
[],[],COMPACT_BEARISH_REJECT,688278,2025-08-18,FILLED_FROZEN_PLAN,False,s6order-03e1f78fa24d2bccd8d3,s6ps-f03199f3e7189f9b,1,s6setup-a8fa994084285c828d33,2025-08-13,FILLED,BOX,BOX,"[""BOX""]",BOX
[],"[""FAILED_BEAR_BREAKOUT""]",BROOKS_CONTEXT_REJECT,688278,2025-08-20,CANCEL_OPEN_ABOVE_BUY_ZONE,True,s6order-aa2101b4d21f73e6d48c,s6ps-f03199f3e7189f9b,2,s6setup-02bdc87ef3d89554e3b1,2025-08-15,CANCELLED,BOTH,MULTI,"[""ORIGINAL"", ""BOX""]",ORIGINAL
[],"[""MICRO_DOUBLE_BOTTOM"", ""FAILED_BEAR_BREAKOUT""]",FAILED_BEAR_BREAKOUT,688288,2025-02-18,CANCEL_OPEN_ABOVE_BUY_ZONE,True,s6order-5df9550878e6ee51a999,s6ps-f03199f3e7189f9b,2,s6setup-218c603583976a102055,2025-02-13,CANCELLED,BOTH,MULTI,"[""ORIGINAL"", ""BOX""]",ORIGINAL
[],"[""MICRO_DOUBLE_BOTTOM"", ""SECOND_ENTRY_LONG_READY"", ""FAILED_BEAR_BREAKOUT"", ""ORDERLY_COMPRESSION_AT_SUPPORT""]",BROOKS_FAILED_BREAKOUT_READY,688297,2025-06-04,FILLED_FROZEN_PLAN,True,s6order-bb0557c8d545f49ebc98,s6ps-f03199f3e7189f9b,3,s6setup-e5b01dcbb14d34ef0d8f,2025-05-29,FILLED,BOTH,MULTI,"[""ORIGINAL"", ""BOX"", ""BROOKS""]",ORIGINAL
[],"[""FAILED_BEAR_BREAKOUT""]",BROOKS_CONTEXT_REJECT,688297,2025-07-15,CANCEL_OPEN_ABOVE_BUY_ZONE,False,s6order-659616c778c4b64aea78,s6ps-f03199f3e7189f9b,1,s6setup-5cee559a66fa7937a45f,2025-07-10,CANCELLED,BOX,BOX,"[""BOX""]",BOX
[],"[""BEAR_FOLLOW_THROUGH_FAILED""]",BROOKS_CONTEXT_REJECT,688299,2024-12-06,FILLED_FROZEN_PLAN,False,s6order-4a54825a2362dcb1e540,s6ps-f03199f3e7189f9b,1,s6setup-43afa70145b72df89eb9,2024-12-03,FILLED,BOX,BOX,"[""BOX""]",BOX
[],"[""FAILED_BEAR_BREAKOUT""]",FAILED_BEAR_BREAKOUT,688300,2025-01-22,CANCEL_OPEN_ABOVE_BUY_ZONE,True,s6order-55dd0d7b411ab83c2408,s6ps-f03199f3e7189f9b,2,s6setup-cf361e9a86cd625db123,2025-01-17,CANCELLED,BOTH,MULTI,"[""ORIGINAL"", ""BOX""]",ORIGINAL
[],"[""FAILED_BEAR_BREAKOUT""]",FAILED_BEAR_BREAKOUT,688307,2025-08-06,CANCEL_OPEN_ABOVE_BUY_ZONE,False,s6order-5b3cbf0c9bc9287ca8f3,s6ps-f03199f3e7189f9b,1,s6setup-810023653f14ef16bf66,2025-08-01,CANCELLED,BOX,BOX,"[""BOX""]",BOX
[],"[""MICRO_DOUBLE_BOTTOM"", ""FAILED_BEAR_BREAKOUT""]",FAILED_BEAR_BREAKOUT,688307,2025-08-07,CANCEL_OPEN_ABOVE_BUY_ZONE,True,s6order-64d8c72bd4866ff4bf09,s6ps-f03199f3e7189f9b,3,s6setup-4dd4473fe082601640c3,2025-08-04,CANCELLED,BOTH,MULTI,"[""ORIGINAL"", ""BOX"", ""BROOKS""]",ORIGINAL
[],[],BROOKS_FAILED,688313,2025-05-26,CANCEL_OPEN_ABOVE_BUY_ZONE,False,s6order-9c2efb2b93c6ebe19716,s6ps-f03199f3e7189f9b,1,s6setup-14605b552daa7ebd2184,2025-05-21,CANCELLED,BOX,BOX,"[""BOX""]",BOX
[],"[""BEAR_FOLLOW_THROUGH_FAILED""]",BROOKS_FAILED,688313,2025-12-30,FILLED_FROZEN_PLAN,False,s6order-74f9d38bda4d2263ddd9,s6ps-f03199f3e7189f9b,1,s6setup-b3e21472ed237276500b,2025-12-25,FILLED,BOX,BOX,"[""BOX""]",BOX
[],"[""FAILED_BEAR_BREAKOUT""]",FAILED_BEAR_BREAKOUT,688321,2025-08-11,FILLED_FROZEN_PLAN,False,s6order-b14ff99438bc74a585bf,s6ps-f03199f3e7189f9b,1,s6setup-5377fd2a99f58cc9c3ef,2025-08-06,FILLED,BOX,BOX,"[""BOX""]",BOX
[],[],COMPACT_BEARISH_REJECT,688331,2025-09-23,CANCEL_OPEN_ABOVE_BUY_ZONE,False,s6order-930323b3d256f74327d9,s6ps-f03199f3e7189f9b,1,s6setup-e9466fad676b2c9b8c72,2025-09-18,CANCELLED,BOX,BOX,"[""BOX""]",BOX
[],[],COMPACT_BEARISH_REJECT,688331,2025-09-24,CANCEL_OPEN_ABOVE_BUY_ZONE,False,s6order-e05dd69db276706dc35d,s6ps-f03199f3e7189f9b,1,s6setup-e053c4492bbcb3016b5a,2025-09-19,CANCELLED,BOX,BOX,"[""BOX""]",BOX
[],[],BROOKS_CONTEXT_REJECT,688331,2025-09-26,CANCEL_OPEN_ABOVE_BUY_ZONE,False,s6order-77d64b836c66452aa4e7,s6ps-f03199f3e7189f9b,1,s6setup-767c1a94d9d24c05438b,2025-09-23,CANCELLED,BOX,BOX,"[""BOX""]",BOX
[],"[""FAILED_BEAR_BREAKOUT""]",BROOKS_CONTEXT_REJECT,688331,2025-09-29,CANCEL_OPEN_ABOVE_BUY_ZONE,False,s6order-05c904da3a2e14ed8452,s6ps-f03199f3e7189f9b,1,s6setup-8c876f4b12b2d5d5fd20,2025-09-24,CANCELLED,BOX,BOX,"[""BOX""]",BOX
[],"[""MICRO_DOUBLE_BOTTOM"", ""FAILED_BEAR_BREAKOUT""]",BROOKS_CONTEXT_REJECT,688331,2025-09-30,CANCEL_OPEN_ABOVE_BUY_ZONE,False,s6order-4e6cee33a3c486cf9ee3,s6ps-f03199f3e7189f9b,1,s6setup-a010857fd580d388330c,2025-09-25,CANCELLED,BOX,BOX,"[""BOX""]",BOX
[],[],BROOKS_CONTEXT_REJECT,688360,2025-08-08,CANCEL_OPEN_ABOVE_BUY_ZONE,False,s6order-5c8249c02176eca2ca34,s6ps-f03199f3e7189f9b,1,s6setup-a7c795d7a40c684cc76a,2025-08-05,CANCELLED,BOX,BOX,"[""BOX""]",BOX
[],"[""FAILED_BEAR_BREAKOUT""]",FAILED_BEAR_BREAKOUT,688361,2025-10-31,CANCEL_OPEN_ABOVE_BUY_ZONE,True,s6order-99389cda9b0c4fceacc5,s6ps-f03199f3e7189f9b,2,s6setup-5ac0c6968f6c8479695f,2025-10-28,CANCELLED,BOTH,MULTI,"[""ORIGINAL"", ""BOX""]",ORIGINAL
[],[],BROOKS_CONTEXT_REJECT,688370,2025-09-09,FILLED_FROZEN_PLAN,False,s6order-0e3f1526571e2c3f4d33,s6ps-f03199f3e7189f9b,1,s6setup-217f312a9e7738e5738e,2025-09-04,FILLED,BOX,BOX,"[""BOX""]",BOX
[],"[""FAILED_BEAR_BREAKOUT""]",FAILED_BEAR_BREAKOUT,688371,2025-09-18,CANCEL_OPEN_ABOVE_BUY_ZONE,True,s6order-45ff63ec111864bbb1c0,s6ps-f03199f3e7189f9b,2,s6setup-78606e8efa5d728c4c39,2025-09-15,CANCELLED,BOTH,MULTI,"[""ORIGINAL"", ""BOX""]",ORIGINAL
[],[],BROOKS_CONTEXT_REJECT,688372,2025-09-16,FILLED_FROZEN_PLAN,False,s6order-f943d6415259fa14f10b,s6ps-f03199f3e7189f9b,1,s6setup-222f95ff4fd43da40b08,2025-09-11,FILLED,BOX,BOX,"[""BOX""]",BOX
[],"[""FAILED_BEAR_BREAKOUT""]",FAILED_BEAR_BREAKOUT,688377,2025-10-31,CANCEL_OPEN_ABOVE_BUY_ZONE,False,s6order-fc729f7cd179a5af2ed6,s6ps-f03199f3e7189f9b,1,s6setup-ced7925d6efb35e890a4,2025-10-28,CANCELLED,BOX,BOX,"[""BOX""]",BOX
[],"[""FAILED_BEAR_BREAKOUT""]",FAILED_BEAR_BREAKOUT,688377,2025-11-04,CANCEL_OPEN_ABOVE_BUY_ZONE,False,s6order-533467d90b9af38e1167,s6ps-f03199f3e7189f9b,1,s6setup-8afc0648c4d2f961429c,2025-10-30,CANCELLED,BOX,BOX,"[""BOX""]",BOX
[],[],BROOKS_FAILED,688379,2025-06-20,CANCEL_OPEN_ABOVE_BUY_ZONE,False,s6order-4a7a1eb2ac30e3c5be1d,s6ps-f03199f3e7189f9b,1,s6setup-1523b1c327b833a3721c,2025-06-17,CANCELLED,BOX,BOX,"[""BOX""]",BOX
[],"[""FAILED_BEAR_BREAKOUT""]",FAILED_BEAR_BREAKOUT,688382,2025-07-31,CANCEL_OPEN_ABOVE_BUY_ZONE,False,s6order-5089629e92dcfb92a756,s6ps-f03199f3e7189f9b,1,s6setup-60835cee0f3698187eeb,2025-07-28,CANCELLED,BOX,BOX,"[""BOX""]",BOX
[],"[""BEAR_FOLLOW_THROUGH_FAILED""]",BROOKS_FAILED,688388,2025-09-29,CANCEL_OPEN_ABOVE_BUY_ZONE,False,s6order-b4ea20dae616db3caf5e,s6ps-f03199f3e7189f9b,1,s6setup-374aba872fa4f996a037,2025-09-24,CANCELLED,BOX,BOX,"[""BOX""]",BOX
[],"[""BEAR_FOLLOW_THROUGH_FAILED""]",BROOKS_FAILED,688388,2025-09-30,CANCEL_OPEN_ABOVE_BUY_ZONE,False,s6order-882b349d81b232b56fcd,s6ps-f03199f3e7189f9b,1,s6setup-711c59be807f5bfa2e8a,2025-09-25,CANCELLED,BOX,BOX,"[""BOX""]",BOX
[],"[""BEAR_FOLLOW_THROUGH_FAILED""]",BROOKS_FAILED,688388,2025-10-09,CANCEL_OPEN_ABOVE_BUY_ZONE,True,s6order-80a3de3f7f3e32dfadea,s6ps-f03199f3e7189f9b,2,s6setup-34da95e8348a8043649f,2025-09-26,CANCELLED,BOTH,MULTI,"[""ORIGINAL"", ""BOX""]",ORIGINAL
[],"[""FAILED_BEAR_BREAKOUT"", ""BEAR_FOLLOW_THROUGH_FAILED""]",FAILED_BEAR_BREAKOUT,688388,2025-10-27,CANCEL_OPEN_ABOVE_BUY_ZONE,True,s6order-e1f3bcafa188db2900bb,s6ps-f03199f3e7189f9b,2,s6setup-87f0014e99781db37a79,2025-10-22,CANCELLED,BOTH,MULTI,"[""ORIGINAL"", ""BOX""]",ORIGINAL
[],"[""MICRO_DOUBLE_BOTTOM"", ""FAILED_BEAR_BREAKOUT""]",BROOKS_CONTEXT_REJECT,688398,2025-07-22,CANCEL_OPEN_ABOVE_BUY_ZONE,True,s6order-c590f21254bdb6a3bb9d,s6ps-f03199f3e7189f9b,2,s6setup-a2064b7c632da1883039,2025-07-17,CANCELLED,BOTH,MULTI,"[""ORIGINAL"", ""BOX""]",ORIGINAL
[],"[""FAILED_BEAR_BREAKOUT""]",BROOKS_FAILED_BREAKOUT_READY,688398,2025-07-23,CANCEL_OPEN_ABOVE_BUY_ZONE,True,s6order-ca440683291d031e553c,s6ps-f03199f3e7189f9b,3,s6setup-12dfd70fe13ef9e04d00,2025-07-18,CANCELLED,BOTH,MULTI,"[""ORIGINAL"", ""BOX"", ""BROOKS""]",ORIGINAL
[],"[""BEAR_FOLLOW_THROUGH_FAILED""]",BROOKS_CONTEXT_REJECT,688400,2025-03-12,CANCEL_OPEN_ABOVE_BUY_ZONE,False,s6order-5a097e1702fe7842e37d,s6ps-f03199f3e7189f9b,1,s6setup-a10c49ad4f4a9fbf2286,2025-03-07,CANCELLED,BOX,BOX,"[""BOX""]",BOX
[],"[""FAILED_BEAR_BREAKOUT"", ""BEAR_FOLLOW_THROUGH_FAILED""]",BROOKS_CONTEXT_REJECT,688400,2025-03-14,CANCEL_OPEN_ABOVE_BUY_ZONE,False,s6order-cc3587b1702068def4d7,s6ps-f03199f3e7189f9b,1,s6setup-e30b6543c9a4f715fb66,2025-03-11,CANCELLED,BOX,BOX,"[""BOX""]",BOX
[],[],BROOKS_FAILED,688403,2025-08-29,CANCEL_OPEN_ABOVE_BUY_ZONE,False,s6order-941f6757cf8199908149,s6ps-f03199f3e7189f9b,1,s6setup-228e8589ec4fb8ab919f,2025-08-26,CANCELLED,BOX,BOX,"[""BOX""]",BOX
[],[],BROOKS_FAILED,688409,2025-10-30,CANCEL_OPEN_ABOVE_BUY_ZONE,False,s6order-0124dfa14b069fdcb9ca,s6ps-f03199f3e7189f9b,1,s6setup-2fea69aad44dbce802b3,2025-10-27,CANCELLED,BOX,BOX,"[""BOX""]",BOX
[],[],BROOKS_FAILED,688409,2025-10-31,FILLED_FROZEN_PLAN,False,s6order-d6f702c7e7b837943718,s6ps-f03199f3e7189f9b,1,s6setup-45795528ad6336fc4943,2025-10-28,FILLED,BOX,BOX,"[""BOX""]",BOX
[],"[""FAILED_BEAR_BREAKOUT""]",FAILED_BEAR_BREAKOUT,688418,2024-11-28,CANCEL_OPEN_ABOVE_BUY_ZONE,True,s6order-5a3a68903d2ba833d5cc,s6ps-f03199f3e7189f9b,2,s6setup-c900465decb008272a75,2024-11-25,CANCELLED,BOTH,MULTI,"[""ORIGINAL"", ""BOX""]",ORIGINAL
[],"[""MICRO_DOUBLE_BOTTOM"", ""FAILED_BEAR_BREAKOUT""]",FAILED_BEAR_BREAKOUT,688418,2024-11-29,CANCEL_OPEN_ABOVE_BUY_ZONE,True,s6order-9c2f36e176a3463f3676,s6ps-f03199f3e7189f9b,2,s6setup-76ad98e4224f639a066d,2024-11-26,CANCELLED,BOTH,MULTI,"[""ORIGINAL"", ""BOX""]",ORIGINAL
[],"[""MICRO_DOUBLE_BOTTOM"", ""SECOND_ENTRY_LONG_READY"", ""FAILED_BEAR_BREAKOUT"", ""ORDERLY_COMPRESSION_AT_SUPPORT""]",SECOND_ENTRY_LONG_READY,688428,2025-03-20,FILLED_FROZEN_PLAN,True,s6order-34c73ae10bd59bb4609c,s6ps-f03199f3e7189f9b,2,s6setup-ec7b7291a38d04bcf218,2025-03-17,FILLED,BOX,MULTI,"[""BOX"", ""BROOKS""]",BROOKS
[],"[""MICRO_DOUBLE_BOTTOM"", ""SECOND_ENTRY_LONG_READY"", ""FAILED_BEAR_BREAKOUT"", ""ORDERLY_COMPRESSION_AT_SUPPORT""]",BROOKS_SUPPORT_READY,688428,2025-03-21,FILLED_FROZEN_PLAN,True,s6order-9fce58ea7303362506f2,s6ps-f03199f3e7189f9b,2,s6setup-7fc4a65be0b689d9920c,2025-03-18,FILLED,BOX,MULTI,"[""BOX"", ""BROOKS""]",BROOKS
[],"[""MICRO_DOUBLE_BOTTOM"", ""SECOND_ENTRY_LONG_READY"", ""FAILED_BEAR_BREAKOUT""]",BROOKS_SUPPORT_READY,688428,2025-03-24,CANCEL_OPEN_ABOVE_BUY_ZONE,True,s6order-3d49acc337cfe8ce7429,s6ps-f03199f3e7189f9b,2,s6setup-fb0c092ba8b95d201733,2025-03-19,CANCELLED,BOX,MULTI,"[""BOX"", ""BROOKS""]",BROOKS
[],"[""MICRO_DOUBLE_BOTTOM"", ""SECOND_ENTRY_LONG_READY"", ""FAILED_BEAR_BREAKOUT"", ""ORDERLY_COMPRESSION_AT_SUPPORT""]",BROOKS_SUPPORT_READY,688428,2025-03-25,CANCEL_OPEN_ABOVE_BUY_ZONE,True,s6order-fbda23a04fe107be163e,s6ps-f03199f3e7189f9b,2,s6setup-76060df902c86edffba2,2025-03-20,CANCELLED,BOX,MULTI,"[""BOX"", ""BROOKS""]",BROOKS
[],[],BROOKS_FAILED,688428,2025-08-04,CANCEL_OPEN_ABOVE_BUY_ZONE,False,s6order-55518cf35732cfbaf05e,s6ps-f03199f3e7189f9b,1,s6setup-d952d452209891ee0557,2025-07-30,CANCELLED,BOX,BOX,"[""BOX""]",BOX
[],"[""MICRO_DOUBLE_BOTTOM"", ""SECOND_ENTRY_LONG_READY"", ""BEAR_FOLLOW_THROUGH_FAILED""]",SECOND_ENTRY_LONG_READY,688466,2025-03-10,CANCEL_OPEN_ABOVE_BUY_ZONE,False,s6order-52ad1772d36fa7089779,s6ps-f03199f3e7189f9b,1,s6setup-62f194e30b1b2d2fada4,2025-03-05,CANCELLED,BOX,BOX,"[""BOX""]",BOX
[],"[""ORDERLY_COMPRESSION_AT_SUPPORT""]",ORDERLY_COMPRESSION_AT_SUPPORT,688466,2025-03-12,CANCEL_OPEN_ABOVE_BUY_ZONE,True,s6order-8260d9bff4026bfa7ba8,s6ps-f03199f3e7189f9b,2,s6setup-6265561dc48fb2874b9e,2025-03-07,CANCELLED,BOTH,MULTI,"[""ORIGINAL"", ""BOX""]",ORIGINAL
[],"[""FAILED_BEAR_BREAKOUT"", ""ORDERLY_COMPRESSION_AT_SUPPORT""]",BROOKS_FAILED_BREAKOUT_READY,688466,2025-03-14,FILLED_FROZEN_PLAN,True,s6order-cc50510577ea04bd2a75,s6ps-f03199f3e7189f9b,3,s6setup-74bacd272ba85bd07fb0,2025-03-11,FILLED,BOTH,MULTI,"[""ORIGINAL"", ""BOX"", ""BROOKS""]",ORIGINAL
[],"[""FAILED_BEAR_BREAKOUT""]",FAILED_BEAR_BREAKOUT,688466,2025-03-18,CANCEL_OPEN_ABOVE_BUY_ZONE,True,s6order-282927ec77323d463fae,s6ps-f03199f3e7189f9b,2,s6setup-729dc03dd333692f47b0,2025-03-13,CANCELLED,BOX,MULTI,"[""BOX"", ""BROOKS""]",BROOKS
[],[],BROOKS_FAILED,688466,2025-03-19,CANCEL_OPEN_ABOVE_BUY_ZONE,True,s6order-1f75bb13605129a787e4,s6ps-f03199f3e7189f9b,2,s6setup-9cbc88c67d20123c55a0,2025-03-14,CANCELLED,BOTH,MULTI,"[""ORIGINAL"", ""BOX""]",ORIGINAL
[],"[""BEAR_FOLLOW_THROUGH_FAILED""]",COMPACT_BEARISH_REJECT,688466,2025-08-25,CANCEL_OPEN_ABOVE_BUY_ZONE,False,s6order-e4116494898dda390559,s6ps-f03199f3e7189f9b,1,s6setup-bd351bf55507977990c2,2025-08-20,CANCELLED,BOX,BOX,"[""BOX""]",BOX
[],"[""BEAR_FOLLOW_THROUGH_FAILED""]",BROOKS_FAILED,688468,2025-03-11,CANCEL_OPEN_ABOVE_BUY_ZONE,False,s6order-5e831824ff05fabbffb3,s6ps-f03199f3e7189f9b,1,s6setup-5d40eefc6fbb0f7a552a,2025-03-06,CANCELLED,BOX,BOX,"[""BOX""]",BOX
[],"[""FAILED_BEAR_BREAKOUT"", ""BEAR_FOLLOW_THROUGH_FAILED"", ""ORDERLY_COMPRESSION_AT_SUPPORT""]",FAILED_BEAR_BREAKOUT,688468,2025-03-12,CANCEL_OPEN_ABOVE_BUY_ZONE,True,s6order-72c73ced9eab63a90928,s6ps-f03199f3e7189f9b,2,s6setup-abdc2d85fb6ae0c66461,2025-03-07,CANCELLED,BOTH,MULTI,"[""ORIGINAL"", ""BOX""]",ORIGINAL
[],[],BROOKS_FAILED,688469,2025-10-24,FILLED_FROZEN_PLAN,False,s6order-3f31ed1be0590c92fac9,s6ps-f03199f3e7189f9b,1,s6setup-4f26f5b925788d16026b,2025-10-21,FILLED,BOX,BOX,"[""BOX""]",BOX
[],"[""MICRO_DOUBLE_BOTTOM"", ""FAILED_BEAR_BREAKOUT""]",BROOKS_FAILED_BREAKOUT_READY,688469,2025-10-29,CANCEL_OPEN_ABOVE_BUY_ZONE,True,s6order-4469aad7dde96e19f105,s6ps-f03199f3e7189f9b,2,s6setup-e22e593f68a130238a02,2025-10-24,CANCELLED,BOX,MULTI,"[""BOX"", ""BROOKS""]",BROOKS
[],[],BROOKS_FAILED,688469,2025-10-30,CANCEL_OPEN_ABOVE_BUY_ZONE,False,s6order-30762edc2313a3b1d7d9,s6ps-f03199f3e7189f9b,1,s6setup-0ebcda22e5fa9f307ed4,2025-10-27,CANCELLED,BOX,BOX,"[""BOX""]",BOX
[],"[""MICRO_DOUBLE_BOTTOM"", ""FAILED_BEAR_BREAKOUT""]",FAILED_BEAR_BREAKOUT,688480,2025-09-18,CANCEL_OPEN_ABOVE_BUY_ZONE,True,s6order-a15f79ab440c0d6e7728,s6ps-f03199f3e7189f9b,2,s6setup-85cd93587da6d8b0a5fd,2025-09-15,CANCELLED,BOTH,MULTI,"[""ORIGINAL"", ""BOX""]",ORIGINAL
[],"[""MICRO_DOUBLE_BOTTOM"", ""FAILED_BEAR_BREAKOUT""]",FAILED_BEAR_BREAKOUT,688480,2025-11-04,FILLED_FROZEN_PLAN,True,s6order-7dedce2ddbd92fecdf30,s6ps-f03199f3e7189f9b,2,s6setup-1ee9a9afea96750fe1f1,2025-10-30,FILLED,BOTH,MULTI,"[""ORIGINAL"", ""BOX""]",ORIGINAL
[],"[""BEAR_FOLLOW_THROUGH_FAILED""]",BROOKS_FAILED,688498,2025-07-16,CANCEL_OPEN_ABOVE_BUY_ZONE,False,s6order-814c8f59829b416995c3,s6ps-f03199f3e7189f9b,1,s6setup-7dac45509423022383a9,2025-07-11,CANCELLED,BOX,BOX,"[""BOX""]",BOX
[],"[""MICRO_DOUBLE_BOTTOM"", ""FAILED_BEAR_BREAKOUT"", ""BEAR_FOLLOW_THROUGH_FAILED""]",FAILED_BEAR_BREAKOUT,688498,2025-07-17,CANCEL_OPEN_ABOVE_BUY_ZONE,True,s6order-d5bf7c3498c6a4f8bd19,s6ps-f03199f3e7189f9b,2,s6setup-e7988503288262c6e9da,2025-07-14,CANCELLED,BOTH,MULTI,"[""ORIGINAL"", ""BOX""]",ORIGINAL
[],"[""MICRO_DOUBLE_BOTTOM"", ""FAILED_BEAR_BREAKOUT""]",FAILED_BEAR_BREAKOUT,688498,2025-07-18,CANCEL_OPEN_ABOVE_BUY_ZONE,False,s6order-e20f7a61c7555f99e92a,s6ps-f03199f3e7189f9b,1,s6setup-335aa82abdabfb8430e2,2025-07-15,CANCELLED,BOX,BOX,"[""BOX""]",BOX
[],"[""MICRO_DOUBLE_BOTTOM"", ""FAILED_BEAR_BREAKOUT"", ""ORDERLY_COMPRESSION_AT_SUPPORT""]",BROOKS_FAILED_BREAKOUT_READY,688499,2025-07-16,FILLED_FROZEN_PLAN,True,s6order-4bc784065f3a8e213954,s6ps-f03199f3e7189f9b,3,s6setup-74f372bf66beabfdd5b9,2025-07-11,FILLED,BOTH,MULTI,"[""ORIGINAL"", ""BOX"", ""BROOKS""]",ORIGINAL
[],"[""MICRO_DOUBLE_BOTTOM"", ""FAILED_BEAR_BREAKOUT"", ""ORDERLY_COMPRESSION_AT_SUPPORT""]",BROOKS_FAILED_BREAKOUT_READY,688499,2025-07-17,CANCEL_OPEN_ABOVE_BUY_ZONE,True,s6order-462bc10f9225c3ad2626,s6ps-f03199f3e7189f9b,2,s6setup-7df94c56685a2b5bee69,2025-07-14,CANCELLED,BOX,MULTI,"[""BOX"", ""BROOKS""]",BROOKS
[],"[""MICRO_DOUBLE_BOTTOM"", ""FAILED_BEAR_BREAKOUT""]",BROOKS_FAILED_BREAKOUT_READY,688499,2025-07-18,CANCEL_OPEN_ABOVE_BUY_ZONE,True,s6order-265888b151b75df34ec1,s6ps-f03199f3e7189f9b,3,s6setup-9425b6f1af2efec011d4,2025-07-15,CANCELLED,BOTH,MULTI,"[""ORIGINAL"", ""BOX"", ""BROOKS""]",ORIGINAL
[],"[""FAILED_BEAR_BREAKOUT""]",FAILED_BEAR_BREAKOUT,688501,2025-05-16,CANCEL_OPEN_ABOVE_BUY_ZONE,False,s6order-8df10f92113a8a54424d,s6ps-f03199f3e7189f9b,1,s6setup-dfe520807e0db502e5f0,2025-05-13,CANCELLED,BOX,BOX,"[""BOX""]",BOX
[],"[""FAILED_BEAR_BREAKOUT""]",FAILED_BEAR_BREAKOUT,688501,2025-05-21,CANCEL_OPEN_ABOVE_BUY_ZONE,True,s6order-fbc44c9060758685c118,s6ps-f03199f3e7189f9b,3,s6setup-0f91ffcd59c0cb319b88,2025-05-16,CANCELLED,BOTH,MULTI,"[""ORIGINAL"", ""BOX"", ""BROOKS""]",ORIGINAL
[],"[""FAILED_BEAR_BREAKOUT""]",FAILED_BEAR_BREAKOUT,688501,2025-05-22,CANCEL_OPEN_ABOVE_BUY_ZONE,True,s6order-49c3430ff8674669d603,s6ps-f03199f3e7189f9b,3,s6setup-aa7d8acf4755c3e308ec,2025-05-19,CANCELLED,BOTH,MULTI,"[""ORIGINAL"", ""BOX"", ""BROOKS""]",ORIGINAL
[],"[""FAILED_BEAR_BREAKOUT""]",FAILED_BEAR_BREAKOUT,688501,2025-05-23,CANCEL_OPEN_ABOVE_BUY_ZONE,True,s6order-601fc023be9ce6ac40ad,s6ps-f03199f3e7189f9b,2,s6setup-66bdac291b9f5e54849d,2025-05-20,CANCELLED,ORIGINAL,MULTI,"[""ORIGINAL"", ""BROOKS""]",ORIGINAL
[],"[""FAILED_BEAR_BREAKOUT""]",FAILED_BEAR_BREAKOUT,688501,2025-05-26,CANCEL_OPEN_ABOVE_BUY_ZONE,True,s6order-0033c2a7c406503821e8,s6ps-f03199f3e7189f9b,3,s6setup-1a854159058baa7ac0fc,2025-05-21,CANCELLED,BOTH,MULTI,"[""ORIGINAL"", ""BOX"", ""BROOKS""]",ORIGINAL
[],"[""FAILED_BEAR_BREAKOUT""]",FAILED_BEAR_BREAKOUT,688501,2025-05-27,CANCEL_OPEN_ABOVE_BUY_ZONE,True,s6order-6b4169bb71adc303756a,s6ps-f03199f3e7189f9b,3,s6setup-51231e8f904ec57ab00c,2025-05-22,CANCELLED,BOTH,MULTI,"[""ORIGINAL"", ""BOX"", ""BROOKS""]",ORIGINAL
[],"[""MICRO_DOUBLE_BOTTOM"", ""SECOND_ENTRY_LONG_READY"", ""FAILED_BEAR_BREAKOUT""]",BROOKS_CONTEXT_REJECT,688507,2025-08-26,FILLED_FROZEN_PLAN,True,s6order-540d09bbb4d261411f52,s6ps-f03199f3e7189f9b,2,s6setup-987937c145bed8deb782,2025-08-21,FILLED,BOTH,MULTI,"[""ORIGINAL"", ""BOX""]",ORIGINAL
[],"[""FAILED_BEAR_BREAKOUT"", ""BEAR_FOLLOW_THROUGH_FAILED""]",FAILED_BEAR_BREAKOUT,688521,2025-04-07,FILLED_FROZEN_PLAN,False,s6order-44d4d82baae77aa8ecb3,s6ps-f03199f3e7189f9b,1,s6setup-919c1bd1592da18d9049,2025-04-01,FILLED,BOX,BOX,"[""BOX""]",BOX
[],"[""BEAR_FOLLOW_THROUGH_FAILED""]",BROOKS_FAILED,688525,2025-10-28,CANCEL_OPEN_ABOVE_BUY_ZONE,True,s6order-ccca0bb6ea6499bdc5f7,s6ps-f03199f3e7189f9b,2,s6setup-2ea1587f9593e4876763,2025-10-23,CANCELLED,BOTH,MULTI,"[""ORIGINAL"", ""BOX""]",ORIGINAL
[],"[""BEAR_FOLLOW_THROUGH_FAILED""]",BROOKS_CONTEXT_REJECT,688531,2025-10-24,CANCEL_OPEN_ABOVE_BUY_ZONE,False,s6order-19ddd8611fd750f37784,s6ps-f03199f3e7189f9b,1,s6setup-85c520ba0ce20277c4eb,2025-10-21,CANCELLED,BOX,BOX,"[""BOX""]",BOX
[],"[""BEAR_FOLLOW_THROUGH_FAILED""]",BROOKS_CONTEXT_REJECT,688531,2025-10-27,CANCEL_OPEN_ABOVE_BUY_ZONE,False,s6order-630ef81db66fe3b56332,s6ps-f03199f3e7189f9b,1,s6setup-c97604de9a5761e502f9,2025-10-22,CANCELLED,BOX,BOX,"[""BOX""]",BOX
[],"[""MICRO_DOUBLE_BOTTOM"", ""FAILED_BEAR_BREAKOUT""]",BROOKS_CONTEXT_REJECT,688550,2025-06-18,CANCEL_OPEN_ABOVE_BUY_ZONE,False,s6order-1f27b7eecbb773b0d147,s6ps-f03199f3e7189f9b,1,s6setup-5add3dc797a3d7edb0a4,2025-06-13,CANCELLED,BOX,BOX,"[""BOX""]",BOX
[],"[""MICRO_DOUBLE_BOTTOM""]",MICRO_DOUBLE_BOTTOM,688551,2025-08-28,CANCEL_OPEN_ABOVE_BUY_ZONE,True,s6order-508eed5eacecb8c62df9,s6ps-f03199f3e7189f9b,2,s6setup-bddb947dce9126d52aeb,2025-08-25,CANCELLED,BOX,MULTI,"[""BOX"", ""BROOKS""]",BROOKS
[],"[""FAILED_BEAR_BREAKOUT""]",FAILED_BEAR_BREAKOUT,688571,2025-02-11,CANCEL_OPEN_ABOVE_BUY_ZONE,False,s6order-5d4bee0ba6072316e7a5,s6ps-f03199f3e7189f9b,1,s6setup-124316f9ae6e7421f426,2025-02-06,CANCELLED,ORIGINAL,ORIGINAL,"[""ORIGINAL""]",ORIGINAL
[],"[""MICRO_DOUBLE_BOTTOM"", ""FAILED_BEAR_BREAKOUT""]",FAILED_BEAR_BREAKOUT,688580,2025-04-28,FILLED_FROZEN_PLAN,False,s6order-8c5dbdb79e9c6c2e4618,s6ps-f03199f3e7189f9b,1,s6setup-641baa10d8724eb28812,2025-04-23,FILLED,BOX,BOX,"[""BOX""]",BOX
[],"[""MICRO_DOUBLE_BOTTOM"", ""FAILED_BEAR_BREAKOUT"", ""BEAR_FOLLOW_THROUGH_FAILED""]",FAILED_BEAR_BREAKOUT,688580,2025-08-28,CANCEL_OPEN_ABOVE_BUY_ZONE,False,s6order-842924b5dfae73a05ece,s6ps-f03199f3e7189f9b,1,s6setup-226dc50c5699e0586f0a,2025-08-25,CANCELLED,BOX,BOX,"[""BOX""]",BOX
[],"[""MICRO_DOUBLE_BOTTOM"", ""FAILED_BEAR_BREAKOUT"", ""BEAR_FOLLOW_THROUGH_FAILED"", ""ORDERLY_COMPRESSION_AT_SUPPORT""]",FAILED_BEAR_BREAKOUT,688580,2025-08-29,CANCEL_OPEN_ABOVE_BUY_ZONE,True,s6order-2a9e6fea631ff0f7e4bc,s6ps-f03199f3e7189f9b,2,s6setup-b85e5d261c56c40edb68,2025-08-26,CANCELLED,BOX,MULTI,"[""BOX"", ""BROOKS""]",BOX
[],[],BROOKS_CONTEXT_REJECT,688585,2025-11-11,CANCEL_OPEN_ABOVE_BUY_ZONE,False,s6order-12cb1bc8d6930f078e78,s6ps-f03199f3e7189f9b,1,s6setup-9a9bc7c3d2a7db553a40,2025-11-06,CANCELLED,BOX,BOX,"[""BOX""]",BOX
[],"[""MICRO_DOUBLE_BOTTOM"", ""FAILED_BEAR_BREAKOUT""]",FAILED_BEAR_BREAKOUT,688585,2025-11-28,CANCEL_OPEN_ABOVE_BUY_ZONE,True,s6order-b6f9c5c11856c408a6f6,s6ps-f03199f3e7189f9b,2,s6setup-d64d85a6021fcaaaa11a,2025-11-25,CANCELLED,BOTH,MULTI,"[""ORIGINAL"", ""BOX""]",ORIGINAL
[],[],COMPACT_BEARISH_REJECT,688588,2025-09-16,CANCEL_OPEN_ABOVE_BUY_ZONE,False,s6order-6fde83045749c66b561a,s6ps-f03199f3e7189f9b,1,s6setup-655b9cae242f4439872d,2025-09-11,CANCELLED,BOX,BOX,"[""BOX""]",BOX
[],"[""MICRO_DOUBLE_BOTTOM"", ""SECOND_ENTRY_LONG_READY"", ""FAILED_BEAR_BREAKOUT"", ""ORDERLY_COMPRESSION_AT_SUPPORT""]",BROOKS_SUPPORT_READY,688600,2025-05-09,CANCEL_OPEN_ABOVE_BUY_ZONE,True,s6order-ba5e855ff5ec7bdcd54d,s6ps-f03199f3e7189f9b,2,s6setup-8f1482991fd6d89ad23a,2025-05-06,CANCELLED,BOX,MULTI,"[""BOX"", ""BROOKS""]",BROOKS
[],"[""MICRO_DOUBLE_BOTTOM"", ""SECOND_ENTRY_LONG_READY"", ""FAILED_BEAR_BREAKOUT""]",BROOKS_FAILED_BREAKOUT_READY,688600,2025-05-12,CANCEL_OPEN_ABOVE_BUY_ZONE,True,s6order-8f8ba9b008a9b17b492d,s6ps-f03199f3e7189f9b,2,s6setup-c7c68dc7bdbd306bc2fc,2025-05-07,CANCELLED,BOX,MULTI,"[""BOX"", ""BROOKS""]",BROOKS
[],[],BROOKS_CONTEXT_REJECT,688600,2025-06-25,CANCEL_OPEN_ABOVE_BUY_ZONE,False,s6order-fb26aede750910c4facc,s6ps-f03199f3e7189f9b,1,s6setup-18bd9a0c8b00652bf1e3,2025-06-20,CANCELLED,BOX,BOX,"[""BOX""]",BOX
[],[],BROOKS_CONTEXT_REJECT,688600,2025-06-27,CANCEL_OPEN_ABOVE_BUY_ZONE,False,s6order-ca7a623c81e8113f7bde,s6ps-f03199f3e7189f9b,1,s6setup-b1b55f6d7c48197fe892,2025-06-24,CANCELLED,BOX,BOX,"[""BOX""]",BOX
[],"[""FAILED_BEAR_BREAKOUT""]",FAILED_BEAR_BREAKOUT,688611,2025-03-18,CANCEL_OPEN_ABOVE_BUY_ZONE,False,s6order-c5c476ce8d849f5ba010,s6ps-f03199f3e7189f9b,1,s6setup-26e7e31a7ac13a6c69e4,2025-03-13,CANCELLED,BOX,BOX,"[""BOX""]",BOX
[],[],BROOKS_FAILED,688611,2025-03-21,FILLED_FROZEN_PLAN,False,s6order-083d8ba865c5d375350a,s6ps-f03199f3e7189f9b,1,s6setup-a7e02101c7f032c59cc9,2025-03-18,FILLED,BOX,BOX,"[""BOX""]",BOX
[],"[""MICRO_DOUBLE_BOTTOM"", ""FAILED_BEAR_BREAKOUT"", ""BEAR_FOLLOW_THROUGH_FAILED""]",FAILED_BEAR_BREAKOUT,688612,2025-09-16,CANCEL_OPEN_ABOVE_BUY_ZONE,True,s6order-6d1859c06737e80c3e31,s6ps-f03199f3e7189f9b,2,s6setup-4284ff150498708639c9,2025-09-11,CANCELLED,BOTH,MULTI,"[""ORIGINAL"", ""BOX""]",ORIGINAL
[],"[""MICRO_DOUBLE_BOTTOM"", ""FAILED_BEAR_BREAKOUT""]",BROOKS_CONTEXT_REJECT,688619,2025-07-08,CANCEL_OPEN_ABOVE_BUY_ZONE,False,s6order-732d8eefc780c3081bbe,s6ps-f03199f3e7189f9b,1,s6setup-735ca3a91750dc4692c1,2025-07-03,CANCELLED,BOX,BOX,"[""BOX""]",BOX
[],"[""MICRO_DOUBLE_BOTTOM"", ""FAILED_BEAR_BREAKOUT""]",BROOKS_CONTEXT_REJECT,688619,2025-07-10,FILLED_FROZEN_PLAN,False,s6order-96df55cc59d2a4a16ad1,s6ps-f03199f3e7189f9b,1,s6setup-d13a6c535c5f05eb28f3,2025-07-07,FILLED,BOX,BOX,"[""BOX""]",BOX
[],"[""FAILED_BEAR_BREAKOUT"", ""ORDERLY_COMPRESSION_AT_SUPPORT""]",FAILED_BEAR_BREAKOUT,688619,2025-08-13,CANCEL_OPEN_ABOVE_BUY_ZONE,True,s6order-1fa9744f947efe72f6ea,s6ps-f03199f3e7189f9b,3,s6setup-7c01ea40d583d6ba5ac5,2025-08-08,CANCELLED,BOTH,MULTI,"[""ORIGINAL"", ""BOX"", ""BROOKS""]",ORIGINAL
[],"[""FAILED_BEAR_BREAKOUT""]",FAILED_BEAR_BREAKOUT,688619,2025-08-14,CANCEL_OPEN_ABOVE_BUY_ZONE,True,s6order-b79634a64f602fb0dd64,s6ps-f03199f3e7189f9b,2,s6setup-e1c90a5393f6e38a6a7d,2025-08-11,CANCELLED,BOX,MULTI,"[""BOX"", ""BROOKS""]",BROOKS
[],"[""FAILED_BEAR_BREAKOUT"", ""BEAR_FOLLOW_THROUGH_FAILED""]",BROOKS_CONTEXT_REJECT,688621,2025-09-10,CANCEL_OPEN_ABOVE_BUY_ZONE,True,s6order-1ec8aac7af9a5e9e990f,s6ps-f03199f3e7189f9b,2,s6setup-e257d4b49d88615d8254,2025-09-05,CANCELLED,BOTH,MULTI,"[""ORIGINAL"", ""BOX""]",ORIGINAL
[],"[""BEAR_FOLLOW_THROUGH_FAILED""]",BROOKS_CONTEXT_REJECT,688629,2025-09-16,CANCEL_OPEN_ABOVE_BUY_ZONE,False,s6order-cd325610aa6e25fdbef6,s6ps-f03199f3e7189f9b,1,s6setup-b6a5bde1aef90947efae,2025-09-11,CANCELLED,BOX,BOX,"[""BOX""]",BOX
[],[],BROOKS_CONTEXT_REJECT,688658,2024-10-31,CANCEL_OPEN_ABOVE_BUY_ZONE,False,s6order-dd1e9140049c19fbfbcb,s6ps-f03199f3e7189f9b,1,s6setup-1597925ea0841ae92584,2024-10-28,CANCELLED,BOX,BOX,"[""BOX""]",BOX
[],"[""MICRO_DOUBLE_BOTTOM"", ""FAILED_BEAR_BREAKOUT""]",BROOKS_CONTEXT_REJECT,688658,2024-11-05,CANCEL_OPEN_ABOVE_BUY_ZONE,True,s6order-b7e48269d5bfa44587df,s6ps-f03199f3e7189f9b,2,s6setup-ad8817890ee0b72512c3,2024-10-31,CANCELLED,BOTH,MULTI,"[""ORIGINAL"", ""BOX""]",ORIGINAL
[],"[""FAILED_BEAR_BREAKOUT""]",FAILED_BEAR_BREAKOUT,688663,2025-07-31,CANCEL_OPEN_ABOVE_BUY_ZONE,True,s6order-c25f6397d9c75a3bbc0c,s6ps-f03199f3e7189f9b,3,s6setup-21392e3a9f8d76d3f882,2025-07-28,CANCELLED,BOTH,MULTI,"[""ORIGINAL"", ""BOX"", ""BROOKS""]",ORIGINAL
[],"[""FAILED_BEAR_BREAKOUT""]",FAILED_BEAR_BREAKOUT,688663,2025-11-10,CANCEL_OPEN_ABOVE_BUY_ZONE,False,s6order-38fa6a48db8fd213b248,s6ps-f03199f3e7189f9b,1,s6setup-5d882ee7449828261d7b,2025-11-05,CANCELLED,ORIGINAL,ORIGINAL,"[""ORIGINAL""]",ORIGINAL
[],"[""BEAR_FOLLOW_THROUGH_FAILED""]",COMPACT_BEARISH_REJECT,688667,2025-05-30,CANCEL_OPEN_ABOVE_BUY_ZONE,False,s6order-cef7da804ec06cb9c2ff,s6ps-f03199f3e7189f9b,1,s6setup-03808ad7ef803f59220a,2025-05-27,CANCELLED,BOX,BOX,"[""BOX""]",BOX
[],[],BROOKS_CONTEXT_REJECT,688667,2025-06-03,CANCEL_OPEN_ABOVE_BUY_ZONE,False,s6order-fde8c788752c46304d3c,s6ps-f03199f3e7189f9b,1,s6setup-038a552984e465159848,2025-05-28,CANCELLED,BOX,BOX,"[""BOX""]",BOX
[],"[""MICRO_DOUBLE_BOTTOM"", ""FAILED_BEAR_BREAKOUT""]",FAILED_BEAR_BREAKOUT,688685,2025-03-07,CANCEL_OPEN_ABOVE_BUY_ZONE,False,s6order-d23a0a0b173497d4704b,s6ps-f03199f3e7189f9b,1,s6setup-dcd16c635329d8c8710e,2025-03-04,CANCELLED,BOX,BOX,"[""BOX""]",BOX
[],"[""BEAR_FOLLOW_THROUGH_FAILED""]",BROOKS_CONTEXT_REJECT,688700,2025-03-28,CANCEL_OPEN_ABOVE_BUY_ZONE,False,s6order-2dff03e4eb500ceb56da,s6ps-f03199f3e7189f9b,1,s6setup-612c755c54dd8f6408e8,2025-03-25,CANCELLED,BOX,BOX,"[""BOX""]",BOX
[],[],BROOKS_CONTEXT_REJECT,688718,2025-08-11,FILLED_FROZEN_PLAN,False,s6order-37fe79eafb95ca69f193,s6ps-f03199f3e7189f9b,1,s6setup-587e5aa084c9ac94571a,2025-08-06,FILLED,BOX,BOX,"[""BOX""]",BOX
[],"[""MICRO_DOUBLE_BOTTOM"", ""ORDERLY_COMPRESSION_AT_SUPPORT""]",MICRO_DOUBLE_BOTTOM,688722,2025-03-17,CANCEL_OPEN_ABOVE_BUY_ZONE,True,s6order-696e3e388092dd5709d6,s6ps-f03199f3e7189f9b,2,s6setup-7d4617d1763b1294ea24,2025-03-12,CANCELLED,BOX,MULTI,"[""BOX"", ""BROOKS""]",BROOKS
[],[],BROOKS_FAILED,688722,2025-05-26,FILLED_FROZEN_PLAN,False,s6order-9c656a43051dda48434d,s6ps-f03199f3e7189f9b,1,s6setup-cdbc5becdb2b0aec2a55,2025-05-21,FILLED,BOX,BOX,"[""BOX""]",BOX
[],"[""FAILED_BEAR_BREAKOUT""]",FAILED_BEAR_BREAKOUT,688767,2025-05-22,CANCEL_OPEN_ABOVE_BUY_ZONE,True,s6order-fdafca5b2df898cc0df2,s6ps-f03199f3e7189f9b,2,s6setup-bf70062bec795b360945,2025-05-19,CANCELLED,BOX,MULTI,"[""BOX"", ""BROOKS""]",BROOKS
[],"[""MICRO_DOUBLE_BOTTOM"", ""SECOND_ENTRY_LONG_READY"", ""FAILED_BEAR_BREAKOUT""]",BROOKS_SUPPORT_READY,688767,2025-06-04,CANCEL_OPEN_ABOVE_BUY_ZONE,True,s6order-342945decb852980a8ec,s6ps-f03199f3e7189f9b,3,s6setup-6a74d2b8bd7ebd939b5d,2025-05-29,CANCELLED,BOTH,MULTI,"[""ORIGINAL"", ""BOX"", ""BROOKS""]",ORIGINAL
[],"[""MICRO_DOUBLE_BOTTOM"", ""SECOND_ENTRY_LONG_READY"", ""FAILED_BEAR_BREAKOUT""]",BROOKS_SUPPORT_READY,688767,2025-06-06,CANCEL_OPEN_ABOVE_BUY_ZONE,True,s6order-1a5454da86dc8fd70520,s6ps-f03199f3e7189f9b,2,s6setup-998e226009a9574861d5,2025-06-03,CANCELLED,BOX,MULTI,"[""BOX"", ""BROOKS""]",BROOKS
[],"[""MICRO_DOUBLE_BOTTOM"", ""FAILED_BEAR_BREAKOUT""]",FAILED_BEAR_BREAKOUT,688767,2025-06-09,CANCEL_OPEN_ABOVE_BUY_ZONE,False,s6order-44a6515e5fd9b14b711f,s6ps-f03199f3e7189f9b,1,s6setup-f6bc69faac31187db8e1,2025-06-04,CANCELLED,ORIGINAL,ORIGINAL,"[""ORIGINAL""]",ORIGINAL
[],[],BROOKS_FAILED,688767,2025-09-08,CANCEL_OPEN_ABOVE_BUY_ZONE,True,s6order-5f1116e13455eee76ae2,s6ps-f03199f3e7189f9b,2,s6setup-14642204952b1afeca0e,2025-09-03,CANCELLED,BOTH,MULTI,"[""ORIGINAL"", ""BOX""]",ORIGINAL
[],[],BROOKS_CONTEXT_REJECT,688776,2025-04-24,FILLED_FROZEN_PLAN,True,s6order-fefd20f56de42123ba1e,s6ps-f03199f3e7189f9b,2,s6setup-b862b5109c23c838ff8a,2025-04-21,FILLED,BOTH,MULTI,"[""ORIGINAL"", ""BOX""]",ORIGINAL
[],"[""FAILED_BEAR_BREAKOUT""]",FAILED_BEAR_BREAKOUT,688779,2025-09-29,CANCEL_OPEN_ABOVE_BUY_ZONE,False,s6order-24972a2fb74126d340ec,s6ps-f03199f3e7189f9b,1,s6setup-17d26768cf8c49e6074e,2025-09-24,CANCELLED,BOX,BOX,"[""BOX""]",BOX
[],"[""FAILED_BEAR_BREAKOUT""]",FAILED_BEAR_BREAKOUT,688779,2025-09-30,CANCEL_OPEN_ABOVE_BUY_ZONE,False,s6order-c9fb0ad2bc829c9d4263,s6ps-f03199f3e7189f9b,1,s6setup-affd795824619560ce8c,2025-09-25,CANCELLED,BOX,BOX,"[""BOX""]",BOX
[],"[""FAILED_BEAR_BREAKOUT""]",FAILED_BEAR_BREAKOUT,688779,2025-10-10,CANCEL_OPEN_ABOVE_BUY_ZONE,False,s6order-afdba86fdcb8bf225444,s6ps-f03199f3e7189f9b,1,s6setup-329719f11f68a21d977c,2025-09-29,CANCELLED,BOX,BOX,"[""BOX""]",BOX
[],"[""MICRO_DOUBLE_BOTTOM"", ""FAILED_BEAR_BREAKOUT""]",FAILED_BEAR_BREAKOUT,688779,2025-10-13,CANCEL_OPEN_ABOVE_BUY_ZONE,True,s6order-4425d463076611a4f15a,s6ps-f03199f3e7189f9b,2,s6setup-83acccd9d7560dd2a726,2025-09-30,CANCELLED,BOTH,MULTI,"[""ORIGINAL"", ""BOX""]",ORIGINAL
[],"[""MICRO_DOUBLE_BOTTOM"", ""FAILED_BEAR_BREAKOUT""]",FAILED_BEAR_BREAKOUT,688787,2025-01-02,FILLED_FROZEN_PLAN,False,s6order-50b1593836fe6fce1a69,s6ps-f03199f3e7189f9b,1,s6setup-d3019118655a97c1c18a,2024-12-27,FILLED,BOX,BOX,"[""BOX""]",BOX
[],"[""MICRO_DOUBLE_BOTTOM"", ""FAILED_BEAR_BREAKOUT""]",BROOKS_FAILED_BREAKOUT_READY,688787,2025-01-03,FILLED_FROZEN_PLAN,True,s6order-a0db5d52c5601c460a53,s6ps-f03199f3e7189f9b,2,s6setup-7432ad1cb6aa3d94c1cc,2024-12-30,FILLED,BOX,MULTI,"[""BOX"", ""BROOKS""]",BROOKS
[],"[""FAILED_BEAR_BREAKOUT""]",FAILED_BEAR_BREAKOUT,689009,2025-03-18,FILLED_FROZEN_PLAN,False,s6order-81879e51613ffce6b256,s6ps-f03199f3e7189f9b,1,s6setup-02d7326cfc51e8d6b2de,2025-03-13,FILLED,BOX,BOX,"[""BOX""]",BOX
[],"[""FAILED_BEAR_BREAKOUT""]",FAILED_BEAR_BREAKOUT,689009,2025-04-01,CANCEL_OPEN_ABOVE_BUY_ZONE,False,s6order-3cca837837c503b4af5c,s6ps-f03199f3e7189f9b,1,s6setup-86f7690a6c97e1935a47,2025-03-27,CANCELLED,BOX,BOX,"[""BOX""]",BOX
[],"[""FAILED_BEAR_BREAKOUT""]",FAILED_BEAR_BREAKOUT,689009,2025-04-02,CANCEL_OPEN_ABOVE_BUY_ZONE,True,s6order-f79ca38520503af3c9a2,s6ps-f03199f3e7189f9b,2,s6setup-5f57b574130e3f4093b4,2025-03-28,CANCELLED,BOTH,MULTI,"[""ORIGINAL"", ""BOX""]",ORIGINAL
