campaign_id,stage_id,trial_id,trial_kind,parameter_set_id,parent_parameter_set_id,status,coarse_run_id,full_run_id,reject_reason,parameters_json,selection_metrics_json
s6opt-comprehensive-fe84532,box_compact,s6trial-051e54a43dc05d58,OAT,s6ps-39ac3cbc87708a31,s6ps-71bdb4dbb9c5c096,COMPLETED_WITH_SKIPS,s6bt-3ffd3e5f7ff719595491,,,"{""absolute_max_amp_10d"": 0.5, ""absolute_max_pullback_20d"": -0.35, ""amount10_vs_30_min_ratio"": 0.8, ""big_down_return"": -0.07, ""big_down_volume_ratio"": 1.5, ""box_tail"": {""breakout_ready_position_min"": 0.75, ""broken_close_tolerance"": 0.03, ""compact_kline"": {""atr_contraction_ratio_max"": 0.8, ""avg_body_ratio_max"": 0.018, ""close_range_max"": 0.05, ""enabled"": true, ""max_body_ratio_max"": 0.04, ""max_gap_ratio"": 0.03, ""min_overlap_pair_count"": 3, ""min_overlap_ratio"": 0.5, ""premium_atr_contraction_ratio_max"": 0.65, ""premium_avg_body_ratio_max"": 0.018, ""premium_close_range_max"": 0.03, ""premium_overlap_ratio"": 0.65, ""window_days"": 5}, ""current_close_high_tolerance"": 0.03, ""current_close_low_tolerance"": 0.03, ""enabled"": true, ""low_test_close_tolerance_down"": 0.02, ""low_test_tolerance_up"": 0.02, ""max_box_days"": 30, ""max_volume_contraction_ratio"": 0.85, ""min_box_days"": 5, ""min_box_low_test_count"": 2, ""min_center_shift"": -0.03, ""normal_box_width_max"": 0.18, ""premium_box_width_max"": 0.12, ""premium_center_shift"": 0.0, ""premium_tail_volume_ratio_max"": 0.6, ""premium_volume_contraction_ratio"": 0.7, ""support_ready_position_max"": 0.4, ""tail_volume_ratio_max"": 0.75}, ""breakout_extended_max_pct"": 0.08, ""buy_zone_valid_days"": 3, ""consolidation_max_days"": 40, ""consolidation_min_days"": 5, ""cup_depth_max"": 0.35, ""cup_depth_min"": 0.12, ""enable_market_filter"": true, ""enabled"": true, ""expired_cooldown_days"": 5, ""failed_cooldown_days"": 10, ""key_min_score"": 75, ""kline_days"": 1100, ""limit_up_volume_ratio"": 1.5, ""low_volume_limit_up_min_ratio"": 0.6, ""ma50_min_ratio"": 0.92, ""market_filter_mode"": ""downgrade"", ""max_amp_10d_a"": 0.4, ""max_amp_10d_b"": 0.35, ""max_amp_10d_s"": 0.45, ""max_amp_5d_a"": 0.22, ""max_amp_5d_b"": 0.18, ""max_amp_5d_s"": 0.25, ""max_pullback_20d_a"": -0.26, ""max_pullback_20d_b"": -0.22, ""max_pullback_20d_s"": -0.3, ""max_watch_days"": 10, ""min_avg_amount_10d_yi"": 5, ""min_avg_amount_30d_yi"": 5, ""min_avg_amount_60d_yi"": 3, ""min_relative_strength_20"": 0.1, ""minimum_trading_days"": 500, ""near_120d_high_ratio"": 0.98, ""normal_start_close_position"": 0.65, ""normal_start_min_amount_yi"": 2, ""normal_start_return"": 0.07, ""normal_start_self_amount_percentile"": 0.9, ""normal_start_volume_ratio"": 2.0, ""pattern_filter_enabled"": true, ""pattern_filter_mode"": ""score_only"", ""pattern_pivot_proximity_pct"": 0.05, ""platform_max_range"": 0.12, ""ready_min_score"": 85, ""rr2_min_key"": 2.0, ""rr2_min_ready"": 2.5, ""rr2_min_watch"": 1.5, ""start_age_max_days"": 60, ""start_age_min_days"": 5, ""start_lookback_days"": 60, ""stop_atr_multiplier"": 0.8, ""stop_key_support_pct"": 0.03, ""support_cluster_atr_multiplier"": 0.5, ""support_cluster_price_pct"": 0.015, ""support_test_lookback"": 10, ""support_zone_atr_multiplier"": 0.3, ""support_zone_price_pct"": 0.01, ""tail_close_range_5"": 0.08, ""tail_min_return_3"": -0.04, ""tail_min_return_5"": -0.06, ""tail_strong_volume_ratio_5_20"": 0.6, ""tail_volume_ratio_5_20"": 0.75, ""tail_window_days"": 5, ""target_2_cap_pct"": 0.35, ""vcp_contraction_range_ratio"": 0.9, ""vcp_contraction_volume_ratio"": 0.9, ""vcp_min_first_range"": 0.08, ""watch_min_score"": 60}","{""avg_loss_r"": 1.01225875, ""avg_net_return"": -0.08651405250000001, ""avg_win_r"": 0.0, ""expectancy_r"": -1.01225875, ""losses"": 4, ""max_drawdown"": 0.042820698355999894, ""median_net_return"": -0.090341385, ""net_profit"": -642.241456, ""net_return"": -0.04282069835599989, ""profit_factor"": 0.0, ""single_month_profit_concentration"": 0.0, ""top5_profit_concentration"": 0.0, ""trades"": 4, ""win_rate"": 0.0, ""wins"": 0}"
s6opt-comprehensive-fe84532,box_compact,s6trial-14de0c3a4be04d07,OAT,s6ps-42084395a5ed4848,s6ps-71bdb4dbb9c5c096,COMPLETED_WITH_SKIPS,s6bt-844898a0eb0b22092f0c,,,"{""absolute_max_amp_10d"": 0.5, ""absolute_max_pullback_20d"": -0.35, ""amount10_vs_30_min_ratio"": 0.8, ""big_down_return"": -0.07, ""big_down_volume_ratio"": 1.5, ""box_tail"": {""breakout_ready_position_min"": 0.75, ""broken_close_tolerance"": 0.03, ""compact_kline"": {""atr_contraction_ratio_max"": 0.8, ""avg_body_ratio_max"": 0.025, ""close_range_max"": 0.05, ""enabled"": true, ""max_body_ratio_max"": 0.04, ""max_gap_ratio"": 0.03, ""min_overlap_pair_count"": 3, ""min_overlap_ratio"": 0.5, ""premium_atr_contraction_ratio_max"": 0.65, ""premium_avg_body_ratio_max"": 0.018, ""premium_close_range_max"": 0.03, ""premium_overlap_ratio"": 0.65, ""window_days"": 5}, ""current_close_high_tolerance"": 0.03, ""current_close_low_tolerance"": 0.03, ""enabled"": true, ""low_test_close_tolerance_down"": 0.02, ""low_test_tolerance_up"": 0.02, ""max_box_days"": 30, ""max_volume_contraction_ratio"": 0.85, ""min_box_days"": 5, ""min_box_low_test_count"": 2, ""min_center_shift"": -0.03, ""normal_box_width_max"": 0.18, ""premium_box_width_max"": 0.08, ""premium_center_shift"": 0.0, ""premium_tail_volume_ratio_max"": 0.6, ""premium_volume_contraction_ratio"": 0.7, ""support_ready_position_max"": 0.4, ""tail_volume_ratio_max"": 0.75}, ""breakout_extended_max_pct"": 0.08, ""buy_zone_valid_days"": 3, ""consolidation_max_days"": 40, ""consolidation_min_days"": 5, ""cup_depth_max"": 0.35, ""cup_depth_min"": 0.12, ""enable_market_filter"": true, ""enabled"": true, ""expired_cooldown_days"": 5, ""failed_cooldown_days"": 10, ""key_min_score"": 75, ""kline_days"": 1100, ""limit_up_volume_ratio"": 1.5, ""low_volume_limit_up_min_ratio"": 0.6, ""ma50_min_ratio"": 0.92, ""market_filter_mode"": ""downgrade"", ""max_amp_10d_a"": 0.4, ""max_amp_10d_b"": 0.35, ""max_amp_10d_s"": 0.45, ""max_amp_5d_a"": 0.22, ""max_amp_5d_b"": 0.18, ""max_amp_5d_s"": 0.25, ""max_pullback_20d_a"": -0.26, ""max_pullback_20d_b"": -0.22, ""max_pullback_20d_s"": -0.3, ""max_watch_days"": 10, ""min_avg_amount_10d_yi"": 5, ""min_avg_amount_30d_yi"": 5, ""min_avg_amount_60d_yi"": 3, ""min_relative_strength_20"": 0.1, ""minimum_trading_days"": 500, ""near_120d_high_ratio"": 0.98, ""normal_start_close_position"": 0.65, ""normal_start_min_amount_yi"": 2, ""normal_start_return"": 0.07, ""normal_start_self_amount_percentile"": 0.9, ""normal_start_volume_ratio"": 2.0, ""pattern_filter_enabled"": true, ""pattern_filter_mode"": ""score_only"", ""pattern_pivot_proximity_pct"": 0.05, ""platform_max_range"": 0.12, ""ready_min_score"": 85, ""rr2_min_key"": 2.0, ""rr2_min_ready"": 2.5, ""rr2_min_watch"": 1.5, ""start_age_max_days"": 60, ""start_age_min_days"": 5, ""start_lookback_days"": 60, ""stop_atr_multiplier"": 0.8, ""stop_key_support_pct"": 0.03, ""support_cluster_atr_multiplier"": 0.5, ""support_cluster_price_pct"": 0.015, ""support_test_lookback"": 10, ""support_zone_atr_multiplier"": 0.3, ""support_zone_price_pct"": 0.01, ""tail_close_range_5"": 0.08, ""tail_min_return_3"": -0.04, ""tail_min_return_5"": -0.06, ""tail_strong_volume_ratio_5_20"": 0.6, ""tail_volume_ratio_5_20"": 0.75, ""tail_window_days"": 5, ""target_2_cap_pct"": 0.35, ""vcp_contraction_range_ratio"": 0.9, ""vcp_contraction_volume_ratio"": 0.9, ""vcp_min_first_range"": 0.08, ""watch_min_score"": 60}","{""avg_loss_r"": 1.01225875, ""avg_net_return"": -0.08651405250000001, ""avg_win_r"": 0.0, ""expectancy_r"": -1.01225875, ""losses"": 4, ""max_drawdown"": 0.042820698355999894, ""median_net_return"": -0.090341385, ""net_profit"": -642.241456, ""net_return"": -0.04282069835599989, ""profit_factor"": 0.0, ""single_month_profit_concentration"": 0.0, ""top5_profit_concentration"": 0.0, ""trades"": 4, ""win_rate"": 0.0, ""wins"": 0}"
s6opt-comprehensive-fe84532,box_compact,s6trial-179662314280496a,OAT,s6ps-4f9fee91c0919e2a,s6ps-71bdb4dbb9c5c096,COMPLETED_WITH_SKIPS,s6bt-225b99a7a7e2abc25af0,,,"{""absolute_max_amp_10d"": 0.5, ""absolute_max_pullback_20d"": -0.35, ""amount10_vs_30_min_ratio"": 0.8, ""big_down_return"": -0.07, ""big_down_volume_ratio"": 1.5, ""box_tail"": {""breakout_ready_position_min"": 0.75, ""broken_close_tolerance"": 0.03, ""compact_kline"": {""atr_contraction_ratio_max"": 0.8, ""avg_body_ratio_max"": 0.025, ""close_range_max"": 0.05, ""enabled"": true, ""max_body_ratio_max"": 0.04, ""max_gap_ratio"": 0.03, ""min_overlap_pair_count"": 3, ""min_overlap_ratio"": 0.5, ""premium_atr_contraction_ratio_max"": 0.65, ""premium_avg_body_ratio_max"": 0.018, ""premium_close_range_max"": 0.03, ""premium_overlap_ratio"": 0.65, ""window_days"": 5}, ""current_close_high_tolerance"": 0.03, ""current_close_low_tolerance"": 0.03, ""enabled"": true, ""low_test_close_tolerance_down"": 0.02, ""low_test_tolerance_up"": 0.02, ""max_box_days"": 30, ""max_volume_contraction_ratio"": 0.85, ""min_box_days"": 5, ""min_box_low_test_count"": 2, ""min_center_shift"": -0.03, ""normal_box_width_max"": 0.18, ""premium_box_width_max"": 0.12, ""premium_center_shift"": 0.0, ""premium_tail_volume_ratio_max"": 0.6, ""premium_volume_contraction_ratio"": 0.7, ""support_ready_position_max"": 0.4, ""tail_volume_ratio_max"": 0.7}, ""breakout_extended_max_pct"": 0.08, ""buy_zone_valid_days"": 3, ""consolidation_max_days"": 40, ""consolidation_min_days"": 5, ""cup_depth_max"": 0.35, ""cup_depth_min"": 0.12, ""enable_market_filter"": true, ""enabled"": true, ""expired_cooldown_days"": 5, ""failed_cooldown_days"": 10, ""key_min_score"": 75, ""kline_days"": 1100, ""limit_up_volume_ratio"": 1.5, ""low_volume_limit_up_min_ratio"": 0.6, ""ma50_min_ratio"": 0.92, ""market_filter_mode"": ""downgrade"", ""max_amp_10d_a"": 0.4, ""max_amp_10d_b"": 0.35, ""max_amp_10d_s"": 0.45, ""max_amp_5d_a"": 0.22, ""max_amp_5d_b"": 0.18, ""max_amp_5d_s"": 0.25, ""max_pullback_20d_a"": -0.26, ""max_pullback_20d_b"": -0.22, ""max_pullback_20d_s"": -0.3, ""max_watch_days"": 10, ""min_avg_amount_10d_yi"": 5, ""min_avg_amount_30d_yi"": 5, ""min_avg_amount_60d_yi"": 3, ""min_relative_strength_20"": 0.1, ""minimum_trading_days"": 500, ""near_120d_high_ratio"": 0.98, ""normal_start_close_position"": 0.65, ""normal_start_min_amount_yi"": 2, ""normal_start_return"": 0.07, ""normal_start_self_amount_percentile"": 0.9, ""normal_start_volume_ratio"": 2.0, ""pattern_filter_enabled"": true, ""pattern_filter_mode"": ""score_only"", ""pattern_pivot_proximity_pct"": 0.05, ""platform_max_range"": 0.12, ""ready_min_score"": 85, ""rr2_min_key"": 2.0, ""rr2_min_ready"": 2.5, ""rr2_min_watch"": 1.5, ""start_age_max_days"": 60, ""start_age_min_days"": 5, ""start_lookback_days"": 60, ""stop_atr_multiplier"": 0.8, ""stop_key_support_pct"": 0.03, ""support_cluster_atr_multiplier"": 0.5, ""support_cluster_price_pct"": 0.015, ""support_test_lookback"": 10, ""support_zone_atr_multiplier"": 0.3, ""support_zone_price_pct"": 0.01, ""tail_close_range_5"": 0.08, ""tail_min_return_3"": -0.04, ""tail_min_return_5"": -0.06, ""tail_strong_volume_ratio_5_20"": 0.6, ""tail_volume_ratio_5_20"": 0.75, ""tail_window_days"": 5, ""target_2_cap_pct"": 0.35, ""vcp_contraction_range_ratio"": 0.9, ""vcp_contraction_volume_ratio"": 0.9, ""vcp_min_first_range"": 0.08, ""watch_min_score"": 60}","{""avg_loss_r"": 1.0132763333333332, ""avg_net_return"": -0.07980344666666667, ""avg_win_r"": 0.0, ""expectancy_r"": -1.0132763333333332, ""losses"": 3, ""max_drawdown"": 0.03212228493799991, ""median_net_return"": -0.088533, ""net_profit"": -495.99050900000003, ""net_return"": -0.032122284937999956, ""profit_factor"": 0.0, ""single_month_profit_concentration"": 0.0, ""top5_profit_concentration"": 0.0, ""trades"": 3, ""win_rate"": 0.0, ""wins"": 0}"
s6opt-comprehensive-fe84532,box_compact,s6trial-18e41195dbad15f2,OAT,s6ps-2c160645069ce748,s6ps-71bdb4dbb9c5c096,COMPLETED_WITH_SKIPS,s6bt-338f480f1c4700334e8a,,,"{""absolute_max_amp_10d"": 0.5, ""absolute_max_pullback_20d"": -0.35, ""amount10_vs_30_min_ratio"": 0.8, ""big_down_return"": -0.07, ""big_down_volume_ratio"": 1.5, ""box_tail"": {""breakout_ready_position_min"": 0.75, ""broken_close_tolerance"": 0.03, ""compact_kline"": {""atr_contraction_ratio_max"": 0.8, ""avg_body_ratio_max"": 0.025, ""close_range_max"": 0.05, ""enabled"": true, ""max_body_ratio_max"": 0.04, ""max_gap_ratio"": 0.03, ""min_overlap_pair_count"": 3, ""min_overlap_ratio"": 0.5, ""premium_atr_contraction_ratio_max"": 0.65, ""premium_avg_body_ratio_max"": 0.018, ""premium_close_range_max"": 0.03, ""premium_overlap_ratio"": 0.65, ""window_days"": 5}, ""current_close_high_tolerance"": 0.03, ""current_close_low_tolerance"": 0.03, ""enabled"": true, ""low_test_close_tolerance_down"": 0.02, ""low_test_tolerance_up"": 0.02, ""max_box_days"": 30, ""max_volume_contraction_ratio"": 0.8, ""min_box_days"": 5, ""min_box_low_test_count"": 2, ""min_center_shift"": -0.03, ""normal_box_width_max"": 0.18, ""premium_box_width_max"": 0.12, ""premium_center_shift"": 0.0, ""premium_tail_volume_ratio_max"": 0.6, ""premium_volume_contraction_ratio"": 0.7, ""support_ready_position_max"": 0.4, ""tail_volume_ratio_max"": 0.75}, ""breakout_extended_max_pct"": 0.08, ""buy_zone_valid_days"": 3, ""consolidation_max_days"": 40, ""consolidation_min_days"": 5, ""cup_depth_max"": 0.35, ""cup_depth_min"": 0.12, ""enable_market_filter"": true, ""enabled"": true, ""expired_cooldown_days"": 5, ""failed_cooldown_days"": 10, ""key_min_score"": 75, ""kline_days"": 1100, ""limit_up_volume_ratio"": 1.5, ""low_volume_limit_up_min_ratio"": 0.6, ""ma50_min_ratio"": 0.92, ""market_filter_mode"": ""downgrade"", ""max_amp_10d_a"": 0.4, ""max_amp_10d_b"": 0.35, ""max_amp_10d_s"": 0.45, ""max_amp_5d_a"": 0.22, ""max_amp_5d_b"": 0.18, ""max_amp_5d_s"": 0.25, ""max_pullback_20d_a"": -0.26, ""max_pullback_20d_b"": -0.22, ""max_pullback_20d_s"": -0.3, ""max_watch_days"": 10, ""min_avg_amount_10d_yi"": 5, ""min_avg_amount_30d_yi"": 5, ""min_avg_amount_60d_yi"": 3, ""min_relative_strength_20"": 0.1, ""minimum_trading_days"": 500, ""near_120d_high_ratio"": 0.98, ""normal_start_close_position"": 0.65, ""normal_start_min_amount_yi"": 2, ""normal_start_return"": 0.07, ""normal_start_self_amount_percentile"": 0.9, ""normal_start_volume_ratio"": 2.0, ""pattern_filter_enabled"": true, ""pattern_filter_mode"": ""score_only"", ""pattern_pivot_proximity_pct"": 0.05, ""platform_max_range"": 0.12, ""ready_min_score"": 85, ""rr2_min_key"": 2.0, ""rr2_min_ready"": 2.5, ""rr2_min_watch"": 1.5, ""start_age_max_days"": 60, ""start_age_min_days"": 5, ""start_lookback_days"": 60, ""stop_atr_multiplier"": 0.8, ""stop_key_support_pct"": 0.03, ""support_cluster_atr_multiplier"": 0.5, ""support_cluster_price_pct"": 0.015, ""support_test_lookback"": 10, ""support_zone_atr_multiplier"": 0.3, ""support_zone_price_pct"": 0.01, ""tail_close_range_5"": 0.08, ""tail_min_return_3"": -0.04, ""tail_min_return_5"": -0.06, ""tail_strong_volume_ratio_5_20"": 0.6, ""tail_volume_ratio_5_20"": 0.75, ""tail_window_days"": 5, ""target_2_cap_pct"": 0.35, ""vcp_contraction_range_ratio"": 0.9, ""vcp_contraction_volume_ratio"": 0.9, ""vcp_min_first_range"": 0.08, ""watch_min_score"": 60}","{""avg_loss_r"": 1.01225875, ""avg_net_return"": -0.08651405250000001, ""avg_win_r"": 0.0, ""expectancy_r"": -1.01225875, ""losses"": 4, ""max_drawdown"": 0.042820698355999894, ""median_net_return"": -0.090341385, ""net_profit"": -642.241456, ""net_return"": -0.04282069835599989, ""profit_factor"": 0.0, ""single_month_profit_concentration"": 0.0, ""top5_profit_concentration"": 0.0, ""trades"": 4, ""win_rate"": 0.0, ""wins"": 0}"
s6opt-comprehensive-fe84532,box_compact,s6trial-1d12af1c434234b6,OAT,s6ps-086407e947d3a3a8,s6ps-71bdb4dbb9c5c096,COMPLETED_WITH_SKIPS,s6bt-a48d2f5b99dbdddd1088,,,"{""absolute_max_amp_10d"": 0.5, ""absolute_max_pullback_20d"": -0.35, ""amount10_vs_30_min_ratio"": 0.8, ""big_down_return"": -0.07, ""big_down_volume_ratio"": 1.5, ""box_tail"": {""breakout_ready_position_min"": 0.75, ""broken_close_tolerance"": 0.03, ""compact_kline"": {""atr_contraction_ratio_max"": 0.8, ""avg_body_ratio_max"": 0.025, ""close_range_max"": 0.05, ""enabled"": true, ""max_body_ratio_max"": 0.04, ""max_gap_ratio"": 0.03, ""min_overlap_pair_count"": 3, ""min_overlap_ratio"": 0.5, ""premium_atr_contraction_ratio_max"": 0.65, ""premium_avg_body_ratio_max"": 0.018, ""premium_close_range_max"": 0.03, ""premium_overlap_ratio"": 0.65, ""window_days"": 5}, ""current_close_high_tolerance"": 0.03, ""current_close_low_tolerance"": 0.03, ""enabled"": true, ""low_test_close_tolerance_down"": 0.02, ""low_test_tolerance_up"": 0.02, ""max_box_days"": 30, ""max_volume_contraction_ratio"": 0.85, ""min_box_days"": 5, ""min_box_low_test_count"": 2, ""min_center_shift"": -0.03, ""normal_box_width_max"": 0.18, ""premium_box_width_max"": 0.12, ""premium_center_shift"": 0.0, ""premium_tail_volume_ratio_max"": 0.7, ""premium_volume_contraction_ratio"": 0.7, ""support_ready_position_max"": 0.4, ""tail_volume_ratio_max"": 0.75}, ""breakout_extended_max_pct"": 0.08, ""buy_zone_valid_days"": 3, ""consolidation_max_days"": 40, ""consolidation_min_days"": 5, ""cup_depth_max"": 0.35, ""cup_depth_min"": 0.12, ""enable_market_filter"": true, ""enabled"": true, ""expired_cooldown_days"": 5, ""failed_cooldown_days"": 10, ""key_min_score"": 75, ""kline_days"": 1100, ""limit_up_volume_ratio"": 1.5, ""low_volume_limit_up_min_ratio"": 0.6, ""ma50_min_ratio"": 0.92, ""market_filter_mode"": ""downgrade"", ""max_amp_10d_a"": 0.4, ""max_amp_10d_b"": 0.35, ""max_amp_10d_s"": 0.45, ""max_amp_5d_a"": 0.22, ""max_amp_5d_b"": 0.18, ""max_amp_5d_s"": 0.25, ""max_pullback_20d_a"": -0.26, ""max_pullback_20d_b"": -0.22, ""max_pullback_20d_s"": -0.3, ""max_watch_days"": 10, ""min_avg_amount_10d_yi"": 5, ""min_avg_amount_30d_yi"": 5, ""min_avg_amount_60d_yi"": 3, ""min_relative_strength_20"": 0.1, ""minimum_trading_days"": 500, ""near_120d_high_ratio"": 0.98, ""normal_start_close_position"": 0.65, ""normal_start_min_amount_yi"": 2, ""normal_start_return"": 0.07, ""normal_start_self_amount_percentile"": 0.9, ""normal_start_volume_ratio"": 2.0, ""pattern_filter_enabled"": true, ""pattern_filter_mode"": ""score_only"", ""pattern_pivot_proximity_pct"": 0.05, ""platform_max_range"": 0.12, ""ready_min_score"": 85, ""rr2_min_key"": 2.0, ""rr2_min_ready"": 2.5, ""rr2_min_watch"": 1.5, ""start_age_max_days"": 60, ""start_age_min_days"": 5, ""start_lookback_days"": 60, ""stop_atr_multiplier"": 0.8, ""stop_key_support_pct"": 0.03, ""support_cluster_atr_multiplier"": 0.5, ""support_cluster_price_pct"": 0.015, ""support_test_lookback"": 10, ""support_zone_atr_multiplier"": 0.3, ""support_zone_price_pct"": 0.01, ""tail_close_range_5"": 0.08, ""tail_min_return_3"": -0.04, ""tail_min_return_5"": -0.06, ""tail_strong_volume_ratio_5_20"": 0.6, ""tail_volume_ratio_5_20"": 0.75, ""tail_window_days"": 5, ""target_2_cap_pct"": 0.35, ""vcp_contraction_range_ratio"": 0.9, ""vcp_contraction_volume_ratio"": 0.9, ""vcp_min_first_range"": 0.08, ""watch_min_score"": 60}","{""avg_loss_r"": 1.01225875, ""avg_net_return"": -0.08651405250000001, ""avg_win_r"": 0.0, ""expectancy_r"": -1.01225875, ""losses"": 4, ""max_drawdown"": 0.042820698355999894, ""median_net_return"": -0.090341385, ""net_profit"": -642.241456, ""net_return"": -0.04282069835599989, ""profit_factor"": 0.0, ""single_month_profit_concentration"": 0.0, ""top5_profit_concentration"": 0.0, ""trades"": 4, ""win_rate"": 0.0, ""wins"": 0}"
s6opt-comprehensive-fe84532,box_compact,s6trial-1e12e1fba738b87e,OAT,s6ps-ee4a3248dfec53f6,s6ps-71bdb4dbb9c5c096,COMPLETED_WITH_SKIPS,s6bt-ac70ecf0702c01b18483,,,"{""absolute_max_amp_10d"": 0.5, ""absolute_max_pullback_20d"": -0.35, ""amount10_vs_30_min_ratio"": 0.8, ""big_down_return"": -0.07, ""big_down_volume_ratio"": 1.5, ""box_tail"": {""breakout_ready_position_min"": 0.75, ""broken_close_tolerance"": 0.03, ""compact_kline"": {""atr_contraction_ratio_max"": 0.8, ""avg_body_ratio_max"": 0.025, ""close_range_max"": 0.05, ""enabled"": true, ""max_body_ratio_max"": 0.04, ""max_gap_ratio"": 0.05, ""min_overlap_pair_count"": 3, ""min_overlap_ratio"": 0.5, ""premium_atr_contraction_ratio_max"": 0.65, ""premium_avg_body_ratio_max"": 0.018, ""premium_close_range_max"": 0.03, ""premium_overlap_ratio"": 0.65, ""window_days"": 5}, ""current_close_high_tolerance"": 0.03, ""current_close_low_tolerance"": 0.03, ""enabled"": true, ""low_test_close_tolerance_down"": 0.02, ""low_test_tolerance_up"": 0.02, ""max_box_days"": 30, ""max_volume_contraction_ratio"": 0.85, ""min_box_days"": 5, ""min_box_low_test_count"": 2, ""min_center_shift"": -0.03, ""normal_box_width_max"": 0.18, ""premium_box_width_max"": 0.12, ""premium_center_shift"": 0.0, ""premium_tail_volume_ratio_max"": 0.6, ""premium_volume_contraction_ratio"": 0.7, ""support_ready_position_max"": 0.4, ""tail_volume_ratio_max"": 0.75}, ""breakout_extended_max_pct"": 0.08, ""buy_zone_valid_days"": 3, ""consolidation_max_days"": 40, ""consolidation_min_days"": 5, ""cup_depth_max"": 0.35, ""cup_depth_min"": 0.12, ""enable_market_filter"": true, ""enabled"": true, ""expired_cooldown_days"": 5, ""failed_cooldown_days"": 10, ""key_min_score"": 75, ""kline_days"": 1100, ""limit_up_volume_ratio"": 1.5, ""low_volume_limit_up_min_ratio"": 0.6, ""ma50_min_ratio"": 0.92, ""market_filter_mode"": ""downgrade"", ""max_amp_10d_a"": 0.4, ""max_amp_10d_b"": 0.35, ""max_amp_10d_s"": 0.45, ""max_amp_5d_a"": 0.22, ""max_amp_5d_b"": 0.18, ""max_amp_5d_s"": 0.25, ""max_pullback_20d_a"": -0.26, ""max_pullback_20d_b"": -0.22, ""max_pullback_20d_s"": -0.3, ""max_watch_days"": 10, ""min_avg_amount_10d_yi"": 5, ""min_avg_amount_30d_yi"": 5, ""min_avg_amount_60d_yi"": 3, ""min_relative_strength_20"": 0.1, ""minimum_trading_days"": 500, ""near_120d_high_ratio"": 0.98, ""normal_start_close_position"": 0.65, ""normal_start_min_amount_yi"": 2, ""normal_start_return"": 0.07, ""normal_start_self_amount_percentile"": 0.9, ""normal_start_volume_ratio"": 2.0, ""pattern_filter_enabled"": true, ""pattern_filter_mode"": ""score_only"", ""pattern_pivot_proximity_pct"": 0.05, ""platform_max_range"": 0.12, ""ready_min_score"": 85, ""rr2_min_key"": 2.0, ""rr2_min_ready"": 2.5, ""rr2_min_watch"": 1.5, ""start_age_max_days"": 60, ""start_age_min_days"": 5, ""start_lookback_days"": 60, ""stop_atr_multiplier"": 0.8, ""stop_key_support_pct"": 0.03, ""support_cluster_atr_multiplier"": 0.5, ""support_cluster_price_pct"": 0.015, ""support_test_lookback"": 10, ""support_zone_atr_multiplier"": 0.3, ""support_zone_price_pct"": 0.01, ""tail_close_range_5"": 0.08, ""tail_min_return_3"": -0.04, ""tail_min_return_5"": -0.06, ""tail_strong_volume_ratio_5_20"": 0.6, ""tail_volume_ratio_5_20"": 0.75, ""tail_window_days"": 5, ""target_2_cap_pct"": 0.35, ""vcp_contraction_range_ratio"": 0.9, ""vcp_contraction_volume_ratio"": 0.9, ""vcp_min_first_range"": 0.08, ""watch_min_score"": 60}","{""avg_loss_r"": 1.01225875, ""avg_net_return"": -0.08651405250000001, ""avg_win_r"": 0.0, ""expectancy_r"": -1.01225875, ""losses"": 4, ""max_drawdown"": 0.042820698355999894, ""median_net_return"": -0.090341385, ""net_profit"": -642.241456, ""net_return"": -0.04282069835599989, ""profit_factor"": 0.0, ""single_month_profit_concentration"": 0.0, ""top5_profit_concentration"": 0.0, ""trades"": 4, ""win_rate"": 0.0, ""wins"": 0}"
s6opt-comprehensive-fe84532,box_compact,s6trial-1f8144e3b11b6d89,OAT,s6ps-1acf2edfb0affb98,s6ps-71bdb4dbb9c5c096,COMPLETED_WITH_SKIPS,s6bt-9e9d6366fc55c4ac1dcd,,,"{""absolute_max_amp_10d"": 0.5, ""absolute_max_pullback_20d"": -0.35, ""amount10_vs_30_min_ratio"": 0.8, ""big_down_return"": -0.07, ""big_down_volume_ratio"": 1.5, ""box_tail"": {""breakout_ready_position_min"": 0.75, ""broken_close_tolerance"": 0.03, ""compact_kline"": {""atr_contraction_ratio_max"": 0.8, ""avg_body_ratio_max"": 0.025, ""close_range_max"": 0.05, ""enabled"": true, ""max_body_ratio_max"": 0.03, ""max_gap_ratio"": 0.03, ""min_overlap_pair_count"": 3, ""min_overlap_ratio"": 0.5, ""premium_atr_contraction_ratio_max"": 0.65, ""premium_avg_body_ratio_max"": 0.018, ""premium_close_range_max"": 0.03, ""premium_overlap_ratio"": 0.65, ""window_days"": 5}, ""current_close_high_tolerance"": 0.03, ""current_close_low_tolerance"": 0.03, ""enabled"": true, ""low_test_close_tolerance_down"": 0.02, ""low_test_tolerance_up"": 0.02, ""max_box_days"": 30, ""max_volume_contraction_ratio"": 0.85, ""min_box_days"": 5, ""min_box_low_test_count"": 2, ""min_center_shift"": -0.03, ""normal_box_width_max"": 0.18, ""premium_box_width_max"": 0.12, ""premium_center_shift"": 0.0, ""premium_tail_volume_ratio_max"": 0.6, ""premium_volume_contraction_ratio"": 0.7, ""support_ready_position_max"": 0.4, ""tail_volume_ratio_max"": 0.75}, ""breakout_extended_max_pct"": 0.08, ""buy_zone_valid_days"": 3, ""consolidation_max_days"": 40, ""consolidation_min_days"": 5, ""cup_depth_max"": 0.35, ""cup_depth_min"": 0.12, ""enable_market_filter"": true, ""enabled"": true, ""expired_cooldown_days"": 5, ""failed_cooldown_days"": 10, ""key_min_score"": 75, ""kline_days"": 1100, ""limit_up_volume_ratio"": 1.5, ""low_volume_limit_up_min_ratio"": 0.6, ""ma50_min_ratio"": 0.92, ""market_filter_mode"": ""downgrade"", ""max_amp_10d_a"": 0.4, ""max_amp_10d_b"": 0.35, ""max_amp_10d_s"": 0.45, ""max_amp_5d_a"": 0.22, ""max_amp_5d_b"": 0.18, ""max_amp_5d_s"": 0.25, ""max_pullback_20d_a"": -0.26, ""max_pullback_20d_b"": -0.22, ""max_pullback_20d_s"": -0.3, ""max_watch_days"": 10, ""min_avg_amount_10d_yi"": 5, ""min_avg_amount_30d_yi"": 5, ""min_avg_amount_60d_yi"": 3, ""min_relative_strength_20"": 0.1, ""minimum_trading_days"": 500, ""near_120d_high_ratio"": 0.98, ""normal_start_close_position"": 0.65, ""normal_start_min_amount_yi"": 2, ""normal_start_return"": 0.07, ""normal_start_self_amount_percentile"": 0.9, ""normal_start_volume_ratio"": 2.0, ""pattern_filter_enabled"": true, ""pattern_filter_mode"": ""score_only"", ""pattern_pivot_proximity_pct"": 0.05, ""platform_max_range"": 0.12, ""ready_min_score"": 85, ""rr2_min_key"": 2.0, ""rr2_min_ready"": 2.5, ""rr2_min_watch"": 1.5, ""start_age_max_days"": 60, ""start_age_min_days"": 5, ""start_lookback_days"": 60, ""stop_atr_multiplier"": 0.8, ""stop_key_support_pct"": 0.03, ""support_cluster_atr_multiplier"": 0.5, ""support_cluster_price_pct"": 0.015, ""support_test_lookback"": 10, ""support_zone_atr_multiplier"": 0.3, ""support_zone_price_pct"": 0.01, ""tail_close_range_5"": 0.08, ""tail_min_return_3"": -0.04, ""tail_min_return_5"": -0.06, ""tail_strong_volume_ratio_5_20"": 0.6, ""tail_volume_ratio_5_20"": 0.75, ""tail_window_days"": 5, ""target_2_cap_pct"": 0.35, ""vcp_contraction_range_ratio"": 0.9, ""vcp_contraction_volume_ratio"": 0.9, ""vcp_min_first_range"": 0.08, ""watch_min_score"": 60}","{""avg_loss_r"": 1.01225875, ""avg_net_return"": -0.08651405250000001, ""avg_win_r"": 0.0, ""expectancy_r"": -1.01225875, ""losses"": 4, ""max_drawdown"": 0.042820698355999894, ""median_net_return"": -0.090341385, ""net_profit"": -642.241456, ""net_return"": -0.04282069835599989, ""profit_factor"": 0.0, ""single_month_profit_concentration"": 0.0, ""top5_profit_concentration"": 0.0, ""trades"": 4, ""win_rate"": 0.0, ""wins"": 0}"
s6opt-comprehensive-fe84532,box_compact,s6trial-23b9ea74a1c35410,OAT,s6ps-a5f206108d75f4eb,s6ps-71bdb4dbb9c5c096,COMPLETED_WITH_SKIPS,s6bt-bd2f4e3c6dd53271a844,,,"{""absolute_max_amp_10d"": 0.5, ""absolute_max_pullback_20d"": -0.35, ""amount10_vs_30_min_ratio"": 0.8, ""big_down_return"": -0.07, ""big_down_volume_ratio"": 1.5, ""box_tail"": {""breakout_ready_position_min"": 0.75, ""broken_close_tolerance"": 0.03, ""compact_kline"": {""atr_contraction_ratio_max"": 0.65, ""avg_body_ratio_max"": 0.025, ""close_range_max"": 0.05, ""enabled"": true, ""max_body_ratio_max"": 0.04, ""max_gap_ratio"": 0.03, ""min_overlap_pair_count"": 3, ""min_overlap_ratio"": 0.5, ""premium_atr_contraction_ratio_max"": 0.65, ""premium_avg_body_ratio_max"": 0.018, ""premium_close_range_max"": 0.03, ""premium_overlap_ratio"": 0.65, ""window_days"": 5}, ""current_close_high_tolerance"": 0.03, ""current_close_low_tolerance"": 0.03, ""enabled"": true, ""low_test_close_tolerance_down"": 0.02, ""low_test_tolerance_up"": 0.02, ""max_box_days"": 30, ""max_volume_contraction_ratio"": 0.85, ""min_box_days"": 5, ""min_box_low_test_count"": 2, ""min_center_shift"": -0.03, ""normal_box_width_max"": 0.18, ""premium_box_width_max"": 0.12, ""premium_center_shift"": 0.0, ""premium_tail_volume_ratio_max"": 0.6, ""premium_volume_contraction_ratio"": 0.7, ""support_ready_position_max"": 0.4, ""tail_volume_ratio_max"": 0.75}, ""breakout_extended_max_pct"": 0.08, ""buy_zone_valid_days"": 3, ""consolidation_max_days"": 40, ""consolidation_min_days"": 5, ""cup_depth_max"": 0.35, ""cup_depth_min"": 0.12, ""enable_market_filter"": true, ""enabled"": true, ""expired_cooldown_days"": 5, ""failed_cooldown_days"": 10, ""key_min_score"": 75, ""kline_days"": 1100, ""limit_up_volume_ratio"": 1.5, ""low_volume_limit_up_min_ratio"": 0.6, ""ma50_min_ratio"": 0.92, ""market_filter_mode"": ""downgrade"", ""max_amp_10d_a"": 0.4, ""max_amp_10d_b"": 0.35, ""max_amp_10d_s"": 0.45, ""max_amp_5d_a"": 0.22, ""max_amp_5d_b"": 0.18, ""max_amp_5d_s"": 0.25, ""max_pullback_20d_a"": -0.26, ""max_pullback_20d_b"": -0.22, ""max_pullback_20d_s"": -0.3, ""max_watch_days"": 10, ""min_avg_amount_10d_yi"": 5, ""min_avg_amount_30d_yi"": 5, ""min_avg_amount_60d_yi"": 3, ""min_relative_strength_20"": 0.1, ""minimum_trading_days"": 500, ""near_120d_high_ratio"": 0.98, ""normal_start_close_position"": 0.65, ""normal_start_min_amount_yi"": 2, ""normal_start_return"": 0.07, ""normal_start_self_amount_percentile"": 0.9, ""normal_start_volume_ratio"": 2.0, ""pattern_filter_enabled"": true, ""pattern_filter_mode"": ""score_only"", ""pattern_pivot_proximity_pct"": 0.05, ""platform_max_range"": 0.12, ""ready_min_score"": 85, ""rr2_min_key"": 2.0, ""rr2_min_ready"": 2.5, ""rr2_min_watch"": 1.5, ""start_age_max_days"": 60, ""start_age_min_days"": 5, ""start_lookback_days"": 60, ""stop_atr_multiplier"": 0.8, ""stop_key_support_pct"": 0.03, ""support_cluster_atr_multiplier"": 0.5, ""support_cluster_price_pct"": 0.015, ""support_test_lookback"": 10, ""support_zone_atr_multiplier"": 0.3, ""support_zone_price_pct"": 0.01, ""tail_close_range_5"": 0.08, ""tail_min_return_3"": -0.04, ""tail_min_return_5"": -0.06, ""tail_strong_volume_ratio_5_20"": 0.6, ""tail_volume_ratio_5_20"": 0.75, ""tail_window_days"": 5, ""target_2_cap_pct"": 0.35, ""vcp_contraction_range_ratio"": 0.9, ""vcp_contraction_volume_ratio"": 0.9, ""vcp_min_first_range"": 0.08, ""watch_min_score"": 60}","{""avg_loss_r"": 1.01225875, ""avg_net_return"": -0.08651405250000001, ""avg_win_r"": 0.0, ""expectancy_r"": -1.01225875, ""losses"": 4, ""max_drawdown"": 0.042820698355999894, ""median_net_return"": -0.090341385, ""net_profit"": -642.241456, ""net_return"": -0.04282069835599989, ""profit_factor"": 0.0, ""single_month_profit_concentration"": 0.0, ""top5_profit_concentration"": 0.0, ""trades"": 4, ""win_rate"": 0.0, ""wins"": 0}"
s6opt-comprehensive-fe84532,box_compact,s6trial-292f7fe8e6bb6afe,OAT,s6ps-ba5b2de7ed05e2f1,s6ps-71bdb4dbb9c5c096,COMPLETED_WITH_SKIPS,s6bt-6cfcf6191b265cfc5a05,,,"{""absolute_max_amp_10d"": 0.5, ""absolute_max_pullback_20d"": -0.35, ""amount10_vs_30_min_ratio"": 0.8, ""big_down_return"": -0.07, ""big_down_volume_ratio"": 1.5, ""box_tail"": {""breakout_ready_position_min"": 0.75, ""broken_close_tolerance"": 0.03, ""compact_kline"": {""atr_contraction_ratio_max"": 0.8, ""avg_body_ratio_max"": 0.025, ""close_range_max"": 0.05, ""enabled"": true, ""max_body_ratio_max"": 0.04, ""max_gap_ratio"": 0.03, ""min_overlap_pair_count"": 4, ""min_overlap_ratio"": 0.5, ""premium_atr_contraction_ratio_max"": 0.65, ""premium_avg_body_ratio_max"": 0.018, ""premium_close_range_max"": 0.03, ""premium_overlap_ratio"": 0.65, ""window_days"": 5}, ""current_close_high_tolerance"": 0.03, ""current_close_low_tolerance"": 0.03, ""enabled"": true, ""low_test_close_tolerance_down"": 0.02, ""low_test_tolerance_up"": 0.02, ""max_box_days"": 30, ""max_volume_contraction_ratio"": 0.85, ""min_box_days"": 5, ""min_box_low_test_count"": 2, ""min_center_shift"": -0.03, ""normal_box_width_max"": 0.18, ""premium_box_width_max"": 0.12, ""premium_center_shift"": 0.0, ""premium_tail_volume_ratio_max"": 0.6, ""premium_volume_contraction_ratio"": 0.7, ""support_ready_position_max"": 0.4, ""tail_volume_ratio_max"": 0.75}, ""breakout_extended_max_pct"": 0.08, ""buy_zone_valid_days"": 3, ""consolidation_max_days"": 40, ""consolidation_min_days"": 5, ""cup_depth_max"": 0.35, ""cup_depth_min"": 0.12, ""enable_market_filter"": true, ""enabled"": true, ""expired_cooldown_days"": 5, ""failed_cooldown_days"": 10, ""key_min_score"": 75, ""kline_days"": 1100, ""limit_up_volume_ratio"": 1.5, ""low_volume_limit_up_min_ratio"": 0.6, ""ma50_min_ratio"": 0.92, ""market_filter_mode"": ""downgrade"", ""max_amp_10d_a"": 0.4, ""max_amp_10d_b"": 0.35, ""max_amp_10d_s"": 0.45, ""max_amp_5d_a"": 0.22, ""max_amp_5d_b"": 0.18, ""max_amp_5d_s"": 0.25, ""max_pullback_20d_a"": -0.26, ""max_pullback_20d_b"": -0.22, ""max_pullback_20d_s"": -0.3, ""max_watch_days"": 10, ""min_avg_amount_10d_yi"": 5, ""min_avg_amount_30d_yi"": 5, ""min_avg_amount_60d_yi"": 3, ""min_relative_strength_20"": 0.1, ""minimum_trading_days"": 500, ""near_120d_high_ratio"": 0.98, ""normal_start_close_position"": 0.65, ""normal_start_min_amount_yi"": 2, ""normal_start_return"": 0.07, ""normal_start_self_amount_percentile"": 0.9, ""normal_start_volume_ratio"": 2.0, ""pattern_filter_enabled"": true, ""pattern_filter_mode"": ""score_only"", ""pattern_pivot_proximity_pct"": 0.05, ""platform_max_range"": 0.12, ""ready_min_score"": 85, ""rr2_min_key"": 2.0, ""rr2_min_ready"": 2.5, ""rr2_min_watch"": 1.5, ""start_age_max_days"": 60, ""start_age_min_days"": 5, ""start_lookback_days"": 60, ""stop_atr_multiplier"": 0.8, ""stop_key_support_pct"": 0.03, ""support_cluster_atr_multiplier"": 0.5, ""support_cluster_price_pct"": 0.015, ""support_test_lookback"": 10, ""support_zone_atr_multiplier"": 0.3, ""support_zone_price_pct"": 0.01, ""tail_close_range_5"": 0.08, ""tail_min_return_3"": -0.04, ""tail_min_return_5"": -0.06, ""tail_strong_volume_ratio_5_20"": 0.6, ""tail_volume_ratio_5_20"": 0.75, ""tail_window_days"": 5, ""target_2_cap_pct"": 0.35, ""vcp_contraction_range_ratio"": 0.9, ""vcp_contraction_volume_ratio"": 0.9, ""vcp_min_first_range"": 0.08, ""watch_min_score"": 60}","{""avg_loss_r"": 1.01225875, ""avg_net_return"": -0.08651405250000001, ""avg_win_r"": 0.0, ""expectancy_r"": -1.01225875, ""losses"": 4, ""max_drawdown"": 0.042820698355999894, ""median_net_return"": -0.090341385, ""net_profit"": -642.241456, ""net_return"": -0.04282069835599989, ""profit_factor"": 0.0, ""single_month_profit_concentration"": 0.0, ""top5_profit_concentration"": 0.0, ""trades"": 4, ""win_rate"": 0.0, ""wins"": 0}"
s6opt-comprehensive-fe84532,box_compact,s6trial-2d333a2b376f37a3,OAT,s6ps-44f58f5896070c13,s6ps-71bdb4dbb9c5c096,COMPLETED_WITH_SKIPS,s6bt-83e680ba3fab447017ef,,,"{""absolute_max_amp_10d"": 0.5, ""absolute_max_pullback_20d"": -0.35, ""amount10_vs_30_min_ratio"": 0.8, ""big_down_return"": -0.07, ""big_down_volume_ratio"": 1.5, ""box_tail"": {""breakout_ready_position_min"": 0.75, ""broken_close_tolerance"": 0.03, ""compact_kline"": {""atr_contraction_ratio_max"": 0.8, ""avg_body_ratio_max"": 0.035, ""close_range_max"": 0.05, ""enabled"": true, ""max_body_ratio_max"": 0.04, ""max_gap_ratio"": 0.03, ""min_overlap_pair_count"": 3, ""min_overlap_ratio"": 0.5, ""premium_atr_contraction_ratio_max"": 0.65, ""premium_avg_body_ratio_max"": 0.018, ""premium_close_range_max"": 0.03, ""premium_overlap_ratio"": 0.65, ""window_days"": 5}, ""current_close_high_tolerance"": 0.03, ""current_close_low_tolerance"": 0.03, ""enabled"": true, ""low_test_close_tolerance_down"": 0.02, ""low_test_tolerance_up"": 0.02, ""max_box_days"": 30, ""max_volume_contraction_ratio"": 0.85, ""min_box_days"": 5, ""min_box_low_test_count"": 2, ""min_center_shift"": -0.03, ""normal_box_width_max"": 0.18, ""premium_box_width_max"": 0.12, ""premium_center_shift"": 0.0, ""premium_tail_volume_ratio_max"": 0.6, ""premium_volume_contraction_ratio"": 0.7, ""support_ready_position_max"": 0.4, ""tail_volume_ratio_max"": 0.75}, ""breakout_extended_max_pct"": 0.08, ""buy_zone_valid_days"": 3, ""consolidation_max_days"": 40, ""consolidation_min_days"": 5, ""cup_depth_max"": 0.35, ""cup_depth_min"": 0.12, ""enable_market_filter"": true, ""enabled"": true, ""expired_cooldown_days"": 5, ""failed_cooldown_days"": 10, ""key_min_score"": 75, ""kline_days"": 1100, ""limit_up_volume_ratio"": 1.5, ""low_volume_limit_up_min_ratio"": 0.6, ""ma50_min_ratio"": 0.92, ""market_filter_mode"": ""downgrade"", ""max_amp_10d_a"": 0.4, ""max_amp_10d_b"": 0.35, ""max_amp_10d_s"": 0.45, ""max_amp_5d_a"": 0.22, ""max_amp_5d_b"": 0.18, ""max_amp_5d_s"": 0.25, ""max_pullback_20d_a"": -0.26, ""max_pullback_20d_b"": -0.22, ""max_pullback_20d_s"": -0.3, ""max_watch_days"": 10, ""min_avg_amount_10d_yi"": 5, ""min_avg_amount_30d_yi"": 5, ""min_avg_amount_60d_yi"": 3, ""min_relative_strength_20"": 0.1, ""minimum_trading_days"": 500, ""near_120d_high_ratio"": 0.98, ""normal_start_close_position"": 0.65, ""normal_start_min_amount_yi"": 2, ""normal_start_return"": 0.07, ""normal_start_self_amount_percentile"": 0.9, ""normal_start_volume_ratio"": 2.0, ""pattern_filter_enabled"": true, ""pattern_filter_mode"": ""score_only"", ""pattern_pivot_proximity_pct"": 0.05, ""platform_max_range"": 0.12, ""ready_min_score"": 85, ""rr2_min_key"": 2.0, ""rr2_min_ready"": 2.5, ""rr2_min_watch"": 1.5, ""start_age_max_days"": 60, ""start_age_min_days"": 5, ""start_lookback_days"": 60, ""stop_atr_multiplier"": 0.8, ""stop_key_support_pct"": 0.03, ""support_cluster_atr_multiplier"": 0.5, ""support_cluster_price_pct"": 0.015, ""support_test_lookback"": 10, ""support_zone_atr_multiplier"": 0.3, ""support_zone_price_pct"": 0.01, ""tail_close_range_5"": 0.08, ""tail_min_return_3"": -0.04, ""tail_min_return_5"": -0.06, ""tail_strong_volume_ratio_5_20"": 0.6, ""tail_volume_ratio_5_20"": 0.75, ""tail_window_days"": 5, ""target_2_cap_pct"": 0.35, ""vcp_contraction_range_ratio"": 0.9, ""vcp_contraction_volume_ratio"": 0.9, ""vcp_min_first_range"": 0.08, ""watch_min_score"": 60}","{""avg_loss_r"": 1.01225875, ""avg_net_return"": -0.08651405250000001, ""avg_win_r"": 0.0, ""expectancy_r"": -1.01225875, ""losses"": 4, ""max_drawdown"": 0.042820698355999894, ""median_net_return"": -0.090341385, ""net_profit"": -642.241456, ""net_return"": -0.04282069835599989, ""profit_factor"": 0.0, ""single_month_profit_concentration"": 0.0, ""top5_profit_concentration"": 0.0, ""trades"": 4, ""win_rate"": 0.0, ""wins"": 0}"
s6opt-comprehensive-fe84532,box_compact,s6trial-326493123338b053,OAT,s6ps-969d836862f434a6,s6ps-71bdb4dbb9c5c096,COMPLETED_WITH_SKIPS,s6bt-2b9e1875df135e1e8fc1,,,"{""absolute_max_amp_10d"": 0.5, ""absolute_max_pullback_20d"": -0.35, ""amount10_vs_30_min_ratio"": 0.8, ""big_down_return"": -0.07, ""big_down_volume_ratio"": 1.5, ""box_tail"": {""breakout_ready_position_min"": 0.75, ""broken_close_tolerance"": 0.02, ""compact_kline"": {""atr_contraction_ratio_max"": 0.8, ""avg_body_ratio_max"": 0.025, ""close_range_max"": 0.05, ""enabled"": true, ""max_body_ratio_max"": 0.04, ""max_gap_ratio"": 0.03, ""min_overlap_pair_count"": 3, ""min_overlap_ratio"": 0.5, ""premium_atr_contraction_ratio_max"": 0.65, ""premium_avg_body_ratio_max"": 0.018, ""premium_close_range_max"": 0.03, ""premium_overlap_ratio"": 0.65, ""window_days"": 5}, ""current_close_high_tolerance"": 0.03, ""current_close_low_tolerance"": 0.03, ""enabled"": true, ""low_test_close_tolerance_down"": 0.02, ""low_test_tolerance_up"": 0.02, ""max_box_days"": 30, ""max_volume_contraction_ratio"": 0.85, ""min_box_days"": 5, ""min_box_low_test_count"": 2, ""min_center_shift"": -0.03, ""normal_box_width_max"": 0.18, ""premium_box_width_max"": 0.12, ""premium_center_shift"": 0.0, ""premium_tail_volume_ratio_max"": 0.6, ""premium_volume_contraction_ratio"": 0.7, ""support_ready_position_max"": 0.4, ""tail_volume_ratio_max"": 0.75}, ""breakout_extended_max_pct"": 0.08, ""buy_zone_valid_days"": 3, ""consolidation_max_days"": 40, ""consolidation_min_days"": 5, ""cup_depth_max"": 0.35, ""cup_depth_min"": 0.12, ""enable_market_filter"": true, ""enabled"": true, ""expired_cooldown_days"": 5, ""failed_cooldown_days"": 10, ""key_min_score"": 75, ""kline_days"": 1100, ""limit_up_volume_ratio"": 1.5, ""low_volume_limit_up_min_ratio"": 0.6, ""ma50_min_ratio"": 0.92, ""market_filter_mode"": ""downgrade"", ""max_amp_10d_a"": 0.4, ""max_amp_10d_b"": 0.35, ""max_amp_10d_s"": 0.45, ""max_amp_5d_a"": 0.22, ""max_amp_5d_b"": 0.18, ""max_amp_5d_s"": 0.25, ""max_pullback_20d_a"": -0.26, ""max_pullback_20d_b"": -0.22, ""max_pullback_20d_s"": -0.3, ""max_watch_days"": 10, ""min_avg_amount_10d_yi"": 5, ""min_avg_amount_30d_yi"": 5, ""min_avg_amount_60d_yi"": 3, ""min_relative_strength_20"": 0.1, ""minimum_trading_days"": 500, ""near_120d_high_ratio"": 0.98, ""normal_start_close_position"": 0.65, ""normal_start_min_amount_yi"": 2, ""normal_start_return"": 0.07, ""normal_start_self_amount_percentile"": 0.9, ""normal_start_volume_ratio"": 2.0, ""pattern_filter_enabled"": true, ""pattern_filter_mode"": ""score_only"", ""pattern_pivot_proximity_pct"": 0.05, ""platform_max_range"": 0.12, ""ready_min_score"": 85, ""rr2_min_key"": 2.0, ""rr2_min_ready"": 2.5, ""rr2_min_watch"": 1.5, ""start_age_max_days"": 60, ""start_age_min_days"": 5, ""start_lookback_days"": 60, ""stop_atr_multiplier"": 0.8, ""stop_key_support_pct"": 0.03, ""support_cluster_atr_multiplier"": 0.5, ""support_cluster_price_pct"": 0.015, ""support_test_lookback"": 10, ""support_zone_atr_multiplier"": 0.3, ""support_zone_price_pct"": 0.01, ""tail_close_range_5"": 0.08, ""tail_min_return_3"": -0.04, ""tail_min_return_5"": -0.06, ""tail_strong_volume_ratio_5_20"": 0.6, ""tail_volume_ratio_5_20"": 0.75, ""tail_window_days"": 5, ""target_2_cap_pct"": 0.35, ""vcp_contraction_range_ratio"": 0.9, ""vcp_contraction_volume_ratio"": 0.9, ""vcp_min_first_range"": 0.08, ""watch_min_score"": 60}","{""avg_loss_r"": 1.01225875, ""avg_net_return"": -0.08651405250000001, ""avg_win_r"": 0.0, ""expectancy_r"": -1.01225875, ""losses"": 4, ""max_drawdown"": 0.042820698355999894, ""median_net_return"": -0.090341385, ""net_profit"": -642.241456, ""net_return"": -0.04282069835599989, ""profit_factor"": 0.0, ""single_month_profit_concentration"": 0.0, ""top5_profit_concentration"": 0.0, ""trades"": 4, ""win_rate"": 0.0, ""wins"": 0}"
s6opt-comprehensive-fe84532,box_compact,s6trial-3663525ffbeeb74e,OAT,s6ps-7276800f24854483,s6ps-71bdb4dbb9c5c096,COMPLETED_WITH_SKIPS,s6bt-f08fbf83ce9ae439ce80,,,"{""absolute_max_amp_10d"": 0.5, ""absolute_max_pullback_20d"": -0.35, ""amount10_vs_30_min_ratio"": 0.8, ""big_down_return"": -0.07, ""big_down_volume_ratio"": 1.5, ""box_tail"": {""breakout_ready_position_min"": 0.75, ""broken_close_tolerance"": 0.03, ""compact_kline"": {""atr_contraction_ratio_max"": 0.8, ""avg_body_ratio_max"": 0.025, ""close_range_max"": 0.05, ""enabled"": true, ""max_body_ratio_max"": 0.04, ""max_gap_ratio"": 0.03, ""min_overlap_pair_count"": 3, ""min_overlap_ratio"": 0.4, ""premium_atr_contraction_ratio_max"": 0.65, ""premium_avg_body_ratio_max"": 0.018, ""premium_close_range_max"": 0.03, ""premium_overlap_ratio"": 0.65, ""window_days"": 5}, ""current_close_high_tolerance"": 0.03, ""current_close_low_tolerance"": 0.03, ""enabled"": true, ""low_test_close_tolerance_down"": 0.02, ""low_test_tolerance_up"": 0.02, ""max_box_days"": 30, ""max_volume_contraction_ratio"": 0.85, ""min_box_days"": 5, ""min_box_low_test_count"": 2, ""min_center_shift"": -0.03, ""normal_box_width_max"": 0.18, ""premium_box_width_max"": 0.12, ""premium_center_shift"": 0.0, ""premium_tail_volume_ratio_max"": 0.6, ""premium_volume_contraction_ratio"": 0.7, ""support_ready_position_max"": 0.4, ""tail_volume_ratio_max"": 0.75}, ""breakout_extended_max_pct"": 0.08, ""buy_zone_valid_days"": 3, ""consolidation_max_days"": 40, ""consolidation_min_days"": 5, ""cup_depth_max"": 0.35, ""cup_depth_min"": 0.12, ""enable_market_filter"": true, ""enabled"": true, ""expired_cooldown_days"": 5, ""failed_cooldown_days"": 10, ""key_min_score"": 75, ""kline_days"": 1100, ""limit_up_volume_ratio"": 1.5, ""low_volume_limit_up_min_ratio"": 0.6, ""ma50_min_ratio"": 0.92, ""market_filter_mode"": ""downgrade"", ""max_amp_10d_a"": 0.4, ""max_amp_10d_b"": 0.35, ""max_amp_10d_s"": 0.45, ""max_amp_5d_a"": 0.22, ""max_amp_5d_b"": 0.18, ""max_amp_5d_s"": 0.25, ""max_pullback_20d_a"": -0.26, ""max_pullback_20d_b"": -0.22, ""max_pullback_20d_s"": -0.3, ""max_watch_days"": 10, ""min_avg_amount_10d_yi"": 5, ""min_avg_amount_30d_yi"": 5, ""min_avg_amount_60d_yi"": 3, ""min_relative_strength_20"": 0.1, ""minimum_trading_days"": 500, ""near_120d_high_ratio"": 0.98, ""normal_start_close_position"": 0.65, ""normal_start_min_amount_yi"": 2, ""normal_start_return"": 0.07, ""normal_start_self_amount_percentile"": 0.9, ""normal_start_volume_ratio"": 2.0, ""pattern_filter_enabled"": true, ""pattern_filter_mode"": ""score_only"", ""pattern_pivot_proximity_pct"": 0.05, ""platform_max_range"": 0.12, ""ready_min_score"": 85, ""rr2_min_key"": 2.0, ""rr2_min_ready"": 2.5, ""rr2_min_watch"": 1.5, ""start_age_max_days"": 60, ""start_age_min_days"": 5, ""start_lookback_days"": 60, ""stop_atr_multiplier"": 0.8, ""stop_key_support_pct"": 0.03, ""support_cluster_atr_multiplier"": 0.5, ""support_cluster_price_pct"": 0.015, ""support_test_lookback"": 10, ""support_zone_atr_multiplier"": 0.3, ""support_zone_price_pct"": 0.01, ""tail_close_range_5"": 0.08, ""tail_min_return_3"": -0.04, ""tail_min_return_5"": -0.06, ""tail_strong_volume_ratio_5_20"": 0.6, ""tail_volume_ratio_5_20"": 0.75, ""tail_window_days"": 5, ""target_2_cap_pct"": 0.35, ""vcp_contraction_range_ratio"": 0.9, ""vcp_contraction_volume_ratio"": 0.9, ""vcp_min_first_range"": 0.08, ""watch_min_score"": 60}","{""avg_loss_r"": 1.01225875, ""avg_net_return"": -0.08651405250000001, ""avg_win_r"": 0.0, ""expectancy_r"": -1.01225875, ""losses"": 4, ""max_drawdown"": 0.042820698355999894, ""median_net_return"": -0.090341385, ""net_profit"": -642.241456, ""net_return"": -0.04282069835599989, ""profit_factor"": 0.0, ""single_month_profit_concentration"": 0.0, ""top5_profit_concentration"": 0.0, ""trades"": 4, ""win_rate"": 0.0, ""wins"": 0}"
s6opt-comprehensive-fe84532,box_compact,s6trial-44a9c1ed0f354abc,OAT,s6ps-d2d4c9859087181c,s6ps-71bdb4dbb9c5c096,COMPLETED_WITH_SKIPS,s6bt-cbfdd5ce7a0883e00c31,,,"{""absolute_max_amp_10d"": 0.5, ""absolute_max_pullback_20d"": -0.35, ""amount10_vs_30_min_ratio"": 0.8, ""big_down_return"": -0.07, ""big_down_volume_ratio"": 1.5, ""box_tail"": {""breakout_ready_position_min"": 0.75, ""broken_close_tolerance"": 0.05, ""compact_kline"": {""atr_contraction_ratio_max"": 0.8, ""avg_body_ratio_max"": 0.025, ""close_range_max"": 0.05, ""enabled"": true, ""max_body_ratio_max"": 0.04, ""max_gap_ratio"": 0.03, ""min_overlap_pair_count"": 3, ""min_overlap_ratio"": 0.5, ""premium_atr_contraction_ratio_max"": 0.65, ""premium_avg_body_ratio_max"": 0.018, ""premium_close_range_max"": 0.03, ""premium_overlap_ratio"": 0.65, ""window_days"": 5}, ""current_close_high_tolerance"": 0.03, ""current_close_low_tolerance"": 0.03, ""enabled"": true, ""low_test_close_tolerance_down"": 0.02, ""low_test_tolerance_up"": 0.02, ""max_box_days"": 30, ""max_volume_contraction_ratio"": 0.85, ""min_box_days"": 5, ""min_box_low_test_count"": 2, ""min_center_shift"": -0.03, ""normal_box_width_max"": 0.18, ""premium_box_width_max"": 0.12, ""premium_center_shift"": 0.0, ""premium_tail_volume_ratio_max"": 0.6, ""premium_volume_contraction_ratio"": 0.7, ""support_ready_position_max"": 0.4, ""tail_volume_ratio_max"": 0.75}, ""breakout_extended_max_pct"": 0.08, ""buy_zone_valid_days"": 3, ""consolidation_max_days"": 40, ""consolidation_min_days"": 5, ""cup_depth_max"": 0.35, ""cup_depth_min"": 0.12, ""enable_market_filter"": true, ""enabled"": true, ""expired_cooldown_days"": 5, ""failed_cooldown_days"": 10, ""key_min_score"": 75, ""kline_days"": 1100, ""limit_up_volume_ratio"": 1.5, ""low_volume_limit_up_min_ratio"": 0.6, ""ma50_min_ratio"": 0.92, ""market_filter_mode"": ""downgrade"", ""max_amp_10d_a"": 0.4, ""max_amp_10d_b"": 0.35, ""max_amp_10d_s"": 0.45, ""max_amp_5d_a"": 0.22, ""max_amp_5d_b"": 0.18, ""max_amp_5d_s"": 0.25, ""max_pullback_20d_a"": -0.26, ""max_pullback_20d_b"": -0.22, ""max_pullback_20d_s"": -0.3, ""max_watch_days"": 10, ""min_avg_amount_10d_yi"": 5, ""min_avg_amount_30d_yi"": 5, ""min_avg_amount_60d_yi"": 3, ""min_relative_strength_20"": 0.1, ""minimum_trading_days"": 500, ""near_120d_high_ratio"": 0.98, ""normal_start_close_position"": 0.65, ""normal_start_min_amount_yi"": 2, ""normal_start_return"": 0.07, ""normal_start_self_amount_percentile"": 0.9, ""normal_start_volume_ratio"": 2.0, ""pattern_filter_enabled"": true, ""pattern_filter_mode"": ""score_only"", ""pattern_pivot_proximity_pct"": 0.05, ""platform_max_range"": 0.12, ""ready_min_score"": 85, ""rr2_min_key"": 2.0, ""rr2_min_ready"": 2.5, ""rr2_min_watch"": 1.5, ""start_age_max_days"": 60, ""start_age_min_days"": 5, ""start_lookback_days"": 60, ""stop_atr_multiplier"": 0.8, ""stop_key_support_pct"": 0.03, ""support_cluster_atr_multiplier"": 0.5, ""support_cluster_price_pct"": 0.015, ""support_test_lookback"": 10, ""support_zone_atr_multiplier"": 0.3, ""support_zone_price_pct"": 0.01, ""tail_close_range_5"": 0.08, ""tail_min_return_3"": -0.04, ""tail_min_return_5"": -0.06, ""tail_strong_volume_ratio_5_20"": 0.6, ""tail_volume_ratio_5_20"": 0.75, ""tail_window_days"": 5, ""target_2_cap_pct"": 0.35, ""vcp_contraction_range_ratio"": 0.9, ""vcp_contraction_volume_ratio"": 0.9, ""vcp_min_first_range"": 0.08, ""watch_min_score"": 60}","{""avg_loss_r"": 1.01225875, ""avg_net_return"": -0.08651405250000001, ""avg_win_r"": 0.0, ""expectancy_r"": -1.01225875, ""losses"": 4, ""max_drawdown"": 0.042820698355999894, ""median_net_return"": -0.090341385, ""net_profit"": -642.241456, ""net_return"": -0.04282069835599989, ""profit_factor"": 0.0, ""single_month_profit_concentration"": 0.0, ""top5_profit_concentration"": 0.0, ""trades"": 4, ""win_rate"": 0.0, ""wins"": 0}"
s6opt-comprehensive-fe84532,box_compact,s6trial-46ec43d840bc6819,OAT,s6ps-2ce22794efade744,s6ps-71bdb4dbb9c5c096,COMPLETED_WITH_SKIPS,s6bt-6f1aa80c0fd8f14c70ca,,,"{""absolute_max_amp_10d"": 0.5, ""absolute_max_pullback_20d"": -0.35, ""amount10_vs_30_min_ratio"": 0.8, ""big_down_return"": -0.07, ""big_down_volume_ratio"": 1.5, ""box_tail"": {""breakout_ready_position_min"": 0.75, ""broken_close_tolerance"": 0.03, ""compact_kline"": {""atr_contraction_ratio_max"": 0.8, ""avg_body_ratio_max"": 0.025, ""close_range_max"": 0.05, ""enabled"": true, ""max_body_ratio_max"": 0.04, ""max_gap_ratio"": 0.03, ""min_overlap_pair_count"": 3, ""min_overlap_ratio"": 0.5, ""premium_atr_contraction_ratio_max"": 0.65, ""premium_avg_body_ratio_max"": 0.018, ""premium_close_range_max"": 0.03, ""premium_overlap_ratio"": 0.65, ""window_days"": 5}, ""current_close_high_tolerance"": 0.03, ""current_close_low_tolerance"": 0.03, ""enabled"": true, ""low_test_close_tolerance_down"": 0.02, ""low_test_tolerance_up"": 0.02, ""max_box_days"": 30, ""max_volume_contraction_ratio"": 0.85, ""min_box_days"": 5, ""min_box_low_test_count"": 2, ""min_center_shift"": -0.03, ""normal_box_width_max"": 0.18, ""premium_box_width_max"": 0.12, ""premium_center_shift"": -0.01, ""premium_tail_volume_ratio_max"": 0.6, ""premium_volume_contraction_ratio"": 0.7, ""support_ready_position_max"": 0.4, ""tail_volume_ratio_max"": 0.75}, ""breakout_extended_max_pct"": 0.08, ""buy_zone_valid_days"": 3, ""consolidation_max_days"": 40, ""consolidation_min_days"": 5, ""cup_depth_max"": 0.35, ""cup_depth_min"": 0.12, ""enable_market_filter"": true, ""enabled"": true, ""expired_cooldown_days"": 5, ""failed_cooldown_days"": 10, ""key_min_score"": 75, ""kline_days"": 1100, ""limit_up_volume_ratio"": 1.5, ""low_volume_limit_up_min_ratio"": 0.6, ""ma50_min_ratio"": 0.92, ""market_filter_mode"": ""downgrade"", ""max_amp_10d_a"": 0.4, ""max_amp_10d_b"": 0.35, ""max_amp_10d_s"": 0.45, ""max_amp_5d_a"": 0.22, ""max_amp_5d_b"": 0.18, ""max_amp_5d_s"": 0.25, ""max_pullback_20d_a"": -0.26, ""max_pullback_20d_b"": -0.22, ""max_pullback_20d_s"": -0.3, ""max_watch_days"": 10, ""min_avg_amount_10d_yi"": 5, ""min_avg_amount_30d_yi"": 5, ""min_avg_amount_60d_yi"": 3, ""min_relative_strength_20"": 0.1, ""minimum_trading_days"": 500, ""near_120d_high_ratio"": 0.98, ""normal_start_close_position"": 0.65, ""normal_start_min_amount_yi"": 2, ""normal_start_return"": 0.07, ""normal_start_self_amount_percentile"": 0.9, ""normal_start_volume_ratio"": 2.0, ""pattern_filter_enabled"": true, ""pattern_filter_mode"": ""score_only"", ""pattern_pivot_proximity_pct"": 0.05, ""platform_max_range"": 0.12, ""ready_min_score"": 85, ""rr2_min_key"": 2.0, ""rr2_min_ready"": 2.5, ""rr2_min_watch"": 1.5, ""start_age_max_days"": 60, ""start_age_min_days"": 5, ""start_lookback_days"": 60, ""stop_atr_multiplier"": 0.8, ""stop_key_support_pct"": 0.03, ""support_cluster_atr_multiplier"": 0.5, ""support_cluster_price_pct"": 0.015, ""support_test_lookback"": 10, ""support_zone_atr_multiplier"": 0.3, ""support_zone_price_pct"": 0.01, ""tail_close_range_5"": 0.08, ""tail_min_return_3"": -0.04, ""tail_min_return_5"": -0.06, ""tail_strong_volume_ratio_5_20"": 0.6, ""tail_volume_ratio_5_20"": 0.75, ""tail_window_days"": 5, ""target_2_cap_pct"": 0.35, ""vcp_contraction_range_ratio"": 0.9, ""vcp_contraction_volume_ratio"": 0.9, ""vcp_min_first_range"": 0.08, ""watch_min_score"": 60}","{""avg_loss_r"": 1.01225875, ""avg_net_return"": -0.08651405250000001, ""avg_win_r"": 0.0, ""expectancy_r"": -1.01225875, ""losses"": 4, ""max_drawdown"": 0.042820698355999894, ""median_net_return"": -0.090341385, ""net_profit"": -642.241456, ""net_return"": -0.04282069835599989, ""profit_factor"": 0.0, ""single_month_profit_concentration"": 0.0, ""top5_profit_concentration"": 0.0, ""trades"": 4, ""win_rate"": 0.0, ""wins"": 0}"
s6opt-comprehensive-fe84532,box_compact,s6trial-4abfd479f76a52b7,OAT,s6ps-88a899431776d263,s6ps-71bdb4dbb9c5c096,COMPLETED_WITH_SKIPS,s6bt-06192b61e16d716ec72a,,,"{""absolute_max_amp_10d"": 0.5, ""absolute_max_pullback_20d"": -0.35, ""amount10_vs_30_min_ratio"": 0.8, ""big_down_return"": -0.07, ""big_down_volume_ratio"": 1.5, ""box_tail"": {""breakout_ready_position_min"": 0.75, ""broken_close_tolerance"": 0.03, ""compact_kline"": {""atr_contraction_ratio_max"": 0.8, ""avg_body_ratio_max"": 0.025, ""close_range_max"": 0.05, ""enabled"": true, ""max_body_ratio_max"": 0.04, ""max_gap_ratio"": 0.03, ""min_overlap_pair_count"": 2, ""min_overlap_ratio"": 0.5, ""premium_atr_contraction_ratio_max"": 0.65, ""premium_avg_body_ratio_max"": 0.018, ""premium_close_range_max"": 0.03, ""premium_overlap_ratio"": 0.65, ""window_days"": 5}, ""current_close_high_tolerance"": 0.03, ""current_close_low_tolerance"": 0.03, ""enabled"": true, ""low_test_close_tolerance_down"": 0.02, ""low_test_tolerance_up"": 0.02, ""max_box_days"": 30, ""max_volume_contraction_ratio"": 0.85, ""min_box_days"": 5, ""min_box_low_test_count"": 2, ""min_center_shift"": -0.03, ""normal_box_width_max"": 0.18, ""premium_box_width_max"": 0.12, ""premium_center_shift"": 0.0, ""premium_tail_volume_ratio_max"": 0.6, ""premium_volume_contraction_ratio"": 0.7, ""support_ready_position_max"": 0.4, ""tail_volume_ratio_max"": 0.75}, ""breakout_extended_max_pct"": 0.08, ""buy_zone_valid_days"": 3, ""consolidation_max_days"": 40, ""consolidation_min_days"": 5, ""cup_depth_max"": 0.35, ""cup_depth_min"": 0.12, ""enable_market_filter"": true, ""enabled"": true, ""expired_cooldown_days"": 5, ""failed_cooldown_days"": 10, ""key_min_score"": 75, ""kline_days"": 1100, ""limit_up_volume_ratio"": 1.5, ""low_volume_limit_up_min_ratio"": 0.6, ""ma50_min_ratio"": 0.92, ""market_filter_mode"": ""downgrade"", ""max_amp_10d_a"": 0.4, ""max_amp_10d_b"": 0.35, ""max_amp_10d_s"": 0.45, ""max_amp_5d_a"": 0.22, ""max_amp_5d_b"": 0.18, ""max_amp_5d_s"": 0.25, ""max_pullback_20d_a"": -0.26, ""max_pullback_20d_b"": -0.22, ""max_pullback_20d_s"": -0.3, ""max_watch_days"": 10, ""min_avg_amount_10d_yi"": 5, ""min_avg_amount_30d_yi"": 5, ""min_avg_amount_60d_yi"": 3, ""min_relative_strength_20"": 0.1, ""minimum_trading_days"": 500, ""near_120d_high_ratio"": 0.98, ""normal_start_close_position"": 0.65, ""normal_start_min_amount_yi"": 2, ""normal_start_return"": 0.07, ""normal_start_self_amount_percentile"": 0.9, ""normal_start_volume_ratio"": 2.0, ""pattern_filter_enabled"": true, ""pattern_filter_mode"": ""score_only"", ""pattern_pivot_proximity_pct"": 0.05, ""platform_max_range"": 0.12, ""ready_min_score"": 85, ""rr2_min_key"": 2.0, ""rr2_min_ready"": 2.5, ""rr2_min_watch"": 1.5, ""start_age_max_days"": 60, ""start_age_min_days"": 5, ""start_lookback_days"": 60, ""stop_atr_multiplier"": 0.8, ""stop_key_support_pct"": 0.03, ""support_cluster_atr_multiplier"": 0.5, ""support_cluster_price_pct"": 0.015, ""support_test_lookback"": 10, ""support_zone_atr_multiplier"": 0.3, ""support_zone_price_pct"": 0.01, ""tail_close_range_5"": 0.08, ""tail_min_return_3"": -0.04, ""tail_min_return_5"": -0.06, ""tail_strong_volume_ratio_5_20"": 0.6, ""tail_volume_ratio_5_20"": 0.75, ""tail_window_days"": 5, ""target_2_cap_pct"": 0.35, ""vcp_contraction_range_ratio"": 0.9, ""vcp_contraction_volume_ratio"": 0.9, ""vcp_min_first_range"": 0.08, ""watch_min_score"": 60}","{""avg_loss_r"": 1.01225875, ""avg_net_return"": -0.08651405250000001, ""avg_win_r"": 0.0, ""expectancy_r"": -1.01225875, ""losses"": 4, ""max_drawdown"": 0.042820698355999894, ""median_net_return"": -0.090341385, ""net_profit"": -642.241456, ""net_return"": -0.04282069835599989, ""profit_factor"": 0.0, ""single_month_profit_concentration"": 0.0, ""top5_profit_concentration"": 0.0, ""trades"": 4, ""win_rate"": 0.0, ""wins"": 0}"
s6opt-comprehensive-fe84532,box_compact,s6trial-4c4690a8b4c1cddb,OAT,s6ps-4f8d4d2d5a070649,s6ps-71bdb4dbb9c5c096,COMPLETED_WITH_SKIPS,s6bt-3c7ef1a38ac9b147d7e7,,,"{""absolute_max_amp_10d"": 0.5, ""absolute_max_pullback_20d"": -0.35, ""amount10_vs_30_min_ratio"": 0.8, ""big_down_return"": -0.07, ""big_down_volume_ratio"": 1.5, ""box_tail"": {""breakout_ready_position_min"": 0.75, ""broken_close_tolerance"": 0.03, ""compact_kline"": {""atr_contraction_ratio_max"": 0.8, ""avg_body_ratio_max"": 0.025, ""close_range_max"": 0.05, ""enabled"": true, ""max_body_ratio_max"": 0.04, ""max_gap_ratio"": 0.03, ""min_overlap_pair_count"": 3, ""min_overlap_ratio"": 0.5, ""premium_atr_contraction_ratio_max"": 0.65, ""premium_avg_body_ratio_max"": 0.018, ""premium_close_range_max"": 0.03, ""premium_overlap_ratio"": 0.65, ""window_days"": 5}, ""current_close_high_tolerance"": 0.03, ""current_close_low_tolerance"": 0.03, ""enabled"": true, ""low_test_close_tolerance_down"": 0.02, ""low_test_tolerance_up"": 0.02, ""max_box_days"": 30, ""max_volume_contraction_ratio"": 0.9, ""min_box_days"": 5, ""min_box_low_test_count"": 2, ""min_center_shift"": -0.03, ""normal_box_width_max"": 0.18, ""premium_box_width_max"": 0.12, ""premium_center_shift"": 0.0, ""premium_tail_volume_ratio_max"": 0.6, ""premium_volume_contraction_ratio"": 0.7, ""support_ready_position_max"": 0.4, ""tail_volume_ratio_max"": 0.75}, ""breakout_extended_max_pct"": 0.08, ""buy_zone_valid_days"": 3, ""consolidation_max_days"": 40, ""consolidation_min_days"": 5, ""cup_depth_max"": 0.35, ""cup_depth_min"": 0.12, ""enable_market_filter"": true, ""enabled"": true, ""expired_cooldown_days"": 5, ""failed_cooldown_days"": 10, ""key_min_score"": 75, ""kline_days"": 1100, ""limit_up_volume_ratio"": 1.5, ""low_volume_limit_up_min_ratio"": 0.6, ""ma50_min_ratio"": 0.92, ""market_filter_mode"": ""downgrade"", ""max_amp_10d_a"": 0.4, ""max_amp_10d_b"": 0.35, ""max_amp_10d_s"": 0.45, ""max_amp_5d_a"": 0.22, ""max_amp_5d_b"": 0.18, ""max_amp_5d_s"": 0.25, ""max_pullback_20d_a"": -0.26, ""max_pullback_20d_b"": -0.22, ""max_pullback_20d_s"": -0.3, ""max_watch_days"": 10, ""min_avg_amount_10d_yi"": 5, ""min_avg_amount_30d_yi"": 5, ""min_avg_amount_60d_yi"": 3, ""min_relative_strength_20"": 0.1, ""minimum_trading_days"": 500, ""near_120d_high_ratio"": 0.98, ""normal_start_close_position"": 0.65, ""normal_start_min_amount_yi"": 2, ""normal_start_return"": 0.07, ""normal_start_self_amount_percentile"": 0.9, ""normal_start_volume_ratio"": 2.0, ""pattern_filter_enabled"": true, ""pattern_filter_mode"": ""score_only"", ""pattern_pivot_proximity_pct"": 0.05, ""platform_max_range"": 0.12, ""ready_min_score"": 85, ""rr2_min_key"": 2.0, ""rr2_min_ready"": 2.5, ""rr2_min_watch"": 1.5, ""start_age_max_days"": 60, ""start_age_min_days"": 5, ""start_lookback_days"": 60, ""stop_atr_multiplier"": 0.8, ""stop_key_support_pct"": 0.03, ""support_cluster_atr_multiplier"": 0.5, ""support_cluster_price_pct"": 0.015, ""support_test_lookback"": 10, ""support_zone_atr_multiplier"": 0.3, ""support_zone_price_pct"": 0.01, ""tail_close_range_5"": 0.08, ""tail_min_return_3"": -0.04, ""tail_min_return_5"": -0.06, ""tail_strong_volume_ratio_5_20"": 0.6, ""tail_volume_ratio_5_20"": 0.75, ""tail_window_days"": 5, ""target_2_cap_pct"": 0.35, ""vcp_contraction_range_ratio"": 0.9, ""vcp_contraction_volume_ratio"": 0.9, ""vcp_min_first_range"": 0.08, ""watch_min_score"": 60}","{""avg_loss_r"": 1.01225875, ""avg_net_return"": -0.08651405250000001, ""avg_win_r"": 0.0, ""expectancy_r"": -1.01225875, ""losses"": 4, ""max_drawdown"": 0.042820698355999894, ""median_net_return"": -0.090341385, ""net_profit"": -642.241456, ""net_return"": -0.04282069835599989, ""profit_factor"": 0.0, ""single_month_profit_concentration"": 0.0, ""top5_profit_concentration"": 0.0, ""trades"": 4, ""win_rate"": 0.0, ""wins"": 0}"
s6opt-comprehensive-fe84532,box_compact,s6trial-535e0c93fddf7ee1,OAT,s6ps-9ff8b3794c9dc939,s6ps-71bdb4dbb9c5c096,COMPLETED_WITH_SKIPS,s6bt-6d36a9d15319d3d611ce,,,"{""absolute_max_amp_10d"": 0.5, ""absolute_max_pullback_20d"": -0.35, ""amount10_vs_30_min_ratio"": 0.8, ""big_down_return"": -0.07, ""big_down_volume_ratio"": 1.5, ""box_tail"": {""breakout_ready_position_min"": 0.75, ""broken_close_tolerance"": 0.03, ""compact_kline"": {""atr_contraction_ratio_max"": 0.8, ""avg_body_ratio_max"": 0.025, ""close_range_max"": 0.05, ""enabled"": true, ""max_body_ratio_max"": 0.04, ""max_gap_ratio"": 0.03, ""min_overlap_pair_count"": 3, ""min_overlap_ratio"": 0.5, ""premium_atr_contraction_ratio_max"": 0.65, ""premium_avg_body_ratio_max"": 0.018, ""premium_close_range_max"": 0.03, ""premium_overlap_ratio"": 0.65, ""window_days"": 5}, ""current_close_high_tolerance"": 0.03, ""current_close_low_tolerance"": 0.03, ""enabled"": true, ""low_test_close_tolerance_down"": 0.02, ""low_test_tolerance_up"": 0.02, ""max_box_days"": 30, ""max_volume_contraction_ratio"": 0.85, ""min_box_days"": 5, ""min_box_low_test_count"": 2, ""min_center_shift"": -0.03, ""normal_box_width_max"": 0.18, ""premium_box_width_max"": 0.1, ""premium_center_shift"": 0.0, ""premium_tail_volume_ratio_max"": 0.6, ""premium_volume_contraction_ratio"": 0.7, ""support_ready_position_max"": 0.4, ""tail_volume_ratio_max"": 0.75}, ""breakout_extended_max_pct"": 0.08, ""buy_zone_valid_days"": 3, ""consolidation_max_days"": 40, ""consolidation_min_days"": 5, ""cup_depth_max"": 0.35, ""cup_depth_min"": 0.12, ""enable_market_filter"": true, ""enabled"": true, ""expired_cooldown_days"": 5, ""failed_cooldown_days"": 10, ""key_min_score"": 75, ""kline_days"": 1100, ""limit_up_volume_ratio"": 1.5, ""low_volume_limit_up_min_ratio"": 0.6, ""ma50_min_ratio"": 0.92, ""market_filter_mode"": ""downgrade"", ""max_amp_10d_a"": 0.4, ""max_amp_10d_b"": 0.35, ""max_amp_10d_s"": 0.45, ""max_amp_5d_a"": 0.22, ""max_amp_5d_b"": 0.18, ""max_amp_5d_s"": 0.25, ""max_pullback_20d_a"": -0.26, ""max_pullback_20d_b"": -0.22, ""max_pullback_20d_s"": -0.3, ""max_watch_days"": 10, ""min_avg_amount_10d_yi"": 5, ""min_avg_amount_30d_yi"": 5, ""min_avg_amount_60d_yi"": 3, ""min_relative_strength_20"": 0.1, ""minimum_trading_days"": 500, ""near_120d_high_ratio"": 0.98, ""normal_start_close_position"": 0.65, ""normal_start_min_amount_yi"": 2, ""normal_start_return"": 0.07, ""normal_start_self_amount_percentile"": 0.9, ""normal_start_volume_ratio"": 2.0, ""pattern_filter_enabled"": true, ""pattern_filter_mode"": ""score_only"", ""pattern_pivot_proximity_pct"": 0.05, ""platform_max_range"": 0.12, ""ready_min_score"": 85, ""rr2_min_key"": 2.0, ""rr2_min_ready"": 2.5, ""rr2_min_watch"": 1.5, ""start_age_max_days"": 60, ""start_age_min_days"": 5, ""start_lookback_days"": 60, ""stop_atr_multiplier"": 0.8, ""stop_key_support_pct"": 0.03, ""support_cluster_atr_multiplier"": 0.5, ""support_cluster_price_pct"": 0.015, ""support_test_lookback"": 10, ""support_zone_atr_multiplier"": 0.3, ""support_zone_price_pct"": 0.01, ""tail_close_range_5"": 0.08, ""tail_min_return_3"": -0.04, ""tail_min_return_5"": -0.06, ""tail_strong_volume_ratio_5_20"": 0.6, ""tail_volume_ratio_5_20"": 0.75, ""tail_window_days"": 5, ""target_2_cap_pct"": 0.35, ""vcp_contraction_range_ratio"": 0.9, ""vcp_contraction_volume_ratio"": 0.9, ""vcp_min_first_range"": 0.08, ""watch_min_score"": 60}","{""avg_loss_r"": 1.01225875, ""avg_net_return"": -0.08651405250000001, ""avg_win_r"": 0.0, ""expectancy_r"": -1.01225875, ""losses"": 4, ""max_drawdown"": 0.042820698355999894, ""median_net_return"": -0.090341385, ""net_profit"": -642.241456, ""net_return"": -0.04282069835599989, ""profit_factor"": 0.0, ""single_month_profit_concentration"": 0.0, ""top5_profit_concentration"": 0.0, ""trades"": 4, ""win_rate"": 0.0, ""wins"": 0}"
s6opt-comprehensive-fe84532,box_compact,s6trial-543bb37169a26bee,OAT,s6ps-a7301cbf75fb9ed8,s6ps-71bdb4dbb9c5c096,COMPLETED_WITH_SKIPS,s6bt-365f5fcc54bcacdf4233,,,"{""absolute_max_amp_10d"": 0.5, ""absolute_max_pullback_20d"": -0.35, ""amount10_vs_30_min_ratio"": 0.8, ""big_down_return"": -0.07, ""big_down_volume_ratio"": 1.5, ""box_tail"": {""breakout_ready_position_min"": 0.75, ""broken_close_tolerance"": 0.03, ""compact_kline"": {""atr_contraction_ratio_max"": 0.8, ""avg_body_ratio_max"": 0.025, ""close_range_max"": 0.05, ""enabled"": true, ""max_body_ratio_max"": 0.04, ""max_gap_ratio"": 0.03, ""min_overlap_pair_count"": 3, ""min_overlap_ratio"": 0.5, ""premium_atr_contraction_ratio_max"": 0.65, ""premium_avg_body_ratio_max"": 0.018, ""premium_close_range_max"": 0.03, ""premium_overlap_ratio"": 0.65, ""window_days"": 5}, ""current_close_high_tolerance"": 0.03, ""current_close_low_tolerance"": 0.03, ""enabled"": true, ""low_test_close_tolerance_down"": 0.02, ""low_test_tolerance_up"": 0.02, ""max_box_days"": 20, ""max_volume_contraction_ratio"": 0.85, ""min_box_days"": 5, ""min_box_low_test_count"": 2, ""min_center_shift"": -0.03, ""normal_box_width_max"": 0.18, ""premium_box_width_max"": 0.12, ""premium_center_shift"": 0.0, ""premium_tail_volume_ratio_max"": 0.6, ""premium_volume_contraction_ratio"": 0.7, ""support_ready_position_max"": 0.4, ""tail_volume_ratio_max"": 0.75}, ""breakout_extended_max_pct"": 0.08, ""buy_zone_valid_days"": 3, ""consolidation_max_days"": 40, ""consolidation_min_days"": 5, ""cup_depth_max"": 0.35, ""cup_depth_min"": 0.12, ""enable_market_filter"": true, ""enabled"": true, ""expired_cooldown_days"": 5, ""failed_cooldown_days"": 10, ""key_min_score"": 75, ""kline_days"": 1100, ""limit_up_volume_ratio"": 1.5, ""low_volume_limit_up_min_ratio"": 0.6, ""ma50_min_ratio"": 0.92, ""market_filter_mode"": ""downgrade"", ""max_amp_10d_a"": 0.4, ""max_amp_10d_b"": 0.35, ""max_amp_10d_s"": 0.45, ""max_amp_5d_a"": 0.22, ""max_amp_5d_b"": 0.18, ""max_amp_5d_s"": 0.25, ""max_pullback_20d_a"": -0.26, ""max_pullback_20d_b"": -0.22, ""max_pullback_20d_s"": -0.3, ""max_watch_days"": 10, ""min_avg_amount_10d_yi"": 5, ""min_avg_amount_30d_yi"": 5, ""min_avg_amount_60d_yi"": 3, ""min_relative_strength_20"": 0.1, ""minimum_trading_days"": 500, ""near_120d_high_ratio"": 0.98, ""normal_start_close_position"": 0.65, ""normal_start_min_amount_yi"": 2, ""normal_start_return"": 0.07, ""normal_start_self_amount_percentile"": 0.9, ""normal_start_volume_ratio"": 2.0, ""pattern_filter_enabled"": true, ""pattern_filter_mode"": ""score_only"", ""pattern_pivot_proximity_pct"": 0.05, ""platform_max_range"": 0.12, ""ready_min_score"": 85, ""rr2_min_key"": 2.0, ""rr2_min_ready"": 2.5, ""rr2_min_watch"": 1.5, ""start_age_max_days"": 60, ""start_age_min_days"": 5, ""start_lookback_days"": 60, ""stop_atr_multiplier"": 0.8, ""stop_key_support_pct"": 0.03, ""support_cluster_atr_multiplier"": 0.5, ""support_cluster_price_pct"": 0.015, ""support_test_lookback"": 10, ""support_zone_atr_multiplier"": 0.3, ""support_zone_price_pct"": 0.01, ""tail_close_range_5"": 0.08, ""tail_min_return_3"": -0.04, ""tail_min_return_5"": -0.06, ""tail_strong_volume_ratio_5_20"": 0.6, ""tail_volume_ratio_5_20"": 0.75, ""tail_window_days"": 5, ""target_2_cap_pct"": 0.35, ""vcp_contraction_range_ratio"": 0.9, ""vcp_contraction_volume_ratio"": 0.9, ""vcp_min_first_range"": 0.08, ""watch_min_score"": 60}","{""avg_loss_r"": 1.01225875, ""avg_net_return"": -0.08651405250000001, ""avg_win_r"": 0.0, ""expectancy_r"": -1.01225875, ""losses"": 4, ""max_drawdown"": 0.042820698355999894, ""median_net_return"": -0.090341385, ""net_profit"": -642.241456, ""net_return"": -0.04282069835599989, ""profit_factor"": 0.0, ""single_month_profit_concentration"": 0.0, ""top5_profit_concentration"": 0.0, ""trades"": 4, ""win_rate"": 0.0, ""wins"": 0}"
s6opt-comprehensive-fe84532,box_compact,s6trial-5dbd38f01fd96e07,OAT,s6ps-ad28099a9b84395d,s6ps-71bdb4dbb9c5c096,COMPLETED_WITH_SKIPS,s6bt-4b06a00edad6bc633a0c,,,"{""absolute_max_amp_10d"": 0.5, ""absolute_max_pullback_20d"": -0.35, ""amount10_vs_30_min_ratio"": 0.8, ""big_down_return"": -0.07, ""big_down_volume_ratio"": 1.5, ""box_tail"": {""breakout_ready_position_min"": 0.75, ""broken_close_tolerance"": 0.03, ""compact_kline"": {""atr_contraction_ratio_max"": 0.8, ""avg_body_ratio_max"": 0.025, ""close_range_max"": 0.05, ""enabled"": true, ""max_body_ratio_max"": 0.04, ""max_gap_ratio"": 0.03, ""min_overlap_pair_count"": 3, ""min_overlap_ratio"": 0.5, ""premium_atr_contraction_ratio_max"": 0.65, ""premium_avg_body_ratio_max"": 0.018, ""premium_close_range_max"": 0.03, ""premium_overlap_ratio"": 0.65, ""window_days"": 5}, ""current_close_high_tolerance"": 0.03, ""current_close_low_tolerance"": 0.03, ""enabled"": true, ""low_test_close_tolerance_down"": 0.02, ""low_test_tolerance_up"": 0.02, ""max_box_days"": 25, ""max_volume_contraction_ratio"": 0.85, ""min_box_days"": 5, ""min_box_low_test_count"": 2, ""min_center_shift"": -0.03, ""normal_box_width_max"": 0.18, ""premium_box_width_max"": 0.12, ""premium_center_shift"": 0.0, ""premium_tail_volume_ratio_max"": 0.6, ""premium_volume_contraction_ratio"": 0.7, ""support_ready_position_max"": 0.4, ""tail_volume_ratio_max"": 0.75}, ""breakout_extended_max_pct"": 0.08, ""buy_zone_valid_days"": 3, ""consolidation_max_days"": 40, ""consolidation_min_days"": 5, ""cup_depth_max"": 0.35, ""cup_depth_min"": 0.12, ""enable_market_filter"": true, ""enabled"": true, ""expired_cooldown_days"": 5, ""failed_cooldown_days"": 10, ""key_min_score"": 75, ""kline_days"": 1100, ""limit_up_volume_ratio"": 1.5, ""low_volume_limit_up_min_ratio"": 0.6, ""ma50_min_ratio"": 0.92, ""market_filter_mode"": ""downgrade"", ""max_amp_10d_a"": 0.4, ""max_amp_10d_b"": 0.35, ""max_amp_10d_s"": 0.45, ""max_amp_5d_a"": 0.22, ""max_amp_5d_b"": 0.18, ""max_amp_5d_s"": 0.25, ""max_pullback_20d_a"": -0.26, ""max_pullback_20d_b"": -0.22, ""max_pullback_20d_s"": -0.3, ""max_watch_days"": 10, ""min_avg_amount_10d_yi"": 5, ""min_avg_amount_30d_yi"": 5, ""min_avg_amount_60d_yi"": 3, ""min_relative_strength_20"": 0.1, ""minimum_trading_days"": 500, ""near_120d_high_ratio"": 0.98, ""normal_start_close_position"": 0.65, ""normal_start_min_amount_yi"": 2, ""normal_start_return"": 0.07, ""normal_start_self_amount_percentile"": 0.9, ""normal_start_volume_ratio"": 2.0, ""pattern_filter_enabled"": true, ""pattern_filter_mode"": ""score_only"", ""pattern_pivot_proximity_pct"": 0.05, ""platform_max_range"": 0.12, ""ready_min_score"": 85, ""rr2_min_key"": 2.0, ""rr2_min_ready"": 2.5, ""rr2_min_watch"": 1.5, ""start_age_max_days"": 60, ""start_age_min_days"": 5, ""start_lookback_days"": 60, ""stop_atr_multiplier"": 0.8, ""stop_key_support_pct"": 0.03, ""support_cluster_atr_multiplier"": 0.5, ""support_cluster_price_pct"": 0.015, ""support_test_lookback"": 10, ""support_zone_atr_multiplier"": 0.3, ""support_zone_price_pct"": 0.01, ""tail_close_range_5"": 0.08, ""tail_min_return_3"": -0.04, ""tail_min_return_5"": -0.06, ""tail_strong_volume_ratio_5_20"": 0.6, ""tail_volume_ratio_5_20"": 0.75, ""tail_window_days"": 5, ""target_2_cap_pct"": 0.35, ""vcp_contraction_range_ratio"": 0.9, ""vcp_contraction_volume_ratio"": 0.9, ""vcp_min_first_range"": 0.08, ""watch_min_score"": 60}","{""avg_loss_r"": 1.01225875, ""avg_net_return"": -0.08651405250000001, ""avg_win_r"": 0.0, ""expectancy_r"": -1.01225875, ""losses"": 4, ""max_drawdown"": 0.042820698355999894, ""median_net_return"": -0.090341385, ""net_profit"": -642.241456, ""net_return"": -0.04282069835599989, ""profit_factor"": 0.0, ""single_month_profit_concentration"": 0.0, ""top5_profit_concentration"": 0.0, ""trades"": 4, ""win_rate"": 0.0, ""wins"": 0}"
s6opt-comprehensive-fe84532,box_compact,s6trial-63fa66c5f9aa6c38,OAT,s6ps-771c9f13e3d4e95b,s6ps-71bdb4dbb9c5c096,COMPLETED_WITH_SKIPS,s6bt-46930e2a544da17ae2bd,,,"{""absolute_max_amp_10d"": 0.5, ""absolute_max_pullback_20d"": -0.35, ""amount10_vs_30_min_ratio"": 0.8, ""big_down_return"": -0.07, ""big_down_volume_ratio"": 1.5, ""box_tail"": {""breakout_ready_position_min"": 0.75, ""broken_close_tolerance"": 0.03, ""compact_kline"": {""atr_contraction_ratio_max"": 0.8, ""avg_body_ratio_max"": 0.025, ""close_range_max"": 0.05, ""enabled"": true, ""max_body_ratio_max"": 0.04, ""max_gap_ratio"": 0.03, ""min_overlap_pair_count"": 3, ""min_overlap_ratio"": 0.5, ""premium_atr_contraction_ratio_max"": 0.65, ""premium_avg_body_ratio_max"": 0.018, ""premium_close_range_max"": 0.03, ""premium_overlap_ratio"": 0.65, ""window_days"": 5}, ""current_close_high_tolerance"": 0.03, ""current_close_low_tolerance"": 0.03, ""enabled"": true, ""low_test_close_tolerance_down"": 0.02, ""low_test_tolerance_up"": 0.02, ""max_box_days"": 30, ""max_volume_contraction_ratio"": 0.85, ""min_box_days"": 5, ""min_box_low_test_count"": 2, ""min_center_shift"": -0.03, ""normal_box_width_max"": 0.18, ""premium_box_width_max"": 0.12, ""premium_center_shift"": 0.0, ""premium_tail_volume_ratio_max"": 0.6, ""premium_volume_contraction_ratio"": 0.7, ""support_ready_position_max"": 0.4, ""tail_volume_ratio_max"": 0.8}, ""breakout_extended_max_pct"": 0.08, ""buy_zone_valid_days"": 3, ""consolidation_max_days"": 40, ""consolidation_min_days"": 5, ""cup_depth_max"": 0.35, ""cup_depth_min"": 0.12, ""enable_market_filter"": true, ""enabled"": true, ""expired_cooldown_days"": 5, ""failed_cooldown_days"": 10, ""key_min_score"": 75, ""kline_days"": 1100, ""limit_up_volume_ratio"": 1.5, ""low_volume_limit_up_min_ratio"": 0.6, ""ma50_min_ratio"": 0.92, ""market_filter_mode"": ""downgrade"", ""max_amp_10d_a"": 0.4, ""max_amp_10d_b"": 0.35, ""max_amp_10d_s"": 0.45, ""max_amp_5d_a"": 0.22, ""max_amp_5d_b"": 0.18, ""max_amp_5d_s"": 0.25, ""max_pullback_20d_a"": -0.26, ""max_pullback_20d_b"": -0.22, ""max_pullback_20d_s"": -0.3, ""max_watch_days"": 10, ""min_avg_amount_10d_yi"": 5, ""min_avg_amount_30d_yi"": 5, ""min_avg_amount_60d_yi"": 3, ""min_relative_strength_20"": 0.1, ""minimum_trading_days"": 500, ""near_120d_high_ratio"": 0.98, ""normal_start_close_position"": 0.65, ""normal_start_min_amount_yi"": 2, ""normal_start_return"": 0.07, ""normal_start_self_amount_percentile"": 0.9, ""normal_start_volume_ratio"": 2.0, ""pattern_filter_enabled"": true, ""pattern_filter_mode"": ""score_only"", ""pattern_pivot_proximity_pct"": 0.05, ""platform_max_range"": 0.12, ""ready_min_score"": 85, ""rr2_min_key"": 2.0, ""rr2_min_ready"": 2.5, ""rr2_min_watch"": 1.5, ""start_age_max_days"": 60, ""start_age_min_days"": 5, ""start_lookback_days"": 60, ""stop_atr_multiplier"": 0.8, ""stop_key_support_pct"": 0.03, ""support_cluster_atr_multiplier"": 0.5, ""support_cluster_price_pct"": 0.015, ""support_test_lookback"": 10, ""support_zone_atr_multiplier"": 0.3, ""support_zone_price_pct"": 0.01, ""tail_close_range_5"": 0.08, ""tail_min_return_3"": -0.04, ""tail_min_return_5"": -0.06, ""tail_strong_volume_ratio_5_20"": 0.6, ""tail_volume_ratio_5_20"": 0.75, ""tail_window_days"": 5, ""target_2_cap_pct"": 0.35, ""vcp_contraction_range_ratio"": 0.9, ""vcp_contraction_volume_ratio"": 0.9, ""vcp_min_first_range"": 0.08, ""watch_min_score"": 60}","{""avg_loss_r"": 1.01225875, ""avg_net_return"": -0.08651405250000001, ""avg_win_r"": 0.0, ""expectancy_r"": -1.01225875, ""losses"": 4, ""max_drawdown"": 0.042820698355999894, ""median_net_return"": -0.090341385, ""net_profit"": -642.241456, ""net_return"": -0.04282069835599989, ""profit_factor"": 0.0, ""single_month_profit_concentration"": 0.0, ""top5_profit_concentration"": 0.0, ""trades"": 4, ""win_rate"": 0.0, ""wins"": 0}"
s6opt-comprehensive-fe84532,box_compact,s6trial-66119a73ec0d4682,OAT,s6ps-27413b6969ad8a33,s6ps-71bdb4dbb9c5c096,COMPLETED_WITH_SKIPS,s6bt-cf6658ea89f22962f823,,,"{""absolute_max_amp_10d"": 0.5, ""absolute_max_pullback_20d"": -0.35, ""amount10_vs_30_min_ratio"": 0.8, ""big_down_return"": -0.07, ""big_down_volume_ratio"": 1.5, ""box_tail"": {""breakout_ready_position_min"": 0.75, ""broken_close_tolerance"": 0.03, ""compact_kline"": {""atr_contraction_ratio_max"": 0.8, ""avg_body_ratio_max"": 0.025, ""close_range_max"": 0.05, ""enabled"": true, ""max_body_ratio_max"": 0.04, ""max_gap_ratio"": 0.03, ""min_overlap_pair_count"": 3, ""min_overlap_ratio"": 0.5, ""premium_atr_contraction_ratio_max"": 0.65, ""premium_avg_body_ratio_max"": 0.018, ""premium_close_range_max"": 0.03, ""premium_overlap_ratio"": 0.65, ""window_days"": 5}, ""current_close_high_tolerance"": 0.03, ""current_close_low_tolerance"": 0.03, ""enabled"": true, ""low_test_close_tolerance_down"": 0.02, ""low_test_tolerance_up"": 0.02, ""max_box_days"": 30, ""max_volume_contraction_ratio"": 0.85, ""min_box_days"": 5, ""min_box_low_test_count"": 2, ""min_center_shift"": -0.03, ""normal_box_width_max"": 0.18, ""premium_box_width_max"": 0.12, ""premium_center_shift"": 0.0, ""premium_tail_volume_ratio_max"": 0.6, ""premium_volume_contraction_ratio"": 0.7, ""support_ready_position_max"": 0.4, ""tail_volume_ratio_max"": 0.6}, ""breakout_extended_max_pct"": 0.08, ""buy_zone_valid_days"": 3, ""consolidation_max_days"": 40, ""consolidation_min_days"": 5, ""cup_depth_max"": 0.35, ""cup_depth_min"": 0.12, ""enable_market_filter"": true, ""enabled"": true, ""expired_cooldown_days"": 5, ""failed_cooldown_days"": 10, ""key_min_score"": 75, ""kline_days"": 1100, ""limit_up_volume_ratio"": 1.5, ""low_volume_limit_up_min_ratio"": 0.6, ""ma50_min_ratio"": 0.92, ""market_filter_mode"": ""downgrade"", ""max_amp_10d_a"": 0.4, ""max_amp_10d_b"": 0.35, ""max_amp_10d_s"": 0.45, ""max_amp_5d_a"": 0.22, ""max_amp_5d_b"": 0.18, ""max_amp_5d_s"": 0.25, ""max_pullback_20d_a"": -0.26, ""max_pullback_20d_b"": -0.22, ""max_pullback_20d_s"": -0.3, ""max_watch_days"": 10, ""min_avg_amount_10d_yi"": 5, ""min_avg_amount_30d_yi"": 5, ""min_avg_amount_60d_yi"": 3, ""min_relative_strength_20"": 0.1, ""minimum_trading_days"": 500, ""near_120d_high_ratio"": 0.98, ""normal_start_close_position"": 0.65, ""normal_start_min_amount_yi"": 2, ""normal_start_return"": 0.07, ""normal_start_self_amount_percentile"": 0.9, ""normal_start_volume_ratio"": 2.0, ""pattern_filter_enabled"": true, ""pattern_filter_mode"": ""score_only"", ""pattern_pivot_proximity_pct"": 0.05, ""platform_max_range"": 0.12, ""ready_min_score"": 85, ""rr2_min_key"": 2.0, ""rr2_min_ready"": 2.5, ""rr2_min_watch"": 1.5, ""start_age_max_days"": 60, ""start_age_min_days"": 5, ""start_lookback_days"": 60, ""stop_atr_multiplier"": 0.8, ""stop_key_support_pct"": 0.03, ""support_cluster_atr_multiplier"": 0.5, ""support_cluster_price_pct"": 0.015, ""support_test_lookback"": 10, ""support_zone_atr_multiplier"": 0.3, ""support_zone_price_pct"": 0.01, ""tail_close_range_5"": 0.08, ""tail_min_return_3"": -0.04, ""tail_min_return_5"": -0.06, ""tail_strong_volume_ratio_5_20"": 0.6, ""tail_volume_ratio_5_20"": 0.75, ""tail_window_days"": 5, ""target_2_cap_pct"": 0.35, ""vcp_contraction_range_ratio"": 0.9, ""vcp_contraction_volume_ratio"": 0.9, ""vcp_min_first_range"": 0.08, ""watch_min_score"": 60}","{""avg_loss_r"": 1.010613, ""avg_net_return"": -0.09214977, ""avg_win_r"": 0.0, ""expectancy_r"": -1.010613, ""losses"": 1, ""max_drawdown"": 0.010699324775999995, ""median_net_return"": -0.09214977, ""net_profit"": -198.135644, ""net_return"": -0.010699324775999997, ""profit_factor"": 0.0, ""single_month_profit_concentration"": 0.0, ""top5_profit_concentration"": 0.0, ""trades"": 1, ""win_rate"": 0.0, ""wins"": 0}"
s6opt-comprehensive-fe84532,box_compact,s6trial-6a162deb04aa0388,OAT,s6ps-a194c3adf0af4431,s6ps-71bdb4dbb9c5c096,COMPLETED_WITH_SKIPS,s6bt-b8263b49f0d389528bb9,,,"{""absolute_max_amp_10d"": 0.5, ""absolute_max_pullback_20d"": -0.35, ""amount10_vs_30_min_ratio"": 0.8, ""big_down_return"": -0.07, ""big_down_volume_ratio"": 1.5, ""box_tail"": {""breakout_ready_position_min"": 0.75, ""broken_close_tolerance"": 0.03, ""compact_kline"": {""atr_contraction_ratio_max"": 0.8, ""avg_body_ratio_max"": 0.025, ""close_range_max"": 0.05, ""enabled"": true, ""max_body_ratio_max"": 0.04, ""max_gap_ratio"": 0.03, ""min_overlap_pair_count"": 3, ""min_overlap_ratio"": 0.5, ""premium_atr_contraction_ratio_max"": 0.65, ""premium_avg_body_ratio_max"": 0.018, ""premium_close_range_max"": 0.03, ""premium_overlap_ratio"": 0.65, ""window_days"": 5}, ""current_close_high_tolerance"": 0.03, ""current_close_low_tolerance"": 0.03, ""enabled"": true, ""low_test_close_tolerance_down"": 0.02, ""low_test_tolerance_up"": 0.03, ""max_box_days"": 30, ""max_volume_contraction_ratio"": 0.85, ""min_box_days"": 5, ""min_box_low_test_count"": 2, ""min_center_shift"": -0.03, ""normal_box_width_max"": 0.18, ""premium_box_width_max"": 0.12, ""premium_center_shift"": 0.0, ""premium_tail_volume_ratio_max"": 0.6, ""premium_volume_contraction_ratio"": 0.7, ""support_ready_position_max"": 0.4, ""tail_volume_ratio_max"": 0.75}, ""breakout_extended_max_pct"": 0.08, ""buy_zone_valid_days"": 3, ""consolidation_max_days"": 40, ""consolidation_min_days"": 5, ""cup_depth_max"": 0.35, ""cup_depth_min"": 0.12, ""enable_market_filter"": true, ""enabled"": true, ""expired_cooldown_days"": 5, ""failed_cooldown_days"": 10, ""key_min_score"": 75, ""kline_days"": 1100, ""limit_up_volume_ratio"": 1.5, ""low_volume_limit_up_min_ratio"": 0.6, ""ma50_min_ratio"": 0.92, ""market_filter_mode"": ""downgrade"", ""max_amp_10d_a"": 0.4, ""max_amp_10d_b"": 0.35, ""max_amp_10d_s"": 0.45, ""max_amp_5d_a"": 0.22, ""max_amp_5d_b"": 0.18, ""max_amp_5d_s"": 0.25, ""max_pullback_20d_a"": -0.26, ""max_pullback_20d_b"": -0.22, ""max_pullback_20d_s"": -0.3, ""max_watch_days"": 10, ""min_avg_amount_10d_yi"": 5, ""min_avg_amount_30d_yi"": 5, ""min_avg_amount_60d_yi"": 3, ""min_relative_strength_20"": 0.1, ""minimum_trading_days"": 500, ""near_120d_high_ratio"": 0.98, ""normal_start_close_position"": 0.65, ""normal_start_min_amount_yi"": 2, ""normal_start_return"": 0.07, ""normal_start_self_amount_percentile"": 0.9, ""normal_start_volume_ratio"": 2.0, ""pattern_filter_enabled"": true, ""pattern_filter_mode"": ""score_only"", ""pattern_pivot_proximity_pct"": 0.05, ""platform_max_range"": 0.12, ""ready_min_score"": 85, ""rr2_min_key"": 2.0, ""rr2_min_ready"": 2.5, ""rr2_min_watch"": 1.5, ""start_age_max_days"": 60, ""start_age_min_days"": 5, ""start_lookback_days"": 60, ""stop_atr_multiplier"": 0.8, ""stop_key_support_pct"": 0.03, ""support_cluster_atr_multiplier"": 0.5, ""support_cluster_price_pct"": 0.015, ""support_test_lookback"": 10, ""support_zone_atr_multiplier"": 0.3, ""support_zone_price_pct"": 0.01, ""tail_close_range_5"": 0.08, ""tail_min_return_3"": -0.04, ""tail_min_return_5"": -0.06, ""tail_strong_volume_ratio_5_20"": 0.6, ""tail_volume_ratio_5_20"": 0.75, ""tail_window_days"": 5, ""target_2_cap_pct"": 0.35, ""vcp_contraction_range_ratio"": 0.9, ""vcp_contraction_volume_ratio"": 0.9, ""vcp_min_first_range"": 0.08, ""watch_min_score"": 60}","{""avg_loss_r"": 1.01225875, ""avg_net_return"": -0.08651405250000001, ""avg_win_r"": 0.0, ""expectancy_r"": -1.01225875, ""losses"": 4, ""max_drawdown"": 0.042820698355999894, ""median_net_return"": -0.090341385, ""net_profit"": -642.241456, ""net_return"": -0.04282069835599989, ""profit_factor"": 0.0, ""single_month_profit_concentration"": 0.0, ""top5_profit_concentration"": 0.0, ""trades"": 4, ""win_rate"": 0.0, ""wins"": 0}"
s6opt-comprehensive-fe84532,box_compact,s6trial-712ba26980dd0b03,OAT,s6ps-dbac6127f639c650,s6ps-71bdb4dbb9c5c096,COMPLETED_WITH_SKIPS,s6bt-3f36f62bbb8e43ab0ae4,,,"{""absolute_max_amp_10d"": 0.5, ""absolute_max_pullback_20d"": -0.35, ""amount10_vs_30_min_ratio"": 0.8, ""big_down_return"": -0.07, ""big_down_volume_ratio"": 1.5, ""box_tail"": {""breakout_ready_position_min"": 0.75, ""broken_close_tolerance"": 0.03, ""compact_kline"": {""atr_contraction_ratio_max"": 0.8, ""avg_body_ratio_max"": 0.025, ""close_range_max"": 0.05, ""enabled"": true, ""max_body_ratio_max"": 0.04, ""max_gap_ratio"": 0.03, ""min_overlap_pair_count"": 3, ""min_overlap_ratio"": 0.5, ""premium_atr_contraction_ratio_max"": 0.65, ""premium_avg_body_ratio_max"": 0.018, ""premium_close_range_max"": 0.03, ""premium_overlap_ratio"": 0.65, ""window_days"": 5}, ""current_close_high_tolerance"": 0.03, ""current_close_low_tolerance"": 0.03, ""enabled"": true, ""low_test_close_tolerance_down"": 0.02, ""low_test_tolerance_up"": 0.02, ""max_box_days"": 30, ""max_volume_contraction_ratio"": 0.85, ""min_box_days"": 5, ""min_box_low_test_count"": 2, ""min_center_shift"": -0.02, ""normal_box_width_max"": 0.18, ""premium_box_width_max"": 0.12, ""premium_center_shift"": 0.0, ""premium_tail_volume_ratio_max"": 0.6, ""premium_volume_contraction_ratio"": 0.7, ""support_ready_position_max"": 0.4, ""tail_volume_ratio_max"": 0.75}, ""breakout_extended_max_pct"": 0.08, ""buy_zone_valid_days"": 3, ""consolidation_max_days"": 40, ""consolidation_min_days"": 5, ""cup_depth_max"": 0.35, ""cup_depth_min"": 0.12, ""enable_market_filter"": true, ""enabled"": true, ""expired_cooldown_days"": 5, ""failed_cooldown_days"": 10, ""key_min_score"": 75, ""kline_days"": 1100, ""limit_up_volume_ratio"": 1.5, ""low_volume_limit_up_min_ratio"": 0.6, ""ma50_min_ratio"": 0.92, ""market_filter_mode"": ""downgrade"", ""max_amp_10d_a"": 0.4, ""max_amp_10d_b"": 0.35, ""max_amp_10d_s"": 0.45, ""max_amp_5d_a"": 0.22, ""max_amp_5d_b"": 0.18, ""max_amp_5d_s"": 0.25, ""max_pullback_20d_a"": -0.26, ""max_pullback_20d_b"": -0.22, ""max_pullback_20d_s"": -0.3, ""max_watch_days"": 10, ""min_avg_amount_10d_yi"": 5, ""min_avg_amount_30d_yi"": 5, ""min_avg_amount_60d_yi"": 3, ""min_relative_strength_20"": 0.1, ""minimum_trading_days"": 500, ""near_120d_high_ratio"": 0.98, ""normal_start_close_position"": 0.65, ""normal_start_min_amount_yi"": 2, ""normal_start_return"": 0.07, ""normal_start_self_amount_percentile"": 0.9, ""normal_start_volume_ratio"": 2.0, ""pattern_filter_enabled"": true, ""pattern_filter_mode"": ""score_only"", ""pattern_pivot_proximity_pct"": 0.05, ""platform_max_range"": 0.12, ""ready_min_score"": 85, ""rr2_min_key"": 2.0, ""rr2_min_ready"": 2.5, ""rr2_min_watch"": 1.5, ""start_age_max_days"": 60, ""start_age_min_days"": 5, ""start_lookback_days"": 60, ""stop_atr_multiplier"": 0.8, ""stop_key_support_pct"": 0.03, ""support_cluster_atr_multiplier"": 0.5, ""support_cluster_price_pct"": 0.015, ""support_test_lookback"": 10, ""support_zone_atr_multiplier"": 0.3, ""support_zone_price_pct"": 0.01, ""tail_close_range_5"": 0.08, ""tail_min_return_3"": -0.04, ""tail_min_return_5"": -0.06, ""tail_strong_volume_ratio_5_20"": 0.6, ""tail_volume_ratio_5_20"": 0.75, ""tail_window_days"": 5, ""target_2_cap_pct"": 0.35, ""vcp_contraction_range_ratio"": 0.9, ""vcp_contraction_volume_ratio"": 0.9, ""vcp_min_first_range"": 0.08, ""watch_min_score"": 60}","{""avg_loss_r"": 1.01225875, ""avg_net_return"": -0.08651405250000001, ""avg_win_r"": 0.0, ""expectancy_r"": -1.01225875, ""losses"": 4, ""max_drawdown"": 0.042820698355999894, ""median_net_return"": -0.090341385, ""net_profit"": -642.241456, ""net_return"": -0.04282069835599989, ""profit_factor"": 0.0, ""single_month_profit_concentration"": 0.0, ""top5_profit_concentration"": 0.0, ""trades"": 4, ""win_rate"": 0.0, ""wins"": 0}"
s6opt-comprehensive-fe84532,box_compact,s6trial-761f89b9012c5e56,OAT,s6ps-a163c82c7c2f528a,s6ps-71bdb4dbb9c5c096,COMPLETED_WITH_SKIPS,s6bt-4d20fc5ad1e4e9023c0e,,,"{""absolute_max_amp_10d"": 0.5, ""absolute_max_pullback_20d"": -0.35, ""amount10_vs_30_min_ratio"": 0.8, ""big_down_return"": -0.07, ""big_down_volume_ratio"": 1.5, ""box_tail"": {""breakout_ready_position_min"": 0.75, ""broken_close_tolerance"": 0.03, ""compact_kline"": {""atr_contraction_ratio_max"": 0.8, ""avg_body_ratio_max"": 0.025, ""close_range_max"": 0.05, ""enabled"": true, ""max_body_ratio_max"": 0.05, ""max_gap_ratio"": 0.03, ""min_overlap_pair_count"": 3, ""min_overlap_ratio"": 0.5, ""premium_atr_contraction_ratio_max"": 0.65, ""premium_avg_body_ratio_max"": 0.018, ""premium_close_range_max"": 0.03, ""premium_overlap_ratio"": 0.65, ""window_days"": 5}, ""current_close_high_tolerance"": 0.03, ""current_close_low_tolerance"": 0.03, ""enabled"": true, ""low_test_close_tolerance_down"": 0.02, ""low_test_tolerance_up"": 0.02, ""max_box_days"": 30, ""max_volume_contraction_ratio"": 0.85, ""min_box_days"": 5, ""min_box_low_test_count"": 2, ""min_center_shift"": -0.03, ""normal_box_width_max"": 0.18, ""premium_box_width_max"": 0.12, ""premium_center_shift"": 0.0, ""premium_tail_volume_ratio_max"": 0.6, ""premium_volume_contraction_ratio"": 0.7, ""support_ready_position_max"": 0.4, ""tail_volume_ratio_max"": 0.75}, ""breakout_extended_max_pct"": 0.08, ""buy_zone_valid_days"": 3, ""consolidation_max_days"": 40, ""consolidation_min_days"": 5, ""cup_depth_max"": 0.35, ""cup_depth_min"": 0.12, ""enable_market_filter"": true, ""enabled"": true, ""expired_cooldown_days"": 5, ""failed_cooldown_days"": 10, ""key_min_score"": 75, ""kline_days"": 1100, ""limit_up_volume_ratio"": 1.5, ""low_volume_limit_up_min_ratio"": 0.6, ""ma50_min_ratio"": 0.92, ""market_filter_mode"": ""downgrade"", ""max_amp_10d_a"": 0.4, ""max_amp_10d_b"": 0.35, ""max_amp_10d_s"": 0.45, ""max_amp_5d_a"": 0.22, ""max_amp_5d_b"": 0.18, ""max_amp_5d_s"": 0.25, ""max_pullback_20d_a"": -0.26, ""max_pullback_20d_b"": -0.22, ""max_pullback_20d_s"": -0.3, ""max_watch_days"": 10, ""min_avg_amount_10d_yi"": 5, ""min_avg_amount_30d_yi"": 5, ""min_avg_amount_60d_yi"": 3, ""min_relative_strength_20"": 0.1, ""minimum_trading_days"": 500, ""near_120d_high_ratio"": 0.98, ""normal_start_close_position"": 0.65, ""normal_start_min_amount_yi"": 2, ""normal_start_return"": 0.07, ""normal_start_self_amount_percentile"": 0.9, ""normal_start_volume_ratio"": 2.0, ""pattern_filter_enabled"": true, ""pattern_filter_mode"": ""score_only"", ""pattern_pivot_proximity_pct"": 0.05, ""platform_max_range"": 0.12, ""ready_min_score"": 85, ""rr2_min_key"": 2.0, ""rr2_min_ready"": 2.5, ""rr2_min_watch"": 1.5, ""start_age_max_days"": 60, ""start_age_min_days"": 5, ""start_lookback_days"": 60, ""stop_atr_multiplier"": 0.8, ""stop_key_support_pct"": 0.03, ""support_cluster_atr_multiplier"": 0.5, ""support_cluster_price_pct"": 0.015, ""support_test_lookback"": 10, ""support_zone_atr_multiplier"": 0.3, ""support_zone_price_pct"": 0.01, ""tail_close_range_5"": 0.08, ""tail_min_return_3"": -0.04, ""tail_min_return_5"": -0.06, ""tail_strong_volume_ratio_5_20"": 0.6, ""tail_volume_ratio_5_20"": 0.75, ""tail_window_days"": 5, ""target_2_cap_pct"": 0.35, ""vcp_contraction_range_ratio"": 0.9, ""vcp_contraction_volume_ratio"": 0.9, ""vcp_min_first_range"": 0.08, ""watch_min_score"": 60}","{""avg_loss_r"": 1.01225875, ""avg_net_return"": -0.08651405250000001, ""avg_win_r"": 0.0, ""expectancy_r"": -1.01225875, ""losses"": 4, ""max_drawdown"": 0.042820698355999894, ""median_net_return"": -0.090341385, ""net_profit"": -642.241456, ""net_return"": -0.04282069835599989, ""profit_factor"": 0.0, ""single_month_profit_concentration"": 0.0, ""top5_profit_concentration"": 0.0, ""trades"": 4, ""win_rate"": 0.0, ""wins"": 0}"
s6opt-comprehensive-fe84532,box_compact,s6trial-76a260e55285b168,OAT,s6ps-0a31672ac8abe33d,s6ps-71bdb4dbb9c5c096,COMPLETED_WITH_SKIPS,s6bt-3769a35768c237def0ca,,,"{""absolute_max_amp_10d"": 0.5, ""absolute_max_pullback_20d"": -0.35, ""amount10_vs_30_min_ratio"": 0.8, ""big_down_return"": -0.07, ""big_down_volume_ratio"": 1.5, ""box_tail"": {""breakout_ready_position_min"": 0.75, ""broken_close_tolerance"": 0.03, ""compact_kline"": {""atr_contraction_ratio_max"": 0.8, ""avg_body_ratio_max"": 0.025, ""close_range_max"": 0.05, ""enabled"": true, ""max_body_ratio_max"": 0.04, ""max_gap_ratio"": 0.03, ""min_overlap_pair_count"": 3, ""min_overlap_ratio"": 0.5, ""premium_atr_contraction_ratio_max"": 0.65, ""premium_avg_body_ratio_max"": 0.018, ""premium_close_range_max"": 0.03, ""premium_overlap_ratio"": 0.65, ""window_days"": 5}, ""current_close_high_tolerance"": 0.03, ""current_close_low_tolerance"": 0.03, ""enabled"": true, ""low_test_close_tolerance_down"": 0.02, ""low_test_tolerance_up"": 0.02, ""max_box_days"": 30, ""max_volume_contraction_ratio"": 0.85, ""min_box_days"": 5, ""min_box_low_test_count"": 2, ""min_center_shift"": -0.03, ""normal_box_width_max"": 0.12, ""premium_box_width_max"": 0.12, ""premium_center_shift"": 0.0, ""premium_tail_volume_ratio_max"": 0.6, ""premium_volume_contraction_ratio"": 0.7, ""support_ready_position_max"": 0.4, ""tail_volume_ratio_max"": 0.75}, ""breakout_extended_max_pct"": 0.08, ""buy_zone_valid_days"": 3, ""consolidation_max_days"": 40, ""consolidation_min_days"": 5, ""cup_depth_max"": 0.35, ""cup_depth_min"": 0.12, ""enable_market_filter"": true, ""enabled"": true, ""expired_cooldown_days"": 5, ""failed_cooldown_days"": 10, ""key_min_score"": 75, ""kline_days"": 1100, ""limit_up_volume_ratio"": 1.5, ""low_volume_limit_up_min_ratio"": 0.6, ""ma50_min_ratio"": 0.92, ""market_filter_mode"": ""downgrade"", ""max_amp_10d_a"": 0.4, ""max_amp_10d_b"": 0.35, ""max_amp_10d_s"": 0.45, ""max_amp_5d_a"": 0.22, ""max_amp_5d_b"": 0.18, ""max_amp_5d_s"": 0.25, ""max_pullback_20d_a"": -0.26, ""max_pullback_20d_b"": -0.22, ""max_pullback_20d_s"": -0.3, ""max_watch_days"": 10, ""min_avg_amount_10d_yi"": 5, ""min_avg_amount_30d_yi"": 5, ""min_avg_amount_60d_yi"": 3, ""min_relative_strength_20"": 0.1, ""minimum_trading_days"": 500, ""near_120d_high_ratio"": 0.98, ""normal_start_close_position"": 0.65, ""normal_start_min_amount_yi"": 2, ""normal_start_return"": 0.07, ""normal_start_self_amount_percentile"": 0.9, ""normal_start_volume_ratio"": 2.0, ""pattern_filter_enabled"": true, ""pattern_filter_mode"": ""score_only"", ""pattern_pivot_proximity_pct"": 0.05, ""platform_max_range"": 0.12, ""ready_min_score"": 85, ""rr2_min_key"": 2.0, ""rr2_min_ready"": 2.5, ""rr2_min_watch"": 1.5, ""start_age_max_days"": 60, ""start_age_min_days"": 5, ""start_lookback_days"": 60, ""stop_atr_multiplier"": 0.8, ""stop_key_support_pct"": 0.03, ""support_cluster_atr_multiplier"": 0.5, ""support_cluster_price_pct"": 0.015, ""support_test_lookback"": 10, ""support_zone_atr_multiplier"": 0.3, ""support_zone_price_pct"": 0.01, ""tail_close_range_5"": 0.08, ""tail_min_return_3"": -0.04, ""tail_min_return_5"": -0.06, ""tail_strong_volume_ratio_5_20"": 0.6, ""tail_volume_ratio_5_20"": 0.75, ""tail_window_days"": 5, ""target_2_cap_pct"": 0.35, ""vcp_contraction_range_ratio"": 0.9, ""vcp_contraction_volume_ratio"": 0.9, ""vcp_min_first_range"": 0.08, ""watch_min_score"": 60}","{""avg_loss_r"": 1.0126153333333334, ""avg_net_return"": -0.08584107, ""avg_win_r"": 0.0, ""expectancy_r"": -1.0126153333333334, ""losses"": 3, ""max_drawdown"": 0.032175566305999874, ""median_net_return"": -0.09214977, ""net_profit"": -468.543251, ""net_return"": -0.032175566305999825, ""profit_factor"": 0.0, ""single_month_profit_concentration"": 0.0, ""top5_profit_concentration"": 0.0, ""trades"": 3, ""win_rate"": 0.0, ""wins"": 0}"
s6opt-comprehensive-fe84532,box_compact,s6trial-78bc33a37e9e849d,OAT,s6ps-472cfeac6968f38a,s6ps-71bdb4dbb9c5c096,COMPLETED_WITH_SKIPS,s6bt-d086b181a3688609b717,,,"{""absolute_max_amp_10d"": 0.5, ""absolute_max_pullback_20d"": -0.35, ""amount10_vs_30_min_ratio"": 0.8, ""big_down_return"": -0.07, ""big_down_volume_ratio"": 1.5, ""box_tail"": {""breakout_ready_position_min"": 0.75, ""broken_close_tolerance"": 0.03, ""compact_kline"": {""atr_contraction_ratio_max"": 0.8, ""avg_body_ratio_max"": 0.025, ""close_range_max"": 0.05, ""enabled"": true, ""max_body_ratio_max"": 0.04, ""max_gap_ratio"": 0.03, ""min_overlap_pair_count"": 3, ""min_overlap_ratio"": 0.5, ""premium_atr_contraction_ratio_max"": 0.65, ""premium_avg_body_ratio_max"": 0.018, ""premium_close_range_max"": 0.03, ""premium_overlap_ratio"": 0.65, ""window_days"": 5}, ""current_close_high_tolerance"": 0.03, ""current_close_low_tolerance"": 0.02, ""enabled"": true, ""low_test_close_tolerance_down"": 0.02, ""low_test_tolerance_up"": 0.02, ""max_box_days"": 30, ""max_volume_contraction_ratio"": 0.85, ""min_box_days"": 5, ""min_box_low_test_count"": 2, ""min_center_shift"": -0.03, ""normal_box_width_max"": 0.18, ""premium_box_width_max"": 0.12, ""premium_center_shift"": 0.0, ""premium_tail_volume_ratio_max"": 0.6, ""premium_volume_contraction_ratio"": 0.7, ""support_ready_position_max"": 0.4, ""tail_volume_ratio_max"": 0.75}, ""breakout_extended_max_pct"": 0.08, ""buy_zone_valid_days"": 3, ""consolidation_max_days"": 40, ""consolidation_min_days"": 5, ""cup_depth_max"": 0.35, ""cup_depth_min"": 0.12, ""enable_market_filter"": true, ""enabled"": true, ""expired_cooldown_days"": 5, ""failed_cooldown_days"": 10, ""key_min_score"": 75, ""kline_days"": 1100, ""limit_up_volume_ratio"": 1.5, ""low_volume_limit_up_min_ratio"": 0.6, ""ma50_min_ratio"": 0.92, ""market_filter_mode"": ""downgrade"", ""max_amp_10d_a"": 0.4, ""max_amp_10d_b"": 0.35, ""max_amp_10d_s"": 0.45, ""max_amp_5d_a"": 0.22, ""max_amp_5d_b"": 0.18, ""max_amp_5d_s"": 0.25, ""max_pullback_20d_a"": -0.26, ""max_pullback_20d_b"": -0.22, ""max_pullback_20d_s"": -0.3, ""max_watch_days"": 10, ""min_avg_amount_10d_yi"": 5, ""min_avg_amount_30d_yi"": 5, ""min_avg_amount_60d_yi"": 3, ""min_relative_strength_20"": 0.1, ""minimum_trading_days"": 500, ""near_120d_high_ratio"": 0.98, ""normal_start_close_position"": 0.65, ""normal_start_min_amount_yi"": 2, ""normal_start_return"": 0.07, ""normal_start_self_amount_percentile"": 0.9, ""normal_start_volume_ratio"": 2.0, ""pattern_filter_enabled"": true, ""pattern_filter_mode"": ""score_only"", ""pattern_pivot_proximity_pct"": 0.05, ""platform_max_range"": 0.12, ""ready_min_score"": 85, ""rr2_min_key"": 2.0, ""rr2_min_ready"": 2.5, ""rr2_min_watch"": 1.5, ""start_age_max_days"": 60, ""start_age_min_days"": 5, ""start_lookback_days"": 60, ""stop_atr_multiplier"": 0.8, ""stop_key_support_pct"": 0.03, ""support_cluster_atr_multiplier"": 0.5, ""support_cluster_price_pct"": 0.015, ""support_test_lookback"": 10, ""support_zone_atr_multiplier"": 0.3, ""support_zone_price_pct"": 0.01, ""tail_close_range_5"": 0.08, ""tail_min_return_3"": -0.04, ""tail_min_return_5"": -0.06, ""tail_strong_volume_ratio_5_20"": 0.6, ""tail_volume_ratio_5_20"": 0.75, ""tail_window_days"": 5, ""target_2_cap_pct"": 0.35, ""vcp_contraction_range_ratio"": 0.9, ""vcp_contraction_volume_ratio"": 0.9, ""vcp_min_first_range"": 0.08, ""watch_min_score"": 60}","{""avg_loss_r"": 1.01225875, ""avg_net_return"": -0.08651405250000001, ""avg_win_r"": 0.0, ""expectancy_r"": -1.01225875, ""losses"": 4, ""max_drawdown"": 0.042820698355999894, ""median_net_return"": -0.090341385, ""net_profit"": -642.241456, ""net_return"": -0.04282069835599989, ""profit_factor"": 0.0, ""single_month_profit_concentration"": 0.0, ""top5_profit_concentration"": 0.0, ""trades"": 4, ""win_rate"": 0.0, ""wins"": 0}"
s6opt-comprehensive-fe84532,box_compact,s6trial-8020136cc2c65314,OAT,s6ps-268a36daf33eef34,s6ps-71bdb4dbb9c5c096,COMPLETED_WITH_SKIPS,s6bt-876a9e3336f151af7494,,,"{""absolute_max_amp_10d"": 0.5, ""absolute_max_pullback_20d"": -0.35, ""amount10_vs_30_min_ratio"": 0.8, ""big_down_return"": -0.07, ""big_down_volume_ratio"": 1.5, ""box_tail"": {""breakout_ready_position_min"": 0.75, ""broken_close_tolerance"": 0.03, ""compact_kline"": {""atr_contraction_ratio_max"": 0.8, ""avg_body_ratio_max"": 0.025, ""close_range_max"": 0.05, ""enabled"": true, ""max_body_ratio_max"": 0.04, ""max_gap_ratio"": 0.03, ""min_overlap_pair_count"": 3, ""min_overlap_ratio"": 0.5, ""premium_atr_contraction_ratio_max"": 0.65, ""premium_avg_body_ratio_max"": 0.018, ""premium_close_range_max"": 0.03, ""premium_overlap_ratio"": 0.65, ""window_days"": 5}, ""current_close_high_tolerance"": 0.03, ""current_close_low_tolerance"": 0.03, ""enabled"": true, ""low_test_close_tolerance_down"": 0.02, ""low_test_tolerance_up"": 0.02, ""max_box_days"": 30, ""max_volume_contraction_ratio"": 0.85, ""min_box_days"": 10, ""min_box_low_test_count"": 2, ""min_center_shift"": -0.03, ""normal_box_width_max"": 0.18, ""premium_box_width_max"": 0.12, ""premium_center_shift"": 0.0, ""premium_tail_volume_ratio_max"": 0.6, ""premium_volume_contraction_ratio"": 0.7, ""support_ready_position_max"": 0.4, ""tail_volume_ratio_max"": 0.75}, ""breakout_extended_max_pct"": 0.08, ""buy_zone_valid_days"": 3, ""consolidation_max_days"": 40, ""consolidation_min_days"": 5, ""cup_depth_max"": 0.35, ""cup_depth_min"": 0.12, ""enable_market_filter"": true, ""enabled"": true, ""expired_cooldown_days"": 5, ""failed_cooldown_days"": 10, ""key_min_score"": 75, ""kline_days"": 1100, ""limit_up_volume_ratio"": 1.5, ""low_volume_limit_up_min_ratio"": 0.6, ""ma50_min_ratio"": 0.92, ""market_filter_mode"": ""downgrade"", ""max_amp_10d_a"": 0.4, ""max_amp_10d_b"": 0.35, ""max_amp_10d_s"": 0.45, ""max_amp_5d_a"": 0.22, ""max_amp_5d_b"": 0.18, ""max_amp_5d_s"": 0.25, ""max_pullback_20d_a"": -0.26, ""max_pullback_20d_b"": -0.22, ""max_pullback_20d_s"": -0.3, ""max_watch_days"": 10, ""min_avg_amount_10d_yi"": 5, ""min_avg_amount_30d_yi"": 5, ""min_avg_amount_60d_yi"": 3, ""min_relative_strength_20"": 0.1, ""minimum_trading_days"": 500, ""near_120d_high_ratio"": 0.98, ""normal_start_close_position"": 0.65, ""normal_start_min_amount_yi"": 2, ""normal_start_return"": 0.07, ""normal_start_self_amount_percentile"": 0.9, ""normal_start_volume_ratio"": 2.0, ""pattern_filter_enabled"": true, ""pattern_filter_mode"": ""score_only"", ""pattern_pivot_proximity_pct"": 0.05, ""platform_max_range"": 0.12, ""ready_min_score"": 85, ""rr2_min_key"": 2.0, ""rr2_min_ready"": 2.5, ""rr2_min_watch"": 1.5, ""start_age_max_days"": 60, ""start_age_min_days"": 5, ""start_lookback_days"": 60, ""stop_atr_multiplier"": 0.8, ""stop_key_support_pct"": 0.03, ""support_cluster_atr_multiplier"": 0.5, ""support_cluster_price_pct"": 0.015, ""support_test_lookback"": 10, ""support_zone_atr_multiplier"": 0.3, ""support_zone_price_pct"": 0.01, ""tail_close_range_5"": 0.08, ""tail_min_return_3"": -0.04, ""tail_min_return_5"": -0.06, ""tail_strong_volume_ratio_5_20"": 0.6, ""tail_volume_ratio_5_20"": 0.75, ""tail_window_days"": 5, ""target_2_cap_pct"": 0.35, ""vcp_contraction_range_ratio"": 0.9, ""vcp_contraction_volume_ratio"": 0.9, ""vcp_min_first_range"": 0.08, ""watch_min_score"": 60}","{""avg_loss_r"": 1.014608, ""avg_net_return"": -0.073630285, ""avg_win_r"": 0.0, ""expectancy_r"": -1.014608, ""losses"": 2, ""max_drawdown"": 0.021819231449999962, ""median_net_return"": -0.073630285, ""net_profit"": -297.854865, ""net_return"": -0.021819231449999976, ""profit_factor"": 0.0, ""single_month_profit_concentration"": 0.0, ""top5_profit_concentration"": 0.0, ""trades"": 2, ""win_rate"": 0.0, ""wins"": 0}"
s6opt-comprehensive-fe84532,box_compact,s6trial-826b6cff73037bf7,OAT,s6ps-911ba0ef1d5ce6bc,s6ps-71bdb4dbb9c5c096,COMPLETED_WITH_SKIPS,s6bt-769cca2dc9b519c1c215,,,"{""absolute_max_amp_10d"": 0.5, ""absolute_max_pullback_20d"": -0.35, ""amount10_vs_30_min_ratio"": 0.8, ""big_down_return"": -0.07, ""big_down_volume_ratio"": 1.5, ""box_tail"": {""breakout_ready_position_min"": 0.75, ""broken_close_tolerance"": 0.03, ""compact_kline"": {""atr_contraction_ratio_max"": 0.8, ""avg_body_ratio_max"": 0.025, ""close_range_max"": 0.05, ""enabled"": true, ""max_body_ratio_max"": 0.04, ""max_gap_ratio"": 0.03, ""min_overlap_pair_count"": 3, ""min_overlap_ratio"": 0.6, ""premium_atr_contraction_ratio_max"": 0.65, ""premium_avg_body_ratio_max"": 0.018, ""premium_close_range_max"": 0.03, ""premium_overlap_ratio"": 0.65, ""window_days"": 5}, ""current_close_high_tolerance"": 0.03, ""current_close_low_tolerance"": 0.03, ""enabled"": true, ""low_test_close_tolerance_down"": 0.02, ""low_test_tolerance_up"": 0.02, ""max_box_days"": 30, ""max_volume_contraction_ratio"": 0.85, ""min_box_days"": 5, ""min_box_low_test_count"": 2, ""min_center_shift"": -0.03, ""normal_box_width_max"": 0.18, ""premium_box_width_max"": 0.12, ""premium_center_shift"": 0.0, ""premium_tail_volume_ratio_max"": 0.6, ""premium_volume_contraction_ratio"": 0.7, ""support_ready_position_max"": 0.4, ""tail_volume_ratio_max"": 0.75}, ""breakout_extended_max_pct"": 0.08, ""buy_zone_valid_days"": 3, ""consolidation_max_days"": 40, ""consolidation_min_days"": 5, ""cup_depth_max"": 0.35, ""cup_depth_min"": 0.12, ""enable_market_filter"": true, ""enabled"": true, ""expired_cooldown_days"": 5, ""failed_cooldown_days"": 10, ""key_min_score"": 75, ""kline_days"": 1100, ""limit_up_volume_ratio"": 1.5, ""low_volume_limit_up_min_ratio"": 0.6, ""ma50_min_ratio"": 0.92, ""market_filter_mode"": ""downgrade"", ""max_amp_10d_a"": 0.4, ""max_amp_10d_b"": 0.35, ""max_amp_10d_s"": 0.45, ""max_amp_5d_a"": 0.22, ""max_amp_5d_b"": 0.18, ""max_amp_5d_s"": 0.25, ""max_pullback_20d_a"": -0.26, ""max_pullback_20d_b"": -0.22, ""max_pullback_20d_s"": -0.3, ""max_watch_days"": 10, ""min_avg_amount_10d_yi"": 5, ""min_avg_amount_30d_yi"": 5, ""min_avg_amount_60d_yi"": 3, ""min_relative_strength_20"": 0.1, ""minimum_trading_days"": 500, ""near_120d_high_ratio"": 0.98, ""normal_start_close_position"": 0.65, ""normal_start_min_amount_yi"": 2, ""normal_start_return"": 0.07, ""normal_start_self_amount_percentile"": 0.9, ""normal_start_volume_ratio"": 2.0, ""pattern_filter_enabled"": true, ""pattern_filter_mode"": ""score_only"", ""pattern_pivot_proximity_pct"": 0.05, ""platform_max_range"": 0.12, ""ready_min_score"": 85, ""rr2_min_key"": 2.0, ""rr2_min_ready"": 2.5, ""rr2_min_watch"": 1.5, ""start_age_max_days"": 60, ""start_age_min_days"": 5, ""start_lookback_days"": 60, ""stop_atr_multiplier"": 0.8, ""stop_key_support_pct"": 0.03, ""support_cluster_atr_multiplier"": 0.5, ""support_cluster_price_pct"": 0.015, ""support_test_lookback"": 10, ""support_zone_atr_multiplier"": 0.3, ""support_zone_price_pct"": 0.01, ""tail_close_range_5"": 0.08, ""tail_min_return_3"": -0.04, ""tail_min_return_5"": -0.06, ""tail_strong_volume_ratio_5_20"": 0.6, ""tail_volume_ratio_5_20"": 0.75, ""tail_window_days"": 5, ""target_2_cap_pct"": 0.35, ""vcp_contraction_range_ratio"": 0.9, ""vcp_contraction_volume_ratio"": 0.9, ""vcp_min_first_range"": 0.08, ""watch_min_score"": 60}","{""avg_loss_r"": 1.01225875, ""avg_net_return"": -0.08651405250000001, ""avg_win_r"": 0.0, ""expectancy_r"": -1.01225875, ""losses"": 4, ""max_drawdown"": 0.042820698355999894, ""median_net_return"": -0.090341385, ""net_profit"": -642.241456, ""net_return"": -0.04282069835599989, ""profit_factor"": 0.0, ""single_month_profit_concentration"": 0.0, ""top5_profit_concentration"": 0.0, ""trades"": 4, ""win_rate"": 0.0, ""wins"": 0}"
s6opt-comprehensive-fe84532,box_compact,s6trial-85da72d0a802764f,OAT,s6ps-677fc0ceae20a574,s6ps-71bdb4dbb9c5c096,COMPLETED_WITH_SKIPS,s6bt-80bd52c1ba5a5e0cfc8f,,,"{""absolute_max_amp_10d"": 0.5, ""absolute_max_pullback_20d"": -0.35, ""amount10_vs_30_min_ratio"": 0.8, ""big_down_return"": -0.07, ""big_down_volume_ratio"": 1.5, ""box_tail"": {""breakout_ready_position_min"": 0.75, ""broken_close_tolerance"": 0.03, ""compact_kline"": {""atr_contraction_ratio_max"": 0.8, ""avg_body_ratio_max"": 0.025, ""close_range_max"": 0.03, ""enabled"": true, ""max_body_ratio_max"": 0.04, ""max_gap_ratio"": 0.03, ""min_overlap_pair_count"": 3, ""min_overlap_ratio"": 0.5, ""premium_atr_contraction_ratio_max"": 0.65, ""premium_avg_body_ratio_max"": 0.018, ""premium_close_range_max"": 0.03, ""premium_overlap_ratio"": 0.65, ""window_days"": 5}, ""current_close_high_tolerance"": 0.03, ""current_close_low_tolerance"": 0.03, ""enabled"": true, ""low_test_close_tolerance_down"": 0.02, ""low_test_tolerance_up"": 0.02, ""max_box_days"": 30, ""max_volume_contraction_ratio"": 0.85, ""min_box_days"": 5, ""min_box_low_test_count"": 2, ""min_center_shift"": -0.03, ""normal_box_width_max"": 0.18, ""premium_box_width_max"": 0.12, ""premium_center_shift"": 0.0, ""premium_tail_volume_ratio_max"": 0.6, ""premium_volume_contraction_ratio"": 0.7, ""support_ready_position_max"": 0.4, ""tail_volume_ratio_max"": 0.75}, ""breakout_extended_max_pct"": 0.08, ""buy_zone_valid_days"": 3, ""consolidation_max_days"": 40, ""consolidation_min_days"": 5, ""cup_depth_max"": 0.35, ""cup_depth_min"": 0.12, ""enable_market_filter"": true, ""enabled"": true, ""expired_cooldown_days"": 5, ""failed_cooldown_days"": 10, ""key_min_score"": 75, ""kline_days"": 1100, ""limit_up_volume_ratio"": 1.5, ""low_volume_limit_up_min_ratio"": 0.6, ""ma50_min_ratio"": 0.92, ""market_filter_mode"": ""downgrade"", ""max_amp_10d_a"": 0.4, ""max_amp_10d_b"": 0.35, ""max_amp_10d_s"": 0.45, ""max_amp_5d_a"": 0.22, ""max_amp_5d_b"": 0.18, ""max_amp_5d_s"": 0.25, ""max_pullback_20d_a"": -0.26, ""max_pullback_20d_b"": -0.22, ""max_pullback_20d_s"": -0.3, ""max_watch_days"": 10, ""min_avg_amount_10d_yi"": 5, ""min_avg_amount_30d_yi"": 5, ""min_avg_amount_60d_yi"": 3, ""min_relative_strength_20"": 0.1, ""minimum_trading_days"": 500, ""near_120d_high_ratio"": 0.98, ""normal_start_close_position"": 0.65, ""normal_start_min_amount_yi"": 2, ""normal_start_return"": 0.07, ""normal_start_self_amount_percentile"": 0.9, ""normal_start_volume_ratio"": 2.0, ""pattern_filter_enabled"": true, ""pattern_filter_mode"": ""score_only"", ""pattern_pivot_proximity_pct"": 0.05, ""platform_max_range"": 0.12, ""ready_min_score"": 85, ""rr2_min_key"": 2.0, ""rr2_min_ready"": 2.5, ""rr2_min_watch"": 1.5, ""start_age_max_days"": 60, ""start_age_min_days"": 5, ""start_lookback_days"": 60, ""stop_atr_multiplier"": 0.8, ""stop_key_support_pct"": 0.03, ""support_cluster_atr_multiplier"": 0.5, ""support_cluster_price_pct"": 0.015, ""support_test_lookback"": 10, ""support_zone_atr_multiplier"": 0.3, ""support_zone_price_pct"": 0.01, ""tail_close_range_5"": 0.08, ""tail_min_return_3"": -0.04, ""tail_min_return_5"": -0.06, ""tail_strong_volume_ratio_5_20"": 0.6, ""tail_volume_ratio_5_20"": 0.75, ""tail_window_days"": 5, ""target_2_cap_pct"": 0.35, ""vcp_contraction_range_ratio"": 0.9, ""vcp_contraction_volume_ratio"": 0.9, ""vcp_min_first_range"": 0.08, ""watch_min_score"": 60}","{""avg_loss_r"": 1.01225875, ""avg_net_return"": -0.08651405250000001, ""avg_win_r"": 0.0, ""expectancy_r"": -1.01225875, ""losses"": 4, ""max_drawdown"": 0.042820698355999894, ""median_net_return"": -0.090341385, ""net_profit"": -642.241456, ""net_return"": -0.04282069835599989, ""profit_factor"": 0.0, ""single_month_profit_concentration"": 0.0, ""top5_profit_concentration"": 0.0, ""trades"": 4, ""win_rate"": 0.0, ""wins"": 0}"
s6opt-comprehensive-fe84532,box_compact,s6trial-944d58aec3bfa5b1,OAT,s6ps-b08b26f6769971cb,s6ps-71bdb4dbb9c5c096,COMPLETED_WITH_SKIPS,s6bt-e29f65a9358011bf11e0,,,"{""absolute_max_amp_10d"": 0.5, ""absolute_max_pullback_20d"": -0.35, ""amount10_vs_30_min_ratio"": 0.8, ""big_down_return"": -0.07, ""big_down_volume_ratio"": 1.5, ""box_tail"": {""breakout_ready_position_min"": 0.75, ""broken_close_tolerance"": 0.03, ""compact_kline"": {""atr_contraction_ratio_max"": 0.8, ""avg_body_ratio_max"": 0.025, ""close_range_max"": 0.05, ""enabled"": true, ""max_body_ratio_max"": 0.04, ""max_gap_ratio"": 0.03, ""min_overlap_pair_count"": 3, ""min_overlap_ratio"": 0.5, ""premium_atr_contraction_ratio_max"": 0.65, ""premium_avg_body_ratio_max"": 0.018, ""premium_close_range_max"": 0.03, ""premium_overlap_ratio"": 0.65, ""window_days"": 5}, ""current_close_high_tolerance"": 0.03, ""current_close_low_tolerance"": 0.03, ""enabled"": true, ""low_test_close_tolerance_down"": 0.01, ""low_test_tolerance_up"": 0.02, ""max_box_days"": 30, ""max_volume_contraction_ratio"": 0.85, ""min_box_days"": 5, ""min_box_low_test_count"": 2, ""min_center_shift"": -0.03, ""normal_box_width_max"": 0.18, ""premium_box_width_max"": 0.12, ""premium_center_shift"": 0.0, ""premium_tail_volume_ratio_max"": 0.6, ""premium_volume_contraction_ratio"": 0.7, ""support_ready_position_max"": 0.4, ""tail_volume_ratio_max"": 0.75}, ""breakout_extended_max_pct"": 0.08, ""buy_zone_valid_days"": 3, ""consolidation_max_days"": 40, ""consolidation_min_days"": 5, ""cup_depth_max"": 0.35, ""cup_depth_min"": 0.12, ""enable_market_filter"": true, ""enabled"": true, ""expired_cooldown_days"": 5, ""failed_cooldown_days"": 10, ""key_min_score"": 75, ""kline_days"": 1100, ""limit_up_volume_ratio"": 1.5, ""low_volume_limit_up_min_ratio"": 0.6, ""ma50_min_ratio"": 0.92, ""market_filter_mode"": ""downgrade"", ""max_amp_10d_a"": 0.4, ""max_amp_10d_b"": 0.35, ""max_amp_10d_s"": 0.45, ""max_amp_5d_a"": 0.22, ""max_amp_5d_b"": 0.18, ""max_amp_5d_s"": 0.25, ""max_pullback_20d_a"": -0.26, ""max_pullback_20d_b"": -0.22, ""max_pullback_20d_s"": -0.3, ""max_watch_days"": 10, ""min_avg_amount_10d_yi"": 5, ""min_avg_amount_30d_yi"": 5, ""min_avg_amount_60d_yi"": 3, ""min_relative_strength_20"": 0.1, ""minimum_trading_days"": 500, ""near_120d_high_ratio"": 0.98, ""normal_start_close_position"": 0.65, ""normal_start_min_amount_yi"": 2, ""normal_start_return"": 0.07, ""normal_start_self_amount_percentile"": 0.9, ""normal_start_volume_ratio"": 2.0, ""pattern_filter_enabled"": true, ""pattern_filter_mode"": ""score_only"", ""pattern_pivot_proximity_pct"": 0.05, ""platform_max_range"": 0.12, ""ready_min_score"": 85, ""rr2_min_key"": 2.0, ""rr2_min_ready"": 2.5, ""rr2_min_watch"": 1.5, ""start_age_max_days"": 60, ""start_age_min_days"": 5, ""start_lookback_days"": 60, ""stop_atr_multiplier"": 0.8, ""stop_key_support_pct"": 0.03, ""support_cluster_atr_multiplier"": 0.5, ""support_cluster_price_pct"": 0.015, ""support_test_lookback"": 10, ""support_zone_atr_multiplier"": 0.3, ""support_zone_price_pct"": 0.01, ""tail_close_range_5"": 0.08, ""tail_min_return_3"": -0.04, ""tail_min_return_5"": -0.06, ""tail_strong_volume_ratio_5_20"": 0.6, ""tail_volume_ratio_5_20"": 0.75, ""tail_window_days"": 5, ""target_2_cap_pct"": 0.35, ""vcp_contraction_range_ratio"": 0.9, ""vcp_contraction_volume_ratio"": 0.9, ""vcp_min_first_range"": 0.08, ""watch_min_score"": 60}","{""avg_loss_r"": 1.01225875, ""avg_net_return"": -0.08651405250000001, ""avg_win_r"": 0.0, ""expectancy_r"": -1.01225875, ""losses"": 4, ""max_drawdown"": 0.042820698355999894, ""median_net_return"": -0.090341385, ""net_profit"": -642.241456, ""net_return"": -0.04282069835599989, ""profit_factor"": 0.0, ""single_month_profit_concentration"": 0.0, ""top5_profit_concentration"": 0.0, ""trades"": 4, ""win_rate"": 0.0, ""wins"": 0}"
s6opt-comprehensive-fe84532,box_compact,s6trial-985437bd573fcbdb,OAT,s6ps-dcab32cb22034aef,s6ps-71bdb4dbb9c5c096,COMPLETED_WITH_SKIPS,s6bt-884fc5e8af6ef1152b4b,,,"{""absolute_max_amp_10d"": 0.5, ""absolute_max_pullback_20d"": -0.35, ""amount10_vs_30_min_ratio"": 0.8, ""big_down_return"": -0.07, ""big_down_volume_ratio"": 1.5, ""box_tail"": {""breakout_ready_position_min"": 0.75, ""broken_close_tolerance"": 0.03, ""compact_kline"": {""atr_contraction_ratio_max"": 0.95, ""avg_body_ratio_max"": 0.025, ""close_range_max"": 0.05, ""enabled"": true, ""max_body_ratio_max"": 0.04, ""max_gap_ratio"": 0.03, ""min_overlap_pair_count"": 3, ""min_overlap_ratio"": 0.5, ""premium_atr_contraction_ratio_max"": 0.65, ""premium_avg_body_ratio_max"": 0.018, ""premium_close_range_max"": 0.03, ""premium_overlap_ratio"": 0.65, ""window_days"": 5}, ""current_close_high_tolerance"": 0.03, ""current_close_low_tolerance"": 0.03, ""enabled"": true, ""low_test_close_tolerance_down"": 0.02, ""low_test_tolerance_up"": 0.02, ""max_box_days"": 30, ""max_volume_contraction_ratio"": 0.85, ""min_box_days"": 5, ""min_box_low_test_count"": 2, ""min_center_shift"": -0.03, ""normal_box_width_max"": 0.18, ""premium_box_width_max"": 0.12, ""premium_center_shift"": 0.0, ""premium_tail_volume_ratio_max"": 0.6, ""premium_volume_contraction_ratio"": 0.7, ""support_ready_position_max"": 0.4, ""tail_volume_ratio_max"": 0.75}, ""breakout_extended_max_pct"": 0.08, ""buy_zone_valid_days"": 3, ""consolidation_max_days"": 40, ""consolidation_min_days"": 5, ""cup_depth_max"": 0.35, ""cup_depth_min"": 0.12, ""enable_market_filter"": true, ""enabled"": true, ""expired_cooldown_days"": 5, ""failed_cooldown_days"": 10, ""key_min_score"": 75, ""kline_days"": 1100, ""limit_up_volume_ratio"": 1.5, ""low_volume_limit_up_min_ratio"": 0.6, ""ma50_min_ratio"": 0.92, ""market_filter_mode"": ""downgrade"", ""max_amp_10d_a"": 0.4, ""max_amp_10d_b"": 0.35, ""max_amp_10d_s"": 0.45, ""max_amp_5d_a"": 0.22, ""max_amp_5d_b"": 0.18, ""max_amp_5d_s"": 0.25, ""max_pullback_20d_a"": -0.26, ""max_pullback_20d_b"": -0.22, ""max_pullback_20d_s"": -0.3, ""max_watch_days"": 10, ""min_avg_amount_10d_yi"": 5, ""min_avg_amount_30d_yi"": 5, ""min_avg_amount_60d_yi"": 3, ""min_relative_strength_20"": 0.1, ""minimum_trading_days"": 500, ""near_120d_high_ratio"": 0.98, ""normal_start_close_position"": 0.65, ""normal_start_min_amount_yi"": 2, ""normal_start_return"": 0.07, ""normal_start_self_amount_percentile"": 0.9, ""normal_start_volume_ratio"": 2.0, ""pattern_filter_enabled"": true, ""pattern_filter_mode"": ""score_only"", ""pattern_pivot_proximity_pct"": 0.05, ""platform_max_range"": 0.12, ""ready_min_score"": 85, ""rr2_min_key"": 2.0, ""rr2_min_ready"": 2.5, ""rr2_min_watch"": 1.5, ""start_age_max_days"": 60, ""start_age_min_days"": 5, ""start_lookback_days"": 60, ""stop_atr_multiplier"": 0.8, ""stop_key_support_pct"": 0.03, ""support_cluster_atr_multiplier"": 0.5, ""support_cluster_price_pct"": 0.015, ""support_test_lookback"": 10, ""support_zone_atr_multiplier"": 0.3, ""support_zone_price_pct"": 0.01, ""tail_close_range_5"": 0.08, ""tail_min_return_3"": -0.04, ""tail_min_return_5"": -0.06, ""tail_strong_volume_ratio_5_20"": 0.6, ""tail_volume_ratio_5_20"": 0.75, ""tail_window_days"": 5, ""target_2_cap_pct"": 0.35, ""vcp_contraction_range_ratio"": 0.9, ""vcp_contraction_volume_ratio"": 0.9, ""vcp_min_first_range"": 0.08, ""watch_min_score"": 60}","{""avg_loss_r"": 1.01225875, ""avg_net_return"": -0.08651405250000001, ""avg_win_r"": 0.0, ""expectancy_r"": -1.01225875, ""losses"": 4, ""max_drawdown"": 0.042820698355999894, ""median_net_return"": -0.090341385, ""net_profit"": -642.241456, ""net_return"": -0.04282069835599989, ""profit_factor"": 0.0, ""single_month_profit_concentration"": 0.0, ""top5_profit_concentration"": 0.0, ""trades"": 4, ""win_rate"": 0.0, ""wins"": 0}"
s6opt-comprehensive-fe84532,box_compact,s6trial-9cb418ad57941761,OAT,s6ps-373bd2350e35149c,s6ps-71bdb4dbb9c5c096,COMPLETED_WITH_SKIPS,s6bt-b11efc44de8385ebf159,,,"{""absolute_max_amp_10d"": 0.5, ""absolute_max_pullback_20d"": -0.35, ""amount10_vs_30_min_ratio"": 0.8, ""big_down_return"": -0.07, ""big_down_volume_ratio"": 1.5, ""box_tail"": {""breakout_ready_position_min"": 0.75, ""broken_close_tolerance"": 0.03, ""compact_kline"": {""atr_contraction_ratio_max"": 0.8, ""avg_body_ratio_max"": 0.025, ""close_range_max"": 0.05, ""enabled"": true, ""max_body_ratio_max"": 0.04, ""max_gap_ratio"": 0.03, ""min_overlap_pair_count"": 3, ""min_overlap_ratio"": 0.5, ""premium_atr_contraction_ratio_max"": 0.65, ""premium_avg_body_ratio_max"": 0.018, ""premium_close_range_max"": 0.03, ""premium_overlap_ratio"": 0.65, ""window_days"": 5}, ""current_close_high_tolerance"": 0.05, ""current_close_low_tolerance"": 0.03, ""enabled"": true, ""low_test_close_tolerance_down"": 0.02, ""low_test_tolerance_up"": 0.02, ""max_box_days"": 30, ""max_volume_contraction_ratio"": 0.85, ""min_box_days"": 5, ""min_box_low_test_count"": 2, ""min_center_shift"": -0.03, ""normal_box_width_max"": 0.18, ""premium_box_width_max"": 0.12, ""premium_center_shift"": 0.0, ""premium_tail_volume_ratio_max"": 0.6, ""premium_volume_contraction_ratio"": 0.7, ""support_ready_position_max"": 0.4, ""tail_volume_ratio_max"": 0.75}, ""breakout_extended_max_pct"": 0.08, ""buy_zone_valid_days"": 3, ""consolidation_max_days"": 40, ""consolidation_min_days"": 5, ""cup_depth_max"": 0.35, ""cup_depth_min"": 0.12, ""enable_market_filter"": true, ""enabled"": true, ""expired_cooldown_days"": 5, ""failed_cooldown_days"": 10, ""key_min_score"": 75, ""kline_days"": 1100, ""limit_up_volume_ratio"": 1.5, ""low_volume_limit_up_min_ratio"": 0.6, ""ma50_min_ratio"": 0.92, ""market_filter_mode"": ""downgrade"", ""max_amp_10d_a"": 0.4, ""max_amp_10d_b"": 0.35, ""max_amp_10d_s"": 0.45, ""max_amp_5d_a"": 0.22, ""max_amp_5d_b"": 0.18, ""max_amp_5d_s"": 0.25, ""max_pullback_20d_a"": -0.26, ""max_pullback_20d_b"": -0.22, ""max_pullback_20d_s"": -0.3, ""max_watch_days"": 10, ""min_avg_amount_10d_yi"": 5, ""min_avg_amount_30d_yi"": 5, ""min_avg_amount_60d_yi"": 3, ""min_relative_strength_20"": 0.1, ""minimum_trading_days"": 500, ""near_120d_high_ratio"": 0.98, ""normal_start_close_position"": 0.65, ""normal_start_min_amount_yi"": 2, ""normal_start_return"": 0.07, ""normal_start_self_amount_percentile"": 0.9, ""normal_start_volume_ratio"": 2.0, ""pattern_filter_enabled"": true, ""pattern_filter_mode"": ""score_only"", ""pattern_pivot_proximity_pct"": 0.05, ""platform_max_range"": 0.12, ""ready_min_score"": 85, ""rr2_min_key"": 2.0, ""rr2_min_ready"": 2.5, ""rr2_min_watch"": 1.5, ""start_age_max_days"": 60, ""start_age_min_days"": 5, ""start_lookback_days"": 60, ""stop_atr_multiplier"": 0.8, ""stop_key_support_pct"": 0.03, ""support_cluster_atr_multiplier"": 0.5, ""support_cluster_price_pct"": 0.015, ""support_test_lookback"": 10, ""support_zone_atr_multiplier"": 0.3, ""support_zone_price_pct"": 0.01, ""tail_close_range_5"": 0.08, ""tail_min_return_3"": -0.04, ""tail_min_return_5"": -0.06, ""tail_strong_volume_ratio_5_20"": 0.6, ""tail_volume_ratio_5_20"": 0.75, ""tail_window_days"": 5, ""target_2_cap_pct"": 0.35, ""vcp_contraction_range_ratio"": 0.9, ""vcp_contraction_volume_ratio"": 0.9, ""vcp_min_first_range"": 0.08, ""watch_min_score"": 60}","{""avg_loss_r"": 1.01225875, ""avg_net_return"": -0.08651405250000001, ""avg_win_r"": 0.0, ""expectancy_r"": -1.01225875, ""losses"": 4, ""max_drawdown"": 0.042820698355999894, ""median_net_return"": -0.090341385, ""net_profit"": -642.241456, ""net_return"": -0.04282069835599989, ""profit_factor"": 0.0, ""single_month_profit_concentration"": 0.0, ""top5_profit_concentration"": 0.0, ""trades"": 4, ""win_rate"": 0.0, ""wins"": 0}"
s6opt-comprehensive-fe84532,box_compact,s6trial-aa13045e024dbe70,OAT,s6ps-8e6a6efab04f884f,s6ps-71bdb4dbb9c5c096,COMPLETED_WITH_SKIPS,s6bt-070a66614aead6e3a4e0,,,"{""absolute_max_amp_10d"": 0.5, ""absolute_max_pullback_20d"": -0.35, ""amount10_vs_30_min_ratio"": 0.8, ""big_down_return"": -0.07, ""big_down_volume_ratio"": 1.5, ""box_tail"": {""breakout_ready_position_min"": 0.75, ""broken_close_tolerance"": 0.03, ""compact_kline"": {""atr_contraction_ratio_max"": 0.8, ""avg_body_ratio_max"": 0.025, ""close_range_max"": 0.05, ""enabled"": true, ""max_body_ratio_max"": 0.04, ""max_gap_ratio"": 0.03, ""min_overlap_pair_count"": 3, ""min_overlap_ratio"": 0.5, ""premium_atr_contraction_ratio_max"": 0.65, ""premium_avg_body_ratio_max"": 0.018, ""premium_close_range_max"": 0.03, ""premium_overlap_ratio"": 0.65, ""window_days"": 5}, ""current_close_high_tolerance"": 0.03, ""current_close_low_tolerance"": 0.03, ""enabled"": true, ""low_test_close_tolerance_down"": 0.02, ""low_test_tolerance_up"": 0.02, ""max_box_days"": 30, ""max_volume_contraction_ratio"": 0.85, ""min_box_days"": 5, ""min_box_low_test_count"": 2, ""min_center_shift"": -0.03, ""normal_box_width_max"": 0.18, ""premium_box_width_max"": 0.12, ""premium_center_shift"": 0.0, ""premium_tail_volume_ratio_max"": 0.5, ""premium_volume_contraction_ratio"": 0.7, ""support_ready_position_max"": 0.4, ""tail_volume_ratio_max"": 0.75}, ""breakout_extended_max_pct"": 0.08, ""buy_zone_valid_days"": 3, ""consolidation_max_days"": 40, ""consolidation_min_days"": 5, ""cup_depth_max"": 0.35, ""cup_depth_min"": 0.12, ""enable_market_filter"": true, ""enabled"": true, ""expired_cooldown_days"": 5, ""failed_cooldown_days"": 10, ""key_min_score"": 75, ""kline_days"": 1100, ""limit_up_volume_ratio"": 1.5, ""low_volume_limit_up_min_ratio"": 0.6, ""ma50_min_ratio"": 0.92, ""market_filter_mode"": ""downgrade"", ""max_amp_10d_a"": 0.4, ""max_amp_10d_b"": 0.35, ""max_amp_10d_s"": 0.45, ""max_amp_5d_a"": 0.22, ""max_amp_5d_b"": 0.18, ""max_amp_5d_s"": 0.25, ""max_pullback_20d_a"": -0.26, ""max_pullback_20d_b"": -0.22, ""max_pullback_20d_s"": -0.3, ""max_watch_days"": 10, ""min_avg_amount_10d_yi"": 5, ""min_avg_amount_30d_yi"": 5, ""min_avg_amount_60d_yi"": 3, ""min_relative_strength_20"": 0.1, ""minimum_trading_days"": 500, ""near_120d_high_ratio"": 0.98, ""normal_start_close_position"": 0.65, ""normal_start_min_amount_yi"": 2, ""normal_start_return"": 0.07, ""normal_start_self_amount_percentile"": 0.9, ""normal_start_volume_ratio"": 2.0, ""pattern_filter_enabled"": true, ""pattern_filter_mode"": ""score_only"", ""pattern_pivot_proximity_pct"": 0.05, ""platform_max_range"": 0.12, ""ready_min_score"": 85, ""rr2_min_key"": 2.0, ""rr2_min_ready"": 2.5, ""rr2_min_watch"": 1.5, ""start_age_max_days"": 60, ""start_age_min_days"": 5, ""start_lookback_days"": 60, ""stop_atr_multiplier"": 0.8, ""stop_key_support_pct"": 0.03, ""support_cluster_atr_multiplier"": 0.5, ""support_cluster_price_pct"": 0.015, ""support_test_lookback"": 10, ""support_zone_atr_multiplier"": 0.3, ""support_zone_price_pct"": 0.01, ""tail_close_range_5"": 0.08, ""tail_min_return_3"": -0.04, ""tail_min_return_5"": -0.06, ""tail_strong_volume_ratio_5_20"": 0.6, ""tail_volume_ratio_5_20"": 0.75, ""tail_window_days"": 5, ""target_2_cap_pct"": 0.35, ""vcp_contraction_range_ratio"": 0.9, ""vcp_contraction_volume_ratio"": 0.9, ""vcp_min_first_range"": 0.08, ""watch_min_score"": 60}","{""avg_loss_r"": 1.01225875, ""avg_net_return"": -0.08651405250000001, ""avg_win_r"": 0.0, ""expectancy_r"": -1.01225875, ""losses"": 4, ""max_drawdown"": 0.042820698355999894, ""median_net_return"": -0.090341385, ""net_profit"": -642.241456, ""net_return"": -0.04282069835599989, ""profit_factor"": 0.0, ""single_month_profit_concentration"": 0.0, ""top5_profit_concentration"": 0.0, ""trades"": 4, ""win_rate"": 0.0, ""wins"": 0}"
s6opt-comprehensive-fe84532,box_compact,s6trial-aca9ebdaeaefb0ac,OAT,s6ps-197a164b08eae3b7,s6ps-71bdb4dbb9c5c096,COMPLETED_WITH_SKIPS,s6bt-aeb70bc8737a750e70d4,,,"{""absolute_max_amp_10d"": 0.5, ""absolute_max_pullback_20d"": -0.35, ""amount10_vs_30_min_ratio"": 0.8, ""big_down_return"": -0.07, ""big_down_volume_ratio"": 1.5, ""box_tail"": {""breakout_ready_position_min"": 0.75, ""broken_close_tolerance"": 0.03, ""compact_kline"": {""atr_contraction_ratio_max"": 0.8, ""avg_body_ratio_max"": 0.025, ""close_range_max"": 0.05, ""enabled"": true, ""max_body_ratio_max"": 0.04, ""max_gap_ratio"": 0.03, ""min_overlap_pair_count"": 3, ""min_overlap_ratio"": 0.5, ""premium_atr_contraction_ratio_max"": 0.65, ""premium_avg_body_ratio_max"": 0.018, ""premium_close_range_max"": 0.03, ""premium_overlap_ratio"": 0.65, ""window_days"": 5}, ""current_close_high_tolerance"": 0.03, ""current_close_low_tolerance"": 0.03, ""enabled"": true, ""low_test_close_tolerance_down"": 0.02, ""low_test_tolerance_up"": 0.02, ""max_box_days"": 30, ""max_volume_contraction_ratio"": 0.85, ""min_box_days"": 7, ""min_box_low_test_count"": 2, ""min_center_shift"": -0.03, ""normal_box_width_max"": 0.18, ""premium_box_width_max"": 0.12, ""premium_center_shift"": 0.0, ""premium_tail_volume_ratio_max"": 0.6, ""premium_volume_contraction_ratio"": 0.7, ""support_ready_position_max"": 0.4, ""tail_volume_ratio_max"": 0.75}, ""breakout_extended_max_pct"": 0.08, ""buy_zone_valid_days"": 3, ""consolidation_max_days"": 40, ""consolidation_min_days"": 5, ""cup_depth_max"": 0.35, ""cup_depth_min"": 0.12, ""enable_market_filter"": true, ""enabled"": true, ""expired_cooldown_days"": 5, ""failed_cooldown_days"": 10, ""key_min_score"": 75, ""kline_days"": 1100, ""limit_up_volume_ratio"": 1.5, ""low_volume_limit_up_min_ratio"": 0.6, ""ma50_min_ratio"": 0.92, ""market_filter_mode"": ""downgrade"", ""max_amp_10d_a"": 0.4, ""max_amp_10d_b"": 0.35, ""max_amp_10d_s"": 0.45, ""max_amp_5d_a"": 0.22, ""max_amp_5d_b"": 0.18, ""max_amp_5d_s"": 0.25, ""max_pullback_20d_a"": -0.26, ""max_pullback_20d_b"": -0.22, ""max_pullback_20d_s"": -0.3, ""max_watch_days"": 10, ""min_avg_amount_10d_yi"": 5, ""min_avg_amount_30d_yi"": 5, ""min_avg_amount_60d_yi"": 3, ""min_relative_strength_20"": 0.1, ""minimum_trading_days"": 500, ""near_120d_high_ratio"": 0.98, ""normal_start_close_position"": 0.65, ""normal_start_min_amount_yi"": 2, ""normal_start_return"": 0.07, ""normal_start_self_amount_percentile"": 0.9, ""normal_start_volume_ratio"": 2.0, ""pattern_filter_enabled"": true, ""pattern_filter_mode"": ""score_only"", ""pattern_pivot_proximity_pct"": 0.05, ""platform_max_range"": 0.12, ""ready_min_score"": 85, ""rr2_min_key"": 2.0, ""rr2_min_ready"": 2.5, ""rr2_min_watch"": 1.5, ""start_age_max_days"": 60, ""start_age_min_days"": 5, ""start_lookback_days"": 60, ""stop_atr_multiplier"": 0.8, ""stop_key_support_pct"": 0.03, ""support_cluster_atr_multiplier"": 0.5, ""support_cluster_price_pct"": 0.015, ""support_test_lookback"": 10, ""support_zone_atr_multiplier"": 0.3, ""support_zone_price_pct"": 0.01, ""tail_close_range_5"": 0.08, ""tail_min_return_3"": -0.04, ""tail_min_return_5"": -0.06, ""tail_strong_volume_ratio_5_20"": 0.6, ""tail_volume_ratio_5_20"": 0.75, ""tail_window_days"": 5, ""target_2_cap_pct"": 0.35, ""vcp_contraction_range_ratio"": 0.9, ""vcp_contraction_volume_ratio"": 0.9, ""vcp_min_first_range"": 0.08, ""watch_min_score"": 60}","{""avg_loss_r"": 1.01225875, ""avg_net_return"": -0.08651405250000001, ""avg_win_r"": 0.0, ""expectancy_r"": -1.01225875, ""losses"": 4, ""max_drawdown"": 0.042820698355999894, ""median_net_return"": -0.090341385, ""net_profit"": -642.241456, ""net_return"": -0.04282069835599989, ""profit_factor"": 0.0, ""single_month_profit_concentration"": 0.0, ""top5_profit_concentration"": 0.0, ""trades"": 4, ""win_rate"": 0.0, ""wins"": 0}"
s6opt-comprehensive-fe84532,box_compact,s6trial-aceceb3080032237,OAT,s6ps-9d8e357edc3f678d,s6ps-71bdb4dbb9c5c096,COMPLETED_WITH_SKIPS,s6bt-b9ff72cda591f2412c9c,,,"{""absolute_max_amp_10d"": 0.5, ""absolute_max_pullback_20d"": -0.35, ""amount10_vs_30_min_ratio"": 0.8, ""big_down_return"": -0.07, ""big_down_volume_ratio"": 1.5, ""box_tail"": {""breakout_ready_position_min"": 0.75, ""broken_close_tolerance"": 0.03, ""compact_kline"": {""atr_contraction_ratio_max"": 0.8, ""avg_body_ratio_max"": 0.025, ""close_range_max"": 0.05, ""enabled"": true, ""max_body_ratio_max"": 0.04, ""max_gap_ratio"": 0.03, ""min_overlap_pair_count"": 3, ""min_overlap_ratio"": 0.5, ""premium_atr_contraction_ratio_max"": 0.65, ""premium_avg_body_ratio_max"": 0.018, ""premium_close_range_max"": 0.03, ""premium_overlap_ratio"": 0.65, ""window_days"": 5}, ""current_close_high_tolerance"": 0.03, ""current_close_low_tolerance"": 0.03, ""enabled"": true, ""low_test_close_tolerance_down"": 0.02, ""low_test_tolerance_up"": 0.02, ""max_box_days"": 30, ""max_volume_contraction_ratio"": 0.85, ""min_box_days"": 5, ""min_box_low_test_count"": 2, ""min_center_shift"": -0.03, ""normal_box_width_max"": 0.18, ""premium_box_width_max"": 0.12, ""premium_center_shift"": 0.0, ""premium_tail_volume_ratio_max"": 0.6, ""premium_volume_contraction_ratio"": 0.6, ""support_ready_position_max"": 0.4, ""tail_volume_ratio_max"": 0.75}, ""breakout_extended_max_pct"": 0.08, ""buy_zone_valid_days"": 3, ""consolidation_max_days"": 40, ""consolidation_min_days"": 5, ""cup_depth_max"": 0.35, ""cup_depth_min"": 0.12, ""enable_market_filter"": true, ""enabled"": true, ""expired_cooldown_days"": 5, ""failed_cooldown_days"": 10, ""key_min_score"": 75, ""kline_days"": 1100, ""limit_up_volume_ratio"": 1.5, ""low_volume_limit_up_min_ratio"": 0.6, ""ma50_min_ratio"": 0.92, ""market_filter_mode"": ""downgrade"", ""max_amp_10d_a"": 0.4, ""max_amp_10d_b"": 0.35, ""max_amp_10d_s"": 0.45, ""max_amp_5d_a"": 0.22, ""max_amp_5d_b"": 0.18, ""max_amp_5d_s"": 0.25, ""max_pullback_20d_a"": -0.26, ""max_pullback_20d_b"": -0.22, ""max_pullback_20d_s"": -0.3, ""max_watch_days"": 10, ""min_avg_amount_10d_yi"": 5, ""min_avg_amount_30d_yi"": 5, ""min_avg_amount_60d_yi"": 3, ""min_relative_strength_20"": 0.1, ""minimum_trading_days"": 500, ""near_120d_high_ratio"": 0.98, ""normal_start_close_position"": 0.65, ""normal_start_min_amount_yi"": 2, ""normal_start_return"": 0.07, ""normal_start_self_amount_percentile"": 0.9, ""normal_start_volume_ratio"": 2.0, ""pattern_filter_enabled"": true, ""pattern_filter_mode"": ""score_only"", ""pattern_pivot_proximity_pct"": 0.05, ""platform_max_range"": 0.12, ""ready_min_score"": 85, ""rr2_min_key"": 2.0, ""rr2_min_ready"": 2.5, ""rr2_min_watch"": 1.5, ""start_age_max_days"": 60, ""start_age_min_days"": 5, ""start_lookback_days"": 60, ""stop_atr_multiplier"": 0.8, ""stop_key_support_pct"": 0.03, ""support_cluster_atr_multiplier"": 0.5, ""support_cluster_price_pct"": 0.015, ""support_test_lookback"": 10, ""support_zone_atr_multiplier"": 0.3, ""support_zone_price_pct"": 0.01, ""tail_close_range_5"": 0.08, ""tail_min_return_3"": -0.04, ""tail_min_return_5"": -0.06, ""tail_strong_volume_ratio_5_20"": 0.6, ""tail_volume_ratio_5_20"": 0.75, ""tail_window_days"": 5, ""target_2_cap_pct"": 0.35, ""vcp_contraction_range_ratio"": 0.9, ""vcp_contraction_volume_ratio"": 0.9, ""vcp_min_first_range"": 0.08, ""watch_min_score"": 60}","{""avg_loss_r"": 1.01225875, ""avg_net_return"": -0.08651405250000001, ""avg_win_r"": 0.0, ""expectancy_r"": -1.01225875, ""losses"": 4, ""max_drawdown"": 0.042820698355999894, ""median_net_return"": -0.090341385, ""net_profit"": -642.241456, ""net_return"": -0.04282069835599989, ""profit_factor"": 0.0, ""single_month_profit_concentration"": 0.0, ""top5_profit_concentration"": 0.0, ""trades"": 4, ""win_rate"": 0.0, ""wins"": 0}"
s6opt-comprehensive-fe84532,box_compact,s6trial-b3892e18bda1f684,OAT,s6ps-d8938e35d51b246b,s6ps-71bdb4dbb9c5c096,COMPLETED_WITH_SKIPS,s6bt-eb9b6e1c7a83b4617e21,,,"{""absolute_max_amp_10d"": 0.5, ""absolute_max_pullback_20d"": -0.35, ""amount10_vs_30_min_ratio"": 0.8, ""big_down_return"": -0.07, ""big_down_volume_ratio"": 1.5, ""box_tail"": {""breakout_ready_position_min"": 0.75, ""broken_close_tolerance"": 0.03, ""compact_kline"": {""atr_contraction_ratio_max"": 0.8, ""avg_body_ratio_max"": 0.025, ""close_range_max"": 0.05, ""enabled"": true, ""max_body_ratio_max"": 0.04, ""max_gap_ratio"": 0.03, ""min_overlap_pair_count"": 3, ""min_overlap_ratio"": 0.5, ""premium_atr_contraction_ratio_max"": 0.65, ""premium_avg_body_ratio_max"": 0.018, ""premium_close_range_max"": 0.03, ""premium_overlap_ratio"": 0.65, ""window_days"": 5}, ""current_close_high_tolerance"": 0.03, ""current_close_low_tolerance"": 0.03, ""enabled"": true, ""low_test_close_tolerance_down"": 0.02, ""low_test_tolerance_up"": 0.02, ""max_box_days"": 30, ""max_volume_contraction_ratio"": 0.85, ""min_box_days"": 5, ""min_box_low_test_count"": 2, ""min_center_shift"": -0.03, ""normal_box_width_max"": 0.18, ""premium_box_width_max"": 0.12, ""premium_center_shift"": 0.0, ""premium_tail_volume_ratio_max"": 0.6, ""premium_volume_contraction_ratio"": 0.7, ""support_ready_position_max"": 0.5, ""tail_volume_ratio_max"": 0.75}, ""breakout_extended_max_pct"": 0.08, ""buy_zone_valid_days"": 3, ""consolidation_max_days"": 40, ""consolidation_min_days"": 5, ""cup_depth_max"": 0.35, ""cup_depth_min"": 0.12, ""enable_market_filter"": true, ""enabled"": true, ""expired_cooldown_days"": 5, ""failed_cooldown_days"": 10, ""key_min_score"": 75, ""kline_days"": 1100, ""limit_up_volume_ratio"": 1.5, ""low_volume_limit_up_min_ratio"": 0.6, ""ma50_min_ratio"": 0.92, ""market_filter_mode"": ""downgrade"", ""max_amp_10d_a"": 0.4, ""max_amp_10d_b"": 0.35, ""max_amp_10d_s"": 0.45, ""max_amp_5d_a"": 0.22, ""max_amp_5d_b"": 0.18, ""max_amp_5d_s"": 0.25, ""max_pullback_20d_a"": -0.26, ""max_pullback_20d_b"": -0.22, ""max_pullback_20d_s"": -0.3, ""max_watch_days"": 10, ""min_avg_amount_10d_yi"": 5, ""min_avg_amount_30d_yi"": 5, ""min_avg_amount_60d_yi"": 3, ""min_relative_strength_20"": 0.1, ""minimum_trading_days"": 500, ""near_120d_high_ratio"": 0.98, ""normal_start_close_position"": 0.65, ""normal_start_min_amount_yi"": 2, ""normal_start_return"": 0.07, ""normal_start_self_amount_percentile"": 0.9, ""normal_start_volume_ratio"": 2.0, ""pattern_filter_enabled"": true, ""pattern_filter_mode"": ""score_only"", ""pattern_pivot_proximity_pct"": 0.05, ""platform_max_range"": 0.12, ""ready_min_score"": 85, ""rr2_min_key"": 2.0, ""rr2_min_ready"": 2.5, ""rr2_min_watch"": 1.5, ""start_age_max_days"": 60, ""start_age_min_days"": 5, ""start_lookback_days"": 60, ""stop_atr_multiplier"": 0.8, ""stop_key_support_pct"": 0.03, ""support_cluster_atr_multiplier"": 0.5, ""support_cluster_price_pct"": 0.015, ""support_test_lookback"": 10, ""support_zone_atr_multiplier"": 0.3, ""support_zone_price_pct"": 0.01, ""tail_close_range_5"": 0.08, ""tail_min_return_3"": -0.04, ""tail_min_return_5"": -0.06, ""tail_strong_volume_ratio_5_20"": 0.6, ""tail_volume_ratio_5_20"": 0.75, ""tail_window_days"": 5, ""target_2_cap_pct"": 0.35, ""vcp_contraction_range_ratio"": 0.9, ""vcp_contraction_volume_ratio"": 0.9, ""vcp_min_first_range"": 0.08, ""watch_min_score"": 60}","{""avg_loss_r"": 1.01225875, ""avg_net_return"": -0.08651405250000001, ""avg_win_r"": 0.0, ""expectancy_r"": -1.01225875, ""losses"": 4, ""max_drawdown"": 0.042820698355999894, ""median_net_return"": -0.090341385, ""net_profit"": -642.241456, ""net_return"": -0.04282069835599989, ""profit_factor"": 0.0, ""single_month_profit_concentration"": 0.0, ""top5_profit_concentration"": 0.0, ""trades"": 4, ""win_rate"": 0.0, ""wins"": 0}"
s6opt-comprehensive-fe84532,box_compact,s6trial-b992018122c166c3,OAT,s6ps-b19a16f1b9b5614b,s6ps-71bdb4dbb9c5c096,COMPLETED_WITH_SKIPS,s6bt-8851b1c71d80a98cf423,,,"{""absolute_max_amp_10d"": 0.5, ""absolute_max_pullback_20d"": -0.35, ""amount10_vs_30_min_ratio"": 0.8, ""big_down_return"": -0.07, ""big_down_volume_ratio"": 1.5, ""box_tail"": {""breakout_ready_position_min"": 0.75, ""broken_close_tolerance"": 0.03, ""compact_kline"": {""atr_contraction_ratio_max"": 0.8, ""avg_body_ratio_max"": 0.025, ""close_range_max"": 0.05, ""enabled"": true, ""max_body_ratio_max"": 0.04, ""max_gap_ratio"": 0.03, ""min_overlap_pair_count"": 3, ""min_overlap_ratio"": 0.5, ""premium_atr_contraction_ratio_max"": 0.65, ""premium_avg_body_ratio_max"": 0.018, ""premium_close_range_max"": 0.03, ""premium_overlap_ratio"": 0.65, ""window_days"": 7}, ""current_close_high_tolerance"": 0.03, ""current_close_low_tolerance"": 0.03, ""enabled"": true, ""low_test_close_tolerance_down"": 0.02, ""low_test_tolerance_up"": 0.02, ""max_box_days"": 30, ""max_volume_contraction_ratio"": 0.85, ""min_box_days"": 5, ""min_box_low_test_count"": 2, ""min_center_shift"": -0.03, ""normal_box_width_max"": 0.18, ""premium_box_width_max"": 0.12, ""premium_center_shift"": 0.0, ""premium_tail_volume_ratio_max"": 0.6, ""premium_volume_contraction_ratio"": 0.7, ""support_ready_position_max"": 0.4, ""tail_volume_ratio_max"": 0.75}, ""breakout_extended_max_pct"": 0.08, ""buy_zone_valid_days"": 3, ""consolidation_max_days"": 40, ""consolidation_min_days"": 5, ""cup_depth_max"": 0.35, ""cup_depth_min"": 0.12, ""enable_market_filter"": true, ""enabled"": true, ""expired_cooldown_days"": 5, ""failed_cooldown_days"": 10, ""key_min_score"": 75, ""kline_days"": 1100, ""limit_up_volume_ratio"": 1.5, ""low_volume_limit_up_min_ratio"": 0.6, ""ma50_min_ratio"": 0.92, ""market_filter_mode"": ""downgrade"", ""max_amp_10d_a"": 0.4, ""max_amp_10d_b"": 0.35, ""max_amp_10d_s"": 0.45, ""max_amp_5d_a"": 0.22, ""max_amp_5d_b"": 0.18, ""max_amp_5d_s"": 0.25, ""max_pullback_20d_a"": -0.26, ""max_pullback_20d_b"": -0.22, ""max_pullback_20d_s"": -0.3, ""max_watch_days"": 10, ""min_avg_amount_10d_yi"": 5, ""min_avg_amount_30d_yi"": 5, ""min_avg_amount_60d_yi"": 3, ""min_relative_strength_20"": 0.1, ""minimum_trading_days"": 500, ""near_120d_high_ratio"": 0.98, ""normal_start_close_position"": 0.65, ""normal_start_min_amount_yi"": 2, ""normal_start_return"": 0.07, ""normal_start_self_amount_percentile"": 0.9, ""normal_start_volume_ratio"": 2.0, ""pattern_filter_enabled"": true, ""pattern_filter_mode"": ""score_only"", ""pattern_pivot_proximity_pct"": 0.05, ""platform_max_range"": 0.12, ""ready_min_score"": 85, ""rr2_min_key"": 2.0, ""rr2_min_ready"": 2.5, ""rr2_min_watch"": 1.5, ""start_age_max_days"": 60, ""start_age_min_days"": 5, ""start_lookback_days"": 60, ""stop_atr_multiplier"": 0.8, ""stop_key_support_pct"": 0.03, ""support_cluster_atr_multiplier"": 0.5, ""support_cluster_price_pct"": 0.015, ""support_test_lookback"": 10, ""support_zone_atr_multiplier"": 0.3, ""support_zone_price_pct"": 0.01, ""tail_close_range_5"": 0.08, ""tail_min_return_3"": -0.04, ""tail_min_return_5"": -0.06, ""tail_strong_volume_ratio_5_20"": 0.6, ""tail_volume_ratio_5_20"": 0.75, ""tail_window_days"": 5, ""target_2_cap_pct"": 0.35, ""vcp_contraction_range_ratio"": 0.9, ""vcp_contraction_volume_ratio"": 0.9, ""vcp_min_first_range"": 0.08, ""watch_min_score"": 60}","{""avg_loss_r"": 1.01225875, ""avg_net_return"": -0.08651405250000001, ""avg_win_r"": 0.0, ""expectancy_r"": -1.01225875, ""losses"": 4, ""max_drawdown"": 0.042820698355999894, ""median_net_return"": -0.090341385, ""net_profit"": -642.241456, ""net_return"": -0.04282069835599989, ""profit_factor"": 0.0, ""single_month_profit_concentration"": 0.0, ""top5_profit_concentration"": 0.0, ""trades"": 4, ""win_rate"": 0.0, ""wins"": 0}"
s6opt-comprehensive-fe84532,box_compact,s6trial-c463fabe6e439063,OAT,s6ps-278221933e5b5870,s6ps-71bdb4dbb9c5c096,COMPLETED_WITH_SKIPS,s6bt-92ed56680176b2435ce3,,,"{""absolute_max_amp_10d"": 0.5, ""absolute_max_pullback_20d"": -0.35, ""amount10_vs_30_min_ratio"": 0.8, ""big_down_return"": -0.07, ""big_down_volume_ratio"": 1.5, ""box_tail"": {""breakout_ready_position_min"": 0.75, ""broken_close_tolerance"": 0.03, ""compact_kline"": {""atr_contraction_ratio_max"": 0.8, ""avg_body_ratio_max"": 0.025, ""close_range_max"": 0.05, ""enabled"": true, ""max_body_ratio_max"": 0.04, ""max_gap_ratio"": 0.03, ""min_overlap_pair_count"": 3, ""min_overlap_ratio"": 0.5, ""premium_atr_contraction_ratio_max"": 0.65, ""premium_avg_body_ratio_max"": 0.018, ""premium_close_range_max"": 0.03, ""premium_overlap_ratio"": 0.65, ""window_days"": 5}, ""current_close_high_tolerance"": 0.03, ""current_close_low_tolerance"": 0.03, ""enabled"": true, ""low_test_close_tolerance_down"": 0.02, ""low_test_tolerance_up"": 0.02, ""max_box_days"": 30, ""max_volume_contraction_ratio"": 0.85, ""min_box_days"": 5, ""min_box_low_test_count"": 3, ""min_center_shift"": -0.03, ""normal_box_width_max"": 0.18, ""premium_box_width_max"": 0.12, ""premium_center_shift"": 0.0, ""premium_tail_volume_ratio_max"": 0.6, ""premium_volume_contraction_ratio"": 0.7, ""support_ready_position_max"": 0.4, ""tail_volume_ratio_max"": 0.75}, ""breakout_extended_max_pct"": 0.08, ""buy_zone_valid_days"": 3, ""consolidation_max_days"": 40, ""consolidation_min_days"": 5, ""cup_depth_max"": 0.35, ""cup_depth_min"": 0.12, ""enable_market_filter"": true, ""enabled"": true, ""expired_cooldown_days"": 5, ""failed_cooldown_days"": 10, ""key_min_score"": 75, ""kline_days"": 1100, ""limit_up_volume_ratio"": 1.5, ""low_volume_limit_up_min_ratio"": 0.6, ""ma50_min_ratio"": 0.92, ""market_filter_mode"": ""downgrade"", ""max_amp_10d_a"": 0.4, ""max_amp_10d_b"": 0.35, ""max_amp_10d_s"": 0.45, ""max_amp_5d_a"": 0.22, ""max_amp_5d_b"": 0.18, ""max_amp_5d_s"": 0.25, ""max_pullback_20d_a"": -0.26, ""max_pullback_20d_b"": -0.22, ""max_pullback_20d_s"": -0.3, ""max_watch_days"": 10, ""min_avg_amount_10d_yi"": 5, ""min_avg_amount_30d_yi"": 5, ""min_avg_amount_60d_yi"": 3, ""min_relative_strength_20"": 0.1, ""minimum_trading_days"": 500, ""near_120d_high_ratio"": 0.98, ""normal_start_close_position"": 0.65, ""normal_start_min_amount_yi"": 2, ""normal_start_return"": 0.07, ""normal_start_self_amount_percentile"": 0.9, ""normal_start_volume_ratio"": 2.0, ""pattern_filter_enabled"": true, ""pattern_filter_mode"": ""score_only"", ""pattern_pivot_proximity_pct"": 0.05, ""platform_max_range"": 0.12, ""ready_min_score"": 85, ""rr2_min_key"": 2.0, ""rr2_min_ready"": 2.5, ""rr2_min_watch"": 1.5, ""start_age_max_days"": 60, ""start_age_min_days"": 5, ""start_lookback_days"": 60, ""stop_atr_multiplier"": 0.8, ""stop_key_support_pct"": 0.03, ""support_cluster_atr_multiplier"": 0.5, ""support_cluster_price_pct"": 0.015, ""support_test_lookback"": 10, ""support_zone_atr_multiplier"": 0.3, ""support_zone_price_pct"": 0.01, ""tail_close_range_5"": 0.08, ""tail_min_return_3"": -0.04, ""tail_min_return_5"": -0.06, ""tail_strong_volume_ratio_5_20"": 0.6, ""tail_volume_ratio_5_20"": 0.75, ""tail_window_days"": 5, ""target_2_cap_pct"": 0.35, ""vcp_contraction_range_ratio"": 0.9, ""vcp_contraction_volume_ratio"": 0.9, ""vcp_min_first_range"": 0.08, ""watch_min_score"": 60}","{""avg_loss_r"": 1.011189, ""avg_net_return"": -0.088533, ""avg_win_r"": 0.0, ""expectancy_r"": -1.011189, ""losses"": 1, ""max_drawdown"": 0.010769288709999993, ""median_net_return"": -0.088533, ""net_profit"": -173.698205, ""net_return"": -0.010769288710000047, ""profit_factor"": 0.0, ""single_month_profit_concentration"": 0.0, ""top5_profit_concentration"": 0.0, ""trades"": 1, ""win_rate"": 0.0, ""wins"": 0}"
s6opt-comprehensive-fe84532,box_compact,s6trial-c46dcdc9f401164a,OAT,s6ps-61cf7acf923b9740,s6ps-71bdb4dbb9c5c096,COMPLETED_WITH_SKIPS,s6bt-f94e6b81962d7c51a76f,,,"{""absolute_max_amp_10d"": 0.5, ""absolute_max_pullback_20d"": -0.35, ""amount10_vs_30_min_ratio"": 0.8, ""big_down_return"": -0.07, ""big_down_volume_ratio"": 1.5, ""box_tail"": {""breakout_ready_position_min"": 0.85, ""broken_close_tolerance"": 0.03, ""compact_kline"": {""atr_contraction_ratio_max"": 0.8, ""avg_body_ratio_max"": 0.025, ""close_range_max"": 0.05, ""enabled"": true, ""max_body_ratio_max"": 0.04, ""max_gap_ratio"": 0.03, ""min_overlap_pair_count"": 3, ""min_overlap_ratio"": 0.5, ""premium_atr_contraction_ratio_max"": 0.65, ""premium_avg_body_ratio_max"": 0.018, ""premium_close_range_max"": 0.03, ""premium_overlap_ratio"": 0.65, ""window_days"": 5}, ""current_close_high_tolerance"": 0.03, ""current_close_low_tolerance"": 0.03, ""enabled"": true, ""low_test_close_tolerance_down"": 0.02, ""low_test_tolerance_up"": 0.02, ""max_box_days"": 30, ""max_volume_contraction_ratio"": 0.85, ""min_box_days"": 5, ""min_box_low_test_count"": 2, ""min_center_shift"": -0.03, ""normal_box_width_max"": 0.18, ""premium_box_width_max"": 0.12, ""premium_center_shift"": 0.0, ""premium_tail_volume_ratio_max"": 0.6, ""premium_volume_contraction_ratio"": 0.7, ""support_ready_position_max"": 0.4, ""tail_volume_ratio_max"": 0.75}, ""breakout_extended_max_pct"": 0.08, ""buy_zone_valid_days"": 3, ""consolidation_max_days"": 40, ""consolidation_min_days"": 5, ""cup_depth_max"": 0.35, ""cup_depth_min"": 0.12, ""enable_market_filter"": true, ""enabled"": true, ""expired_cooldown_days"": 5, ""failed_cooldown_days"": 10, ""key_min_score"": 75, ""kline_days"": 1100, ""limit_up_volume_ratio"": 1.5, ""low_volume_limit_up_min_ratio"": 0.6, ""ma50_min_ratio"": 0.92, ""market_filter_mode"": ""downgrade"", ""max_amp_10d_a"": 0.4, ""max_amp_10d_b"": 0.35, ""max_amp_10d_s"": 0.45, ""max_amp_5d_a"": 0.22, ""max_amp_5d_b"": 0.18, ""max_amp_5d_s"": 0.25, ""max_pullback_20d_a"": -0.26, ""max_pullback_20d_b"": -0.22, ""max_pullback_20d_s"": -0.3, ""max_watch_days"": 10, ""min_avg_amount_10d_yi"": 5, ""min_avg_amount_30d_yi"": 5, ""min_avg_amount_60d_yi"": 3, ""min_relative_strength_20"": 0.1, ""minimum_trading_days"": 500, ""near_120d_high_ratio"": 0.98, ""normal_start_close_position"": 0.65, ""normal_start_min_amount_yi"": 2, ""normal_start_return"": 0.07, ""normal_start_self_amount_percentile"": 0.9, ""normal_start_volume_ratio"": 2.0, ""pattern_filter_enabled"": true, ""pattern_filter_mode"": ""score_only"", ""pattern_pivot_proximity_pct"": 0.05, ""platform_max_range"": 0.12, ""ready_min_score"": 85, ""rr2_min_key"": 2.0, ""rr2_min_ready"": 2.5, ""rr2_min_watch"": 1.5, ""start_age_max_days"": 60, ""start_age_min_days"": 5, ""start_lookback_days"": 60, ""stop_atr_multiplier"": 0.8, ""stop_key_support_pct"": 0.03, ""support_cluster_atr_multiplier"": 0.5, ""support_cluster_price_pct"": 0.015, ""support_test_lookback"": 10, ""support_zone_atr_multiplier"": 0.3, ""support_zone_price_pct"": 0.01, ""tail_close_range_5"": 0.08, ""tail_min_return_3"": -0.04, ""tail_min_return_5"": -0.06, ""tail_strong_volume_ratio_5_20"": 0.6, ""tail_volume_ratio_5_20"": 0.75, ""tail_window_days"": 5, ""target_2_cap_pct"": 0.35, ""vcp_contraction_range_ratio"": 0.9, ""vcp_contraction_volume_ratio"": 0.9, ""vcp_min_first_range"": 0.08, ""watch_min_score"": 60}","{""avg_loss_r"": 1.01225875, ""avg_net_return"": -0.08651405250000001, ""avg_win_r"": 0.0, ""expectancy_r"": -1.01225875, ""losses"": 4, ""max_drawdown"": 0.042820698355999894, ""median_net_return"": -0.090341385, ""net_profit"": -642.241456, ""net_return"": -0.04282069835599989, ""profit_factor"": 0.0, ""single_month_profit_concentration"": 0.0, ""top5_profit_concentration"": 0.0, ""trades"": 4, ""win_rate"": 0.0, ""wins"": 0}"
s6opt-comprehensive-fe84532,box_compact,s6trial-c4ff334a533d6229,OAT,s6ps-2f4b27e9c5c89eca,s6ps-71bdb4dbb9c5c096,COMPLETED_WITH_SKIPS,s6bt-ef946ad0f8b460bf23a0,,,"{""absolute_max_amp_10d"": 0.5, ""absolute_max_pullback_20d"": -0.35, ""amount10_vs_30_min_ratio"": 0.8, ""big_down_return"": -0.07, ""big_down_volume_ratio"": 1.5, ""box_tail"": {""breakout_ready_position_min"": 0.75, ""broken_close_tolerance"": 0.03, ""compact_kline"": {""atr_contraction_ratio_max"": 0.8, ""avg_body_ratio_max"": 0.025, ""close_range_max"": 0.05, ""enabled"": true, ""max_body_ratio_max"": 0.04, ""max_gap_ratio"": 0.03, ""min_overlap_pair_count"": 3, ""min_overlap_ratio"": 0.5, ""premium_atr_contraction_ratio_max"": 0.65, ""premium_avg_body_ratio_max"": 0.018, ""premium_close_range_max"": 0.03, ""premium_overlap_ratio"": 0.65, ""window_days"": 5}, ""current_close_high_tolerance"": 0.03, ""current_close_low_tolerance"": 0.03, ""enabled"": true, ""low_test_close_tolerance_down"": 0.02, ""low_test_tolerance_up"": 0.02, ""max_box_days"": 30, ""max_volume_contraction_ratio"": 0.85, ""min_box_days"": 5, ""min_box_low_test_count"": 2, ""min_center_shift"": -0.03, ""normal_box_width_max"": 0.2, ""premium_box_width_max"": 0.12, ""premium_center_shift"": 0.0, ""premium_tail_volume_ratio_max"": 0.6, ""premium_volume_contraction_ratio"": 0.7, ""support_ready_position_max"": 0.4, ""tail_volume_ratio_max"": 0.75}, ""breakout_extended_max_pct"": 0.08, ""buy_zone_valid_days"": 3, ""consolidation_max_days"": 40, ""consolidation_min_days"": 5, ""cup_depth_max"": 0.35, ""cup_depth_min"": 0.12, ""enable_market_filter"": true, ""enabled"": true, ""expired_cooldown_days"": 5, ""failed_cooldown_days"": 10, ""key_min_score"": 75, ""kline_days"": 1100, ""limit_up_volume_ratio"": 1.5, ""low_volume_limit_up_min_ratio"": 0.6, ""ma50_min_ratio"": 0.92, ""market_filter_mode"": ""downgrade"", ""max_amp_10d_a"": 0.4, ""max_amp_10d_b"": 0.35, ""max_amp_10d_s"": 0.45, ""max_amp_5d_a"": 0.22, ""max_amp_5d_b"": 0.18, ""max_amp_5d_s"": 0.25, ""max_pullback_20d_a"": -0.26, ""max_pullback_20d_b"": -0.22, ""max_pullback_20d_s"": -0.3, ""max_watch_days"": 10, ""min_avg_amount_10d_yi"": 5, ""min_avg_amount_30d_yi"": 5, ""min_avg_amount_60d_yi"": 3, ""min_relative_strength_20"": 0.1, ""minimum_trading_days"": 500, ""near_120d_high_ratio"": 0.98, ""normal_start_close_position"": 0.65, ""normal_start_min_amount_yi"": 2, ""normal_start_return"": 0.07, ""normal_start_self_amount_percentile"": 0.9, ""normal_start_volume_ratio"": 2.0, ""pattern_filter_enabled"": true, ""pattern_filter_mode"": ""score_only"", ""pattern_pivot_proximity_pct"": 0.05, ""platform_max_range"": 0.12, ""ready_min_score"": 85, ""rr2_min_key"": 2.0, ""rr2_min_ready"": 2.5, ""rr2_min_watch"": 1.5, ""start_age_max_days"": 60, ""start_age_min_days"": 5, ""start_lookback_days"": 60, ""stop_atr_multiplier"": 0.8, ""stop_key_support_pct"": 0.03, ""support_cluster_atr_multiplier"": 0.5, ""support_cluster_price_pct"": 0.015, ""support_test_lookback"": 10, ""support_zone_atr_multiplier"": 0.3, ""support_zone_price_pct"": 0.01, ""tail_close_range_5"": 0.08, ""tail_min_return_3"": -0.04, ""tail_min_return_5"": -0.06, ""tail_strong_volume_ratio_5_20"": 0.6, ""tail_volume_ratio_5_20"": 0.75, ""tail_window_days"": 5, ""target_2_cap_pct"": 0.35, ""vcp_contraction_range_ratio"": 0.9, ""vcp_contraction_volume_ratio"": 0.9, ""vcp_min_first_range"": 0.08, ""watch_min_score"": 60}","{""avg_loss_r"": 1.01225875, ""avg_net_return"": -0.08651405250000001, ""avg_win_r"": 0.0, ""expectancy_r"": -1.01225875, ""losses"": 4, ""max_drawdown"": 0.042820698355999894, ""median_net_return"": -0.090341385, ""net_profit"": -642.241456, ""net_return"": -0.04282069835599989, ""profit_factor"": 0.0, ""single_month_profit_concentration"": 0.0, ""top5_profit_concentration"": 0.0, ""trades"": 4, ""win_rate"": 0.0, ""wins"": 0}"
s6opt-comprehensive-fe84532,box_compact,s6trial-c8c97ef667366898,OAT,s6ps-af4d2aa0a56ea3ae,s6ps-71bdb4dbb9c5c096,COMPLETED_WITH_SKIPS,s6bt-258d0f09a8e2eb47d3f5,,,"{""absolute_max_amp_10d"": 0.5, ""absolute_max_pullback_20d"": -0.35, ""amount10_vs_30_min_ratio"": 0.8, ""big_down_return"": -0.07, ""big_down_volume_ratio"": 1.5, ""box_tail"": {""breakout_ready_position_min"": 0.75, ""broken_close_tolerance"": 0.03, ""compact_kline"": {""atr_contraction_ratio_max"": 0.8, ""avg_body_ratio_max"": 0.025, ""close_range_max"": 0.05, ""enabled"": true, ""max_body_ratio_max"": 0.04, ""max_gap_ratio"": 0.03, ""min_overlap_pair_count"": 3, ""min_overlap_ratio"": 0.5, ""premium_atr_contraction_ratio_max"": 0.65, ""premium_avg_body_ratio_max"": 0.018, ""premium_close_range_max"": 0.03, ""premium_overlap_ratio"": 0.65, ""window_days"": 5}, ""current_close_high_tolerance"": 0.03, ""current_close_low_tolerance"": 0.03, ""enabled"": true, ""low_test_close_tolerance_down"": 0.02, ""low_test_tolerance_up"": 0.02, ""max_box_days"": 30, ""max_volume_contraction_ratio"": 0.85, ""min_box_days"": 5, ""min_box_low_test_count"": 2, ""min_center_shift"": -0.03, ""normal_box_width_max"": 0.18, ""premium_box_width_max"": 0.12, ""premium_center_shift"": 0.01, ""premium_tail_volume_ratio_max"": 0.6, ""premium_volume_contraction_ratio"": 0.7, ""support_ready_position_max"": 0.4, ""tail_volume_ratio_max"": 0.75}, ""breakout_extended_max_pct"": 0.08, ""buy_zone_valid_days"": 3, ""consolidation_max_days"": 40, ""consolidation_min_days"": 5, ""cup_depth_max"": 0.35, ""cup_depth_min"": 0.12, ""enable_market_filter"": true, ""enabled"": true, ""expired_cooldown_days"": 5, ""failed_cooldown_days"": 10, ""key_min_score"": 75, ""kline_days"": 1100, ""limit_up_volume_ratio"": 1.5, ""low_volume_limit_up_min_ratio"": 0.6, ""ma50_min_ratio"": 0.92, ""market_filter_mode"": ""downgrade"", ""max_amp_10d_a"": 0.4, ""max_amp_10d_b"": 0.35, ""max_amp_10d_s"": 0.45, ""max_amp_5d_a"": 0.22, ""max_amp_5d_b"": 0.18, ""max_amp_5d_s"": 0.25, ""max_pullback_20d_a"": -0.26, ""max_pullback_20d_b"": -0.22, ""max_pullback_20d_s"": -0.3, ""max_watch_days"": 10, ""min_avg_amount_10d_yi"": 5, ""min_avg_amount_30d_yi"": 5, ""min_avg_amount_60d_yi"": 3, ""min_relative_strength_20"": 0.1, ""minimum_trading_days"": 500, ""near_120d_high_ratio"": 0.98, ""normal_start_close_position"": 0.65, ""normal_start_min_amount_yi"": 2, ""normal_start_return"": 0.07, ""normal_start_self_amount_percentile"": 0.9, ""normal_start_volume_ratio"": 2.0, ""pattern_filter_enabled"": true, ""pattern_filter_mode"": ""score_only"", ""pattern_pivot_proximity_pct"": 0.05, ""platform_max_range"": 0.12, ""ready_min_score"": 85, ""rr2_min_key"": 2.0, ""rr2_min_ready"": 2.5, ""rr2_min_watch"": 1.5, ""start_age_max_days"": 60, ""start_age_min_days"": 5, ""start_lookback_days"": 60, ""stop_atr_multiplier"": 0.8, ""stop_key_support_pct"": 0.03, ""support_cluster_atr_multiplier"": 0.5, ""support_cluster_price_pct"": 0.015, ""support_test_lookback"": 10, ""support_zone_atr_multiplier"": 0.3, ""support_zone_price_pct"": 0.01, ""tail_close_range_5"": 0.08, ""tail_min_return_3"": -0.04, ""tail_min_return_5"": -0.06, ""tail_strong_volume_ratio_5_20"": 0.6, ""tail_volume_ratio_5_20"": 0.75, ""tail_window_days"": 5, ""target_2_cap_pct"": 0.35, ""vcp_contraction_range_ratio"": 0.9, ""vcp_contraction_volume_ratio"": 0.9, ""vcp_min_first_range"": 0.08, ""watch_min_score"": 60}","{""avg_loss_r"": 1.01225875, ""avg_net_return"": -0.08651405250000001, ""avg_win_r"": 0.0, ""expectancy_r"": -1.01225875, ""losses"": 4, ""max_drawdown"": 0.042820698355999894, ""median_net_return"": -0.090341385, ""net_profit"": -642.241456, ""net_return"": -0.04282069835599989, ""profit_factor"": 0.0, ""single_month_profit_concentration"": 0.0, ""top5_profit_concentration"": 0.0, ""trades"": 4, ""win_rate"": 0.0, ""wins"": 0}"
s6opt-comprehensive-fe84532,box_compact,s6trial-ca4123f6247f7931,OAT,s6ps-d1b7d1590c023e57,s6ps-71bdb4dbb9c5c096,COMPLETED_WITH_SKIPS,s6bt-adf0eedccd2f9b79f629,,,"{""absolute_max_amp_10d"": 0.5, ""absolute_max_pullback_20d"": -0.35, ""amount10_vs_30_min_ratio"": 0.8, ""big_down_return"": -0.07, ""big_down_volume_ratio"": 1.5, ""box_tail"": {""breakout_ready_position_min"": 0.75, ""broken_close_tolerance"": 0.03, ""compact_kline"": {""atr_contraction_ratio_max"": 0.8, ""avg_body_ratio_max"": 0.025, ""close_range_max"": 0.05, ""enabled"": true, ""max_body_ratio_max"": 0.04, ""max_gap_ratio"": 0.03, ""min_overlap_pair_count"": 3, ""min_overlap_ratio"": 0.5, ""premium_atr_contraction_ratio_max"": 0.65, ""premium_avg_body_ratio_max"": 0.018, ""premium_close_range_max"": 0.03, ""premium_overlap_ratio"": 0.65, ""window_days"": 5}, ""current_close_high_tolerance"": 0.03, ""current_close_low_tolerance"": 0.03, ""enabled"": true, ""low_test_close_tolerance_down"": 0.02, ""low_test_tolerance_up"": 0.01, ""max_box_days"": 30, ""max_volume_contraction_ratio"": 0.85, ""min_box_days"": 5, ""min_box_low_test_count"": 2, ""min_center_shift"": -0.03, ""normal_box_width_max"": 0.18, ""premium_box_width_max"": 0.12, ""premium_center_shift"": 0.0, ""premium_tail_volume_ratio_max"": 0.6, ""premium_volume_contraction_ratio"": 0.7, ""support_ready_position_max"": 0.4, ""tail_volume_ratio_max"": 0.75}, ""breakout_extended_max_pct"": 0.08, ""buy_zone_valid_days"": 3, ""consolidation_max_days"": 40, ""consolidation_min_days"": 5, ""cup_depth_max"": 0.35, ""cup_depth_min"": 0.12, ""enable_market_filter"": true, ""enabled"": true, ""expired_cooldown_days"": 5, ""failed_cooldown_days"": 10, ""key_min_score"": 75, ""kline_days"": 1100, ""limit_up_volume_ratio"": 1.5, ""low_volume_limit_up_min_ratio"": 0.6, ""ma50_min_ratio"": 0.92, ""market_filter_mode"": ""downgrade"", ""max_amp_10d_a"": 0.4, ""max_amp_10d_b"": 0.35, ""max_amp_10d_s"": 0.45, ""max_amp_5d_a"": 0.22, ""max_amp_5d_b"": 0.18, ""max_amp_5d_s"": 0.25, ""max_pullback_20d_a"": -0.26, ""max_pullback_20d_b"": -0.22, ""max_pullback_20d_s"": -0.3, ""max_watch_days"": 10, ""min_avg_amount_10d_yi"": 5, ""min_avg_amount_30d_yi"": 5, ""min_avg_amount_60d_yi"": 3, ""min_relative_strength_20"": 0.1, ""minimum_trading_days"": 500, ""near_120d_high_ratio"": 0.98, ""normal_start_close_position"": 0.65, ""normal_start_min_amount_yi"": 2, ""normal_start_return"": 0.07, ""normal_start_self_amount_percentile"": 0.9, ""normal_start_volume_ratio"": 2.0, ""pattern_filter_enabled"": true, ""pattern_filter_mode"": ""score_only"", ""pattern_pivot_proximity_pct"": 0.05, ""platform_max_range"": 0.12, ""ready_min_score"": 85, ""rr2_min_key"": 2.0, ""rr2_min_ready"": 2.5, ""rr2_min_watch"": 1.5, ""start_age_max_days"": 60, ""start_age_min_days"": 5, ""start_lookback_days"": 60, ""stop_atr_multiplier"": 0.8, ""stop_key_support_pct"": 0.03, ""support_cluster_atr_multiplier"": 0.5, ""support_cluster_price_pct"": 0.015, ""support_test_lookback"": 10, ""support_zone_atr_multiplier"": 0.3, ""support_zone_price_pct"": 0.01, ""tail_close_range_5"": 0.08, ""tail_min_return_3"": -0.04, ""tail_min_return_5"": -0.06, ""tail_strong_volume_ratio_5_20"": 0.6, ""tail_volume_ratio_5_20"": 0.75, ""tail_window_days"": 5, ""target_2_cap_pct"": 0.35, ""vcp_contraction_range_ratio"": 0.9, ""vcp_contraction_volume_ratio"": 0.9, ""vcp_min_first_range"": 0.08, ""watch_min_score"": 60}","{""avg_loss_r"": 1.01225875, ""avg_net_return"": -0.08651405250000001, ""avg_win_r"": 0.0, ""expectancy_r"": -1.01225875, ""losses"": 4, ""max_drawdown"": 0.042820698355999894, ""median_net_return"": -0.090341385, ""net_profit"": -642.241456, ""net_return"": -0.04282069835599989, ""profit_factor"": 0.0, ""single_month_profit_concentration"": 0.0, ""top5_profit_concentration"": 0.0, ""trades"": 4, ""win_rate"": 0.0, ""wins"": 0}"
s6opt-comprehensive-fe84532,box_compact,s6trial-cada8cd7da237b85,OAT,s6ps-1c683b44340f3072,s6ps-71bdb4dbb9c5c096,COMPLETED_WITH_SKIPS,s6bt-3b378eec539ec62f3568,,,"{""absolute_max_amp_10d"": 0.5, ""absolute_max_pullback_20d"": -0.35, ""amount10_vs_30_min_ratio"": 0.8, ""big_down_return"": -0.07, ""big_down_volume_ratio"": 1.5, ""box_tail"": {""breakout_ready_position_min"": 0.65, ""broken_close_tolerance"": 0.03, ""compact_kline"": {""atr_contraction_ratio_max"": 0.8, ""avg_body_ratio_max"": 0.025, ""close_range_max"": 0.05, ""enabled"": true, ""max_body_ratio_max"": 0.04, ""max_gap_ratio"": 0.03, ""min_overlap_pair_count"": 3, ""min_overlap_ratio"": 0.5, ""premium_atr_contraction_ratio_max"": 0.65, ""premium_avg_body_ratio_max"": 0.018, ""premium_close_range_max"": 0.03, ""premium_overlap_ratio"": 0.65, ""window_days"": 5}, ""current_close_high_tolerance"": 0.03, ""current_close_low_tolerance"": 0.03, ""enabled"": true, ""low_test_close_tolerance_down"": 0.02, ""low_test_tolerance_up"": 0.02, ""max_box_days"": 30, ""max_volume_contraction_ratio"": 0.85, ""min_box_days"": 5, ""min_box_low_test_count"": 2, ""min_center_shift"": -0.03, ""normal_box_width_max"": 0.18, ""premium_box_width_max"": 0.12, ""premium_center_shift"": 0.0, ""premium_tail_volume_ratio_max"": 0.6, ""premium_volume_contraction_ratio"": 0.7, ""support_ready_position_max"": 0.4, ""tail_volume_ratio_max"": 0.75}, ""breakout_extended_max_pct"": 0.08, ""buy_zone_valid_days"": 3, ""consolidation_max_days"": 40, ""consolidation_min_days"": 5, ""cup_depth_max"": 0.35, ""cup_depth_min"": 0.12, ""enable_market_filter"": true, ""enabled"": true, ""expired_cooldown_days"": 5, ""failed_cooldown_days"": 10, ""key_min_score"": 75, ""kline_days"": 1100, ""limit_up_volume_ratio"": 1.5, ""low_volume_limit_up_min_ratio"": 0.6, ""ma50_min_ratio"": 0.92, ""market_filter_mode"": ""downgrade"", ""max_amp_10d_a"": 0.4, ""max_amp_10d_b"": 0.35, ""max_amp_10d_s"": 0.45, ""max_amp_5d_a"": 0.22, ""max_amp_5d_b"": 0.18, ""max_amp_5d_s"": 0.25, ""max_pullback_20d_a"": -0.26, ""max_pullback_20d_b"": -0.22, ""max_pullback_20d_s"": -0.3, ""max_watch_days"": 10, ""min_avg_amount_10d_yi"": 5, ""min_avg_amount_30d_yi"": 5, ""min_avg_amount_60d_yi"": 3, ""min_relative_strength_20"": 0.1, ""minimum_trading_days"": 500, ""near_120d_high_ratio"": 0.98, ""normal_start_close_position"": 0.65, ""normal_start_min_amount_yi"": 2, ""normal_start_return"": 0.07, ""normal_start_self_amount_percentile"": 0.9, ""normal_start_volume_ratio"": 2.0, ""pattern_filter_enabled"": true, ""pattern_filter_mode"": ""score_only"", ""pattern_pivot_proximity_pct"": 0.05, ""platform_max_range"": 0.12, ""ready_min_score"": 85, ""rr2_min_key"": 2.0, ""rr2_min_ready"": 2.5, ""rr2_min_watch"": 1.5, ""start_age_max_days"": 60, ""start_age_min_days"": 5, ""start_lookback_days"": 60, ""stop_atr_multiplier"": 0.8, ""stop_key_support_pct"": 0.03, ""support_cluster_atr_multiplier"": 0.5, ""support_cluster_price_pct"": 0.015, ""support_test_lookback"": 10, ""support_zone_atr_multiplier"": 0.3, ""support_zone_price_pct"": 0.01, ""tail_close_range_5"": 0.08, ""tail_min_return_3"": -0.04, ""tail_min_return_5"": -0.06, ""tail_strong_volume_ratio_5_20"": 0.6, ""tail_volume_ratio_5_20"": 0.75, ""tail_window_days"": 5, ""target_2_cap_pct"": 0.35, ""vcp_contraction_range_ratio"": 0.9, ""vcp_contraction_volume_ratio"": 0.9, ""vcp_min_first_range"": 0.08, ""watch_min_score"": 60}","{""avg_loss_r"": 1.01225875, ""avg_net_return"": -0.08651405250000001, ""avg_win_r"": 0.0, ""expectancy_r"": -1.01225875, ""losses"": 4, ""max_drawdown"": 0.042820698355999894, ""median_net_return"": -0.090341385, ""net_profit"": -642.241456, ""net_return"": -0.04282069835599989, ""profit_factor"": 0.0, ""single_month_profit_concentration"": 0.0, ""top5_profit_concentration"": 0.0, ""trades"": 4, ""win_rate"": 0.0, ""wins"": 0}"
s6opt-comprehensive-fe84532,box_compact,s6trial-cba7733d5ae69963,OAT,s6ps-b62ec2d05e16fcec,s6ps-71bdb4dbb9c5c096,COMPLETED_WITH_SKIPS,s6bt-407891ecf97aef24bd45,,,"{""absolute_max_amp_10d"": 0.5, ""absolute_max_pullback_20d"": -0.35, ""amount10_vs_30_min_ratio"": 0.8, ""big_down_return"": -0.07, ""big_down_volume_ratio"": 1.5, ""box_tail"": {""breakout_ready_position_min"": 0.75, ""broken_close_tolerance"": 0.03, ""compact_kline"": {""atr_contraction_ratio_max"": 0.8, ""avg_body_ratio_max"": 0.025, ""close_range_max"": 0.05, ""enabled"": true, ""max_body_ratio_max"": 0.04, ""max_gap_ratio"": 0.03, ""min_overlap_pair_count"": 3, ""min_overlap_ratio"": 0.5, ""premium_atr_contraction_ratio_max"": 0.65, ""premium_avg_body_ratio_max"": 0.018, ""premium_close_range_max"": 0.03, ""premium_overlap_ratio"": 0.65, ""window_days"": 5}, ""current_close_high_tolerance"": 0.03, ""current_close_low_tolerance"": 0.05, ""enabled"": true, ""low_test_close_tolerance_down"": 0.02, ""low_test_tolerance_up"": 0.02, ""max_box_days"": 30, ""max_volume_contraction_ratio"": 0.85, ""min_box_days"": 5, ""min_box_low_test_count"": 2, ""min_center_shift"": -0.03, ""normal_box_width_max"": 0.18, ""premium_box_width_max"": 0.12, ""premium_center_shift"": 0.0, ""premium_tail_volume_ratio_max"": 0.6, ""premium_volume_contraction_ratio"": 0.7, ""support_ready_position_max"": 0.4, ""tail_volume_ratio_max"": 0.75}, ""breakout_extended_max_pct"": 0.08, ""buy_zone_valid_days"": 3, ""consolidation_max_days"": 40, ""consolidation_min_days"": 5, ""cup_depth_max"": 0.35, ""cup_depth_min"": 0.12, ""enable_market_filter"": true, ""enabled"": true, ""expired_cooldown_days"": 5, ""failed_cooldown_days"": 10, ""key_min_score"": 75, ""kline_days"": 1100, ""limit_up_volume_ratio"": 1.5, ""low_volume_limit_up_min_ratio"": 0.6, ""ma50_min_ratio"": 0.92, ""market_filter_mode"": ""downgrade"", ""max_amp_10d_a"": 0.4, ""max_amp_10d_b"": 0.35, ""max_amp_10d_s"": 0.45, ""max_amp_5d_a"": 0.22, ""max_amp_5d_b"": 0.18, ""max_amp_5d_s"": 0.25, ""max_pullback_20d_a"": -0.26, ""max_pullback_20d_b"": -0.22, ""max_pullback_20d_s"": -0.3, ""max_watch_days"": 10, ""min_avg_amount_10d_yi"": 5, ""min_avg_amount_30d_yi"": 5, ""min_avg_amount_60d_yi"": 3, ""min_relative_strength_20"": 0.1, ""minimum_trading_days"": 500, ""near_120d_high_ratio"": 0.98, ""normal_start_close_position"": 0.65, ""normal_start_min_amount_yi"": 2, ""normal_start_return"": 0.07, ""normal_start_self_amount_percentile"": 0.9, ""normal_start_volume_ratio"": 2.0, ""pattern_filter_enabled"": true, ""pattern_filter_mode"": ""score_only"", ""pattern_pivot_proximity_pct"": 0.05, ""platform_max_range"": 0.12, ""ready_min_score"": 85, ""rr2_min_key"": 2.0, ""rr2_min_ready"": 2.5, ""rr2_min_watch"": 1.5, ""start_age_max_days"": 60, ""start_age_min_days"": 5, ""start_lookback_days"": 60, ""stop_atr_multiplier"": 0.8, ""stop_key_support_pct"": 0.03, ""support_cluster_atr_multiplier"": 0.5, ""support_cluster_price_pct"": 0.015, ""support_test_lookback"": 10, ""support_zone_atr_multiplier"": 0.3, ""support_zone_price_pct"": 0.01, ""tail_close_range_5"": 0.08, ""tail_min_return_3"": -0.04, ""tail_min_return_5"": -0.06, ""tail_strong_volume_ratio_5_20"": 0.6, ""tail_volume_ratio_5_20"": 0.75, ""tail_window_days"": 5, ""target_2_cap_pct"": 0.35, ""vcp_contraction_range_ratio"": 0.9, ""vcp_contraction_volume_ratio"": 0.9, ""vcp_min_first_range"": 0.08, ""watch_min_score"": 60}","{""avg_loss_r"": 1.01225875, ""avg_net_return"": -0.08651405250000001, ""avg_win_r"": 0.0, ""expectancy_r"": -1.01225875, ""losses"": 4, ""max_drawdown"": 0.042820698355999894, ""median_net_return"": -0.090341385, ""net_profit"": -642.241456, ""net_return"": -0.04282069835599989, ""profit_factor"": 0.0, ""single_month_profit_concentration"": 0.0, ""top5_profit_concentration"": 0.0, ""trades"": 4, ""win_rate"": 0.0, ""wins"": 0}"
s6opt-comprehensive-fe84532,box_compact,s6trial-cdc14f520911571a,OAT,s6ps-65b56ccb22a2320b,s6ps-71bdb4dbb9c5c096,COMPLETED_WITH_SKIPS,s6bt-71155f0735b4c9784803,,,"{""absolute_max_amp_10d"": 0.5, ""absolute_max_pullback_20d"": -0.35, ""amount10_vs_30_min_ratio"": 0.8, ""big_down_return"": -0.07, ""big_down_volume_ratio"": 1.5, ""box_tail"": {""breakout_ready_position_min"": 0.75, ""broken_close_tolerance"": 0.03, ""compact_kline"": {""atr_contraction_ratio_max"": 0.8, ""avg_body_ratio_max"": 0.025, ""close_range_max"": 0.05, ""enabled"": true, ""max_body_ratio_max"": 0.04, ""max_gap_ratio"": 0.03, ""min_overlap_pair_count"": 3, ""min_overlap_ratio"": 0.5, ""premium_atr_contraction_ratio_max"": 0.65, ""premium_avg_body_ratio_max"": 0.018, ""premium_close_range_max"": 0.03, ""premium_overlap_ratio"": 0.65, ""window_days"": 5}, ""current_close_high_tolerance"": 0.03, ""current_close_low_tolerance"": 0.03, ""enabled"": true, ""low_test_close_tolerance_down"": 0.02, ""low_test_tolerance_up"": 0.02, ""max_box_days"": 30, ""max_volume_contraction_ratio"": 0.85, ""min_box_days"": 5, ""min_box_low_test_count"": 2, ""min_center_shift"": -0.03, ""normal_box_width_max"": 0.18, ""premium_box_width_max"": 0.12, ""premium_center_shift"": 0.0, ""premium_tail_volume_ratio_max"": 0.6, ""premium_volume_contraction_ratio"": 0.8, ""support_ready_position_max"": 0.4, ""tail_volume_ratio_max"": 0.75}, ""breakout_extended_max_pct"": 0.08, ""buy_zone_valid_days"": 3, ""consolidation_max_days"": 40, ""consolidation_min_days"": 5, ""cup_depth_max"": 0.35, ""cup_depth_min"": 0.12, ""enable_market_filter"": true, ""enabled"": true, ""expired_cooldown_days"": 5, ""failed_cooldown_days"": 10, ""key_min_score"": 75, ""kline_days"": 1100, ""limit_up_volume_ratio"": 1.5, ""low_volume_limit_up_min_ratio"": 0.6, ""ma50_min_ratio"": 0.92, ""market_filter_mode"": ""downgrade"", ""max_amp_10d_a"": 0.4, ""max_amp_10d_b"": 0.35, ""max_amp_10d_s"": 0.45, ""max_amp_5d_a"": 0.22, ""max_amp_5d_b"": 0.18, ""max_amp_5d_s"": 0.25, ""max_pullback_20d_a"": -0.26, ""max_pullback_20d_b"": -0.22, ""max_pullback_20d_s"": -0.3, ""max_watch_days"": 10, ""min_avg_amount_10d_yi"": 5, ""min_avg_amount_30d_yi"": 5, ""min_avg_amount_60d_yi"": 3, ""min_relative_strength_20"": 0.1, ""minimum_trading_days"": 500, ""near_120d_high_ratio"": 0.98, ""normal_start_close_position"": 0.65, ""normal_start_min_amount_yi"": 2, ""normal_start_return"": 0.07, ""normal_start_self_amount_percentile"": 0.9, ""normal_start_volume_ratio"": 2.0, ""pattern_filter_enabled"": true, ""pattern_filter_mode"": ""score_only"", ""pattern_pivot_proximity_pct"": 0.05, ""platform_max_range"": 0.12, ""ready_min_score"": 85, ""rr2_min_key"": 2.0, ""rr2_min_ready"": 2.5, ""rr2_min_watch"": 1.5, ""start_age_max_days"": 60, ""start_age_min_days"": 5, ""start_lookback_days"": 60, ""stop_atr_multiplier"": 0.8, ""stop_key_support_pct"": 0.03, ""support_cluster_atr_multiplier"": 0.5, ""support_cluster_price_pct"": 0.015, ""support_test_lookback"": 10, ""support_zone_atr_multiplier"": 0.3, ""support_zone_price_pct"": 0.01, ""tail_close_range_5"": 0.08, ""tail_min_return_3"": -0.04, ""tail_min_return_5"": -0.06, ""tail_strong_volume_ratio_5_20"": 0.6, ""tail_volume_ratio_5_20"": 0.75, ""tail_window_days"": 5, ""target_2_cap_pct"": 0.35, ""vcp_contraction_range_ratio"": 0.9, ""vcp_contraction_volume_ratio"": 0.9, ""vcp_min_first_range"": 0.08, ""watch_min_score"": 60}","{""avg_loss_r"": 1.01225875, ""avg_net_return"": -0.08651405250000001, ""avg_win_r"": 0.0, ""expectancy_r"": -1.01225875, ""losses"": 4, ""max_drawdown"": 0.042820698355999894, ""median_net_return"": -0.090341385, ""net_profit"": -642.241456, ""net_return"": -0.04282069835599989, ""profit_factor"": 0.0, ""single_month_profit_concentration"": 0.0, ""top5_profit_concentration"": 0.0, ""trades"": 4, ""win_rate"": 0.0, ""wins"": 0}"
s6opt-comprehensive-fe84532,box_compact,s6trial-d09263b180b1c162,OAT,s6ps-02be1da42c6aa763,s6ps-71bdb4dbb9c5c096,COMPLETED_WITH_SKIPS,s6bt-d022417b523c7dd947e5,,,"{""absolute_max_amp_10d"": 0.5, ""absolute_max_pullback_20d"": -0.35, ""amount10_vs_30_min_ratio"": 0.8, ""big_down_return"": -0.07, ""big_down_volume_ratio"": 1.5, ""box_tail"": {""breakout_ready_position_min"": 0.75, ""broken_close_tolerance"": 0.03, ""compact_kline"": {""atr_contraction_ratio_max"": 0.8, ""avg_body_ratio_max"": 0.025, ""close_range_max"": 0.05, ""enabled"": true, ""max_body_ratio_max"": 0.04, ""max_gap_ratio"": 0.03, ""min_overlap_pair_count"": 3, ""min_overlap_ratio"": 0.5, ""premium_atr_contraction_ratio_max"": 0.65, ""premium_avg_body_ratio_max"": 0.018, ""premium_close_range_max"": 0.03, ""premium_overlap_ratio"": 0.65, ""window_days"": 5}, ""current_close_high_tolerance"": 0.02, ""current_close_low_tolerance"": 0.03, ""enabled"": true, ""low_test_close_tolerance_down"": 0.02, ""low_test_tolerance_up"": 0.02, ""max_box_days"": 30, ""max_volume_contraction_ratio"": 0.85, ""min_box_days"": 5, ""min_box_low_test_count"": 2, ""min_center_shift"": -0.03, ""normal_box_width_max"": 0.18, ""premium_box_width_max"": 0.12, ""premium_center_shift"": 0.0, ""premium_tail_volume_ratio_max"": 0.6, ""premium_volume_contraction_ratio"": 0.7, ""support_ready_position_max"": 0.4, ""tail_volume_ratio_max"": 0.75}, ""breakout_extended_max_pct"": 0.08, ""buy_zone_valid_days"": 3, ""consolidation_max_days"": 40, ""consolidation_min_days"": 5, ""cup_depth_max"": 0.35, ""cup_depth_min"": 0.12, ""enable_market_filter"": true, ""enabled"": true, ""expired_cooldown_days"": 5, ""failed_cooldown_days"": 10, ""key_min_score"": 75, ""kline_days"": 1100, ""limit_up_volume_ratio"": 1.5, ""low_volume_limit_up_min_ratio"": 0.6, ""ma50_min_ratio"": 0.92, ""market_filter_mode"": ""downgrade"", ""max_amp_10d_a"": 0.4, ""max_amp_10d_b"": 0.35, ""max_amp_10d_s"": 0.45, ""max_amp_5d_a"": 0.22, ""max_amp_5d_b"": 0.18, ""max_amp_5d_s"": 0.25, ""max_pullback_20d_a"": -0.26, ""max_pullback_20d_b"": -0.22, ""max_pullback_20d_s"": -0.3, ""max_watch_days"": 10, ""min_avg_amount_10d_yi"": 5, ""min_avg_amount_30d_yi"": 5, ""min_avg_amount_60d_yi"": 3, ""min_relative_strength_20"": 0.1, ""minimum_trading_days"": 500, ""near_120d_high_ratio"": 0.98, ""normal_start_close_position"": 0.65, ""normal_start_min_amount_yi"": 2, ""normal_start_return"": 0.07, ""normal_start_self_amount_percentile"": 0.9, ""normal_start_volume_ratio"": 2.0, ""pattern_filter_enabled"": true, ""pattern_filter_mode"": ""score_only"", ""pattern_pivot_proximity_pct"": 0.05, ""platform_max_range"": 0.12, ""ready_min_score"": 85, ""rr2_min_key"": 2.0, ""rr2_min_ready"": 2.5, ""rr2_min_watch"": 1.5, ""start_age_max_days"": 60, ""start_age_min_days"": 5, ""start_lookback_days"": 60, ""stop_atr_multiplier"": 0.8, ""stop_key_support_pct"": 0.03, ""support_cluster_atr_multiplier"": 0.5, ""support_cluster_price_pct"": 0.015, ""support_test_lookback"": 10, ""support_zone_atr_multiplier"": 0.3, ""support_zone_price_pct"": 0.01, ""tail_close_range_5"": 0.08, ""tail_min_return_3"": -0.04, ""tail_min_return_5"": -0.06, ""tail_strong_volume_ratio_5_20"": 0.6, ""tail_volume_ratio_5_20"": 0.75, ""tail_window_days"": 5, ""target_2_cap_pct"": 0.35, ""vcp_contraction_range_ratio"": 0.9, ""vcp_contraction_volume_ratio"": 0.9, ""vcp_min_first_range"": 0.08, ""watch_min_score"": 60}","{""avg_loss_r"": 1.01225875, ""avg_net_return"": -0.08651405250000001, ""avg_win_r"": 0.0, ""expectancy_r"": -1.01225875, ""losses"": 4, ""max_drawdown"": 0.042820698355999894, ""median_net_return"": -0.090341385, ""net_profit"": -642.241456, ""net_return"": -0.04282069835599989, ""profit_factor"": 0.0, ""single_month_profit_concentration"": 0.0, ""top5_profit_concentration"": 0.0, ""trades"": 4, ""win_rate"": 0.0, ""wins"": 0}"
s6opt-comprehensive-fe84532,box_compact,s6trial-e29b79c403da725f,OAT,s6ps-a5d1f923faeddf93,s6ps-71bdb4dbb9c5c096,COMPLETED_WITH_SKIPS,s6bt-c5635318161a6eaccdd9,,,"{""absolute_max_amp_10d"": 0.5, ""absolute_max_pullback_20d"": -0.35, ""amount10_vs_30_min_ratio"": 0.8, ""big_down_return"": -0.07, ""big_down_volume_ratio"": 1.5, ""box_tail"": {""breakout_ready_position_min"": 0.75, ""broken_close_tolerance"": 0.03, ""compact_kline"": {""atr_contraction_ratio_max"": 0.8, ""avg_body_ratio_max"": 0.025, ""close_range_max"": 0.05, ""enabled"": true, ""max_body_ratio_max"": 0.04, ""max_gap_ratio"": 0.03, ""min_overlap_pair_count"": 3, ""min_overlap_ratio"": 0.5, ""premium_atr_contraction_ratio_max"": 0.65, ""premium_avg_body_ratio_max"": 0.018, ""premium_close_range_max"": 0.03, ""premium_overlap_ratio"": 0.65, ""window_days"": 5}, ""current_close_high_tolerance"": 0.03, ""current_close_low_tolerance"": 0.03, ""enabled"": true, ""low_test_close_tolerance_down"": 0.02, ""low_test_tolerance_up"": 0.02, ""max_box_days"": 30, ""max_volume_contraction_ratio"": 0.85, ""min_box_days"": 5, ""min_box_low_test_count"": 2, ""min_center_shift"": -0.01, ""normal_box_width_max"": 0.18, ""premium_box_width_max"": 0.12, ""premium_center_shift"": 0.0, ""premium_tail_volume_ratio_max"": 0.6, ""premium_volume_contraction_ratio"": 0.7, ""support_ready_position_max"": 0.4, ""tail_volume_ratio_max"": 0.75}, ""breakout_extended_max_pct"": 0.08, ""buy_zone_valid_days"": 3, ""consolidation_max_days"": 40, ""consolidation_min_days"": 5, ""cup_depth_max"": 0.35, ""cup_depth_min"": 0.12, ""enable_market_filter"": true, ""enabled"": true, ""expired_cooldown_days"": 5, ""failed_cooldown_days"": 10, ""key_min_score"": 75, ""kline_days"": 1100, ""limit_up_volume_ratio"": 1.5, ""low_volume_limit_up_min_ratio"": 0.6, ""ma50_min_ratio"": 0.92, ""market_filter_mode"": ""downgrade"", ""max_amp_10d_a"": 0.4, ""max_amp_10d_b"": 0.35, ""max_amp_10d_s"": 0.45, ""max_amp_5d_a"": 0.22, ""max_amp_5d_b"": 0.18, ""max_amp_5d_s"": 0.25, ""max_pullback_20d_a"": -0.26, ""max_pullback_20d_b"": -0.22, ""max_pullback_20d_s"": -0.3, ""max_watch_days"": 10, ""min_avg_amount_10d_yi"": 5, ""min_avg_amount_30d_yi"": 5, ""min_avg_amount_60d_yi"": 3, ""min_relative_strength_20"": 0.1, ""minimum_trading_days"": 500, ""near_120d_high_ratio"": 0.98, ""normal_start_close_position"": 0.65, ""normal_start_min_amount_yi"": 2, ""normal_start_return"": 0.07, ""normal_start_self_amount_percentile"": 0.9, ""normal_start_volume_ratio"": 2.0, ""pattern_filter_enabled"": true, ""pattern_filter_mode"": ""score_only"", ""pattern_pivot_proximity_pct"": 0.05, ""platform_max_range"": 0.12, ""ready_min_score"": 85, ""rr2_min_key"": 2.0, ""rr2_min_ready"": 2.5, ""rr2_min_watch"": 1.5, ""start_age_max_days"": 60, ""start_age_min_days"": 5, ""start_lookback_days"": 60, ""stop_atr_multiplier"": 0.8, ""stop_key_support_pct"": 0.03, ""support_cluster_atr_multiplier"": 0.5, ""support_cluster_price_pct"": 0.015, ""support_test_lookback"": 10, ""support_zone_atr_multiplier"": 0.3, ""support_zone_price_pct"": 0.01, ""tail_close_range_5"": 0.08, ""tail_min_return_3"": -0.04, ""tail_min_return_5"": -0.06, ""tail_strong_volume_ratio_5_20"": 0.6, ""tail_volume_ratio_5_20"": 0.75, ""tail_window_days"": 5, ""target_2_cap_pct"": 0.35, ""vcp_contraction_range_ratio"": 0.9, ""vcp_contraction_volume_ratio"": 0.9, ""vcp_min_first_range"": 0.08, ""watch_min_score"": 60}","{""avg_loss_r"": 1.0136165, ""avg_net_return"": -0.08268672, ""avg_win_r"": 0.0, ""expectancy_r"": -1.0136165, ""losses"": 2, ""max_drawdown"": 0.02187251281799993, ""median_net_return"": -0.08268672, ""net_profit"": -270.407607, ""net_return"": -0.021872512817999956, ""profit_factor"": 0.0, ""single_month_profit_concentration"": 0.0, ""top5_profit_concentration"": 0.0, ""trades"": 2, ""win_rate"": 0.0, ""wins"": 0}"
s6opt-comprehensive-fe84532,box_compact,s6trial-e4ee7f821dfc8dd0,OAT,s6ps-7d539fcc5a10c134,s6ps-71bdb4dbb9c5c096,COMPLETED_WITH_SKIPS,s6bt-81d2343ea01cfd73be2b,,,"{""absolute_max_amp_10d"": 0.5, ""absolute_max_pullback_20d"": -0.35, ""amount10_vs_30_min_ratio"": 0.8, ""big_down_return"": -0.07, ""big_down_volume_ratio"": 1.5, ""box_tail"": {""breakout_ready_position_min"": 0.75, ""broken_close_tolerance"": 0.03, ""compact_kline"": {""atr_contraction_ratio_max"": 0.8, ""avg_body_ratio_max"": 0.025, ""close_range_max"": 0.05, ""enabled"": true, ""max_body_ratio_max"": 0.04, ""max_gap_ratio"": 0.02, ""min_overlap_pair_count"": 3, ""min_overlap_ratio"": 0.5, ""premium_atr_contraction_ratio_max"": 0.65, ""premium_avg_body_ratio_max"": 0.018, ""premium_close_range_max"": 0.03, ""premium_overlap_ratio"": 0.65, ""window_days"": 5}, ""current_close_high_tolerance"": 0.03, ""current_close_low_tolerance"": 0.03, ""enabled"": true, ""low_test_close_tolerance_down"": 0.02, ""low_test_tolerance_up"": 0.02, ""max_box_days"": 30, ""max_volume_contraction_ratio"": 0.85, ""min_box_days"": 5, ""min_box_low_test_count"": 2, ""min_center_shift"": -0.03, ""normal_box_width_max"": 0.18, ""premium_box_width_max"": 0.12, ""premium_center_shift"": 0.0, ""premium_tail_volume_ratio_max"": 0.6, ""premium_volume_contraction_ratio"": 0.7, ""support_ready_position_max"": 0.4, ""tail_volume_ratio_max"": 0.75}, ""breakout_extended_max_pct"": 0.08, ""buy_zone_valid_days"": 3, ""consolidation_max_days"": 40, ""consolidation_min_days"": 5, ""cup_depth_max"": 0.35, ""cup_depth_min"": 0.12, ""enable_market_filter"": true, ""enabled"": true, ""expired_cooldown_days"": 5, ""failed_cooldown_days"": 10, ""key_min_score"": 75, ""kline_days"": 1100, ""limit_up_volume_ratio"": 1.5, ""low_volume_limit_up_min_ratio"": 0.6, ""ma50_min_ratio"": 0.92, ""market_filter_mode"": ""downgrade"", ""max_amp_10d_a"": 0.4, ""max_amp_10d_b"": 0.35, ""max_amp_10d_s"": 0.45, ""max_amp_5d_a"": 0.22, ""max_amp_5d_b"": 0.18, ""max_amp_5d_s"": 0.25, ""max_pullback_20d_a"": -0.26, ""max_pullback_20d_b"": -0.22, ""max_pullback_20d_s"": -0.3, ""max_watch_days"": 10, ""min_avg_amount_10d_yi"": 5, ""min_avg_amount_30d_yi"": 5, ""min_avg_amount_60d_yi"": 3, ""min_relative_strength_20"": 0.1, ""minimum_trading_days"": 500, ""near_120d_high_ratio"": 0.98, ""normal_start_close_position"": 0.65, ""normal_start_min_amount_yi"": 2, ""normal_start_return"": 0.07, ""normal_start_self_amount_percentile"": 0.9, ""normal_start_volume_ratio"": 2.0, ""pattern_filter_enabled"": true, ""pattern_filter_mode"": ""score_only"", ""pattern_pivot_proximity_pct"": 0.05, ""platform_max_range"": 0.12, ""ready_min_score"": 85, ""rr2_min_key"": 2.0, ""rr2_min_ready"": 2.5, ""rr2_min_watch"": 1.5, ""start_age_max_days"": 60, ""start_age_min_days"": 5, ""start_lookback_days"": 60, ""stop_atr_multiplier"": 0.8, ""stop_key_support_pct"": 0.03, ""support_cluster_atr_multiplier"": 0.5, ""support_cluster_price_pct"": 0.015, ""support_test_lookback"": 10, ""support_zone_atr_multiplier"": 0.3, ""support_zone_price_pct"": 0.01, ""tail_close_range_5"": 0.08, ""tail_min_return_3"": -0.04, ""tail_min_return_5"": -0.06, ""tail_strong_volume_ratio_5_20"": 0.6, ""tail_volume_ratio_5_20"": 0.75, ""tail_window_days"": 5, ""target_2_cap_pct"": 0.35, ""vcp_contraction_range_ratio"": 0.9, ""vcp_contraction_volume_ratio"": 0.9, ""vcp_min_first_range"": 0.08, ""watch_min_score"": 60}","{""avg_loss_r"": 1.01225875, ""avg_net_return"": -0.08651405250000001, ""avg_win_r"": 0.0, ""expectancy_r"": -1.01225875, ""losses"": 4, ""max_drawdown"": 0.042820698355999894, ""median_net_return"": -0.090341385, ""net_profit"": -642.241456, ""net_return"": -0.04282069835599989, ""profit_factor"": 0.0, ""single_month_profit_concentration"": 0.0, ""top5_profit_concentration"": 0.0, ""trades"": 4, ""win_rate"": 0.0, ""wins"": 0}"
s6opt-comprehensive-fe84532,box_compact,s6trial-eaf2bec87d67ba76,BASELINE,s6ps-71bdb4dbb9c5c096,s6ps-71bdb4dbb9c5c096,COMPLETED_WITH_SKIPS,s6bt-e335a0bc77f201214959,,,"{""absolute_max_amp_10d"": 0.5, ""absolute_max_pullback_20d"": -0.35, ""amount10_vs_30_min_ratio"": 0.8, ""big_down_return"": -0.07, ""big_down_volume_ratio"": 1.5, ""box_tail"": {""breakout_ready_position_min"": 0.75, ""broken_close_tolerance"": 0.03, ""compact_kline"": {""atr_contraction_ratio_max"": 0.8, ""avg_body_ratio_max"": 0.025, ""close_range_max"": 0.05, ""enabled"": true, ""max_body_ratio_max"": 0.04, ""max_gap_ratio"": 0.03, ""min_overlap_pair_count"": 3, ""min_overlap_ratio"": 0.5, ""premium_atr_contraction_ratio_max"": 0.65, ""premium_avg_body_ratio_max"": 0.018, ""premium_close_range_max"": 0.03, ""premium_overlap_ratio"": 0.65, ""window_days"": 5}, ""current_close_high_tolerance"": 0.03, ""current_close_low_tolerance"": 0.03, ""enabled"": true, ""low_test_close_tolerance_down"": 0.02, ""low_test_tolerance_up"": 0.02, ""max_box_days"": 30, ""max_volume_contraction_ratio"": 0.85, ""min_box_days"": 5, ""min_box_low_test_count"": 2, ""min_center_shift"": -0.03, ""normal_box_width_max"": 0.18, ""premium_box_width_max"": 0.12, ""premium_center_shift"": 0.0, ""premium_tail_volume_ratio_max"": 0.6, ""premium_volume_contraction_ratio"": 0.7, ""support_ready_position_max"": 0.4, ""tail_volume_ratio_max"": 0.75}, ""breakout_extended_max_pct"": 0.08, ""buy_zone_valid_days"": 3, ""consolidation_max_days"": 40, ""consolidation_min_days"": 5, ""cup_depth_max"": 0.35, ""cup_depth_min"": 0.12, ""enable_market_filter"": true, ""enabled"": true, ""expired_cooldown_days"": 5, ""failed_cooldown_days"": 10, ""key_min_score"": 75, ""kline_days"": 1100, ""limit_up_volume_ratio"": 1.5, ""low_volume_limit_up_min_ratio"": 0.6, ""ma50_min_ratio"": 0.92, ""market_filter_mode"": ""downgrade"", ""max_amp_10d_a"": 0.4, ""max_amp_10d_b"": 0.35, ""max_amp_10d_s"": 0.45, ""max_amp_5d_a"": 0.22, ""max_amp_5d_b"": 0.18, ""max_amp_5d_s"": 0.25, ""max_pullback_20d_a"": -0.26, ""max_pullback_20d_b"": -0.22, ""max_pullback_20d_s"": -0.3, ""max_watch_days"": 10, ""min_avg_amount_10d_yi"": 5, ""min_avg_amount_30d_yi"": 5, ""min_avg_amount_60d_yi"": 3, ""min_relative_strength_20"": 0.1, ""minimum_trading_days"": 500, ""near_120d_high_ratio"": 0.98, ""normal_start_close_position"": 0.65, ""normal_start_min_amount_yi"": 2, ""normal_start_return"": 0.07, ""normal_start_self_amount_percentile"": 0.9, ""normal_start_volume_ratio"": 2.0, ""pattern_filter_enabled"": true, ""pattern_filter_mode"": ""score_only"", ""pattern_pivot_proximity_pct"": 0.05, ""platform_max_range"": 0.12, ""ready_min_score"": 85, ""rr2_min_key"": 2.0, ""rr2_min_ready"": 2.5, ""rr2_min_watch"": 1.5, ""start_age_max_days"": 60, ""start_age_min_days"": 5, ""start_lookback_days"": 60, ""stop_atr_multiplier"": 0.8, ""stop_key_support_pct"": 0.03, ""support_cluster_atr_multiplier"": 0.5, ""support_cluster_price_pct"": 0.015, ""support_test_lookback"": 10, ""support_zone_atr_multiplier"": 0.3, ""support_zone_price_pct"": 0.01, ""tail_close_range_5"": 0.08, ""tail_min_return_3"": -0.04, ""tail_min_return_5"": -0.06, ""tail_strong_volume_ratio_5_20"": 0.6, ""tail_volume_ratio_5_20"": 0.75, ""tail_window_days"": 5, ""target_2_cap_pct"": 0.35, ""vcp_contraction_range_ratio"": 0.9, ""vcp_contraction_volume_ratio"": 0.9, ""vcp_min_first_range"": 0.08, ""watch_min_score"": 60}","{""avg_loss_r"": 1.01225875, ""avg_net_return"": -0.08651405250000001, ""avg_win_r"": 0.0, ""expectancy_r"": -1.01225875, ""losses"": 4, ""max_drawdown"": 0.042820698355999894, ""median_net_return"": -0.090341385, ""net_profit"": -642.241456, ""net_return"": -0.04282069835599989, ""profit_factor"": 0.0, ""single_month_profit_concentration"": 0.0, ""top5_profit_concentration"": 0.0, ""trades"": 4, ""win_rate"": 0.0, ""wins"": 0}"
s6opt-comprehensive-fe84532,box_compact,s6trial-ebc42d08c4e7177a,OAT,s6ps-cc23bc19f7e3c7cf,s6ps-71bdb4dbb9c5c096,COMPLETED_WITH_SKIPS,s6bt-c6049c6842cc47523f9b,,,"{""absolute_max_amp_10d"": 0.5, ""absolute_max_pullback_20d"": -0.35, ""amount10_vs_30_min_ratio"": 0.8, ""big_down_return"": -0.07, ""big_down_volume_ratio"": 1.5, ""box_tail"": {""breakout_ready_position_min"": 0.75, ""broken_close_tolerance"": 0.03, ""compact_kline"": {""atr_contraction_ratio_max"": 0.8, ""avg_body_ratio_max"": 0.025, ""close_range_max"": 0.05, ""enabled"": true, ""max_body_ratio_max"": 0.04, ""max_gap_ratio"": 0.03, ""min_overlap_pair_count"": 3, ""min_overlap_ratio"": 0.5, ""premium_atr_contraction_ratio_max"": 0.65, ""premium_avg_body_ratio_max"": 0.018, ""premium_close_range_max"": 0.03, ""premium_overlap_ratio"": 0.65, ""window_days"": 5}, ""current_close_high_tolerance"": 0.03, ""current_close_low_tolerance"": 0.03, ""enabled"": true, ""low_test_close_tolerance_down"": 0.02, ""low_test_tolerance_up"": 0.02, ""max_box_days"": 30, ""max_volume_contraction_ratio"": 0.85, ""min_box_days"": 5, ""min_box_low_test_count"": 2, ""min_center_shift"": -0.03, ""normal_box_width_max"": 0.18, ""premium_box_width_max"": 0.12, ""premium_center_shift"": 0.0, ""premium_tail_volume_ratio_max"": 0.6, ""premium_volume_contraction_ratio"": 0.7, ""support_ready_position_max"": 0.3, ""tail_volume_ratio_max"": 0.75}, ""breakout_extended_max_pct"": 0.08, ""buy_zone_valid_days"": 3, ""consolidation_max_days"": 40, ""consolidation_min_days"": 5, ""cup_depth_max"": 0.35, ""cup_depth_min"": 0.12, ""enable_market_filter"": true, ""enabled"": true, ""expired_cooldown_days"": 5, ""failed_cooldown_days"": 10, ""key_min_score"": 75, ""kline_days"": 1100, ""limit_up_volume_ratio"": 1.5, ""low_volume_limit_up_min_ratio"": 0.6, ""ma50_min_ratio"": 0.92, ""market_filter_mode"": ""downgrade"", ""max_amp_10d_a"": 0.4, ""max_amp_10d_b"": 0.35, ""max_amp_10d_s"": 0.45, ""max_amp_5d_a"": 0.22, ""max_amp_5d_b"": 0.18, ""max_amp_5d_s"": 0.25, ""max_pullback_20d_a"": -0.26, ""max_pullback_20d_b"": -0.22, ""max_pullback_20d_s"": -0.3, ""max_watch_days"": 10, ""min_avg_amount_10d_yi"": 5, ""min_avg_amount_30d_yi"": 5, ""min_avg_amount_60d_yi"": 3, ""min_relative_strength_20"": 0.1, ""minimum_trading_days"": 500, ""near_120d_high_ratio"": 0.98, ""normal_start_close_position"": 0.65, ""normal_start_min_amount_yi"": 2, ""normal_start_return"": 0.07, ""normal_start_self_amount_percentile"": 0.9, ""normal_start_volume_ratio"": 2.0, ""pattern_filter_enabled"": true, ""pattern_filter_mode"": ""score_only"", ""pattern_pivot_proximity_pct"": 0.05, ""platform_max_range"": 0.12, ""ready_min_score"": 85, ""rr2_min_key"": 2.0, ""rr2_min_ready"": 2.5, ""rr2_min_watch"": 1.5, ""start_age_max_days"": 60, ""start_age_min_days"": 5, ""start_lookback_days"": 60, ""stop_atr_multiplier"": 0.8, ""stop_key_support_pct"": 0.03, ""support_cluster_atr_multiplier"": 0.5, ""support_cluster_price_pct"": 0.015, ""support_test_lookback"": 10, ""support_zone_atr_multiplier"": 0.3, ""support_zone_price_pct"": 0.01, ""tail_close_range_5"": 0.08, ""tail_min_return_3"": -0.04, ""tail_min_return_5"": -0.06, ""tail_strong_volume_ratio_5_20"": 0.6, ""tail_volume_ratio_5_20"": 0.75, ""tail_window_days"": 5, ""target_2_cap_pct"": 0.35, ""vcp_contraction_range_ratio"": 0.9, ""vcp_contraction_volume_ratio"": 0.9, ""vcp_min_first_range"": 0.08, ""watch_min_score"": 60}","{""avg_loss_r"": 1.01225875, ""avg_net_return"": -0.08651405250000001, ""avg_win_r"": 0.0, ""expectancy_r"": -1.01225875, ""losses"": 4, ""max_drawdown"": 0.042820698355999894, ""median_net_return"": -0.090341385, ""net_profit"": -642.241456, ""net_return"": -0.04282069835599989, ""profit_factor"": 0.0, ""single_month_profit_concentration"": 0.0, ""top5_profit_concentration"": 0.0, ""trades"": 4, ""win_rate"": 0.0, ""wins"": 0}"
s6opt-comprehensive-fe84532,box_compact,s6trial-ee8f9f50407c1e20,OAT,s6ps-077cc2f6364c35e5,s6ps-71bdb4dbb9c5c096,COMPLETED_WITH_SKIPS,s6bt-6ce3ec70a50a1606922e,,,"{""absolute_max_amp_10d"": 0.5, ""absolute_max_pullback_20d"": -0.35, ""amount10_vs_30_min_ratio"": 0.8, ""big_down_return"": -0.07, ""big_down_volume_ratio"": 1.5, ""box_tail"": {""breakout_ready_position_min"": 0.75, ""broken_close_tolerance"": 0.03, ""compact_kline"": {""atr_contraction_ratio_max"": 0.8, ""avg_body_ratio_max"": 0.025, ""close_range_max"": 0.05, ""enabled"": true, ""max_body_ratio_max"": 0.04, ""max_gap_ratio"": 0.03, ""min_overlap_pair_count"": 3, ""min_overlap_ratio"": 0.5, ""premium_atr_contraction_ratio_max"": 0.65, ""premium_avg_body_ratio_max"": 0.018, ""premium_close_range_max"": 0.03, ""premium_overlap_ratio"": 0.65, ""window_days"": 5}, ""current_close_high_tolerance"": 0.03, ""current_close_low_tolerance"": 0.03, ""enabled"": true, ""low_test_close_tolerance_down"": 0.02, ""low_test_tolerance_up"": 0.02, ""max_box_days"": 30, ""max_volume_contraction_ratio"": 0.85, ""min_box_days"": 5, ""min_box_low_test_count"": 2, ""min_center_shift"": -0.03, ""normal_box_width_max"": 0.15, ""premium_box_width_max"": 0.12, ""premium_center_shift"": 0.0, ""premium_tail_volume_ratio_max"": 0.6, ""premium_volume_contraction_ratio"": 0.7, ""support_ready_position_max"": 0.4, ""tail_volume_ratio_max"": 0.75}, ""breakout_extended_max_pct"": 0.08, ""buy_zone_valid_days"": 3, ""consolidation_max_days"": 40, ""consolidation_min_days"": 5, ""cup_depth_max"": 0.35, ""cup_depth_min"": 0.12, ""enable_market_filter"": true, ""enabled"": true, ""expired_cooldown_days"": 5, ""failed_cooldown_days"": 10, ""key_min_score"": 75, ""kline_days"": 1100, ""limit_up_volume_ratio"": 1.5, ""low_volume_limit_up_min_ratio"": 0.6, ""ma50_min_ratio"": 0.92, ""market_filter_mode"": ""downgrade"", ""max_amp_10d_a"": 0.4, ""max_amp_10d_b"": 0.35, ""max_amp_10d_s"": 0.45, ""max_amp_5d_a"": 0.22, ""max_amp_5d_b"": 0.18, ""max_amp_5d_s"": 0.25, ""max_pullback_20d_a"": -0.26, ""max_pullback_20d_b"": -0.22, ""max_pullback_20d_s"": -0.3, ""max_watch_days"": 10, ""min_avg_amount_10d_yi"": 5, ""min_avg_amount_30d_yi"": 5, ""min_avg_amount_60d_yi"": 3, ""min_relative_strength_20"": 0.1, ""minimum_trading_days"": 500, ""near_120d_high_ratio"": 0.98, ""normal_start_close_position"": 0.65, ""normal_start_min_amount_yi"": 2, ""normal_start_return"": 0.07, ""normal_start_self_amount_percentile"": 0.9, ""normal_start_volume_ratio"": 2.0, ""pattern_filter_enabled"": true, ""pattern_filter_mode"": ""score_only"", ""pattern_pivot_proximity_pct"": 0.05, ""platform_max_range"": 0.12, ""ready_min_score"": 85, ""rr2_min_key"": 2.0, ""rr2_min_ready"": 2.5, ""rr2_min_watch"": 1.5, ""start_age_max_days"": 60, ""start_age_min_days"": 5, ""start_lookback_days"": 60, ""stop_atr_multiplier"": 0.8, ""stop_key_support_pct"": 0.03, ""support_cluster_atr_multiplier"": 0.5, ""support_cluster_price_pct"": 0.015, ""support_test_lookback"": 10, ""support_zone_atr_multiplier"": 0.3, ""support_zone_price_pct"": 0.01, ""tail_close_range_5"": 0.08, ""tail_min_return_3"": -0.04, ""tail_min_return_5"": -0.06, ""tail_strong_volume_ratio_5_20"": 0.6, ""tail_volume_ratio_5_20"": 0.75, ""tail_window_days"": 5, ""target_2_cap_pct"": 0.35, ""vcp_contraction_range_ratio"": 0.9, ""vcp_contraction_volume_ratio"": 0.9, ""vcp_min_first_range"": 0.08, ""watch_min_score"": 60}","{""avg_loss_r"": 1.01225875, ""avg_net_return"": -0.08651405250000001, ""avg_win_r"": 0.0, ""expectancy_r"": -1.01225875, ""losses"": 4, ""max_drawdown"": 0.042820698355999894, ""median_net_return"": -0.090341385, ""net_profit"": -642.241456, ""net_return"": -0.04282069835599989, ""profit_factor"": 0.0, ""single_month_profit_concentration"": 0.0, ""top5_profit_concentration"": 0.0, ""trades"": 4, ""win_rate"": 0.0, ""wins"": 0}"
s6opt-comprehensive-fe84532,box_compact,s6trial-ef3ba0c789229032,OAT,s6ps-ee5c2051290be09c,s6ps-71bdb4dbb9c5c096,COMPLETED_WITH_SKIPS,s6bt-6dff3a45c9b9ad49bc59,,,"{""absolute_max_amp_10d"": 0.5, ""absolute_max_pullback_20d"": -0.35, ""amount10_vs_30_min_ratio"": 0.8, ""big_down_return"": -0.07, ""big_down_volume_ratio"": 1.5, ""box_tail"": {""breakout_ready_position_min"": 0.75, ""broken_close_tolerance"": 0.03, ""compact_kline"": {""atr_contraction_ratio_max"": 0.8, ""avg_body_ratio_max"": 0.025, ""close_range_max"": 0.05, ""enabled"": true, ""max_body_ratio_max"": 0.04, ""max_gap_ratio"": 0.03, ""min_overlap_pair_count"": 2, ""min_overlap_ratio"": 0.5, ""premium_atr_contraction_ratio_max"": 0.65, ""premium_avg_body_ratio_max"": 0.018, ""premium_close_range_max"": 0.03, ""premium_overlap_ratio"": 0.65, ""window_days"": 3}, ""current_close_high_tolerance"": 0.03, ""current_close_low_tolerance"": 0.03, ""enabled"": true, ""low_test_close_tolerance_down"": 0.02, ""low_test_tolerance_up"": 0.02, ""max_box_days"": 30, ""max_volume_contraction_ratio"": 0.85, ""min_box_days"": 5, ""min_box_low_test_count"": 2, ""min_center_shift"": -0.03, ""normal_box_width_max"": 0.18, ""premium_box_width_max"": 0.12, ""premium_center_shift"": 0.0, ""premium_tail_volume_ratio_max"": 0.6, ""premium_volume_contraction_ratio"": 0.7, ""support_ready_position_max"": 0.4, ""tail_volume_ratio_max"": 0.75}, ""breakout_extended_max_pct"": 0.08, ""buy_zone_valid_days"": 3, ""consolidation_max_days"": 40, ""consolidation_min_days"": 5, ""cup_depth_max"": 0.35, ""cup_depth_min"": 0.12, ""enable_market_filter"": true, ""enabled"": true, ""expired_cooldown_days"": 5, ""failed_cooldown_days"": 10, ""key_min_score"": 75, ""kline_days"": 1100, ""limit_up_volume_ratio"": 1.5, ""low_volume_limit_up_min_ratio"": 0.6, ""ma50_min_ratio"": 0.92, ""market_filter_mode"": ""downgrade"", ""max_amp_10d_a"": 0.4, ""max_amp_10d_b"": 0.35, ""max_amp_10d_s"": 0.45, ""max_amp_5d_a"": 0.22, ""max_amp_5d_b"": 0.18, ""max_amp_5d_s"": 0.25, ""max_pullback_20d_a"": -0.26, ""max_pullback_20d_b"": -0.22, ""max_pullback_20d_s"": -0.3, ""max_watch_days"": 10, ""min_avg_amount_10d_yi"": 5, ""min_avg_amount_30d_yi"": 5, ""min_avg_amount_60d_yi"": 3, ""min_relative_strength_20"": 0.1, ""minimum_trading_days"": 500, ""near_120d_high_ratio"": 0.98, ""normal_start_close_position"": 0.65, ""normal_start_min_amount_yi"": 2, ""normal_start_return"": 0.07, ""normal_start_self_amount_percentile"": 0.9, ""normal_start_volume_ratio"": 2.0, ""pattern_filter_enabled"": true, ""pattern_filter_mode"": ""score_only"", ""pattern_pivot_proximity_pct"": 0.05, ""platform_max_range"": 0.12, ""ready_min_score"": 85, ""rr2_min_key"": 2.0, ""rr2_min_ready"": 2.5, ""rr2_min_watch"": 1.5, ""start_age_max_days"": 60, ""start_age_min_days"": 5, ""start_lookback_days"": 60, ""stop_atr_multiplier"": 0.8, ""stop_key_support_pct"": 0.03, ""support_cluster_atr_multiplier"": 0.5, ""support_cluster_price_pct"": 0.015, ""support_test_lookback"": 10, ""support_zone_atr_multiplier"": 0.3, ""support_zone_price_pct"": 0.01, ""tail_close_range_5"": 0.08, ""tail_min_return_3"": -0.04, ""tail_min_return_5"": -0.06, ""tail_strong_volume_ratio_5_20"": 0.6, ""tail_volume_ratio_5_20"": 0.75, ""tail_window_days"": 5, ""target_2_cap_pct"": 0.35, ""vcp_contraction_range_ratio"": 0.9, ""vcp_contraction_volume_ratio"": 0.9, ""vcp_min_first_range"": 0.08, ""watch_min_score"": 60}","{""avg_loss_r"": 1.01225875, ""avg_net_return"": -0.08651405250000001, ""avg_win_r"": 0.0, ""expectancy_r"": -1.01225875, ""losses"": 4, ""max_drawdown"": 0.042820698355999894, ""median_net_return"": -0.090341385, ""net_profit"": -642.241456, ""net_return"": -0.04282069835599989, ""profit_factor"": 0.0, ""single_month_profit_concentration"": 0.0, ""top5_profit_concentration"": 0.0, ""trades"": 4, ""win_rate"": 0.0, ""wins"": 0}"
s6opt-comprehensive-fe84532,box_compact,s6trial-efa3e90b98968f06,OAT,s6ps-3cc1ab4cd16e3b72,s6ps-71bdb4dbb9c5c096,COMPLETED_WITH_SKIPS,s6bt-1cdd31a04687e662c0d5,,,"{""absolute_max_amp_10d"": 0.5, ""absolute_max_pullback_20d"": -0.35, ""amount10_vs_30_min_ratio"": 0.8, ""big_down_return"": -0.07, ""big_down_volume_ratio"": 1.5, ""box_tail"": {""breakout_ready_position_min"": 0.75, ""broken_close_tolerance"": 0.03, ""compact_kline"": {""atr_contraction_ratio_max"": 0.8, ""avg_body_ratio_max"": 0.025, ""close_range_max"": 0.05, ""enabled"": true, ""max_body_ratio_max"": 0.04, ""max_gap_ratio"": 0.03, ""min_overlap_pair_count"": 3, ""min_overlap_ratio"": 0.5, ""premium_atr_contraction_ratio_max"": 0.65, ""premium_avg_body_ratio_max"": 0.018, ""premium_close_range_max"": 0.03, ""premium_overlap_ratio"": 0.65, ""window_days"": 5}, ""current_close_high_tolerance"": 0.03, ""current_close_low_tolerance"": 0.03, ""enabled"": true, ""low_test_close_tolerance_down"": 0.02, ""low_test_tolerance_up"": 0.02, ""max_box_days"": 30, ""max_volume_contraction_ratio"": 0.7, ""min_box_days"": 5, ""min_box_low_test_count"": 2, ""min_center_shift"": -0.03, ""normal_box_width_max"": 0.18, ""premium_box_width_max"": 0.12, ""premium_center_shift"": 0.0, ""premium_tail_volume_ratio_max"": 0.6, ""premium_volume_contraction_ratio"": 0.7, ""support_ready_position_max"": 0.4, ""tail_volume_ratio_max"": 0.75}, ""breakout_extended_max_pct"": 0.08, ""buy_zone_valid_days"": 3, ""consolidation_max_days"": 40, ""consolidation_min_days"": 5, ""cup_depth_max"": 0.35, ""cup_depth_min"": 0.12, ""enable_market_filter"": true, ""enabled"": true, ""expired_cooldown_days"": 5, ""failed_cooldown_days"": 10, ""key_min_score"": 75, ""kline_days"": 1100, ""limit_up_volume_ratio"": 1.5, ""low_volume_limit_up_min_ratio"": 0.6, ""ma50_min_ratio"": 0.92, ""market_filter_mode"": ""downgrade"", ""max_amp_10d_a"": 0.4, ""max_amp_10d_b"": 0.35, ""max_amp_10d_s"": 0.45, ""max_amp_5d_a"": 0.22, ""max_amp_5d_b"": 0.18, ""max_amp_5d_s"": 0.25, ""max_pullback_20d_a"": -0.26, ""max_pullback_20d_b"": -0.22, ""max_pullback_20d_s"": -0.3, ""max_watch_days"": 10, ""min_avg_amount_10d_yi"": 5, ""min_avg_amount_30d_yi"": 5, ""min_avg_amount_60d_yi"": 3, ""min_relative_strength_20"": 0.1, ""minimum_trading_days"": 500, ""near_120d_high_ratio"": 0.98, ""normal_start_close_position"": 0.65, ""normal_start_min_amount_yi"": 2, ""normal_start_return"": 0.07, ""normal_start_self_amount_percentile"": 0.9, ""normal_start_volume_ratio"": 2.0, ""pattern_filter_enabled"": true, ""pattern_filter_mode"": ""score_only"", ""pattern_pivot_proximity_pct"": 0.05, ""platform_max_range"": 0.12, ""ready_min_score"": 85, ""rr2_min_key"": 2.0, ""rr2_min_ready"": 2.5, ""rr2_min_watch"": 1.5, ""start_age_max_days"": 60, ""start_age_min_days"": 5, ""start_lookback_days"": 60, ""stop_atr_multiplier"": 0.8, ""stop_key_support_pct"": 0.03, ""support_cluster_atr_multiplier"": 0.5, ""support_cluster_price_pct"": 0.015, ""support_test_lookback"": 10, ""support_zone_atr_multiplier"": 0.3, ""support_zone_price_pct"": 0.01, ""tail_close_range_5"": 0.08, ""tail_min_return_3"": -0.04, ""tail_min_return_5"": -0.06, ""tail_strong_volume_ratio_5_20"": 0.6, ""tail_volume_ratio_5_20"": 0.75, ""tail_window_days"": 5, ""target_2_cap_pct"": 0.35, ""vcp_contraction_range_ratio"": 0.9, ""vcp_contraction_volume_ratio"": 0.9, ""vcp_min_first_range"": 0.08, ""watch_min_score"": 60}","{""avg_loss_r"": 1.0136165, ""avg_net_return"": -0.08268672, ""avg_win_r"": 0.0, ""expectancy_r"": -1.0136165, ""losses"": 2, ""max_drawdown"": 0.02187251281799993, ""median_net_return"": -0.08268672, ""net_profit"": -270.407607, ""net_return"": -0.021872512817999956, ""profit_factor"": 0.0, ""single_month_profit_concentration"": 0.0, ""top5_profit_concentration"": 0.0, ""trades"": 2, ""win_rate"": 0.0, ""wins"": 0}"
s6opt-comprehensive-fe84532,box_compact,s6trial-efed66cba1a4d24e,OAT,s6ps-ac20f65418f6b053,s6ps-71bdb4dbb9c5c096,COMPLETED_WITH_SKIPS,s6bt-9539f1f52836ab743a5e,,,"{""absolute_max_amp_10d"": 0.5, ""absolute_max_pullback_20d"": -0.35, ""amount10_vs_30_min_ratio"": 0.8, ""big_down_return"": -0.07, ""big_down_volume_ratio"": 1.5, ""box_tail"": {""breakout_ready_position_min"": 0.75, ""broken_close_tolerance"": 0.03, ""compact_kline"": {""atr_contraction_ratio_max"": 0.8, ""avg_body_ratio_max"": 0.025, ""close_range_max"": 0.05, ""enabled"": true, ""max_body_ratio_max"": 0.04, ""max_gap_ratio"": 0.03, ""min_overlap_pair_count"": 3, ""min_overlap_ratio"": 0.5, ""premium_atr_contraction_ratio_max"": 0.65, ""premium_avg_body_ratio_max"": 0.018, ""premium_close_range_max"": 0.03, ""premium_overlap_ratio"": 0.65, ""window_days"": 5}, ""current_close_high_tolerance"": 0.03, ""current_close_low_tolerance"": 0.03, ""enabled"": true, ""low_test_close_tolerance_down"": 0.03, ""low_test_tolerance_up"": 0.02, ""max_box_days"": 30, ""max_volume_contraction_ratio"": 0.85, ""min_box_days"": 5, ""min_box_low_test_count"": 2, ""min_center_shift"": -0.03, ""normal_box_width_max"": 0.18, ""premium_box_width_max"": 0.12, ""premium_center_shift"": 0.0, ""premium_tail_volume_ratio_max"": 0.6, ""premium_volume_contraction_ratio"": 0.7, ""support_ready_position_max"": 0.4, ""tail_volume_ratio_max"": 0.75}, ""breakout_extended_max_pct"": 0.08, ""buy_zone_valid_days"": 3, ""consolidation_max_days"": 40, ""consolidation_min_days"": 5, ""cup_depth_max"": 0.35, ""cup_depth_min"": 0.12, ""enable_market_filter"": true, ""enabled"": true, ""expired_cooldown_days"": 5, ""failed_cooldown_days"": 10, ""key_min_score"": 75, ""kline_days"": 1100, ""limit_up_volume_ratio"": 1.5, ""low_volume_limit_up_min_ratio"": 0.6, ""ma50_min_ratio"": 0.92, ""market_filter_mode"": ""downgrade"", ""max_amp_10d_a"": 0.4, ""max_amp_10d_b"": 0.35, ""max_amp_10d_s"": 0.45, ""max_amp_5d_a"": 0.22, ""max_amp_5d_b"": 0.18, ""max_amp_5d_s"": 0.25, ""max_pullback_20d_a"": -0.26, ""max_pullback_20d_b"": -0.22, ""max_pullback_20d_s"": -0.3, ""max_watch_days"": 10, ""min_avg_amount_10d_yi"": 5, ""min_avg_amount_30d_yi"": 5, ""min_avg_amount_60d_yi"": 3, ""min_relative_strength_20"": 0.1, ""minimum_trading_days"": 500, ""near_120d_high_ratio"": 0.98, ""normal_start_close_position"": 0.65, ""normal_start_min_amount_yi"": 2, ""normal_start_return"": 0.07, ""normal_start_self_amount_percentile"": 0.9, ""normal_start_volume_ratio"": 2.0, ""pattern_filter_enabled"": true, ""pattern_filter_mode"": ""score_only"", ""pattern_pivot_proximity_pct"": 0.05, ""platform_max_range"": 0.12, ""ready_min_score"": 85, ""rr2_min_key"": 2.0, ""rr2_min_ready"": 2.5, ""rr2_min_watch"": 1.5, ""start_age_max_days"": 60, ""start_age_min_days"": 5, ""start_lookback_days"": 60, ""stop_atr_multiplier"": 0.8, ""stop_key_support_pct"": 0.03, ""support_cluster_atr_multiplier"": 0.5, ""support_cluster_price_pct"": 0.015, ""support_test_lookback"": 10, ""support_zone_atr_multiplier"": 0.3, ""support_zone_price_pct"": 0.01, ""tail_close_range_5"": 0.08, ""tail_min_return_3"": -0.04, ""tail_min_return_5"": -0.06, ""tail_strong_volume_ratio_5_20"": 0.6, ""tail_volume_ratio_5_20"": 0.75, ""tail_window_days"": 5, ""target_2_cap_pct"": 0.35, ""vcp_contraction_range_ratio"": 0.9, ""vcp_contraction_volume_ratio"": 0.9, ""vcp_min_first_range"": 0.08, ""watch_min_score"": 60}","{""avg_loss_r"": 1.01225875, ""avg_net_return"": -0.08651405250000001, ""avg_win_r"": 0.0, ""expectancy_r"": -1.01225875, ""losses"": 4, ""max_drawdown"": 0.042820698355999894, ""median_net_return"": -0.090341385, ""net_profit"": -642.241456, ""net_return"": -0.04282069835599989, ""profit_factor"": 0.0, ""single_month_profit_concentration"": 0.0, ""top5_profit_concentration"": 0.0, ""trades"": 4, ""win_rate"": 0.0, ""wins"": 0}"
s6opt-comprehensive-fe84532,box_compact,s6trial-f885c9bf174962b4,OAT,s6ps-7a11b034e16ed734,s6ps-71bdb4dbb9c5c096,COMPLETED_WITH_SKIPS,s6bt-f3f35511dcc9b5bc512a,,,"{""absolute_max_amp_10d"": 0.5, ""absolute_max_pullback_20d"": -0.35, ""amount10_vs_30_min_ratio"": 0.8, ""big_down_return"": -0.07, ""big_down_volume_ratio"": 1.5, ""box_tail"": {""breakout_ready_position_min"": 0.75, ""broken_close_tolerance"": 0.03, ""compact_kline"": {""atr_contraction_ratio_max"": 0.8, ""avg_body_ratio_max"": 0.025, ""close_range_max"": 0.07, ""enabled"": true, ""max_body_ratio_max"": 0.04, ""max_gap_ratio"": 0.03, ""min_overlap_pair_count"": 3, ""min_overlap_ratio"": 0.5, ""premium_atr_contraction_ratio_max"": 0.65, ""premium_avg_body_ratio_max"": 0.018, ""premium_close_range_max"": 0.03, ""premium_overlap_ratio"": 0.65, ""window_days"": 5}, ""current_close_high_tolerance"": 0.03, ""current_close_low_tolerance"": 0.03, ""enabled"": true, ""low_test_close_tolerance_down"": 0.02, ""low_test_tolerance_up"": 0.02, ""max_box_days"": 30, ""max_volume_contraction_ratio"": 0.85, ""min_box_days"": 5, ""min_box_low_test_count"": 2, ""min_center_shift"": -0.03, ""normal_box_width_max"": 0.18, ""premium_box_width_max"": 0.12, ""premium_center_shift"": 0.0, ""premium_tail_volume_ratio_max"": 0.6, ""premium_volume_contraction_ratio"": 0.7, ""support_ready_position_max"": 0.4, ""tail_volume_ratio_max"": 0.75}, ""breakout_extended_max_pct"": 0.08, ""buy_zone_valid_days"": 3, ""consolidation_max_days"": 40, ""consolidation_min_days"": 5, ""cup_depth_max"": 0.35, ""cup_depth_min"": 0.12, ""enable_market_filter"": true, ""enabled"": true, ""expired_cooldown_days"": 5, ""failed_cooldown_days"": 10, ""key_min_score"": 75, ""kline_days"": 1100, ""limit_up_volume_ratio"": 1.5, ""low_volume_limit_up_min_ratio"": 0.6, ""ma50_min_ratio"": 0.92, ""market_filter_mode"": ""downgrade"", ""max_amp_10d_a"": 0.4, ""max_amp_10d_b"": 0.35, ""max_amp_10d_s"": 0.45, ""max_amp_5d_a"": 0.22, ""max_amp_5d_b"": 0.18, ""max_amp_5d_s"": 0.25, ""max_pullback_20d_a"": -0.26, ""max_pullback_20d_b"": -0.22, ""max_pullback_20d_s"": -0.3, ""max_watch_days"": 10, ""min_avg_amount_10d_yi"": 5, ""min_avg_amount_30d_yi"": 5, ""min_avg_amount_60d_yi"": 3, ""min_relative_strength_20"": 0.1, ""minimum_trading_days"": 500, ""near_120d_high_ratio"": 0.98, ""normal_start_close_position"": 0.65, ""normal_start_min_amount_yi"": 2, ""normal_start_return"": 0.07, ""normal_start_self_amount_percentile"": 0.9, ""normal_start_volume_ratio"": 2.0, ""pattern_filter_enabled"": true, ""pattern_filter_mode"": ""score_only"", ""pattern_pivot_proximity_pct"": 0.05, ""platform_max_range"": 0.12, ""ready_min_score"": 85, ""rr2_min_key"": 2.0, ""rr2_min_ready"": 2.5, ""rr2_min_watch"": 1.5, ""start_age_max_days"": 60, ""start_age_min_days"": 5, ""start_lookback_days"": 60, ""stop_atr_multiplier"": 0.8, ""stop_key_support_pct"": 0.03, ""support_cluster_atr_multiplier"": 0.5, ""support_cluster_price_pct"": 0.015, ""support_test_lookback"": 10, ""support_zone_atr_multiplier"": 0.3, ""support_zone_price_pct"": 0.01, ""tail_close_range_5"": 0.08, ""tail_min_return_3"": -0.04, ""tail_min_return_5"": -0.06, ""tail_strong_volume_ratio_5_20"": 0.6, ""tail_volume_ratio_5_20"": 0.75, ""tail_window_days"": 5, ""target_2_cap_pct"": 0.35, ""vcp_contraction_range_ratio"": 0.9, ""vcp_contraction_volume_ratio"": 0.9, ""vcp_min_first_range"": 0.08, ""watch_min_score"": 60}","{""avg_loss_r"": 1.01225875, ""avg_net_return"": -0.08651405250000001, ""avg_win_r"": 0.0, ""expectancy_r"": -1.01225875, ""losses"": 4, ""max_drawdown"": 0.042820698355999894, ""median_net_return"": -0.090341385, ""net_profit"": -642.241456, ""net_return"": -0.04282069835599989, ""profit_factor"": 0.0, ""single_month_profit_concentration"": 0.0, ""top5_profit_concentration"": 0.0, ""trades"": 4, ""win_rate"": 0.0, ""wins"": 0}"
s6opt-comprehensive-fe84532,dry_tail,s6trial-09ddae80fb6372e4,OAT,s6ps-b6657e76f4a3944d,s6ps-71bdb4dbb9c5c096,COMPLETED_WITH_SKIPS,s6bt-a3402d8b332863dd3a22,,,"{""absolute_max_amp_10d"": 0.5, ""absolute_max_pullback_20d"": -0.35, ""amount10_vs_30_min_ratio"": 0.8, ""big_down_return"": -0.06, ""big_down_volume_ratio"": 1.5, ""box_tail"": {""breakout_ready_position_min"": 0.75, ""broken_close_tolerance"": 0.03, ""compact_kline"": {""atr_contraction_ratio_max"": 0.8, ""avg_body_ratio_max"": 0.025, ""close_range_max"": 0.05, ""enabled"": true, ""max_body_ratio_max"": 0.04, ""max_gap_ratio"": 0.03, ""min_overlap_pair_count"": 3, ""min_overlap_ratio"": 0.5, ""premium_atr_contraction_ratio_max"": 0.65, ""premium_avg_body_ratio_max"": 0.018, ""premium_close_range_max"": 0.03, ""premium_overlap_ratio"": 0.65, ""window_days"": 5}, ""current_close_high_tolerance"": 0.03, ""current_close_low_tolerance"": 0.03, ""enabled"": true, ""low_test_close_tolerance_down"": 0.02, ""low_test_tolerance_up"": 0.02, ""max_box_days"": 30, ""max_volume_contraction_ratio"": 0.85, ""min_box_days"": 5, ""min_box_low_test_count"": 2, ""min_center_shift"": -0.03, ""normal_box_width_max"": 0.18, ""premium_box_width_max"": 0.12, ""premium_center_shift"": 0.0, ""premium_tail_volume_ratio_max"": 0.6, ""premium_volume_contraction_ratio"": 0.7, ""support_ready_position_max"": 0.4, ""tail_volume_ratio_max"": 0.75}, ""breakout_extended_max_pct"": 0.08, ""buy_zone_valid_days"": 3, ""consolidation_max_days"": 40, ""consolidation_min_days"": 5, ""cup_depth_max"": 0.35, ""cup_depth_min"": 0.12, ""enable_market_filter"": true, ""enabled"": true, ""expired_cooldown_days"": 5, ""failed_cooldown_days"": 10, ""key_min_score"": 75, ""kline_days"": 1100, ""limit_up_volume_ratio"": 1.5, ""low_volume_limit_up_min_ratio"": 0.6, ""ma50_min_ratio"": 0.92, ""market_filter_mode"": ""downgrade"", ""max_amp_10d_a"": 0.4, ""max_amp_10d_b"": 0.35, ""max_amp_10d_s"": 0.45, ""max_amp_5d_a"": 0.22, ""max_amp_5d_b"": 0.18, ""max_amp_5d_s"": 0.25, ""max_pullback_20d_a"": -0.26, ""max_pullback_20d_b"": -0.22, ""max_pullback_20d_s"": -0.3, ""max_watch_days"": 10, ""min_avg_amount_10d_yi"": 5, ""min_avg_amount_30d_yi"": 5, ""min_avg_amount_60d_yi"": 3, ""min_relative_strength_20"": 0.1, ""minimum_trading_days"": 500, ""near_120d_high_ratio"": 0.98, ""normal_start_close_position"": 0.65, ""normal_start_min_amount_yi"": 2, ""normal_start_return"": 0.07, ""normal_start_self_amount_percentile"": 0.9, ""normal_start_volume_ratio"": 2.0, ""pattern_filter_enabled"": true, ""pattern_filter_mode"": ""score_only"", ""pattern_pivot_proximity_pct"": 0.05, ""platform_max_range"": 0.12, ""ready_min_score"": 85, ""rr2_min_key"": 2.0, ""rr2_min_ready"": 2.5, ""rr2_min_watch"": 1.5, ""start_age_max_days"": 60, ""start_age_min_days"": 5, ""start_lookback_days"": 60, ""stop_atr_multiplier"": 0.8, ""stop_key_support_pct"": 0.03, ""support_cluster_atr_multiplier"": 0.5, ""support_cluster_price_pct"": 0.015, ""support_test_lookback"": 10, ""support_zone_atr_multiplier"": 0.3, ""support_zone_price_pct"": 0.01, ""tail_close_range_5"": 0.08, ""tail_min_return_3"": -0.04, ""tail_min_return_5"": -0.06, ""tail_strong_volume_ratio_5_20"": 0.6, ""tail_volume_ratio_5_20"": 0.75, ""tail_window_days"": 5, ""target_2_cap_pct"": 0.35, ""vcp_contraction_range_ratio"": 0.9, ""vcp_contraction_volume_ratio"": 0.9, ""vcp_min_first_range"": 0.08, ""watch_min_score"": 60}","{""avg_loss_r"": 1.01225875, ""avg_net_return"": -0.08651405250000001, ""avg_win_r"": 0.0, ""expectancy_r"": -1.01225875, ""losses"": 4, ""max_drawdown"": 0.042820698355999894, ""median_net_return"": -0.090341385, ""net_profit"": -642.241456, ""net_return"": -0.04282069835599989, ""profit_factor"": 0.0, ""single_month_profit_concentration"": 0.0, ""top5_profit_concentration"": 0.0, ""trades"": 4, ""win_rate"": 0.0, ""wins"": 0}"
s6opt-comprehensive-fe84532,dry_tail,s6trial-0bf5a103d890d66d,OAT,s6ps-0c3e17bd0a4d7e78,s6ps-71bdb4dbb9c5c096,COMPLETED_WITH_SKIPS,s6bt-cb4e0eb603f61bf55f17,,,"{""absolute_max_amp_10d"": 0.5, ""absolute_max_pullback_20d"": -0.35, ""amount10_vs_30_min_ratio"": 0.8, ""big_down_return"": -0.07, ""big_down_volume_ratio"": 1.5, ""box_tail"": {""breakout_ready_position_min"": 0.75, ""broken_close_tolerance"": 0.03, ""compact_kline"": {""atr_contraction_ratio_max"": 0.8, ""avg_body_ratio_max"": 0.025, ""close_range_max"": 0.05, ""enabled"": true, ""max_body_ratio_max"": 0.04, ""max_gap_ratio"": 0.03, ""min_overlap_pair_count"": 3, ""min_overlap_ratio"": 0.5, ""premium_atr_contraction_ratio_max"": 0.65, ""premium_avg_body_ratio_max"": 0.018, ""premium_close_range_max"": 0.03, ""premium_overlap_ratio"": 0.65, ""window_days"": 5}, ""current_close_high_tolerance"": 0.03, ""current_close_low_tolerance"": 0.03, ""enabled"": true, ""low_test_close_tolerance_down"": 0.02, ""low_test_tolerance_up"": 0.02, ""max_box_days"": 30, ""max_volume_contraction_ratio"": 0.85, ""min_box_days"": 5, ""min_box_low_test_count"": 2, ""min_center_shift"": -0.03, ""normal_box_width_max"": 0.18, ""premium_box_width_max"": 0.12, ""premium_center_shift"": 0.0, ""premium_tail_volume_ratio_max"": 0.6, ""premium_volume_contraction_ratio"": 0.7, ""support_ready_position_max"": 0.4, ""tail_volume_ratio_max"": 0.75}, ""breakout_extended_max_pct"": 0.08, ""buy_zone_valid_days"": 3, ""consolidation_max_days"": 40, ""consolidation_min_days"": 5, ""cup_depth_max"": 0.35, ""cup_depth_min"": 0.12, ""enable_market_filter"": true, ""enabled"": true, ""expired_cooldown_days"": 5, ""failed_cooldown_days"": 10, ""key_min_score"": 75, ""kline_days"": 1100, ""limit_up_volume_ratio"": 1.5, ""low_volume_limit_up_min_ratio"": 0.6, ""ma50_min_ratio"": 0.92, ""market_filter_mode"": ""downgrade"", ""max_amp_10d_a"": 0.4, ""max_amp_10d_b"": 0.35, ""max_amp_10d_s"": 0.45, ""max_amp_5d_a"": 0.22, ""max_amp_5d_b"": 0.18, ""max_amp_5d_s"": 0.25, ""max_pullback_20d_a"": -0.26, ""max_pullback_20d_b"": -0.22, ""max_pullback_20d_s"": -0.3, ""max_watch_days"": 10, ""min_avg_amount_10d_yi"": 5, ""min_avg_amount_30d_yi"": 5, ""min_avg_amount_60d_yi"": 3, ""min_relative_strength_20"": 0.1, ""minimum_trading_days"": 500, ""near_120d_high_ratio"": 0.98, ""normal_start_close_position"": 0.65, ""normal_start_min_amount_yi"": 2, ""normal_start_return"": 0.07, ""normal_start_self_amount_percentile"": 0.9, ""normal_start_volume_ratio"": 2.0, ""pattern_filter_enabled"": true, ""pattern_filter_mode"": ""score_only"", ""pattern_pivot_proximity_pct"": 0.05, ""platform_max_range"": 0.12, ""ready_min_score"": 85, ""rr2_min_key"": 2.0, ""rr2_min_ready"": 2.5, ""rr2_min_watch"": 1.5, ""start_age_max_days"": 60, ""start_age_min_days"": 5, ""start_lookback_days"": 60, ""stop_atr_multiplier"": 0.8, ""stop_key_support_pct"": 0.03, ""support_cluster_atr_multiplier"": 0.5, ""support_cluster_price_pct"": 0.015, ""support_test_lookback"": 10, ""support_zone_atr_multiplier"": 0.3, ""support_zone_price_pct"": 0.01, ""tail_close_range_5"": 0.08, ""tail_min_return_3"": -0.04, ""tail_min_return_5"": -0.06, ""tail_strong_volume_ratio_5_20"": 0.6, ""tail_volume_ratio_5_20"": 0.75, ""tail_window_days"": 3, ""target_2_cap_pct"": 0.35, ""vcp_contraction_range_ratio"": 0.9, ""vcp_contraction_volume_ratio"": 0.9, ""vcp_min_first_range"": 0.08, ""watch_min_score"": 60}","{""avg_loss_r"": 1.0131502, ""avg_net_return"": -0.06744767666666666, ""avg_win_r"": 0.057514, ""expectancy_r"": -0.8347061666666666, ""losses"": 5, ""max_drawdown"": 0.052831961901, ""median_net_return"": -0.074159405, ""net_profit"": -951.617189, ""net_return"": -0.052831961901000035, ""profit_factor"": 0.004596936430441874, ""single_month_profit_concentration"": -44.084868544705635, ""top5_profit_concentration"": 1.0, ""trades"": 6, ""win_rate"": 0.16666666666666666, ""wins"": 1}"
s6opt-comprehensive-fe84532,dry_tail,s6trial-0e9b1e8bc42fa942,OAT,s6ps-38f3c24896a71081,s6ps-71bdb4dbb9c5c096,COMPLETED_WITH_SKIPS,s6bt-9a7dafb27a4bd1fa0fce,,,"{""absolute_max_amp_10d"": 0.5, ""absolute_max_pullback_20d"": -0.35, ""amount10_vs_30_min_ratio"": 0.8, ""big_down_return"": -0.07, ""big_down_volume_ratio"": 1.2, ""box_tail"": {""breakout_ready_position_min"": 0.75, ""broken_close_tolerance"": 0.03, ""compact_kline"": {""atr_contraction_ratio_max"": 0.8, ""avg_body_ratio_max"": 0.025, ""close_range_max"": 0.05, ""enabled"": true, ""max_body_ratio_max"": 0.04, ""max_gap_ratio"": 0.03, ""min_overlap_pair_count"": 3, ""min_overlap_ratio"": 0.5, ""premium_atr_contraction_ratio_max"": 0.65, ""premium_avg_body_ratio_max"": 0.018, ""premium_close_range_max"": 0.03, ""premium_overlap_ratio"": 0.65, ""window_days"": 5}, ""current_close_high_tolerance"": 0.03, ""current_close_low_tolerance"": 0.03, ""enabled"": true, ""low_test_close_tolerance_down"": 0.02, ""low_test_tolerance_up"": 0.02, ""max_box_days"": 30, ""max_volume_contraction_ratio"": 0.85, ""min_box_days"": 5, ""min_box_low_test_count"": 2, ""min_center_shift"": -0.03, ""normal_box_width_max"": 0.18, ""premium_box_width_max"": 0.12, ""premium_center_shift"": 0.0, ""premium_tail_volume_ratio_max"": 0.6, ""premium_volume_contraction_ratio"": 0.7, ""support_ready_position_max"": 0.4, ""tail_volume_ratio_max"": 0.75}, ""breakout_extended_max_pct"": 0.08, ""buy_zone_valid_days"": 3, ""consolidation_max_days"": 40, ""consolidation_min_days"": 5, ""cup_depth_max"": 0.35, ""cup_depth_min"": 0.12, ""enable_market_filter"": true, ""enabled"": true, ""expired_cooldown_days"": 5, ""failed_cooldown_days"": 10, ""key_min_score"": 75, ""kline_days"": 1100, ""limit_up_volume_ratio"": 1.5, ""low_volume_limit_up_min_ratio"": 0.6, ""ma50_min_ratio"": 0.92, ""market_filter_mode"": ""downgrade"", ""max_amp_10d_a"": 0.4, ""max_amp_10d_b"": 0.35, ""max_amp_10d_s"": 0.45, ""max_amp_5d_a"": 0.22, ""max_amp_5d_b"": 0.18, ""max_amp_5d_s"": 0.25, ""max_pullback_20d_a"": -0.26, ""max_pullback_20d_b"": -0.22, ""max_pullback_20d_s"": -0.3, ""max_watch_days"": 10, ""min_avg_amount_10d_yi"": 5, ""min_avg_amount_30d_yi"": 5, ""min_avg_amount_60d_yi"": 3, ""min_relative_strength_20"": 0.1, ""minimum_trading_days"": 500, ""near_120d_high_ratio"": 0.98, ""normal_start_close_position"": 0.65, ""normal_start_min_amount_yi"": 2, ""normal_start_return"": 0.07, ""normal_start_self_amount_percentile"": 0.9, ""normal_start_volume_ratio"": 2.0, ""pattern_filter_enabled"": true, ""pattern_filter_mode"": ""score_only"", ""pattern_pivot_proximity_pct"": 0.05, ""platform_max_range"": 0.12, ""ready_min_score"": 85, ""rr2_min_key"": 2.0, ""rr2_min_ready"": 2.5, ""rr2_min_watch"": 1.5, ""start_age_max_days"": 60, ""start_age_min_days"": 5, ""start_lookback_days"": 60, ""stop_atr_multiplier"": 0.8, ""stop_key_support_pct"": 0.03, ""support_cluster_atr_multiplier"": 0.5, ""support_cluster_price_pct"": 0.015, ""support_test_lookback"": 10, ""support_zone_atr_multiplier"": 0.3, ""support_zone_price_pct"": 0.01, ""tail_close_range_5"": 0.08, ""tail_min_return_3"": -0.04, ""tail_min_return_5"": -0.06, ""tail_strong_volume_ratio_5_20"": 0.6, ""tail_volume_ratio_5_20"": 0.75, ""tail_window_days"": 5, ""target_2_cap_pct"": 0.35, ""vcp_contraction_range_ratio"": 0.9, ""vcp_contraction_volume_ratio"": 0.9, ""vcp_min_first_range"": 0.08, ""watch_min_score"": 60}","{""avg_loss_r"": 1.01225875, ""avg_net_return"": -0.08651405250000001, ""avg_win_r"": 0.0, ""expectancy_r"": -1.01225875, ""losses"": 4, ""max_drawdown"": 0.042820698355999894, ""median_net_return"": -0.090341385, ""net_profit"": -642.241456, ""net_return"": -0.04282069835599989, ""profit_factor"": 0.0, ""single_month_profit_concentration"": 0.0, ""top5_profit_concentration"": 0.0, ""trades"": 4, ""win_rate"": 0.0, ""wins"": 0}"
s6opt-comprehensive-fe84532,dry_tail,s6trial-131c8216d5039663,OAT,s6ps-edd6f7c62f0c88fc,s6ps-71bdb4dbb9c5c096,COMPLETED_WITH_SKIPS,s6bt-be54b11707afd470fa1b,,,"{""absolute_max_amp_10d"": 0.5, ""absolute_max_pullback_20d"": -0.35, ""amount10_vs_30_min_ratio"": 0.8, ""big_down_return"": -0.07, ""big_down_volume_ratio"": 1.5, ""box_tail"": {""breakout_ready_position_min"": 0.75, ""broken_close_tolerance"": 0.03, ""compact_kline"": {""atr_contraction_ratio_max"": 0.8, ""avg_body_ratio_max"": 0.025, ""close_range_max"": 0.05, ""enabled"": true, ""max_body_ratio_max"": 0.04, ""max_gap_ratio"": 0.03, ""min_overlap_pair_count"": 3, ""min_overlap_ratio"": 0.5, ""premium_atr_contraction_ratio_max"": 0.65, ""premium_avg_body_ratio_max"": 0.018, ""premium_close_range_max"": 0.03, ""premium_overlap_ratio"": 0.65, ""window_days"": 5}, ""current_close_high_tolerance"": 0.03, ""current_close_low_tolerance"": 0.03, ""enabled"": true, ""low_test_close_tolerance_down"": 0.02, ""low_test_tolerance_up"": 0.02, ""max_box_days"": 30, ""max_volume_contraction_ratio"": 0.85, ""min_box_days"": 5, ""min_box_low_test_count"": 2, ""min_center_shift"": -0.03, ""normal_box_width_max"": 0.18, ""premium_box_width_max"": 0.12, ""premium_center_shift"": 0.0, ""premium_tail_volume_ratio_max"": 0.6, ""premium_volume_contraction_ratio"": 0.7, ""support_ready_position_max"": 0.4, ""tail_volume_ratio_max"": 0.75}, ""breakout_extended_max_pct"": 0.08, ""buy_zone_valid_days"": 3, ""consolidation_max_days"": 40, ""consolidation_min_days"": 5, ""cup_depth_max"": 0.35, ""cup_depth_min"": 0.12, ""enable_market_filter"": true, ""enabled"": true, ""expired_cooldown_days"": 5, ""failed_cooldown_days"": 10, ""key_min_score"": 75, ""kline_days"": 1100, ""limit_up_volume_ratio"": 1.5, ""low_volume_limit_up_min_ratio"": 0.6, ""ma50_min_ratio"": 0.92, ""market_filter_mode"": ""downgrade"", ""max_amp_10d_a"": 0.4, ""max_amp_10d_b"": 0.35, ""max_amp_10d_s"": 0.45, ""max_amp_5d_a"": 0.22, ""max_amp_5d_b"": 0.18, ""max_amp_5d_s"": 0.25, ""max_pullback_20d_a"": -0.26, ""max_pullback_20d_b"": -0.22, ""max_pullback_20d_s"": -0.3, ""max_watch_days"": 10, ""min_avg_amount_10d_yi"": 5, ""min_avg_amount_30d_yi"": 5, ""min_avg_amount_60d_yi"": 3, ""min_relative_strength_20"": 0.1, ""minimum_trading_days"": 500, ""near_120d_high_ratio"": 0.98, ""normal_start_close_position"": 0.65, ""normal_start_min_amount_yi"": 2, ""normal_start_return"": 0.07, ""normal_start_self_amount_percentile"": 0.9, ""normal_start_volume_ratio"": 2.0, ""pattern_filter_enabled"": true, ""pattern_filter_mode"": ""score_only"", ""pattern_pivot_proximity_pct"": 0.05, ""platform_max_range"": 0.12, ""ready_min_score"": 85, ""rr2_min_key"": 2.0, ""rr2_min_ready"": 2.5, ""rr2_min_watch"": 1.5, ""start_age_max_days"": 60, ""start_age_min_days"": 5, ""start_lookback_days"": 60, ""stop_atr_multiplier"": 0.8, ""stop_key_support_pct"": 0.03, ""support_cluster_atr_multiplier"": 0.5, ""support_cluster_price_pct"": 0.015, ""support_test_lookback"": 10, ""support_zone_atr_multiplier"": 0.3, ""support_zone_price_pct"": 0.01, ""tail_close_range_5"": 0.08, ""tail_min_return_3"": -0.04, ""tail_min_return_5"": -0.06, ""tail_strong_volume_ratio_5_20"": 0.45, ""tail_volume_ratio_5_20"": 0.75, ""tail_window_days"": 5, ""target_2_cap_pct"": 0.35, ""vcp_contraction_range_ratio"": 0.9, ""vcp_contraction_volume_ratio"": 0.9, ""vcp_min_first_range"": 0.08, ""watch_min_score"": 60}","{""avg_loss_r"": 1.01225875, ""avg_net_return"": -0.08651405250000001, ""avg_win_r"": 0.0, ""expectancy_r"": -1.01225875, ""losses"": 4, ""max_drawdown"": 0.042820698355999894, ""median_net_return"": -0.090341385, ""net_profit"": -642.241456, ""net_return"": -0.04282069835599989, ""profit_factor"": 0.0, ""single_month_profit_concentration"": 0.0, ""top5_profit_concentration"": 0.0, ""trades"": 4, ""win_rate"": 0.0, ""wins"": 0}"
s6opt-comprehensive-fe84532,dry_tail,s6trial-2f3915520f52027f,BASELINE,s6ps-71bdb4dbb9c5c096,s6ps-71bdb4dbb9c5c096,COMPLETED_WITH_SKIPS,s6bt-476861a2b1f2021a2d91,,,"{""absolute_max_amp_10d"": 0.5, ""absolute_max_pullback_20d"": -0.35, ""amount10_vs_30_min_ratio"": 0.8, ""big_down_return"": -0.07, ""big_down_volume_ratio"": 1.5, ""box_tail"": {""breakout_ready_position_min"": 0.75, ""broken_close_tolerance"": 0.03, ""compact_kline"": {""atr_contraction_ratio_max"": 0.8, ""avg_body_ratio_max"": 0.025, ""close_range_max"": 0.05, ""enabled"": true, ""max_body_ratio_max"": 0.04, ""max_gap_ratio"": 0.03, ""min_overlap_pair_count"": 3, ""min_overlap_ratio"": 0.5, ""premium_atr_contraction_ratio_max"": 0.65, ""premium_avg_body_ratio_max"": 0.018, ""premium_close_range_max"": 0.03, ""premium_overlap_ratio"": 0.65, ""window_days"": 5}, ""current_close_high_tolerance"": 0.03, ""current_close_low_tolerance"": 0.03, ""enabled"": true, ""low_test_close_tolerance_down"": 0.02, ""low_test_tolerance_up"": 0.02, ""max_box_days"": 30, ""max_volume_contraction_ratio"": 0.85, ""min_box_days"": 5, ""min_box_low_test_count"": 2, ""min_center_shift"": -0.03, ""normal_box_width_max"": 0.18, ""premium_box_width_max"": 0.12, ""premium_center_shift"": 0.0, ""premium_tail_volume_ratio_max"": 0.6, ""premium_volume_contraction_ratio"": 0.7, ""support_ready_position_max"": 0.4, ""tail_volume_ratio_max"": 0.75}, ""breakout_extended_max_pct"": 0.08, ""buy_zone_valid_days"": 3, ""consolidation_max_days"": 40, ""consolidation_min_days"": 5, ""cup_depth_max"": 0.35, ""cup_depth_min"": 0.12, ""enable_market_filter"": true, ""enabled"": true, ""expired_cooldown_days"": 5, ""failed_cooldown_days"": 10, ""key_min_score"": 75, ""kline_days"": 1100, ""limit_up_volume_ratio"": 1.5, ""low_volume_limit_up_min_ratio"": 0.6, ""ma50_min_ratio"": 0.92, ""market_filter_mode"": ""downgrade"", ""max_amp_10d_a"": 0.4, ""max_amp_10d_b"": 0.35, ""max_amp_10d_s"": 0.45, ""max_amp_5d_a"": 0.22, ""max_amp_5d_b"": 0.18, ""max_amp_5d_s"": 0.25, ""max_pullback_20d_a"": -0.26, ""max_pullback_20d_b"": -0.22, ""max_pullback_20d_s"": -0.3, ""max_watch_days"": 10, ""min_avg_amount_10d_yi"": 5, ""min_avg_amount_30d_yi"": 5, ""min_avg_amount_60d_yi"": 3, ""min_relative_strength_20"": 0.1, ""minimum_trading_days"": 500, ""near_120d_high_ratio"": 0.98, ""normal_start_close_position"": 0.65, ""normal_start_min_amount_yi"": 2, ""normal_start_return"": 0.07, ""normal_start_self_amount_percentile"": 0.9, ""normal_start_volume_ratio"": 2.0, ""pattern_filter_enabled"": true, ""pattern_filter_mode"": ""score_only"", ""pattern_pivot_proximity_pct"": 0.05, ""platform_max_range"": 0.12, ""ready_min_score"": 85, ""rr2_min_key"": 2.0, ""rr2_min_ready"": 2.5, ""rr2_min_watch"": 1.5, ""start_age_max_days"": 60, ""start_age_min_days"": 5, ""start_lookback_days"": 60, ""stop_atr_multiplier"": 0.8, ""stop_key_support_pct"": 0.03, ""support_cluster_atr_multiplier"": 0.5, ""support_cluster_price_pct"": 0.015, ""support_test_lookback"": 10, ""support_zone_atr_multiplier"": 0.3, ""support_zone_price_pct"": 0.01, ""tail_close_range_5"": 0.08, ""tail_min_return_3"": -0.04, ""tail_min_return_5"": -0.06, ""tail_strong_volume_ratio_5_20"": 0.6, ""tail_volume_ratio_5_20"": 0.75, ""tail_window_days"": 5, ""target_2_cap_pct"": 0.35, ""vcp_contraction_range_ratio"": 0.9, ""vcp_contraction_volume_ratio"": 0.9, ""vcp_min_first_range"": 0.08, ""watch_min_score"": 60}","{""avg_loss_r"": 1.01225875, ""avg_net_return"": -0.08651405250000001, ""avg_win_r"": 0.0, ""expectancy_r"": -1.01225875, ""losses"": 4, ""max_drawdown"": 0.042820698355999894, ""median_net_return"": -0.090341385, ""net_profit"": -642.241456, ""net_return"": -0.04282069835599989, ""profit_factor"": 0.0, ""single_month_profit_concentration"": 0.0, ""top5_profit_concentration"": 0.0, ""trades"": 4, ""win_rate"": 0.0, ""wins"": 0}"
s6opt-comprehensive-fe84532,dry_tail,s6trial-589cdd8d1c1a5565,OAT,s6ps-dc10ed710aa37ad4,s6ps-71bdb4dbb9c5c096,COMPLETED_WITH_SKIPS,s6bt-62f58760daaff9a7d29a,,,"{""absolute_max_amp_10d"": 0.5, ""absolute_max_pullback_20d"": -0.35, ""amount10_vs_30_min_ratio"": 0.8, ""big_down_return"": -0.07, ""big_down_volume_ratio"": 1.5, ""box_tail"": {""breakout_ready_position_min"": 0.75, ""broken_close_tolerance"": 0.03, ""compact_kline"": {""atr_contraction_ratio_max"": 0.8, ""avg_body_ratio_max"": 0.025, ""close_range_max"": 0.05, ""enabled"": true, ""max_body_ratio_max"": 0.04, ""max_gap_ratio"": 0.03, ""min_overlap_pair_count"": 3, ""min_overlap_ratio"": 0.5, ""premium_atr_contraction_ratio_max"": 0.65, ""premium_avg_body_ratio_max"": 0.018, ""premium_close_range_max"": 0.03, ""premium_overlap_ratio"": 0.65, ""window_days"": 5}, ""current_close_high_tolerance"": 0.03, ""current_close_low_tolerance"": 0.03, ""enabled"": true, ""low_test_close_tolerance_down"": 0.02, ""low_test_tolerance_up"": 0.02, ""max_box_days"": 30, ""max_volume_contraction_ratio"": 0.85, ""min_box_days"": 5, ""min_box_low_test_count"": 2, ""min_center_shift"": -0.03, ""normal_box_width_max"": 0.18, ""premium_box_width_max"": 0.12, ""premium_center_shift"": 0.0, ""premium_tail_volume_ratio_max"": 0.6, ""premium_volume_contraction_ratio"": 0.7, ""support_ready_position_max"": 0.4, ""tail_volume_ratio_max"": 0.75}, ""breakout_extended_max_pct"": 0.08, ""buy_zone_valid_days"": 3, ""consolidation_max_days"": 40, ""consolidation_min_days"": 5, ""cup_depth_max"": 0.35, ""cup_depth_min"": 0.12, ""enable_market_filter"": true, ""enabled"": true, ""expired_cooldown_days"": 5, ""failed_cooldown_days"": 10, ""key_min_score"": 75, ""kline_days"": 1100, ""limit_up_volume_ratio"": 1.5, ""low_volume_limit_up_min_ratio"": 0.6, ""ma50_min_ratio"": 0.92, ""market_filter_mode"": ""downgrade"", ""max_amp_10d_a"": 0.4, ""max_amp_10d_b"": 0.35, ""max_amp_10d_s"": 0.45, ""max_amp_5d_a"": 0.22, ""max_amp_5d_b"": 0.18, ""max_amp_5d_s"": 0.25, ""max_pullback_20d_a"": -0.26, ""max_pullback_20d_b"": -0.22, ""max_pullback_20d_s"": -0.3, ""max_watch_days"": 10, ""min_avg_amount_10d_yi"": 5, ""min_avg_amount_30d_yi"": 5, ""min_avg_amount_60d_yi"": 3, ""min_relative_strength_20"": 0.1, ""minimum_trading_days"": 500, ""near_120d_high_ratio"": 0.98, ""normal_start_close_position"": 0.65, ""normal_start_min_amount_yi"": 2, ""normal_start_return"": 0.07, ""normal_start_self_amount_percentile"": 0.9, ""normal_start_volume_ratio"": 2.0, ""pattern_filter_enabled"": true, ""pattern_filter_mode"": ""score_only"", ""pattern_pivot_proximity_pct"": 0.05, ""platform_max_range"": 0.12, ""ready_min_score"": 85, ""rr2_min_key"": 2.0, ""rr2_min_ready"": 2.5, ""rr2_min_watch"": 1.5, ""start_age_max_days"": 60, ""start_age_min_days"": 5, ""start_lookback_days"": 60, ""stop_atr_multiplier"": 0.8, ""stop_key_support_pct"": 0.03, ""support_cluster_atr_multiplier"": 0.5, ""support_cluster_price_pct"": 0.015, ""support_test_lookback"": 10, ""support_zone_atr_multiplier"": 0.3, ""support_zone_price_pct"": 0.01, ""tail_close_range_5"": 0.08, ""tail_min_return_3"": -0.04, ""tail_min_return_5"": -0.06, ""tail_strong_volume_ratio_5_20"": 0.55, ""tail_volume_ratio_5_20"": 0.75, ""tail_window_days"": 5, ""target_2_cap_pct"": 0.35, ""vcp_contraction_range_ratio"": 0.9, ""vcp_contraction_volume_ratio"": 0.9, ""vcp_min_first_range"": 0.08, ""watch_min_score"": 60}","{""avg_loss_r"": 1.01225875, ""avg_net_return"": -0.08651405250000001, ""avg_win_r"": 0.0, ""expectancy_r"": -1.01225875, ""losses"": 4, ""max_drawdown"": 0.042820698355999894, ""median_net_return"": -0.090341385, ""net_profit"": -642.241456, ""net_return"": -0.04282069835599989, ""profit_factor"": 0.0, ""single_month_profit_concentration"": 0.0, ""top5_profit_concentration"": 0.0, ""trades"": 4, ""win_rate"": 0.0, ""wins"": 0}"
s6opt-comprehensive-fe84532,dry_tail,s6trial-5bbb1c6c3d4423d7,OAT,s6ps-df72550627c420b8,s6ps-71bdb4dbb9c5c096,COMPLETED_WITH_SKIPS,s6bt-df6bcad897bc19ed58ad,,,"{""absolute_max_amp_10d"": 0.5, ""absolute_max_pullback_20d"": -0.35, ""amount10_vs_30_min_ratio"": 0.8, ""big_down_return"": -0.07, ""big_down_volume_ratio"": 2.0, ""box_tail"": {""breakout_ready_position_min"": 0.75, ""broken_close_tolerance"": 0.03, ""compact_kline"": {""atr_contraction_ratio_max"": 0.8, ""avg_body_ratio_max"": 0.025, ""close_range_max"": 0.05, ""enabled"": true, ""max_body_ratio_max"": 0.04, ""max_gap_ratio"": 0.03, ""min_overlap_pair_count"": 3, ""min_overlap_ratio"": 0.5, ""premium_atr_contraction_ratio_max"": 0.65, ""premium_avg_body_ratio_max"": 0.018, ""premium_close_range_max"": 0.03, ""premium_overlap_ratio"": 0.65, ""window_days"": 5}, ""current_close_high_tolerance"": 0.03, ""current_close_low_tolerance"": 0.03, ""enabled"": true, ""low_test_close_tolerance_down"": 0.02, ""low_test_tolerance_up"": 0.02, ""max_box_days"": 30, ""max_volume_contraction_ratio"": 0.85, ""min_box_days"": 5, ""min_box_low_test_count"": 2, ""min_center_shift"": -0.03, ""normal_box_width_max"": 0.18, ""premium_box_width_max"": 0.12, ""premium_center_shift"": 0.0, ""premium_tail_volume_ratio_max"": 0.6, ""premium_volume_contraction_ratio"": 0.7, ""support_ready_position_max"": 0.4, ""tail_volume_ratio_max"": 0.75}, ""breakout_extended_max_pct"": 0.08, ""buy_zone_valid_days"": 3, ""consolidation_max_days"": 40, ""consolidation_min_days"": 5, ""cup_depth_max"": 0.35, ""cup_depth_min"": 0.12, ""enable_market_filter"": true, ""enabled"": true, ""expired_cooldown_days"": 5, ""failed_cooldown_days"": 10, ""key_min_score"": 75, ""kline_days"": 1100, ""limit_up_volume_ratio"": 1.5, ""low_volume_limit_up_min_ratio"": 0.6, ""ma50_min_ratio"": 0.92, ""market_filter_mode"": ""downgrade"", ""max_amp_10d_a"": 0.4, ""max_amp_10d_b"": 0.35, ""max_amp_10d_s"": 0.45, ""max_amp_5d_a"": 0.22, ""max_amp_5d_b"": 0.18, ""max_amp_5d_s"": 0.25, ""max_pullback_20d_a"": -0.26, ""max_pullback_20d_b"": -0.22, ""max_pullback_20d_s"": -0.3, ""max_watch_days"": 10, ""min_avg_amount_10d_yi"": 5, ""min_avg_amount_30d_yi"": 5, ""min_avg_amount_60d_yi"": 3, ""min_relative_strength_20"": 0.1, ""minimum_trading_days"": 500, ""near_120d_high_ratio"": 0.98, ""normal_start_close_position"": 0.65, ""normal_start_min_amount_yi"": 2, ""normal_start_return"": 0.07, ""normal_start_self_amount_percentile"": 0.9, ""normal_start_volume_ratio"": 2.0, ""pattern_filter_enabled"": true, ""pattern_filter_mode"": ""score_only"", ""pattern_pivot_proximity_pct"": 0.05, ""platform_max_range"": 0.12, ""ready_min_score"": 85, ""rr2_min_key"": 2.0, ""rr2_min_ready"": 2.5, ""rr2_min_watch"": 1.5, ""start_age_max_days"": 60, ""start_age_min_days"": 5, ""start_lookback_days"": 60, ""stop_atr_multiplier"": 0.8, ""stop_key_support_pct"": 0.03, ""support_cluster_atr_multiplier"": 0.5, ""support_cluster_price_pct"": 0.015, ""support_test_lookback"": 10, ""support_zone_atr_multiplier"": 0.3, ""support_zone_price_pct"": 0.01, ""tail_close_range_5"": 0.08, ""tail_min_return_3"": -0.04, ""tail_min_return_5"": -0.06, ""tail_strong_volume_ratio_5_20"": 0.6, ""tail_volume_ratio_5_20"": 0.75, ""tail_window_days"": 5, ""target_2_cap_pct"": 0.35, ""vcp_contraction_range_ratio"": 0.9, ""vcp_contraction_volume_ratio"": 0.9, ""vcp_min_first_range"": 0.08, ""watch_min_score"": 60}","{""avg_loss_r"": 1.01225875, ""avg_net_return"": -0.08651405250000001, ""avg_win_r"": 0.0, ""expectancy_r"": -1.01225875, ""losses"": 4, ""max_drawdown"": 0.042820698355999894, ""median_net_return"": -0.090341385, ""net_profit"": -642.241456, ""net_return"": -0.04282069835599989, ""profit_factor"": 0.0, ""single_month_profit_concentration"": 0.0, ""top5_profit_concentration"": 0.0, ""trades"": 4, ""win_rate"": 0.0, ""wins"": 0}"
s6opt-comprehensive-fe84532,dry_tail,s6trial-5bc558b9249f0200,OAT,s6ps-c860d3af1be02724,s6ps-71bdb4dbb9c5c096,COMPLETED_WITH_SKIPS,s6bt-c83db72cbd54626720f9,,,"{""absolute_max_amp_10d"": 0.5, ""absolute_max_pullback_20d"": -0.35, ""amount10_vs_30_min_ratio"": 0.8, ""big_down_return"": -0.07, ""big_down_volume_ratio"": 1.5, ""box_tail"": {""breakout_ready_position_min"": 0.75, ""broken_close_tolerance"": 0.03, ""compact_kline"": {""atr_contraction_ratio_max"": 0.8, ""avg_body_ratio_max"": 0.025, ""close_range_max"": 0.05, ""enabled"": true, ""max_body_ratio_max"": 0.04, ""max_gap_ratio"": 0.03, ""min_overlap_pair_count"": 3, ""min_overlap_ratio"": 0.5, ""premium_atr_contraction_ratio_max"": 0.65, ""premium_avg_body_ratio_max"": 0.018, ""premium_close_range_max"": 0.03, ""premium_overlap_ratio"": 0.65, ""window_days"": 5}, ""current_close_high_tolerance"": 0.03, ""current_close_low_tolerance"": 0.03, ""enabled"": true, ""low_test_close_tolerance_down"": 0.02, ""low_test_tolerance_up"": 0.02, ""max_box_days"": 30, ""max_volume_contraction_ratio"": 0.85, ""min_box_days"": 5, ""min_box_low_test_count"": 2, ""min_center_shift"": -0.03, ""normal_box_width_max"": 0.18, ""premium_box_width_max"": 0.12, ""premium_center_shift"": 0.0, ""premium_tail_volume_ratio_max"": 0.6, ""premium_volume_contraction_ratio"": 0.7, ""support_ready_position_max"": 0.4, ""tail_volume_ratio_max"": 0.75}, ""breakout_extended_max_pct"": 0.08, ""buy_zone_valid_days"": 3, ""consolidation_max_days"": 40, ""consolidation_min_days"": 5, ""cup_depth_max"": 0.35, ""cup_depth_min"": 0.12, ""enable_market_filter"": true, ""enabled"": true, ""expired_cooldown_days"": 5, ""failed_cooldown_days"": 10, ""key_min_score"": 75, ""kline_days"": 1100, ""limit_up_volume_ratio"": 1.5, ""low_volume_limit_up_min_ratio"": 0.6, ""ma50_min_ratio"": 0.92, ""market_filter_mode"": ""downgrade"", ""max_amp_10d_a"": 0.4, ""max_amp_10d_b"": 0.35, ""max_amp_10d_s"": 0.45, ""max_amp_5d_a"": 0.22, ""max_amp_5d_b"": 0.18, ""max_amp_5d_s"": 0.25, ""max_pullback_20d_a"": -0.26, ""max_pullback_20d_b"": -0.22, ""max_pullback_20d_s"": -0.3, ""max_watch_days"": 10, ""min_avg_amount_10d_yi"": 5, ""min_avg_amount_30d_yi"": 5, ""min_avg_amount_60d_yi"": 3, ""min_relative_strength_20"": 0.1, ""minimum_trading_days"": 500, ""near_120d_high_ratio"": 0.98, ""normal_start_close_position"": 0.65, ""normal_start_min_amount_yi"": 2, ""normal_start_return"": 0.07, ""normal_start_self_amount_percentile"": 0.9, ""normal_start_volume_ratio"": 2.0, ""pattern_filter_enabled"": true, ""pattern_filter_mode"": ""score_only"", ""pattern_pivot_proximity_pct"": 0.05, ""platform_max_range"": 0.12, ""ready_min_score"": 85, ""rr2_min_key"": 2.0, ""rr2_min_ready"": 2.5, ""rr2_min_watch"": 1.5, ""start_age_max_days"": 60, ""start_age_min_days"": 5, ""start_lookback_days"": 60, ""stop_atr_multiplier"": 0.8, ""stop_key_support_pct"": 0.03, ""support_cluster_atr_multiplier"": 0.5, ""support_cluster_price_pct"": 0.015, ""support_test_lookback"": 10, ""support_zone_atr_multiplier"": 0.3, ""support_zone_price_pct"": 0.01, ""tail_close_range_5"": 0.1, ""tail_min_return_3"": -0.04, ""tail_min_return_5"": -0.06, ""tail_strong_volume_ratio_5_20"": 0.6, ""tail_volume_ratio_5_20"": 0.75, ""tail_window_days"": 5, ""target_2_cap_pct"": 0.35, ""vcp_contraction_range_ratio"": 0.9, ""vcp_contraction_volume_ratio"": 0.9, ""vcp_min_first_range"": 0.08, ""watch_min_score"": 60}","{""avg_loss_r"": 1.01225875, ""avg_net_return"": -0.08651405250000001, ""avg_win_r"": 0.0, ""expectancy_r"": -1.01225875, ""losses"": 4, ""max_drawdown"": 0.042820698355999894, ""median_net_return"": -0.090341385, ""net_profit"": -642.241456, ""net_return"": -0.04282069835599989, ""profit_factor"": 0.0, ""single_month_profit_concentration"": 0.0, ""top5_profit_concentration"": 0.0, ""trades"": 4, ""win_rate"": 0.0, ""wins"": 0}"
s6opt-comprehensive-fe84532,dry_tail,s6trial-738d8cb1a72918d6,OAT,s6ps-4897c37fa803278e,s6ps-71bdb4dbb9c5c096,COMPLETED_WITH_SKIPS,s6bt-b02adbe1ae4b833205c2,,,"{""absolute_max_amp_10d"": 0.5, ""absolute_max_pullback_20d"": -0.35, ""amount10_vs_30_min_ratio"": 0.8, ""big_down_return"": -0.07, ""big_down_volume_ratio"": 1.5, ""box_tail"": {""breakout_ready_position_min"": 0.75, ""broken_close_tolerance"": 0.03, ""compact_kline"": {""atr_contraction_ratio_max"": 0.8, ""avg_body_ratio_max"": 0.025, ""close_range_max"": 0.05, ""enabled"": true, ""max_body_ratio_max"": 0.04, ""max_gap_ratio"": 0.03, ""min_overlap_pair_count"": 3, ""min_overlap_ratio"": 0.5, ""premium_atr_contraction_ratio_max"": 0.65, ""premium_avg_body_ratio_max"": 0.018, ""premium_close_range_max"": 0.03, ""premium_overlap_ratio"": 0.65, ""window_days"": 5}, ""current_close_high_tolerance"": 0.03, ""current_close_low_tolerance"": 0.03, ""enabled"": true, ""low_test_close_tolerance_down"": 0.02, ""low_test_tolerance_up"": 0.02, ""max_box_days"": 30, ""max_volume_contraction_ratio"": 0.85, ""min_box_days"": 5, ""min_box_low_test_count"": 2, ""min_center_shift"": -0.03, ""normal_box_width_max"": 0.18, ""premium_box_width_max"": 0.12, ""premium_center_shift"": 0.0, ""premium_tail_volume_ratio_max"": 0.6, ""premium_volume_contraction_ratio"": 0.7, ""support_ready_position_max"": 0.4, ""tail_volume_ratio_max"": 0.75}, ""breakout_extended_max_pct"": 0.08, ""buy_zone_valid_days"": 3, ""consolidation_max_days"": 40, ""consolidation_min_days"": 5, ""cup_depth_max"": 0.35, ""cup_depth_min"": 0.12, ""enable_market_filter"": true, ""enabled"": true, ""expired_cooldown_days"": 5, ""failed_cooldown_days"": 10, ""key_min_score"": 75, ""kline_days"": 1100, ""limit_up_volume_ratio"": 1.5, ""low_volume_limit_up_min_ratio"": 0.6, ""ma50_min_ratio"": 0.92, ""market_filter_mode"": ""downgrade"", ""max_amp_10d_a"": 0.4, ""max_amp_10d_b"": 0.35, ""max_amp_10d_s"": 0.45, ""max_amp_5d_a"": 0.22, ""max_amp_5d_b"": 0.18, ""max_amp_5d_s"": 0.25, ""max_pullback_20d_a"": -0.26, ""max_pullback_20d_b"": -0.22, ""max_pullback_20d_s"": -0.3, ""max_watch_days"": 10, ""min_avg_amount_10d_yi"": 5, ""min_avg_amount_30d_yi"": 5, ""min_avg_amount_60d_yi"": 3, ""min_relative_strength_20"": 0.1, ""minimum_trading_days"": 500, ""near_120d_high_ratio"": 0.98, ""normal_start_close_position"": 0.65, ""normal_start_min_amount_yi"": 2, ""normal_start_return"": 0.07, ""normal_start_self_amount_percentile"": 0.9, ""normal_start_volume_ratio"": 2.0, ""pattern_filter_enabled"": true, ""pattern_filter_mode"": ""score_only"", ""pattern_pivot_proximity_pct"": 0.05, ""platform_max_range"": 0.12, ""ready_min_score"": 85, ""rr2_min_key"": 2.0, ""rr2_min_ready"": 2.5, ""rr2_min_watch"": 1.5, ""start_age_max_days"": 60, ""start_age_min_days"": 5, ""start_lookback_days"": 60, ""stop_atr_multiplier"": 0.8, ""stop_key_support_pct"": 0.03, ""support_cluster_atr_multiplier"": 0.5, ""support_cluster_price_pct"": 0.015, ""support_test_lookback"": 10, ""support_zone_atr_multiplier"": 0.3, ""support_zone_price_pct"": 0.01, ""tail_close_range_5"": 0.08, ""tail_min_return_3"": -0.04, ""tail_min_return_5"": -0.05, ""tail_strong_volume_ratio_5_20"": 0.6, ""tail_volume_ratio_5_20"": 0.75, ""tail_window_days"": 5, ""target_2_cap_pct"": 0.35, ""vcp_contraction_range_ratio"": 0.9, ""vcp_contraction_volume_ratio"": 0.9, ""vcp_min_first_range"": 0.08, ""watch_min_score"": 60}","{""avg_loss_r"": 1.01225875, ""avg_net_return"": -0.08651405250000001, ""avg_win_r"": 0.0, ""expectancy_r"": -1.01225875, ""losses"": 4, ""max_drawdown"": 0.042820698355999894, ""median_net_return"": -0.090341385, ""net_profit"": -642.241456, ""net_return"": -0.04282069835599989, ""profit_factor"": 0.0, ""single_month_profit_concentration"": 0.0, ""top5_profit_concentration"": 0.0, ""trades"": 4, ""win_rate"": 0.0, ""wins"": 0}"
s6opt-comprehensive-fe84532,dry_tail,s6trial-77ccb4eaca6a2274,OAT,s6ps-6b995e5e47a24b6e,s6ps-71bdb4dbb9c5c096,COMPLETED_WITH_SKIPS,s6bt-1a95cbdf6a962bfa2821,,,"{""absolute_max_amp_10d"": 0.5, ""absolute_max_pullback_20d"": -0.35, ""amount10_vs_30_min_ratio"": 0.8, ""big_down_return"": -0.07, ""big_down_volume_ratio"": 1.5, ""box_tail"": {""breakout_ready_position_min"": 0.75, ""broken_close_tolerance"": 0.03, ""compact_kline"": {""atr_contraction_ratio_max"": 0.8, ""avg_body_ratio_max"": 0.025, ""close_range_max"": 0.05, ""enabled"": true, ""max_body_ratio_max"": 0.04, ""max_gap_ratio"": 0.03, ""min_overlap_pair_count"": 3, ""min_overlap_ratio"": 0.5, ""premium_atr_contraction_ratio_max"": 0.65, ""premium_avg_body_ratio_max"": 0.018, ""premium_close_range_max"": 0.03, ""premium_overlap_ratio"": 0.65, ""window_days"": 5}, ""current_close_high_tolerance"": 0.03, ""current_close_low_tolerance"": 0.03, ""enabled"": true, ""low_test_close_tolerance_down"": 0.02, ""low_test_tolerance_up"": 0.02, ""max_box_days"": 30, ""max_volume_contraction_ratio"": 0.85, ""min_box_days"": 5, ""min_box_low_test_count"": 2, ""min_center_shift"": -0.03, ""normal_box_width_max"": 0.18, ""premium_box_width_max"": 0.12, ""premium_center_shift"": 0.0, ""premium_tail_volume_ratio_max"": 0.6, ""premium_volume_contraction_ratio"": 0.7, ""support_ready_position_max"": 0.4, ""tail_volume_ratio_max"": 0.75}, ""breakout_extended_max_pct"": 0.08, ""buy_zone_valid_days"": 3, ""consolidation_max_days"": 40, ""consolidation_min_days"": 5, ""cup_depth_max"": 0.35, ""cup_depth_min"": 0.12, ""enable_market_filter"": true, ""enabled"": true, ""expired_cooldown_days"": 5, ""failed_cooldown_days"": 10, ""key_min_score"": 75, ""kline_days"": 1100, ""limit_up_volume_ratio"": 1.5, ""low_volume_limit_up_min_ratio"": 0.6, ""ma50_min_ratio"": 0.92, ""market_filter_mode"": ""downgrade"", ""max_amp_10d_a"": 0.4, ""max_amp_10d_b"": 0.35, ""max_amp_10d_s"": 0.45, ""max_amp_5d_a"": 0.22, ""max_amp_5d_b"": 0.18, ""max_amp_5d_s"": 0.25, ""max_pullback_20d_a"": -0.26, ""max_pullback_20d_b"": -0.22, ""max_pullback_20d_s"": -0.3, ""max_watch_days"": 10, ""min_avg_amount_10d_yi"": 5, ""min_avg_amount_30d_yi"": 5, ""min_avg_amount_60d_yi"": 3, ""min_relative_strength_20"": 0.1, ""minimum_trading_days"": 500, ""near_120d_high_ratio"": 0.98, ""normal_start_close_position"": 0.65, ""normal_start_min_amount_yi"": 2, ""normal_start_return"": 0.07, ""normal_start_self_amount_percentile"": 0.9, ""normal_start_volume_ratio"": 2.0, ""pattern_filter_enabled"": true, ""pattern_filter_mode"": ""score_only"", ""pattern_pivot_proximity_pct"": 0.05, ""platform_max_range"": 0.12, ""ready_min_score"": 85, ""rr2_min_key"": 2.0, ""rr2_min_ready"": 2.5, ""rr2_min_watch"": 1.5, ""start_age_max_days"": 60, ""start_age_min_days"": 5, ""start_lookback_days"": 60, ""stop_atr_multiplier"": 0.8, ""stop_key_support_pct"": 0.03, ""support_cluster_atr_multiplier"": 0.5, ""support_cluster_price_pct"": 0.015, ""support_test_lookback"": 10, ""support_zone_atr_multiplier"": 0.3, ""support_zone_price_pct"": 0.01, ""tail_close_range_5"": 0.08, ""tail_min_return_3"": -0.04, ""tail_min_return_5"": -0.06, ""tail_strong_volume_ratio_5_20"": 0.6, ""tail_volume_ratio_5_20"": 0.85, ""tail_window_days"": 5, ""target_2_cap_pct"": 0.35, ""vcp_contraction_range_ratio"": 0.9, ""vcp_contraction_volume_ratio"": 0.9, ""vcp_min_first_range"": 0.08, ""watch_min_score"": 60}","{""avg_loss_r"": 1.01225875, ""avg_net_return"": -0.08651405250000001, ""avg_win_r"": 0.0, ""expectancy_r"": -1.01225875, ""losses"": 4, ""max_drawdown"": 0.042820698355999894, ""median_net_return"": -0.090341385, ""net_profit"": -642.241456, ""net_return"": -0.04282069835599989, ""profit_factor"": 0.0, ""single_month_profit_concentration"": 0.0, ""top5_profit_concentration"": 0.0, ""trades"": 4, ""win_rate"": 0.0, ""wins"": 0}"
s6opt-comprehensive-fe84532,dry_tail,s6trial-91816098e0e4f291,OAT,s6ps-2b3cc6786e09c1d2,s6ps-71bdb4dbb9c5c096,COMPLETED_WITH_SKIPS,s6bt-d93d77d02b58fd612f11,,,"{""absolute_max_amp_10d"": 0.5, ""absolute_max_pullback_20d"": -0.35, ""amount10_vs_30_min_ratio"": 0.8, ""big_down_return"": -0.07, ""big_down_volume_ratio"": 1.5, ""box_tail"": {""breakout_ready_position_min"": 0.75, ""broken_close_tolerance"": 0.03, ""compact_kline"": {""atr_contraction_ratio_max"": 0.8, ""avg_body_ratio_max"": 0.025, ""close_range_max"": 0.05, ""enabled"": true, ""max_body_ratio_max"": 0.04, ""max_gap_ratio"": 0.03, ""min_overlap_pair_count"": 3, ""min_overlap_ratio"": 0.5, ""premium_atr_contraction_ratio_max"": 0.65, ""premium_avg_body_ratio_max"": 0.018, ""premium_close_range_max"": 0.03, ""premium_overlap_ratio"": 0.65, ""window_days"": 5}, ""current_close_high_tolerance"": 0.03, ""current_close_low_tolerance"": 0.03, ""enabled"": true, ""low_test_close_tolerance_down"": 0.02, ""low_test_tolerance_up"": 0.02, ""max_box_days"": 30, ""max_volume_contraction_ratio"": 0.85, ""min_box_days"": 5, ""min_box_low_test_count"": 2, ""min_center_shift"": -0.03, ""normal_box_width_max"": 0.18, ""premium_box_width_max"": 0.12, ""premium_center_shift"": 0.0, ""premium_tail_volume_ratio_max"": 0.6, ""premium_volume_contraction_ratio"": 0.7, ""support_ready_position_max"": 0.4, ""tail_volume_ratio_max"": 0.75}, ""breakout_extended_max_pct"": 0.08, ""buy_zone_valid_days"": 3, ""consolidation_max_days"": 40, ""consolidation_min_days"": 5, ""cup_depth_max"": 0.35, ""cup_depth_min"": 0.12, ""enable_market_filter"": true, ""enabled"": true, ""expired_cooldown_days"": 5, ""failed_cooldown_days"": 10, ""key_min_score"": 75, ""kline_days"": 1100, ""limit_up_volume_ratio"": 1.5, ""low_volume_limit_up_min_ratio"": 0.6, ""ma50_min_ratio"": 0.92, ""market_filter_mode"": ""downgrade"", ""max_amp_10d_a"": 0.4, ""max_amp_10d_b"": 0.35, ""max_amp_10d_s"": 0.45, ""max_amp_5d_a"": 0.22, ""max_amp_5d_b"": 0.18, ""max_amp_5d_s"": 0.25, ""max_pullback_20d_a"": -0.26, ""max_pullback_20d_b"": -0.22, ""max_pullback_20d_s"": -0.3, ""max_watch_days"": 10, ""min_avg_amount_10d_yi"": 5, ""min_avg_amount_30d_yi"": 5, ""min_avg_amount_60d_yi"": 3, ""min_relative_strength_20"": 0.1, ""minimum_trading_days"": 500, ""near_120d_high_ratio"": 0.98, ""normal_start_close_position"": 0.65, ""normal_start_min_amount_yi"": 2, ""normal_start_return"": 0.07, ""normal_start_self_amount_percentile"": 0.9, ""normal_start_volume_ratio"": 2.0, ""pattern_filter_enabled"": true, ""pattern_filter_mode"": ""score_only"", ""pattern_pivot_proximity_pct"": 0.05, ""platform_max_range"": 0.12, ""ready_min_score"": 85, ""rr2_min_key"": 2.0, ""rr2_min_ready"": 2.5, ""rr2_min_watch"": 1.5, ""start_age_max_days"": 60, ""start_age_min_days"": 5, ""start_lookback_days"": 60, ""stop_atr_multiplier"": 0.8, ""stop_key_support_pct"": 0.03, ""support_cluster_atr_multiplier"": 0.5, ""support_cluster_price_pct"": 0.015, ""support_test_lookback"": 10, ""support_zone_atr_multiplier"": 0.3, ""support_zone_price_pct"": 0.01, ""tail_close_range_5"": 0.06, ""tail_min_return_3"": -0.04, ""tail_min_return_5"": -0.06, ""tail_strong_volume_ratio_5_20"": 0.6, ""tail_volume_ratio_5_20"": 0.75, ""tail_window_days"": 5, ""target_2_cap_pct"": 0.35, ""vcp_contraction_range_ratio"": 0.9, ""vcp_contraction_volume_ratio"": 0.9, ""vcp_min_first_range"": 0.08, ""watch_min_score"": 60}","{""avg_loss_r"": 1.01225875, ""avg_net_return"": -0.08651405250000001, ""avg_win_r"": 0.0, ""expectancy_r"": -1.01225875, ""losses"": 4, ""max_drawdown"": 0.042820698355999894, ""median_net_return"": -0.090341385, ""net_profit"": -642.241456, ""net_return"": -0.04282069835599989, ""profit_factor"": 0.0, ""single_month_profit_concentration"": 0.0, ""top5_profit_concentration"": 0.0, ""trades"": 4, ""win_rate"": 0.0, ""wins"": 0}"
s6opt-comprehensive-fe84532,dry_tail,s6trial-9c6ece164a0bc8ae,OAT,s6ps-9b84df6ab2adb175,s6ps-71bdb4dbb9c5c096,COMPLETED_WITH_SKIPS,s6bt-797552fddbddc9da13ba,,,"{""absolute_max_amp_10d"": 0.5, ""absolute_max_pullback_20d"": -0.35, ""amount10_vs_30_min_ratio"": 0.8, ""big_down_return"": -0.07, ""big_down_volume_ratio"": 1.5, ""box_tail"": {""breakout_ready_position_min"": 0.75, ""broken_close_tolerance"": 0.03, ""compact_kline"": {""atr_contraction_ratio_max"": 0.8, ""avg_body_ratio_max"": 0.025, ""close_range_max"": 0.05, ""enabled"": true, ""max_body_ratio_max"": 0.04, ""max_gap_ratio"": 0.03, ""min_overlap_pair_count"": 3, ""min_overlap_ratio"": 0.5, ""premium_atr_contraction_ratio_max"": 0.65, ""premium_avg_body_ratio_max"": 0.018, ""premium_close_range_max"": 0.03, ""premium_overlap_ratio"": 0.65, ""window_days"": 5}, ""current_close_high_tolerance"": 0.03, ""current_close_low_tolerance"": 0.03, ""enabled"": true, ""low_test_close_tolerance_down"": 0.02, ""low_test_tolerance_up"": 0.02, ""max_box_days"": 30, ""max_volume_contraction_ratio"": 0.85, ""min_box_days"": 5, ""min_box_low_test_count"": 2, ""min_center_shift"": -0.03, ""normal_box_width_max"": 0.18, ""premium_box_width_max"": 0.12, ""premium_center_shift"": 0.0, ""premium_tail_volume_ratio_max"": 0.6, ""premium_volume_contraction_ratio"": 0.7, ""support_ready_position_max"": 0.4, ""tail_volume_ratio_max"": 0.75}, ""breakout_extended_max_pct"": 0.08, ""buy_zone_valid_days"": 3, ""consolidation_max_days"": 40, ""consolidation_min_days"": 5, ""cup_depth_max"": 0.35, ""cup_depth_min"": 0.12, ""enable_market_filter"": true, ""enabled"": true, ""expired_cooldown_days"": 5, ""failed_cooldown_days"": 10, ""key_min_score"": 75, ""kline_days"": 1100, ""limit_up_volume_ratio"": 1.5, ""low_volume_limit_up_min_ratio"": 0.6, ""ma50_min_ratio"": 0.92, ""market_filter_mode"": ""downgrade"", ""max_amp_10d_a"": 0.4, ""max_amp_10d_b"": 0.35, ""max_amp_10d_s"": 0.45, ""max_amp_5d_a"": 0.22, ""max_amp_5d_b"": 0.18, ""max_amp_5d_s"": 0.25, ""max_pullback_20d_a"": -0.26, ""max_pullback_20d_b"": -0.22, ""max_pullback_20d_s"": -0.3, ""max_watch_days"": 10, ""min_avg_amount_10d_yi"": 5, ""min_avg_amount_30d_yi"": 5, ""min_avg_amount_60d_yi"": 3, ""min_relative_strength_20"": 0.1, ""minimum_trading_days"": 500, ""near_120d_high_ratio"": 0.98, ""normal_start_close_position"": 0.65, ""normal_start_min_amount_yi"": 2, ""normal_start_return"": 0.07, ""normal_start_self_amount_percentile"": 0.9, ""normal_start_volume_ratio"": 2.0, ""pattern_filter_enabled"": true, ""pattern_filter_mode"": ""score_only"", ""pattern_pivot_proximity_pct"": 0.05, ""platform_max_range"": 0.12, ""ready_min_score"": 85, ""rr2_min_key"": 2.0, ""rr2_min_ready"": 2.5, ""rr2_min_watch"": 1.5, ""start_age_max_days"": 60, ""start_age_min_days"": 5, ""start_lookback_days"": 60, ""stop_atr_multiplier"": 0.8, ""stop_key_support_pct"": 0.03, ""support_cluster_atr_multiplier"": 0.5, ""support_cluster_price_pct"": 0.015, ""support_test_lookback"": 10, ""support_zone_atr_multiplier"": 0.3, ""support_zone_price_pct"": 0.01, ""tail_close_range_5"": 0.08, ""tail_min_return_3"": -0.04, ""tail_min_return_5"": -0.06, ""tail_strong_volume_ratio_5_20"": 0.6, ""tail_volume_ratio_5_20"": 0.75, ""tail_window_days"": 10, ""target_2_cap_pct"": 0.35, ""vcp_contraction_range_ratio"": 0.9, ""vcp_contraction_volume_ratio"": 0.9, ""vcp_min_first_range"": 0.08, ""watch_min_score"": 60}","{""avg_loss_r"": 0.0, ""avg_net_return"": 0.28995567, ""avg_win_r"": 4.775406, ""expectancy_r"": 4.775406, ""losses"": 0, ""max_drawdown"": 0.0, ""median_net_return"": 0.28995567, ""net_profit"": 1205.680329, ""net_return"": 0.04702153283099997, ""profit_factor"": ""Infinity"", ""single_month_profit_concentration"": 1.0, ""top5_profit_concentration"": 1.0, ""trades"": 1, ""win_rate"": 1.0, ""wins"": 1}"
s6opt-comprehensive-fe84532,dry_tail,s6trial-ac76e8350c882ec3,OAT,s6ps-eec4ec7ac25f12ae,s6ps-71bdb4dbb9c5c096,COMPLETED_WITH_SKIPS,s6bt-f9f0393aacdce02ab9b8,,,"{""absolute_max_amp_10d"": 0.5, ""absolute_max_pullback_20d"": -0.35, ""amount10_vs_30_min_ratio"": 0.8, ""big_down_return"": -0.07, ""big_down_volume_ratio"": 1.5, ""box_tail"": {""breakout_ready_position_min"": 0.75, ""broken_close_tolerance"": 0.03, ""compact_kline"": {""atr_contraction_ratio_max"": 0.8, ""avg_body_ratio_max"": 0.025, ""close_range_max"": 0.05, ""enabled"": true, ""max_body_ratio_max"": 0.04, ""max_gap_ratio"": 0.03, ""min_overlap_pair_count"": 3, ""min_overlap_ratio"": 0.5, ""premium_atr_contraction_ratio_max"": 0.65, ""premium_avg_body_ratio_max"": 0.018, ""premium_close_range_max"": 0.03, ""premium_overlap_ratio"": 0.65, ""window_days"": 5}, ""current_close_high_tolerance"": 0.03, ""current_close_low_tolerance"": 0.03, ""enabled"": true, ""low_test_close_tolerance_down"": 0.02, ""low_test_tolerance_up"": 0.02, ""max_box_days"": 30, ""max_volume_contraction_ratio"": 0.85, ""min_box_days"": 5, ""min_box_low_test_count"": 2, ""min_center_shift"": -0.03, ""normal_box_width_max"": 0.18, ""premium_box_width_max"": 0.12, ""premium_center_shift"": 0.0, ""premium_tail_volume_ratio_max"": 0.6, ""premium_volume_contraction_ratio"": 0.7, ""support_ready_position_max"": 0.4, ""tail_volume_ratio_max"": 0.75}, ""breakout_extended_max_pct"": 0.08, ""buy_zone_valid_days"": 3, ""consolidation_max_days"": 40, ""consolidation_min_days"": 5, ""cup_depth_max"": 0.35, ""cup_depth_min"": 0.12, ""enable_market_filter"": true, ""enabled"": true, ""expired_cooldown_days"": 5, ""failed_cooldown_days"": 10, ""key_min_score"": 75, ""kline_days"": 1100, ""limit_up_volume_ratio"": 1.5, ""low_volume_limit_up_min_ratio"": 0.6, ""ma50_min_ratio"": 0.92, ""market_filter_mode"": ""downgrade"", ""max_amp_10d_a"": 0.4, ""max_amp_10d_b"": 0.35, ""max_amp_10d_s"": 0.45, ""max_amp_5d_a"": 0.22, ""max_amp_5d_b"": 0.18, ""max_amp_5d_s"": 0.25, ""max_pullback_20d_a"": -0.26, ""max_pullback_20d_b"": -0.22, ""max_pullback_20d_s"": -0.3, ""max_watch_days"": 10, ""min_avg_amount_10d_yi"": 5, ""min_avg_amount_30d_yi"": 5, ""min_avg_amount_60d_yi"": 3, ""min_relative_strength_20"": 0.1, ""minimum_trading_days"": 500, ""near_120d_high_ratio"": 0.98, ""normal_start_close_position"": 0.65, ""normal_start_min_amount_yi"": 2, ""normal_start_return"": 0.07, ""normal_start_self_amount_percentile"": 0.9, ""normal_start_volume_ratio"": 2.0, ""pattern_filter_enabled"": true, ""pattern_filter_mode"": ""score_only"", ""pattern_pivot_proximity_pct"": 0.05, ""platform_max_range"": 0.12, ""ready_min_score"": 85, ""rr2_min_key"": 2.0, ""rr2_min_ready"": 2.5, ""rr2_min_watch"": 1.5, ""start_age_max_days"": 60, ""start_age_min_days"": 5, ""start_lookback_days"": 60, ""stop_atr_multiplier"": 0.8, ""stop_key_support_pct"": 0.03, ""support_cluster_atr_multiplier"": 0.5, ""support_cluster_price_pct"": 0.015, ""support_test_lookback"": 10, ""support_zone_atr_multiplier"": 0.3, ""support_zone_price_pct"": 0.01, ""tail_close_range_5"": 0.04, ""tail_min_return_3"": -0.04, ""tail_min_return_5"": -0.06, ""tail_strong_volume_ratio_5_20"": 0.6, ""tail_volume_ratio_5_20"": 0.75, ""tail_window_days"": 5, ""target_2_cap_pct"": 0.35, ""vcp_contraction_range_ratio"": 0.9, ""vcp_contraction_volume_ratio"": 0.9, ""vcp_min_first_range"": 0.08, ""watch_min_score"": 60}","{""avg_loss_r"": 1.01225875, ""avg_net_return"": -0.08651405250000001, ""avg_win_r"": 0.0, ""expectancy_r"": -1.01225875, ""losses"": 4, ""max_drawdown"": 0.042820698355999894, ""median_net_return"": -0.090341385, ""net_profit"": -642.241456, ""net_return"": -0.04282069835599989, ""profit_factor"": 0.0, ""single_month_profit_concentration"": 0.0, ""top5_profit_concentration"": 0.0, ""trades"": 4, ""win_rate"": 0.0, ""wins"": 0}"
s6opt-comprehensive-fe84532,dry_tail,s6trial-adf51d7bb8809231,OAT,s6ps-5cd964d871212222,s6ps-71bdb4dbb9c5c096,COMPLETED_WITH_SKIPS,s6bt-abeefc2289caec6d0069,,,"{""absolute_max_amp_10d"": 0.5, ""absolute_max_pullback_20d"": -0.35, ""amount10_vs_30_min_ratio"": 0.8, ""big_down_return"": -0.07, ""big_down_volume_ratio"": 1.5, ""box_tail"": {""breakout_ready_position_min"": 0.75, ""broken_close_tolerance"": 0.03, ""compact_kline"": {""atr_contraction_ratio_max"": 0.8, ""avg_body_ratio_max"": 0.025, ""close_range_max"": 0.05, ""enabled"": true, ""max_body_ratio_max"": 0.04, ""max_gap_ratio"": 0.03, ""min_overlap_pair_count"": 3, ""min_overlap_ratio"": 0.5, ""premium_atr_contraction_ratio_max"": 0.65, ""premium_avg_body_ratio_max"": 0.018, ""premium_close_range_max"": 0.03, ""premium_overlap_ratio"": 0.65, ""window_days"": 5}, ""current_close_high_tolerance"": 0.03, ""current_close_low_tolerance"": 0.03, ""enabled"": true, ""low_test_close_tolerance_down"": 0.02, ""low_test_tolerance_up"": 0.02, ""max_box_days"": 30, ""max_volume_contraction_ratio"": 0.85, ""min_box_days"": 5, ""min_box_low_test_count"": 2, ""min_center_shift"": -0.03, ""normal_box_width_max"": 0.18, ""premium_box_width_max"": 0.12, ""premium_center_shift"": 0.0, ""premium_tail_volume_ratio_max"": 0.6, ""premium_volume_contraction_ratio"": 0.7, ""support_ready_position_max"": 0.4, ""tail_volume_ratio_max"": 0.75}, ""breakout_extended_max_pct"": 0.08, ""buy_zone_valid_days"": 3, ""consolidation_max_days"": 40, ""consolidation_min_days"": 5, ""cup_depth_max"": 0.35, ""cup_depth_min"": 0.12, ""enable_market_filter"": true, ""enabled"": true, ""expired_cooldown_days"": 5, ""failed_cooldown_days"": 10, ""key_min_score"": 75, ""kline_days"": 1100, ""limit_up_volume_ratio"": 1.5, ""low_volume_limit_up_min_ratio"": 0.6, ""ma50_min_ratio"": 0.92, ""market_filter_mode"": ""downgrade"", ""max_amp_10d_a"": 0.4, ""max_amp_10d_b"": 0.35, ""max_amp_10d_s"": 0.45, ""max_amp_5d_a"": 0.22, ""max_amp_5d_b"": 0.18, ""max_amp_5d_s"": 0.25, ""max_pullback_20d_a"": -0.26, ""max_pullback_20d_b"": -0.22, ""max_pullback_20d_s"": -0.3, ""max_watch_days"": 10, ""min_avg_amount_10d_yi"": 5, ""min_avg_amount_30d_yi"": 5, ""min_avg_amount_60d_yi"": 3, ""min_relative_strength_20"": 0.1, ""minimum_trading_days"": 500, ""near_120d_high_ratio"": 0.98, ""normal_start_close_position"": 0.65, ""normal_start_min_amount_yi"": 2, ""normal_start_return"": 0.07, ""normal_start_self_amount_percentile"": 0.9, ""normal_start_volume_ratio"": 2.0, ""pattern_filter_enabled"": true, ""pattern_filter_mode"": ""score_only"", ""pattern_pivot_proximity_pct"": 0.05, ""platform_max_range"": 0.12, ""ready_min_score"": 85, ""rr2_min_key"": 2.0, ""rr2_min_ready"": 2.5, ""rr2_min_watch"": 1.5, ""start_age_max_days"": 60, ""start_age_min_days"": 5, ""start_lookback_days"": 60, ""stop_atr_multiplier"": 0.8, ""stop_key_support_pct"": 0.03, ""support_cluster_atr_multiplier"": 0.5, ""support_cluster_price_pct"": 0.015, ""support_test_lookback"": 10, ""support_zone_atr_multiplier"": 0.3, ""support_zone_price_pct"": 0.01, ""tail_close_range_5"": 0.08, ""tail_min_return_3"": -0.05, ""tail_min_return_5"": -0.06, ""tail_strong_volume_ratio_5_20"": 0.6, ""tail_volume_ratio_5_20"": 0.75, ""tail_window_days"": 5, ""target_2_cap_pct"": 0.35, ""vcp_contraction_range_ratio"": 0.9, ""vcp_contraction_volume_ratio"": 0.9, ""vcp_min_first_range"": 0.08, ""watch_min_score"": 60}","{""avg_loss_r"": 1.01225875, ""avg_net_return"": -0.08651405250000001, ""avg_win_r"": 0.0, ""expectancy_r"": -1.01225875, ""losses"": 4, ""max_drawdown"": 0.042820698355999894, ""median_net_return"": -0.090341385, ""net_profit"": -642.241456, ""net_return"": -0.04282069835599989, ""profit_factor"": 0.0, ""single_month_profit_concentration"": 0.0, ""top5_profit_concentration"": 0.0, ""trades"": 4, ""win_rate"": 0.0, ""wins"": 0}"
s6opt-comprehensive-fe84532,dry_tail,s6trial-b9f1a10a8dd00322,OAT,s6ps-260cc35c24dda217,s6ps-71bdb4dbb9c5c096,COMPLETED_WITH_SKIPS,s6bt-ab15813e098bdcaa51c1,,,"{""absolute_max_amp_10d"": 0.5, ""absolute_max_pullback_20d"": -0.35, ""amount10_vs_30_min_ratio"": 0.8, ""big_down_return"": -0.07, ""big_down_volume_ratio"": 1.5, ""box_tail"": {""breakout_ready_position_min"": 0.75, ""broken_close_tolerance"": 0.03, ""compact_kline"": {""atr_contraction_ratio_max"": 0.8, ""avg_body_ratio_max"": 0.025, ""close_range_max"": 0.05, ""enabled"": true, ""max_body_ratio_max"": 0.04, ""max_gap_ratio"": 0.03, ""min_overlap_pair_count"": 3, ""min_overlap_ratio"": 0.5, ""premium_atr_contraction_ratio_max"": 0.65, ""premium_avg_body_ratio_max"": 0.018, ""premium_close_range_max"": 0.03, ""premium_overlap_ratio"": 0.65, ""window_days"": 5}, ""current_close_high_tolerance"": 0.03, ""current_close_low_tolerance"": 0.03, ""enabled"": true, ""low_test_close_tolerance_down"": 0.02, ""low_test_tolerance_up"": 0.02, ""max_box_days"": 30, ""max_volume_contraction_ratio"": 0.85, ""min_box_days"": 5, ""min_box_low_test_count"": 2, ""min_center_shift"": -0.03, ""normal_box_width_max"": 0.18, ""premium_box_width_max"": 0.12, ""premium_center_shift"": 0.0, ""premium_tail_volume_ratio_max"": 0.6, ""premium_volume_contraction_ratio"": 0.7, ""support_ready_position_max"": 0.4, ""tail_volume_ratio_max"": 0.75}, ""breakout_extended_max_pct"": 0.08, ""buy_zone_valid_days"": 3, ""consolidation_max_days"": 40, ""consolidation_min_days"": 5, ""cup_depth_max"": 0.35, ""cup_depth_min"": 0.12, ""enable_market_filter"": true, ""enabled"": true, ""expired_cooldown_days"": 5, ""failed_cooldown_days"": 10, ""key_min_score"": 75, ""kline_days"": 1100, ""limit_up_volume_ratio"": 1.5, ""low_volume_limit_up_min_ratio"": 0.6, ""ma50_min_ratio"": 0.92, ""market_filter_mode"": ""downgrade"", ""max_amp_10d_a"": 0.4, ""max_amp_10d_b"": 0.35, ""max_amp_10d_s"": 0.45, ""max_amp_5d_a"": 0.22, ""max_amp_5d_b"": 0.18, ""max_amp_5d_s"": 0.25, ""max_pullback_20d_a"": -0.26, ""max_pullback_20d_b"": -0.22, ""max_pullback_20d_s"": -0.3, ""max_watch_days"": 10, ""min_avg_amount_10d_yi"": 5, ""min_avg_amount_30d_yi"": 5, ""min_avg_amount_60d_yi"": 3, ""min_relative_strength_20"": 0.1, ""minimum_trading_days"": 500, ""near_120d_high_ratio"": 0.98, ""normal_start_close_position"": 0.65, ""normal_start_min_amount_yi"": 2, ""normal_start_return"": 0.07, ""normal_start_self_amount_percentile"": 0.9, ""normal_start_volume_ratio"": 2.0, ""pattern_filter_enabled"": true, ""pattern_filter_mode"": ""score_only"", ""pattern_pivot_proximity_pct"": 0.05, ""platform_max_range"": 0.12, ""ready_min_score"": 85, ""rr2_min_key"": 2.0, ""rr2_min_ready"": 2.5, ""rr2_min_watch"": 1.5, ""start_age_max_days"": 60, ""start_age_min_days"": 5, ""start_lookback_days"": 60, ""stop_atr_multiplier"": 0.8, ""stop_key_support_pct"": 0.03, ""support_cluster_atr_multiplier"": 0.5, ""support_cluster_price_pct"": 0.015, ""support_test_lookback"": 10, ""support_zone_atr_multiplier"": 0.3, ""support_zone_price_pct"": 0.01, ""tail_close_range_5"": 0.08, ""tail_min_return_3"": -0.04, ""tail_min_return_5"": -0.06, ""tail_strong_volume_ratio_5_20"": 0.7, ""tail_volume_ratio_5_20"": 0.75, ""tail_window_days"": 5, ""target_2_cap_pct"": 0.35, ""vcp_contraction_range_ratio"": 0.9, ""vcp_contraction_volume_ratio"": 0.9, ""vcp_min_first_range"": 0.08, ""watch_min_score"": 60}","{""avg_loss_r"": 1.01225875, ""avg_net_return"": -0.08651405250000001, ""avg_win_r"": 0.0, ""expectancy_r"": -1.01225875, ""losses"": 4, ""max_drawdown"": 0.042820698355999894, ""median_net_return"": -0.090341385, ""net_profit"": -642.241456, ""net_return"": -0.04282069835599989, ""profit_factor"": 0.0, ""single_month_profit_concentration"": 0.0, ""top5_profit_concentration"": 0.0, ""trades"": 4, ""win_rate"": 0.0, ""wins"": 0}"
s6opt-comprehensive-fe84532,dry_tail,s6trial-d3bea3640504681b,OAT,s6ps-dd68f69bf93a6da3,s6ps-71bdb4dbb9c5c096,COMPLETED_WITH_SKIPS,s6bt-0d1a8bf05340cac7a241,,,"{""absolute_max_amp_10d"": 0.5, ""absolute_max_pullback_20d"": -0.35, ""amount10_vs_30_min_ratio"": 0.8, ""big_down_return"": -0.07, ""big_down_volume_ratio"": 1.5, ""box_tail"": {""breakout_ready_position_min"": 0.75, ""broken_close_tolerance"": 0.03, ""compact_kline"": {""atr_contraction_ratio_max"": 0.8, ""avg_body_ratio_max"": 0.025, ""close_range_max"": 0.05, ""enabled"": true, ""max_body_ratio_max"": 0.04, ""max_gap_ratio"": 0.03, ""min_overlap_pair_count"": 3, ""min_overlap_ratio"": 0.5, ""premium_atr_contraction_ratio_max"": 0.65, ""premium_avg_body_ratio_max"": 0.018, ""premium_close_range_max"": 0.03, ""premium_overlap_ratio"": 0.65, ""window_days"": 5}, ""current_close_high_tolerance"": 0.03, ""current_close_low_tolerance"": 0.03, ""enabled"": true, ""low_test_close_tolerance_down"": 0.02, ""low_test_tolerance_up"": 0.02, ""max_box_days"": 30, ""max_volume_contraction_ratio"": 0.85, ""min_box_days"": 5, ""min_box_low_test_count"": 2, ""min_center_shift"": -0.03, ""normal_box_width_max"": 0.18, ""premium_box_width_max"": 0.12, ""premium_center_shift"": 0.0, ""premium_tail_volume_ratio_max"": 0.6, ""premium_volume_contraction_ratio"": 0.7, ""support_ready_position_max"": 0.4, ""tail_volume_ratio_max"": 0.75}, ""breakout_extended_max_pct"": 0.08, ""buy_zone_valid_days"": 3, ""consolidation_max_days"": 40, ""consolidation_min_days"": 5, ""cup_depth_max"": 0.35, ""cup_depth_min"": 0.12, ""enable_market_filter"": true, ""enabled"": true, ""expired_cooldown_days"": 5, ""failed_cooldown_days"": 10, ""key_min_score"": 75, ""kline_days"": 1100, ""limit_up_volume_ratio"": 1.5, ""low_volume_limit_up_min_ratio"": 0.6, ""ma50_min_ratio"": 0.92, ""market_filter_mode"": ""downgrade"", ""max_amp_10d_a"": 0.4, ""max_amp_10d_b"": 0.35, ""max_amp_10d_s"": 0.45, ""max_amp_5d_a"": 0.22, ""max_amp_5d_b"": 0.18, ""max_amp_5d_s"": 0.25, ""max_pullback_20d_a"": -0.26, ""max_pullback_20d_b"": -0.22, ""max_pullback_20d_s"": -0.3, ""max_watch_days"": 10, ""min_avg_amount_10d_yi"": 5, ""min_avg_amount_30d_yi"": 5, ""min_avg_amount_60d_yi"": 3, ""min_relative_strength_20"": 0.1, ""minimum_trading_days"": 500, ""near_120d_high_ratio"": 0.98, ""normal_start_close_position"": 0.65, ""normal_start_min_amount_yi"": 2, ""normal_start_return"": 0.07, ""normal_start_self_amount_percentile"": 0.9, ""normal_start_volume_ratio"": 2.0, ""pattern_filter_enabled"": true, ""pattern_filter_mode"": ""score_only"", ""pattern_pivot_proximity_pct"": 0.05, ""platform_max_range"": 0.12, ""ready_min_score"": 85, ""rr2_min_key"": 2.0, ""rr2_min_ready"": 2.5, ""rr2_min_watch"": 1.5, ""start_age_max_days"": 60, ""start_age_min_days"": 5, ""start_lookback_days"": 60, ""stop_atr_multiplier"": 0.8, ""stop_key_support_pct"": 0.03, ""support_cluster_atr_multiplier"": 0.5, ""support_cluster_price_pct"": 0.015, ""support_test_lookback"": 10, ""support_zone_atr_multiplier"": 0.3, ""support_zone_price_pct"": 0.01, ""tail_close_range_5"": 0.08, ""tail_min_return_3"": -0.04, ""tail_min_return_5"": -0.06, ""tail_strong_volume_ratio_5_20"": 0.6, ""tail_volume_ratio_5_20"": 0.65, ""tail_window_days"": 5, ""target_2_cap_pct"": 0.35, ""vcp_contraction_range_ratio"": 0.9, ""vcp_contraction_volume_ratio"": 0.9, ""vcp_min_first_range"": 0.08, ""watch_min_score"": 60}","{""avg_loss_r"": 1.01225875, ""avg_net_return"": -0.08651405250000001, ""avg_win_r"": 0.0, ""expectancy_r"": -1.01225875, ""losses"": 4, ""max_drawdown"": 0.042820698355999894, ""median_net_return"": -0.090341385, ""net_profit"": -642.241456, ""net_return"": -0.04282069835599989, ""profit_factor"": 0.0, ""single_month_profit_concentration"": 0.0, ""top5_profit_concentration"": 0.0, ""trades"": 4, ""win_rate"": 0.0, ""wins"": 0}"
s6opt-comprehensive-fe84532,dry_tail,s6trial-d476838b60024c5d,OAT,s6ps-3c50bcb02b2ffc9b,s6ps-71bdb4dbb9c5c096,COMPLETED_WITH_SKIPS,s6bt-507ea5608e3ec7ad60ad,,,"{""absolute_max_amp_10d"": 0.5, ""absolute_max_pullback_20d"": -0.35, ""amount10_vs_30_min_ratio"": 0.8, ""big_down_return"": -0.05, ""big_down_volume_ratio"": 1.5, ""box_tail"": {""breakout_ready_position_min"": 0.75, ""broken_close_tolerance"": 0.03, ""compact_kline"": {""atr_contraction_ratio_max"": 0.8, ""avg_body_ratio_max"": 0.025, ""close_range_max"": 0.05, ""enabled"": true, ""max_body_ratio_max"": 0.04, ""max_gap_ratio"": 0.03, ""min_overlap_pair_count"": 3, ""min_overlap_ratio"": 0.5, ""premium_atr_contraction_ratio_max"": 0.65, ""premium_avg_body_ratio_max"": 0.018, ""premium_close_range_max"": 0.03, ""premium_overlap_ratio"": 0.65, ""window_days"": 5}, ""current_close_high_tolerance"": 0.03, ""current_close_low_tolerance"": 0.03, ""enabled"": true, ""low_test_close_tolerance_down"": 0.02, ""low_test_tolerance_up"": 0.02, ""max_box_days"": 30, ""max_volume_contraction_ratio"": 0.85, ""min_box_days"": 5, ""min_box_low_test_count"": 2, ""min_center_shift"": -0.03, ""normal_box_width_max"": 0.18, ""premium_box_width_max"": 0.12, ""premium_center_shift"": 0.0, ""premium_tail_volume_ratio_max"": 0.6, ""premium_volume_contraction_ratio"": 0.7, ""support_ready_position_max"": 0.4, ""tail_volume_ratio_max"": 0.75}, ""breakout_extended_max_pct"": 0.08, ""buy_zone_valid_days"": 3, ""consolidation_max_days"": 40, ""consolidation_min_days"": 5, ""cup_depth_max"": 0.35, ""cup_depth_min"": 0.12, ""enable_market_filter"": true, ""enabled"": true, ""expired_cooldown_days"": 5, ""failed_cooldown_days"": 10, ""key_min_score"": 75, ""kline_days"": 1100, ""limit_up_volume_ratio"": 1.5, ""low_volume_limit_up_min_ratio"": 0.6, ""ma50_min_ratio"": 0.92, ""market_filter_mode"": ""downgrade"", ""max_amp_10d_a"": 0.4, ""max_amp_10d_b"": 0.35, ""max_amp_10d_s"": 0.45, ""max_amp_5d_a"": 0.22, ""max_amp_5d_b"": 0.18, ""max_amp_5d_s"": 0.25, ""max_pullback_20d_a"": -0.26, ""max_pullback_20d_b"": -0.22, ""max_pullback_20d_s"": -0.3, ""max_watch_days"": 10, ""min_avg_amount_10d_yi"": 5, ""min_avg_amount_30d_yi"": 5, ""min_avg_amount_60d_yi"": 3, ""min_relative_strength_20"": 0.1, ""minimum_trading_days"": 500, ""near_120d_high_ratio"": 0.98, ""normal_start_close_position"": 0.65, ""normal_start_min_amount_yi"": 2, ""normal_start_return"": 0.07, ""normal_start_self_amount_percentile"": 0.9, ""normal_start_volume_ratio"": 2.0, ""pattern_filter_enabled"": true, ""pattern_filter_mode"": ""score_only"", ""pattern_pivot_proximity_pct"": 0.05, ""platform_max_range"": 0.12, ""ready_min_score"": 85, ""rr2_min_key"": 2.0, ""rr2_min_ready"": 2.5, ""rr2_min_watch"": 1.5, ""start_age_max_days"": 60, ""start_age_min_days"": 5, ""start_lookback_days"": 60, ""stop_atr_multiplier"": 0.8, ""stop_key_support_pct"": 0.03, ""support_cluster_atr_multiplier"": 0.5, ""support_cluster_price_pct"": 0.015, ""support_test_lookback"": 10, ""support_zone_atr_multiplier"": 0.3, ""support_zone_price_pct"": 0.01, ""tail_close_range_5"": 0.08, ""tail_min_return_3"": -0.04, ""tail_min_return_5"": -0.06, ""tail_strong_volume_ratio_5_20"": 0.6, ""tail_volume_ratio_5_20"": 0.75, ""tail_window_days"": 5, ""target_2_cap_pct"": 0.35, ""vcp_contraction_range_ratio"": 0.9, ""vcp_contraction_volume_ratio"": 0.9, ""vcp_min_first_range"": 0.08, ""watch_min_score"": 60}","{""avg_loss_r"": 1.01225875, ""avg_net_return"": -0.08651405250000001, ""avg_win_r"": 0.0, ""expectancy_r"": -1.01225875, ""losses"": 4, ""max_drawdown"": 0.042820698355999894, ""median_net_return"": -0.090341385, ""net_profit"": -642.241456, ""net_return"": -0.04282069835599989, ""profit_factor"": 0.0, ""single_month_profit_concentration"": 0.0, ""top5_profit_concentration"": 0.0, ""trades"": 4, ""win_rate"": 0.0, ""wins"": 0}"
s6opt-comprehensive-fe84532,dry_tail,s6trial-d66506293cf8bd53,OAT,s6ps-9589a756cba6f693,s6ps-71bdb4dbb9c5c096,COMPLETED_WITH_SKIPS,s6bt-92591cb575b668c67863,,,"{""absolute_max_amp_10d"": 0.5, ""absolute_max_pullback_20d"": -0.35, ""amount10_vs_30_min_ratio"": 0.8, ""big_down_return"": -0.07, ""big_down_volume_ratio"": 1.5, ""box_tail"": {""breakout_ready_position_min"": 0.75, ""broken_close_tolerance"": 0.03, ""compact_kline"": {""atr_contraction_ratio_max"": 0.8, ""avg_body_ratio_max"": 0.025, ""close_range_max"": 0.05, ""enabled"": true, ""max_body_ratio_max"": 0.04, ""max_gap_ratio"": 0.03, ""min_overlap_pair_count"": 3, ""min_overlap_ratio"": 0.5, ""premium_atr_contraction_ratio_max"": 0.65, ""premium_avg_body_ratio_max"": 0.018, ""premium_close_range_max"": 0.03, ""premium_overlap_ratio"": 0.65, ""window_days"": 5}, ""current_close_high_tolerance"": 0.03, ""current_close_low_tolerance"": 0.03, ""enabled"": true, ""low_test_close_tolerance_down"": 0.02, ""low_test_tolerance_up"": 0.02, ""max_box_days"": 30, ""max_volume_contraction_ratio"": 0.85, ""min_box_days"": 5, ""min_box_low_test_count"": 2, ""min_center_shift"": -0.03, ""normal_box_width_max"": 0.18, ""premium_box_width_max"": 0.12, ""premium_center_shift"": 0.0, ""premium_tail_volume_ratio_max"": 0.6, ""premium_volume_contraction_ratio"": 0.7, ""support_ready_position_max"": 0.4, ""tail_volume_ratio_max"": 0.75}, ""breakout_extended_max_pct"": 0.08, ""buy_zone_valid_days"": 3, ""consolidation_max_days"": 40, ""consolidation_min_days"": 5, ""cup_depth_max"": 0.35, ""cup_depth_min"": 0.12, ""enable_market_filter"": true, ""enabled"": true, ""expired_cooldown_days"": 5, ""failed_cooldown_days"": 10, ""key_min_score"": 75, ""kline_days"": 1100, ""limit_up_volume_ratio"": 1.5, ""low_volume_limit_up_min_ratio"": 0.6, ""ma50_min_ratio"": 0.92, ""market_filter_mode"": ""downgrade"", ""max_amp_10d_a"": 0.4, ""max_amp_10d_b"": 0.35, ""max_amp_10d_s"": 0.45, ""max_amp_5d_a"": 0.22, ""max_amp_5d_b"": 0.18, ""max_amp_5d_s"": 0.25, ""max_pullback_20d_a"": -0.26, ""max_pullback_20d_b"": -0.22, ""max_pullback_20d_s"": -0.3, ""max_watch_days"": 10, ""min_avg_amount_10d_yi"": 5, ""min_avg_amount_30d_yi"": 5, ""min_avg_amount_60d_yi"": 3, ""min_relative_strength_20"": 0.1, ""minimum_trading_days"": 500, ""near_120d_high_ratio"": 0.98, ""normal_start_close_position"": 0.65, ""normal_start_min_amount_yi"": 2, ""normal_start_return"": 0.07, ""normal_start_self_amount_percentile"": 0.9, ""normal_start_volume_ratio"": 2.0, ""pattern_filter_enabled"": true, ""pattern_filter_mode"": ""score_only"", ""pattern_pivot_proximity_pct"": 0.05, ""platform_max_range"": 0.12, ""ready_min_score"": 85, ""rr2_min_key"": 2.0, ""rr2_min_ready"": 2.5, ""rr2_min_watch"": 1.5, ""start_age_max_days"": 60, ""start_age_min_days"": 5, ""start_lookback_days"": 60, ""stop_atr_multiplier"": 0.8, ""stop_key_support_pct"": 0.03, ""support_cluster_atr_multiplier"": 0.5, ""support_cluster_price_pct"": 0.015, ""support_test_lookback"": 10, ""support_zone_atr_multiplier"": 0.3, ""support_zone_price_pct"": 0.01, ""tail_close_range_5"": 0.08, ""tail_min_return_3"": -0.02, ""tail_min_return_5"": -0.06, ""tail_strong_volume_ratio_5_20"": 0.6, ""tail_volume_ratio_5_20"": 0.75, ""tail_window_days"": 5, ""target_2_cap_pct"": 0.35, ""vcp_contraction_range_ratio"": 0.9, ""vcp_contraction_volume_ratio"": 0.9, ""vcp_min_first_range"": 0.08, ""watch_min_score"": 60}","{""avg_loss_r"": 1.01225875, ""avg_net_return"": -0.08651405250000001, ""avg_win_r"": 0.0, ""expectancy_r"": -1.01225875, ""losses"": 4, ""max_drawdown"": 0.042820698355999894, ""median_net_return"": -0.090341385, ""net_profit"": -642.241456, ""net_return"": -0.04282069835599989, ""profit_factor"": 0.0, ""single_month_profit_concentration"": 0.0, ""top5_profit_concentration"": 0.0, ""trades"": 4, ""win_rate"": 0.0, ""wins"": 0}"
s6opt-comprehensive-fe84532,dry_tail,s6trial-ed36e8663b5db7a7,OAT,s6ps-18746551e0fb7c0d,s6ps-71bdb4dbb9c5c096,COMPLETED_WITH_SKIPS,s6bt-f9146f3dc0a6dd285845,,,"{""absolute_max_amp_10d"": 0.5, ""absolute_max_pullback_20d"": -0.35, ""amount10_vs_30_min_ratio"": 0.8, ""big_down_return"": -0.07, ""big_down_volume_ratio"": 1.5, ""box_tail"": {""breakout_ready_position_min"": 0.75, ""broken_close_tolerance"": 0.03, ""compact_kline"": {""atr_contraction_ratio_max"": 0.8, ""avg_body_ratio_max"": 0.025, ""close_range_max"": 0.05, ""enabled"": true, ""max_body_ratio_max"": 0.04, ""max_gap_ratio"": 0.03, ""min_overlap_pair_count"": 3, ""min_overlap_ratio"": 0.5, ""premium_atr_contraction_ratio_max"": 0.65, ""premium_avg_body_ratio_max"": 0.018, ""premium_close_range_max"": 0.03, ""premium_overlap_ratio"": 0.65, ""window_days"": 5}, ""current_close_high_tolerance"": 0.03, ""current_close_low_tolerance"": 0.03, ""enabled"": true, ""low_test_close_tolerance_down"": 0.02, ""low_test_tolerance_up"": 0.02, ""max_box_days"": 30, ""max_volume_contraction_ratio"": 0.85, ""min_box_days"": 5, ""min_box_low_test_count"": 2, ""min_center_shift"": -0.03, ""normal_box_width_max"": 0.18, ""premium_box_width_max"": 0.12, ""premium_center_shift"": 0.0, ""premium_tail_volume_ratio_max"": 0.6, ""premium_volume_contraction_ratio"": 0.7, ""support_ready_position_max"": 0.4, ""tail_volume_ratio_max"": 0.75}, ""breakout_extended_max_pct"": 0.08, ""buy_zone_valid_days"": 3, ""consolidation_max_days"": 40, ""consolidation_min_days"": 5, ""cup_depth_max"": 0.35, ""cup_depth_min"": 0.12, ""enable_market_filter"": true, ""enabled"": true, ""expired_cooldown_days"": 5, ""failed_cooldown_days"": 10, ""key_min_score"": 75, ""kline_days"": 1100, ""limit_up_volume_ratio"": 1.5, ""low_volume_limit_up_min_ratio"": 0.6, ""ma50_min_ratio"": 0.92, ""market_filter_mode"": ""downgrade"", ""max_amp_10d_a"": 0.4, ""max_amp_10d_b"": 0.35, ""max_amp_10d_s"": 0.45, ""max_amp_5d_a"": 0.22, ""max_amp_5d_b"": 0.18, ""max_amp_5d_s"": 0.25, ""max_pullback_20d_a"": -0.26, ""max_pullback_20d_b"": -0.22, ""max_pullback_20d_s"": -0.3, ""max_watch_days"": 10, ""min_avg_amount_10d_yi"": 5, ""min_avg_amount_30d_yi"": 5, ""min_avg_amount_60d_yi"": 3, ""min_relative_strength_20"": 0.1, ""minimum_trading_days"": 500, ""near_120d_high_ratio"": 0.98, ""normal_start_close_position"": 0.65, ""normal_start_min_amount_yi"": 2, ""normal_start_return"": 0.07, ""normal_start_self_amount_percentile"": 0.9, ""normal_start_volume_ratio"": 2.0, ""pattern_filter_enabled"": true, ""pattern_filter_mode"": ""score_only"", ""pattern_pivot_proximity_pct"": 0.05, ""platform_max_range"": 0.12, ""ready_min_score"": 85, ""rr2_min_key"": 2.0, ""rr2_min_ready"": 2.5, ""rr2_min_watch"": 1.5, ""start_age_max_days"": 60, ""start_age_min_days"": 5, ""start_lookback_days"": 60, ""stop_atr_multiplier"": 0.8, ""stop_key_support_pct"": 0.03, ""support_cluster_atr_multiplier"": 0.5, ""support_cluster_price_pct"": 0.015, ""support_test_lookback"": 10, ""support_zone_atr_multiplier"": 0.3, ""support_zone_price_pct"": 0.01, ""tail_close_range_5"": 0.08, ""tail_min_return_3"": -0.03, ""tail_min_return_5"": -0.06, ""tail_strong_volume_ratio_5_20"": 0.6, ""tail_volume_ratio_5_20"": 0.75, ""tail_window_days"": 5, ""target_2_cap_pct"": 0.35, ""vcp_contraction_range_ratio"": 0.9, ""vcp_contraction_volume_ratio"": 0.9, ""vcp_min_first_range"": 0.08, ""watch_min_score"": 60}","{""avg_loss_r"": 1.01225875, ""avg_net_return"": -0.08651405250000001, ""avg_win_r"": 0.0, ""expectancy_r"": -1.01225875, ""losses"": 4, ""max_drawdown"": 0.042820698355999894, ""median_net_return"": -0.090341385, ""net_profit"": -642.241456, ""net_return"": -0.04282069835599989, ""profit_factor"": 0.0, ""single_month_profit_concentration"": 0.0, ""top5_profit_concentration"": 0.0, ""trades"": 4, ""win_rate"": 0.0, ""wins"": 0}"
s6opt-comprehensive-fe84532,dry_tail,s6trial-f964a980779e051e,OAT,s6ps-d6833c537bf75cbf,s6ps-71bdb4dbb9c5c096,COMPLETED_WITH_SKIPS,s6bt-3832c088179006853b39,,,"{""absolute_max_amp_10d"": 0.5, ""absolute_max_pullback_20d"": -0.35, ""amount10_vs_30_min_ratio"": 0.8, ""big_down_return"": -0.07, ""big_down_volume_ratio"": 1.5, ""box_tail"": {""breakout_ready_position_min"": 0.75, ""broken_close_tolerance"": 0.03, ""compact_kline"": {""atr_contraction_ratio_max"": 0.8, ""avg_body_ratio_max"": 0.025, ""close_range_max"": 0.05, ""enabled"": true, ""max_body_ratio_max"": 0.04, ""max_gap_ratio"": 0.03, ""min_overlap_pair_count"": 3, ""min_overlap_ratio"": 0.5, ""premium_atr_contraction_ratio_max"": 0.65, ""premium_avg_body_ratio_max"": 0.018, ""premium_close_range_max"": 0.03, ""premium_overlap_ratio"": 0.65, ""window_days"": 5}, ""current_close_high_tolerance"": 0.03, ""current_close_low_tolerance"": 0.03, ""enabled"": true, ""low_test_close_tolerance_down"": 0.02, ""low_test_tolerance_up"": 0.02, ""max_box_days"": 30, ""max_volume_contraction_ratio"": 0.85, ""min_box_days"": 5, ""min_box_low_test_count"": 2, ""min_center_shift"": -0.03, ""normal_box_width_max"": 0.18, ""premium_box_width_max"": 0.12, ""premium_center_shift"": 0.0, ""premium_tail_volume_ratio_max"": 0.6, ""premium_volume_contraction_ratio"": 0.7, ""support_ready_position_max"": 0.4, ""tail_volume_ratio_max"": 0.75}, ""breakout_extended_max_pct"": 0.08, ""buy_zone_valid_days"": 3, ""consolidation_max_days"": 40, ""consolidation_min_days"": 5, ""cup_depth_max"": 0.35, ""cup_depth_min"": 0.12, ""enable_market_filter"": true, ""enabled"": true, ""expired_cooldown_days"": 5, ""failed_cooldown_days"": 10, ""key_min_score"": 75, ""kline_days"": 1100, ""limit_up_volume_ratio"": 1.5, ""low_volume_limit_up_min_ratio"": 0.6, ""ma50_min_ratio"": 0.92, ""market_filter_mode"": ""downgrade"", ""max_amp_10d_a"": 0.4, ""max_amp_10d_b"": 0.35, ""max_amp_10d_s"": 0.45, ""max_amp_5d_a"": 0.22, ""max_amp_5d_b"": 0.18, ""max_amp_5d_s"": 0.25, ""max_pullback_20d_a"": -0.26, ""max_pullback_20d_b"": -0.22, ""max_pullback_20d_s"": -0.3, ""max_watch_days"": 10, ""min_avg_amount_10d_yi"": 5, ""min_avg_amount_30d_yi"": 5, ""min_avg_amount_60d_yi"": 3, ""min_relative_strength_20"": 0.1, ""minimum_trading_days"": 500, ""near_120d_high_ratio"": 0.98, ""normal_start_close_position"": 0.65, ""normal_start_min_amount_yi"": 2, ""normal_start_return"": 0.07, ""normal_start_self_amount_percentile"": 0.9, ""normal_start_volume_ratio"": 2.0, ""pattern_filter_enabled"": true, ""pattern_filter_mode"": ""score_only"", ""pattern_pivot_proximity_pct"": 0.05, ""platform_max_range"": 0.12, ""ready_min_score"": 85, ""rr2_min_key"": 2.0, ""rr2_min_ready"": 2.5, ""rr2_min_watch"": 1.5, ""start_age_max_days"": 60, ""start_age_min_days"": 5, ""start_lookback_days"": 60, ""stop_atr_multiplier"": 0.8, ""stop_key_support_pct"": 0.03, ""support_cluster_atr_multiplier"": 0.5, ""support_cluster_price_pct"": 0.015, ""support_test_lookback"": 10, ""support_zone_atr_multiplier"": 0.3, ""support_zone_price_pct"": 0.01, ""tail_close_range_5"": 0.08, ""tail_min_return_3"": -0.04, ""tail_min_return_5"": -0.06, ""tail_strong_volume_ratio_5_20"": 0.6, ""tail_volume_ratio_5_20"": 0.75, ""tail_window_days"": 7, ""target_2_cap_pct"": 0.35, ""vcp_contraction_range_ratio"": 0.9, ""vcp_contraction_volume_ratio"": 0.9, ""vcp_min_first_range"": 0.08, ""watch_min_score"": 60}","{""avg_loss_r"": 1.014608, ""avg_net_return"": -0.073630285, ""avg_win_r"": 0.0, ""expectancy_r"": -1.014608, ""losses"": 2, ""max_drawdown"": 0.021819231449999962, ""median_net_return"": -0.073630285, ""net_profit"": -297.854865, ""net_return"": -0.021819231449999976, ""profit_factor"": 0.0, ""single_month_profit_concentration"": 0.0, ""top5_profit_concentration"": 0.0, ""trades"": 2, ""win_rate"": 0.0, ""wins"": 0}"
s6opt-comprehensive-fe84532,dry_tail,s6trial-ffb00357073f3517,OAT,s6ps-80df7099f0dfbccf,s6ps-71bdb4dbb9c5c096,COMPLETED_WITH_SKIPS,s6bt-a0ce4b05b22cd02ed4ee,,,"{""absolute_max_amp_10d"": 0.5, ""absolute_max_pullback_20d"": -0.35, ""amount10_vs_30_min_ratio"": 0.8, ""big_down_return"": -0.07, ""big_down_volume_ratio"": 1.5, ""box_tail"": {""breakout_ready_position_min"": 0.75, ""broken_close_tolerance"": 0.03, ""compact_kline"": {""atr_contraction_ratio_max"": 0.8, ""avg_body_ratio_max"": 0.025, ""close_range_max"": 0.05, ""enabled"": true, ""max_body_ratio_max"": 0.04, ""max_gap_ratio"": 0.03, ""min_overlap_pair_count"": 3, ""min_overlap_ratio"": 0.5, ""premium_atr_contraction_ratio_max"": 0.65, ""premium_avg_body_ratio_max"": 0.018, ""premium_close_range_max"": 0.03, ""premium_overlap_ratio"": 0.65, ""window_days"": 5}, ""current_close_high_tolerance"": 0.03, ""current_close_low_tolerance"": 0.03, ""enabled"": true, ""low_test_close_tolerance_down"": 0.02, ""low_test_tolerance_up"": 0.02, ""max_box_days"": 30, ""max_volume_contraction_ratio"": 0.85, ""min_box_days"": 5, ""min_box_low_test_count"": 2, ""min_center_shift"": -0.03, ""normal_box_width_max"": 0.18, ""premium_box_width_max"": 0.12, ""premium_center_shift"": 0.0, ""premium_tail_volume_ratio_max"": 0.6, ""premium_volume_contraction_ratio"": 0.7, ""support_ready_position_max"": 0.4, ""tail_volume_ratio_max"": 0.75}, ""breakout_extended_max_pct"": 0.08, ""buy_zone_valid_days"": 3, ""consolidation_max_days"": 40, ""consolidation_min_days"": 5, ""cup_depth_max"": 0.35, ""cup_depth_min"": 0.12, ""enable_market_filter"": true, ""enabled"": true, ""expired_cooldown_days"": 5, ""failed_cooldown_days"": 10, ""key_min_score"": 75, ""kline_days"": 1100, ""limit_up_volume_ratio"": 1.5, ""low_volume_limit_up_min_ratio"": 0.6, ""ma50_min_ratio"": 0.92, ""market_filter_mode"": ""downgrade"", ""max_amp_10d_a"": 0.4, ""max_amp_10d_b"": 0.35, ""max_amp_10d_s"": 0.45, ""max_amp_5d_a"": 0.22, ""max_amp_5d_b"": 0.18, ""max_amp_5d_s"": 0.25, ""max_pullback_20d_a"": -0.26, ""max_pullback_20d_b"": -0.22, ""max_pullback_20d_s"": -0.3, ""max_watch_days"": 10, ""min_avg_amount_10d_yi"": 5, ""min_avg_amount_30d_yi"": 5, ""min_avg_amount_60d_yi"": 3, ""min_relative_strength_20"": 0.1, ""minimum_trading_days"": 500, ""near_120d_high_ratio"": 0.98, ""normal_start_close_position"": 0.65, ""normal_start_min_amount_yi"": 2, ""normal_start_return"": 0.07, ""normal_start_self_amount_percentile"": 0.9, ""normal_start_volume_ratio"": 2.0, ""pattern_filter_enabled"": true, ""pattern_filter_mode"": ""score_only"", ""pattern_pivot_proximity_pct"": 0.05, ""platform_max_range"": 0.12, ""ready_min_score"": 85, ""rr2_min_key"": 2.0, ""rr2_min_ready"": 2.5, ""rr2_min_watch"": 1.5, ""start_age_max_days"": 60, ""start_age_min_days"": 5, ""start_lookback_days"": 60, ""stop_atr_multiplier"": 0.8, ""stop_key_support_pct"": 0.03, ""support_cluster_atr_multiplier"": 0.5, ""support_cluster_price_pct"": 0.015, ""support_test_lookback"": 10, ""support_zone_atr_multiplier"": 0.3, ""support_zone_price_pct"": 0.01, ""tail_close_range_5"": 0.08, ""tail_min_return_3"": -0.04, ""tail_min_return_5"": -0.08, ""tail_strong_volume_ratio_5_20"": 0.6, ""tail_volume_ratio_5_20"": 0.75, ""tail_window_days"": 5, ""target_2_cap_pct"": 0.35, ""vcp_contraction_range_ratio"": 0.9, ""vcp_contraction_volume_ratio"": 0.9, ""vcp_min_first_range"": 0.08, ""watch_min_score"": 60}","{""avg_loss_r"": 1.01225875, ""avg_net_return"": -0.08651405250000001, ""avg_win_r"": 0.0, ""expectancy_r"": -1.01225875, ""losses"": 4, ""max_drawdown"": 0.042820698355999894, ""median_net_return"": -0.090341385, ""net_profit"": -642.241456, ""net_return"": -0.04282069835599989, ""profit_factor"": 0.0, ""single_month_profit_concentration"": 0.0, ""top5_profit_concentration"": 0.0, ""trades"": 4, ""win_rate"": 0.0, ""wins"": 0}"
s6opt-comprehensive-fe84532,liquidity_rs,s6trial-0985521d7acba48e,OAT,s6ps-4849e746ffee953a,s6ps-71bdb4dbb9c5c096,COMPLETED_WITH_SKIPS,s6bt-282727b796efe6c39059,,,"{""absolute_max_amp_10d"": 0.5, ""absolute_max_pullback_20d"": -0.35, ""amount10_vs_30_min_ratio"": 0.8, ""big_down_return"": -0.07, ""big_down_volume_ratio"": 1.5, ""box_tail"": {""breakout_ready_position_min"": 0.75, ""broken_close_tolerance"": 0.03, ""compact_kline"": {""atr_contraction_ratio_max"": 0.8, ""avg_body_ratio_max"": 0.025, ""close_range_max"": 0.05, ""enabled"": true, ""max_body_ratio_max"": 0.04, ""max_gap_ratio"": 0.03, ""min_overlap_pair_count"": 3, ""min_overlap_ratio"": 0.5, ""premium_atr_contraction_ratio_max"": 0.65, ""premium_avg_body_ratio_max"": 0.018, ""premium_close_range_max"": 0.03, ""premium_overlap_ratio"": 0.65, ""window_days"": 5}, ""current_close_high_tolerance"": 0.03, ""current_close_low_tolerance"": 0.03, ""enabled"": true, ""low_test_close_tolerance_down"": 0.02, ""low_test_tolerance_up"": 0.02, ""max_box_days"": 30, ""max_volume_contraction_ratio"": 0.85, ""min_box_days"": 5, ""min_box_low_test_count"": 2, ""min_center_shift"": -0.03, ""normal_box_width_max"": 0.18, ""premium_box_width_max"": 0.12, ""premium_center_shift"": 0.0, ""premium_tail_volume_ratio_max"": 0.6, ""premium_volume_contraction_ratio"": 0.7, ""support_ready_position_max"": 0.4, ""tail_volume_ratio_max"": 0.75}, ""breakout_extended_max_pct"": 0.08, ""buy_zone_valid_days"": 3, ""consolidation_max_days"": 40, ""consolidation_min_days"": 5, ""cup_depth_max"": 0.35, ""cup_depth_min"": 0.12, ""enable_market_filter"": true, ""enabled"": true, ""expired_cooldown_days"": 5, ""failed_cooldown_days"": 10, ""key_min_score"": 75, ""kline_days"": 1100, ""limit_up_volume_ratio"": 1.5, ""low_volume_limit_up_min_ratio"": 0.6, ""ma50_min_ratio"": 0.95, ""market_filter_mode"": ""downgrade"", ""max_amp_10d_a"": 0.4, ""max_amp_10d_b"": 0.35, ""max_amp_10d_s"": 0.45, ""max_amp_5d_a"": 0.22, ""max_amp_5d_b"": 0.18, ""max_amp_5d_s"": 0.25, ""max_pullback_20d_a"": -0.26, ""max_pullback_20d_b"": -0.22, ""max_pullback_20d_s"": -0.3, ""max_watch_days"": 10, ""min_avg_amount_10d_yi"": 5, ""min_avg_amount_30d_yi"": 5, ""min_avg_amount_60d_yi"": 3, ""min_relative_strength_20"": 0.1, ""minimum_trading_days"": 500, ""near_120d_high_ratio"": 0.98, ""normal_start_close_position"": 0.65, ""normal_start_min_amount_yi"": 2, ""normal_start_return"": 0.07, ""normal_start_self_amount_percentile"": 0.9, ""normal_start_volume_ratio"": 2.0, ""pattern_filter_enabled"": true, ""pattern_filter_mode"": ""score_only"", ""pattern_pivot_proximity_pct"": 0.05, ""platform_max_range"": 0.12, ""ready_min_score"": 85, ""rr2_min_key"": 2.0, ""rr2_min_ready"": 2.5, ""rr2_min_watch"": 1.5, ""start_age_max_days"": 60, ""start_age_min_days"": 5, ""start_lookback_days"": 60, ""stop_atr_multiplier"": 0.8, ""stop_key_support_pct"": 0.03, ""support_cluster_atr_multiplier"": 0.5, ""support_cluster_price_pct"": 0.015, ""support_test_lookback"": 10, ""support_zone_atr_multiplier"": 0.3, ""support_zone_price_pct"": 0.01, ""tail_close_range_5"": 0.08, ""tail_min_return_3"": -0.04, ""tail_min_return_5"": -0.06, ""tail_strong_volume_ratio_5_20"": 0.6, ""tail_volume_ratio_5_20"": 0.75, ""tail_window_days"": 5, ""target_2_cap_pct"": 0.35, ""vcp_contraction_range_ratio"": 0.9, ""vcp_contraction_volume_ratio"": 0.9, ""vcp_min_first_range"": 0.08, ""watch_min_score"": 60}","{""avg_loss_r"": 1.01225875, ""avg_net_return"": -0.08651405250000001, ""avg_win_r"": 0.0, ""expectancy_r"": -1.01225875, ""losses"": 4, ""max_drawdown"": 0.042820698355999894, ""median_net_return"": -0.090341385, ""net_profit"": -642.241456, ""net_return"": -0.04282069835599989, ""profit_factor"": 0.0, ""single_month_profit_concentration"": 0.0, ""top5_profit_concentration"": 0.0, ""trades"": 4, ""win_rate"": 0.0, ""wins"": 0}"
s6opt-comprehensive-fe84532,liquidity_rs,s6trial-0cff912583cc71db,OAT,s6ps-9e91461c17827677,s6ps-71bdb4dbb9c5c096,COMPLETED_WITH_SKIPS,s6bt-42e6f98fd4f23330e1a9,,,"{""absolute_max_amp_10d"": 0.5, ""absolute_max_pullback_20d"": -0.35, ""amount10_vs_30_min_ratio"": 0.8, ""big_down_return"": -0.07, ""big_down_volume_ratio"": 1.5, ""box_tail"": {""breakout_ready_position_min"": 0.75, ""broken_close_tolerance"": 0.03, ""compact_kline"": {""atr_contraction_ratio_max"": 0.8, ""avg_body_ratio_max"": 0.025, ""close_range_max"": 0.05, ""enabled"": true, ""max_body_ratio_max"": 0.04, ""max_gap_ratio"": 0.03, ""min_overlap_pair_count"": 3, ""min_overlap_ratio"": 0.5, ""premium_atr_contraction_ratio_max"": 0.65, ""premium_avg_body_ratio_max"": 0.018, ""premium_close_range_max"": 0.03, ""premium_overlap_ratio"": 0.65, ""window_days"": 5}, ""current_close_high_tolerance"": 0.03, ""current_close_low_tolerance"": 0.03, ""enabled"": true, ""low_test_close_tolerance_down"": 0.02, ""low_test_tolerance_up"": 0.02, ""max_box_days"": 30, ""max_volume_contraction_ratio"": 0.85, ""min_box_days"": 5, ""min_box_low_test_count"": 2, ""min_center_shift"": -0.03, ""normal_box_width_max"": 0.18, ""premium_box_width_max"": 0.12, ""premium_center_shift"": 0.0, ""premium_tail_volume_ratio_max"": 0.6, ""premium_volume_contraction_ratio"": 0.7, ""support_ready_position_max"": 0.4, ""tail_volume_ratio_max"": 0.75}, ""breakout_extended_max_pct"": 0.08, ""buy_zone_valid_days"": 3, ""consolidation_max_days"": 40, ""consolidation_min_days"": 5, ""cup_depth_max"": 0.35, ""cup_depth_min"": 0.12, ""enable_market_filter"": true, ""enabled"": true, ""expired_cooldown_days"": 5, ""failed_cooldown_days"": 10, ""key_min_score"": 75, ""kline_days"": 1100, ""limit_up_volume_ratio"": 1.5, ""low_volume_limit_up_min_ratio"": 0.6, ""ma50_min_ratio"": 0.9, ""market_filter_mode"": ""downgrade"", ""max_amp_10d_a"": 0.4, ""max_amp_10d_b"": 0.35, ""max_amp_10d_s"": 0.45, ""max_amp_5d_a"": 0.22, ""max_amp_5d_b"": 0.18, ""max_amp_5d_s"": 0.25, ""max_pullback_20d_a"": -0.26, ""max_pullback_20d_b"": -0.22, ""max_pullback_20d_s"": -0.3, ""max_watch_days"": 10, ""min_avg_amount_10d_yi"": 5, ""min_avg_amount_30d_yi"": 5, ""min_avg_amount_60d_yi"": 3, ""min_relative_strength_20"": 0.1, ""minimum_trading_days"": 500, ""near_120d_high_ratio"": 0.98, ""normal_start_close_position"": 0.65, ""normal_start_min_amount_yi"": 2, ""normal_start_return"": 0.07, ""normal_start_self_amount_percentile"": 0.9, ""normal_start_volume_ratio"": 2.0, ""pattern_filter_enabled"": true, ""pattern_filter_mode"": ""score_only"", ""pattern_pivot_proximity_pct"": 0.05, ""platform_max_range"": 0.12, ""ready_min_score"": 85, ""rr2_min_key"": 2.0, ""rr2_min_ready"": 2.5, ""rr2_min_watch"": 1.5, ""start_age_max_days"": 60, ""start_age_min_days"": 5, ""start_lookback_days"": 60, ""stop_atr_multiplier"": 0.8, ""stop_key_support_pct"": 0.03, ""support_cluster_atr_multiplier"": 0.5, ""support_cluster_price_pct"": 0.015, ""support_test_lookback"": 10, ""support_zone_atr_multiplier"": 0.3, ""support_zone_price_pct"": 0.01, ""tail_close_range_5"": 0.08, ""tail_min_return_3"": -0.04, ""tail_min_return_5"": -0.06, ""tail_strong_volume_ratio_5_20"": 0.6, ""tail_volume_ratio_5_20"": 0.75, ""tail_window_days"": 5, ""target_2_cap_pct"": 0.35, ""vcp_contraction_range_ratio"": 0.9, ""vcp_contraction_volume_ratio"": 0.9, ""vcp_min_first_range"": 0.08, ""watch_min_score"": 60}","{""avg_loss_r"": 1.01225875, ""avg_net_return"": -0.08651405250000001, ""avg_win_r"": 0.0, ""expectancy_r"": -1.01225875, ""losses"": 4, ""max_drawdown"": 0.042820698355999894, ""median_net_return"": -0.090341385, ""net_profit"": -642.241456, ""net_return"": -0.04282069835599989, ""profit_factor"": 0.0, ""single_month_profit_concentration"": 0.0, ""top5_profit_concentration"": 0.0, ""trades"": 4, ""win_rate"": 0.0, ""wins"": 0}"
s6opt-comprehensive-fe84532,liquidity_rs,s6trial-20ee5311bba04c1b,OAT,s6ps-9b8ca549dce83e3d,s6ps-71bdb4dbb9c5c096,COMPLETED_WITH_SKIPS,s6bt-feb3f89857f3411e864f,,,"{""absolute_max_amp_10d"": 0.5, ""absolute_max_pullback_20d"": -0.35, ""amount10_vs_30_min_ratio"": 0.8, ""big_down_return"": -0.07, ""big_down_volume_ratio"": 1.5, ""box_tail"": {""breakout_ready_position_min"": 0.75, ""broken_close_tolerance"": 0.03, ""compact_kline"": {""atr_contraction_ratio_max"": 0.8, ""avg_body_ratio_max"": 0.025, ""close_range_max"": 0.05, ""enabled"": true, ""max_body_ratio_max"": 0.04, ""max_gap_ratio"": 0.03, ""min_overlap_pair_count"": 3, ""min_overlap_ratio"": 0.5, ""premium_atr_contraction_ratio_max"": 0.65, ""premium_avg_body_ratio_max"": 0.018, ""premium_close_range_max"": 0.03, ""premium_overlap_ratio"": 0.65, ""window_days"": 5}, ""current_close_high_tolerance"": 0.03, ""current_close_low_tolerance"": 0.03, ""enabled"": true, ""low_test_close_tolerance_down"": 0.02, ""low_test_tolerance_up"": 0.02, ""max_box_days"": 30, ""max_volume_contraction_ratio"": 0.85, ""min_box_days"": 5, ""min_box_low_test_count"": 2, ""min_center_shift"": -0.03, ""normal_box_width_max"": 0.18, ""premium_box_width_max"": 0.12, ""premium_center_shift"": 0.0, ""premium_tail_volume_ratio_max"": 0.6, ""premium_volume_contraction_ratio"": 0.7, ""support_ready_position_max"": 0.4, ""tail_volume_ratio_max"": 0.75}, ""breakout_extended_max_pct"": 0.08, ""buy_zone_valid_days"": 3, ""consolidation_max_days"": 40, ""consolidation_min_days"": 5, ""cup_depth_max"": 0.35, ""cup_depth_min"": 0.12, ""enable_market_filter"": true, ""enabled"": true, ""expired_cooldown_days"": 5, ""failed_cooldown_days"": 10, ""key_min_score"": 75, ""kline_days"": 1100, ""limit_up_volume_ratio"": 1.5, ""low_volume_limit_up_min_ratio"": 0.6, ""ma50_min_ratio"": 0.92, ""market_filter_mode"": ""downgrade"", ""max_amp_10d_a"": 0.4, ""max_amp_10d_b"": 0.35, ""max_amp_10d_s"": 0.45, ""max_amp_5d_a"": 0.22, ""max_amp_5d_b"": 0.18, ""max_amp_5d_s"": 0.25, ""max_pullback_20d_a"": -0.26, ""max_pullback_20d_b"": -0.22, ""max_pullback_20d_s"": -0.3, ""max_watch_days"": 10, ""min_avg_amount_10d_yi"": 5, ""min_avg_amount_30d_yi"": 3, ""min_avg_amount_60d_yi"": 3, ""min_relative_strength_20"": 0.1, ""minimum_trading_days"": 500, ""near_120d_high_ratio"": 0.98, ""normal_start_close_position"": 0.65, ""normal_start_min_amount_yi"": 2, ""normal_start_return"": 0.07, ""normal_start_self_amount_percentile"": 0.9, ""normal_start_volume_ratio"": 2.0, ""pattern_filter_enabled"": true, ""pattern_filter_mode"": ""score_only"", ""pattern_pivot_proximity_pct"": 0.05, ""platform_max_range"": 0.12, ""ready_min_score"": 85, ""rr2_min_key"": 2.0, ""rr2_min_ready"": 2.5, ""rr2_min_watch"": 1.5, ""start_age_max_days"": 60, ""start_age_min_days"": 5, ""start_lookback_days"": 60, ""stop_atr_multiplier"": 0.8, ""stop_key_support_pct"": 0.03, ""support_cluster_atr_multiplier"": 0.5, ""support_cluster_price_pct"": 0.015, ""support_test_lookback"": 10, ""support_zone_atr_multiplier"": 0.3, ""support_zone_price_pct"": 0.01, ""tail_close_range_5"": 0.08, ""tail_min_return_3"": -0.04, ""tail_min_return_5"": -0.06, ""tail_strong_volume_ratio_5_20"": 0.6, ""tail_volume_ratio_5_20"": 0.75, ""tail_window_days"": 5, ""target_2_cap_pct"": 0.35, ""vcp_contraction_range_ratio"": 0.9, ""vcp_contraction_volume_ratio"": 0.9, ""vcp_min_first_range"": 0.08, ""watch_min_score"": 60}","{""avg_loss_r"": 1.01225875, ""avg_net_return"": -0.08651405250000001, ""avg_win_r"": 0.0, ""expectancy_r"": -1.01225875, ""losses"": 4, ""max_drawdown"": 0.042820698355999894, ""median_net_return"": -0.090341385, ""net_profit"": -642.241456, ""net_return"": -0.04282069835599989, ""profit_factor"": 0.0, ""single_month_profit_concentration"": 0.0, ""top5_profit_concentration"": 0.0, ""trades"": 4, ""win_rate"": 0.0, ""wins"": 0}"
s6opt-comprehensive-fe84532,liquidity_rs,s6trial-2c289c8d9c30d274,OAT,s6ps-5f576994b1eb501f,s6ps-71bdb4dbb9c5c096,COMPLETED_WITH_SKIPS,s6bt-e02779f38d718a9389c0,,,"{""absolute_max_amp_10d"": 0.5, ""absolute_max_pullback_20d"": -0.35, ""amount10_vs_30_min_ratio"": 0.8, ""big_down_return"": -0.07, ""big_down_volume_ratio"": 1.5, ""box_tail"": {""breakout_ready_position_min"": 0.75, ""broken_close_tolerance"": 0.03, ""compact_kline"": {""atr_contraction_ratio_max"": 0.8, ""avg_body_ratio_max"": 0.025, ""close_range_max"": 0.05, ""enabled"": true, ""max_body_ratio_max"": 0.04, ""max_gap_ratio"": 0.03, ""min_overlap_pair_count"": 3, ""min_overlap_ratio"": 0.5, ""premium_atr_contraction_ratio_max"": 0.65, ""premium_avg_body_ratio_max"": 0.018, ""premium_close_range_max"": 0.03, ""premium_overlap_ratio"": 0.65, ""window_days"": 5}, ""current_close_high_tolerance"": 0.03, ""current_close_low_tolerance"": 0.03, ""enabled"": true, ""low_test_close_tolerance_down"": 0.02, ""low_test_tolerance_up"": 0.02, ""max_box_days"": 30, ""max_volume_contraction_ratio"": 0.85, ""min_box_days"": 5, ""min_box_low_test_count"": 2, ""min_center_shift"": -0.03, ""normal_box_width_max"": 0.18, ""premium_box_width_max"": 0.12, ""premium_center_shift"": 0.0, ""premium_tail_volume_ratio_max"": 0.6, ""premium_volume_contraction_ratio"": 0.7, ""support_ready_position_max"": 0.4, ""tail_volume_ratio_max"": 0.75}, ""breakout_extended_max_pct"": 0.08, ""buy_zone_valid_days"": 3, ""consolidation_max_days"": 40, ""consolidation_min_days"": 5, ""cup_depth_max"": 0.35, ""cup_depth_min"": 0.12, ""enable_market_filter"": true, ""enabled"": true, ""expired_cooldown_days"": 5, ""failed_cooldown_days"": 10, ""key_min_score"": 75, ""kline_days"": 1100, ""limit_up_volume_ratio"": 1.5, ""low_volume_limit_up_min_ratio"": 0.6, ""ma50_min_ratio"": 0.92, ""market_filter_mode"": ""downgrade"", ""max_amp_10d_a"": 0.4, ""max_amp_10d_b"": 0.35, ""max_amp_10d_s"": 0.45, ""max_amp_5d_a"": 0.22, ""max_amp_5d_b"": 0.18, ""max_amp_5d_s"": 0.25, ""max_pullback_20d_a"": -0.26, ""max_pullback_20d_b"": -0.22, ""max_pullback_20d_s"": -0.3, ""max_watch_days"": 10, ""min_avg_amount_10d_yi"": 5, ""min_avg_amount_30d_yi"": 5, ""min_avg_amount_60d_yi"": 2, ""min_relative_strength_20"": 0.1, ""minimum_trading_days"": 500, ""near_120d_high_ratio"": 0.98, ""normal_start_close_position"": 0.65, ""normal_start_min_amount_yi"": 2, ""normal_start_return"": 0.07, ""normal_start_self_amount_percentile"": 0.9, ""normal_start_volume_ratio"": 2.0, ""pattern_filter_enabled"": true, ""pattern_filter_mode"": ""score_only"", ""pattern_pivot_proximity_pct"": 0.05, ""platform_max_range"": 0.12, ""ready_min_score"": 85, ""rr2_min_key"": 2.0, ""rr2_min_ready"": 2.5, ""rr2_min_watch"": 1.5, ""start_age_max_days"": 60, ""start_age_min_days"": 5, ""start_lookback_days"": 60, ""stop_atr_multiplier"": 0.8, ""stop_key_support_pct"": 0.03, ""support_cluster_atr_multiplier"": 0.5, ""support_cluster_price_pct"": 0.015, ""support_test_lookback"": 10, ""support_zone_atr_multiplier"": 0.3, ""support_zone_price_pct"": 0.01, ""tail_close_range_5"": 0.08, ""tail_min_return_3"": -0.04, ""tail_min_return_5"": -0.06, ""tail_strong_volume_ratio_5_20"": 0.6, ""tail_volume_ratio_5_20"": 0.75, ""tail_window_days"": 5, ""target_2_cap_pct"": 0.35, ""vcp_contraction_range_ratio"": 0.9, ""vcp_contraction_volume_ratio"": 0.9, ""vcp_min_first_range"": 0.08, ""watch_min_score"": 60}","{""avg_loss_r"": 1.01225875, ""avg_net_return"": -0.08651405250000001, ""avg_win_r"": 0.0, ""expectancy_r"": -1.01225875, ""losses"": 4, ""max_drawdown"": 0.042820698355999894, ""median_net_return"": -0.090341385, ""net_profit"": -642.241456, ""net_return"": -0.04282069835599989, ""profit_factor"": 0.0, ""single_month_profit_concentration"": 0.0, ""top5_profit_concentration"": 0.0, ""trades"": 4, ""win_rate"": 0.0, ""wins"": 0}"
s6opt-comprehensive-fe84532,liquidity_rs,s6trial-344cfb5d7c4b5dcd,OAT,s6ps-e4c93751fdb10604,s6ps-71bdb4dbb9c5c096,COMPLETED_WITH_SKIPS,s6bt-6cf257472ea5f8f4af91,,,"{""absolute_max_amp_10d"": 0.5, ""absolute_max_pullback_20d"": -0.35, ""amount10_vs_30_min_ratio"": 0.9, ""big_down_return"": -0.07, ""big_down_volume_ratio"": 1.5, ""box_tail"": {""breakout_ready_position_min"": 0.75, ""broken_close_tolerance"": 0.03, ""compact_kline"": {""atr_contraction_ratio_max"": 0.8, ""avg_body_ratio_max"": 0.025, ""close_range_max"": 0.05, ""enabled"": true, ""max_body_ratio_max"": 0.04, ""max_gap_ratio"": 0.03, ""min_overlap_pair_count"": 3, ""min_overlap_ratio"": 0.5, ""premium_atr_contraction_ratio_max"": 0.65, ""premium_avg_body_ratio_max"": 0.018, ""premium_close_range_max"": 0.03, ""premium_overlap_ratio"": 0.65, ""window_days"": 5}, ""current_close_high_tolerance"": 0.03, ""current_close_low_tolerance"": 0.03, ""enabled"": true, ""low_test_close_tolerance_down"": 0.02, ""low_test_tolerance_up"": 0.02, ""max_box_days"": 30, ""max_volume_contraction_ratio"": 0.85, ""min_box_days"": 5, ""min_box_low_test_count"": 2, ""min_center_shift"": -0.03, ""normal_box_width_max"": 0.18, ""premium_box_width_max"": 0.12, ""premium_center_shift"": 0.0, ""premium_tail_volume_ratio_max"": 0.6, ""premium_volume_contraction_ratio"": 0.7, ""support_ready_position_max"": 0.4, ""tail_volume_ratio_max"": 0.75}, ""breakout_extended_max_pct"": 0.08, ""buy_zone_valid_days"": 3, ""consolidation_max_days"": 40, ""consolidation_min_days"": 5, ""cup_depth_max"": 0.35, ""cup_depth_min"": 0.12, ""enable_market_filter"": true, ""enabled"": true, ""expired_cooldown_days"": 5, ""failed_cooldown_days"": 10, ""key_min_score"": 75, ""kline_days"": 1100, ""limit_up_volume_ratio"": 1.5, ""low_volume_limit_up_min_ratio"": 0.6, ""ma50_min_ratio"": 0.92, ""market_filter_mode"": ""downgrade"", ""max_amp_10d_a"": 0.4, ""max_amp_10d_b"": 0.35, ""max_amp_10d_s"": 0.45, ""max_amp_5d_a"": 0.22, ""max_amp_5d_b"": 0.18, ""max_amp_5d_s"": 0.25, ""max_pullback_20d_a"": -0.26, ""max_pullback_20d_b"": -0.22, ""max_pullback_20d_s"": -0.3, ""max_watch_days"": 10, ""min_avg_amount_10d_yi"": 5, ""min_avg_amount_30d_yi"": 5, ""min_avg_amount_60d_yi"": 3, ""min_relative_strength_20"": 0.1, ""minimum_trading_days"": 500, ""near_120d_high_ratio"": 0.98, ""normal_start_close_position"": 0.65, ""normal_start_min_amount_yi"": 2, ""normal_start_return"": 0.07, ""normal_start_self_amount_percentile"": 0.9, ""normal_start_volume_ratio"": 2.0, ""pattern_filter_enabled"": true, ""pattern_filter_mode"": ""score_only"", ""pattern_pivot_proximity_pct"": 0.05, ""platform_max_range"": 0.12, ""ready_min_score"": 85, ""rr2_min_key"": 2.0, ""rr2_min_ready"": 2.5, ""rr2_min_watch"": 1.5, ""start_age_max_days"": 60, ""start_age_min_days"": 5, ""start_lookback_days"": 60, ""stop_atr_multiplier"": 0.8, ""stop_key_support_pct"": 0.03, ""support_cluster_atr_multiplier"": 0.5, ""support_cluster_price_pct"": 0.015, ""support_test_lookback"": 10, ""support_zone_atr_multiplier"": 0.3, ""support_zone_price_pct"": 0.01, ""tail_close_range_5"": 0.08, ""tail_min_return_3"": -0.04, ""tail_min_return_5"": -0.06, ""tail_strong_volume_ratio_5_20"": 0.6, ""tail_volume_ratio_5_20"": 0.75, ""tail_window_days"": 5, ""target_2_cap_pct"": 0.35, ""vcp_contraction_range_ratio"": 0.9, ""vcp_contraction_volume_ratio"": 0.9, ""vcp_min_first_range"": 0.08, ""watch_min_score"": 60}","{""avg_loss_r"": 1.0128073333333334, ""avg_net_return"": -0.08463548, ""avg_win_r"": 0.0, ""expectancy_r"": -1.0128073333333334, ""losses"": 3, ""max_drawdown"": 0.03251764486799995, ""median_net_return"": -0.088533, ""net_profit"": -444.105812, ""net_return"": -0.032517644867999906, ""profit_factor"": 0.0, ""single_month_profit_concentration"": 0.0, ""top5_profit_concentration"": 0.0, ""trades"": 3, ""win_rate"": 0.0, ""wins"": 0}"
s6opt-comprehensive-fe84532,liquidity_rs,s6trial-3b694d7fec77537b,OAT,s6ps-3cfad12053a83f12,s6ps-71bdb4dbb9c5c096,COMPLETED_WITH_SKIPS,s6bt-827b4103eee65a96637c,,,"{""absolute_max_amp_10d"": 0.5, ""absolute_max_pullback_20d"": -0.35, ""amount10_vs_30_min_ratio"": 0.8, ""big_down_return"": -0.07, ""big_down_volume_ratio"": 1.5, ""box_tail"": {""breakout_ready_position_min"": 0.75, ""broken_close_tolerance"": 0.03, ""compact_kline"": {""atr_contraction_ratio_max"": 0.8, ""avg_body_ratio_max"": 0.025, ""close_range_max"": 0.05, ""enabled"": true, ""max_body_ratio_max"": 0.04, ""max_gap_ratio"": 0.03, ""min_overlap_pair_count"": 3, ""min_overlap_ratio"": 0.5, ""premium_atr_contraction_ratio_max"": 0.65, ""premium_avg_body_ratio_max"": 0.018, ""premium_close_range_max"": 0.03, ""premium_overlap_ratio"": 0.65, ""window_days"": 5}, ""current_close_high_tolerance"": 0.03, ""current_close_low_tolerance"": 0.03, ""enabled"": true, ""low_test_close_tolerance_down"": 0.02, ""low_test_tolerance_up"": 0.02, ""max_box_days"": 30, ""max_volume_contraction_ratio"": 0.85, ""min_box_days"": 5, ""min_box_low_test_count"": 2, ""min_center_shift"": -0.03, ""normal_box_width_max"": 0.18, ""premium_box_width_max"": 0.12, ""premium_center_shift"": 0.0, ""premium_tail_volume_ratio_max"": 0.6, ""premium_volume_contraction_ratio"": 0.7, ""support_ready_position_max"": 0.4, ""tail_volume_ratio_max"": 0.75}, ""breakout_extended_max_pct"": 0.08, ""buy_zone_valid_days"": 3, ""consolidation_max_days"": 40, ""consolidation_min_days"": 5, ""cup_depth_max"": 0.35, ""cup_depth_min"": 0.12, ""enable_market_filter"": true, ""enabled"": true, ""expired_cooldown_days"": 5, ""failed_cooldown_days"": 10, ""key_min_score"": 75, ""kline_days"": 1100, ""limit_up_volume_ratio"": 1.5, ""low_volume_limit_up_min_ratio"": 0.6, ""ma50_min_ratio"": 0.92, ""market_filter_mode"": ""downgrade"", ""max_amp_10d_a"": 0.4, ""max_amp_10d_b"": 0.35, ""max_amp_10d_s"": 0.45, ""max_amp_5d_a"": 0.22, ""max_amp_5d_b"": 0.18, ""max_amp_5d_s"": 0.25, ""max_pullback_20d_a"": -0.26, ""max_pullback_20d_b"": -0.22, ""max_pullback_20d_s"": -0.3, ""max_watch_days"": 10, ""min_avg_amount_10d_yi"": 5, ""min_avg_amount_30d_yi"": 5, ""min_avg_amount_60d_yi"": 4, ""min_relative_strength_20"": 0.1, ""minimum_trading_days"": 500, ""near_120d_high_ratio"": 0.98, ""normal_start_close_position"": 0.65, ""normal_start_min_amount_yi"": 2, ""normal_start_return"": 0.07, ""normal_start_self_amount_percentile"": 0.9, ""normal_start_volume_ratio"": 2.0, ""pattern_filter_enabled"": true, ""pattern_filter_mode"": ""score_only"", ""pattern_pivot_proximity_pct"": 0.05, ""platform_max_range"": 0.12, ""ready_min_score"": 85, ""rr2_min_key"": 2.0, ""rr2_min_ready"": 2.5, ""rr2_min_watch"": 1.5, ""start_age_max_days"": 60, ""start_age_min_days"": 5, ""start_lookback_days"": 60, ""stop_atr_multiplier"": 0.8, ""stop_key_support_pct"": 0.03, ""support_cluster_atr_multiplier"": 0.5, ""support_cluster_price_pct"": 0.015, ""support_test_lookback"": 10, ""support_zone_atr_multiplier"": 0.3, ""support_zone_price_pct"": 0.01, ""tail_close_range_5"": 0.08, ""tail_min_return_3"": -0.04, ""tail_min_return_5"": -0.06, ""tail_strong_volume_ratio_5_20"": 0.6, ""tail_volume_ratio_5_20"": 0.75, ""tail_window_days"": 5, ""target_2_cap_pct"": 0.35, ""vcp_contraction_range_ratio"": 0.9, ""vcp_contraction_volume_ratio"": 0.9, ""vcp_min_first_range"": 0.08, ""watch_min_score"": 60}","{""avg_loss_r"": 1.01225875, ""avg_net_return"": -0.08651405250000001, ""avg_win_r"": 0.0, ""expectancy_r"": -1.01225875, ""losses"": 4, ""max_drawdown"": 0.042820698355999894, ""median_net_return"": -0.090341385, ""net_profit"": -642.241456, ""net_return"": -0.04282069835599989, ""profit_factor"": 0.0, ""single_month_profit_concentration"": 0.0, ""top5_profit_concentration"": 0.0, ""trades"": 4, ""win_rate"": 0.0, ""wins"": 0}"
s6opt-comprehensive-fe84532,liquidity_rs,s6trial-3bef86c3a6b8d1ff,OAT,s6ps-2b8a1fbff3ff0f3f,s6ps-71bdb4dbb9c5c096,COMPLETED_WITH_SKIPS,s6bt-179aef1896dc7f3bc102,,,"{""absolute_max_amp_10d"": 0.5, ""absolute_max_pullback_20d"": -0.35, ""amount10_vs_30_min_ratio"": 0.8, ""big_down_return"": -0.07, ""big_down_volume_ratio"": 1.5, ""box_tail"": {""breakout_ready_position_min"": 0.75, ""broken_close_tolerance"": 0.03, ""compact_kline"": {""atr_contraction_ratio_max"": 0.8, ""avg_body_ratio_max"": 0.025, ""close_range_max"": 0.05, ""enabled"": true, ""max_body_ratio_max"": 0.04, ""max_gap_ratio"": 0.03, ""min_overlap_pair_count"": 3, ""min_overlap_ratio"": 0.5, ""premium_atr_contraction_ratio_max"": 0.65, ""premium_avg_body_ratio_max"": 0.018, ""premium_close_range_max"": 0.03, ""premium_overlap_ratio"": 0.65, ""window_days"": 5}, ""current_close_high_tolerance"": 0.03, ""current_close_low_tolerance"": 0.03, ""enabled"": true, ""low_test_close_tolerance_down"": 0.02, ""low_test_tolerance_up"": 0.02, ""max_box_days"": 30, ""max_volume_contraction_ratio"": 0.85, ""min_box_days"": 5, ""min_box_low_test_count"": 2, ""min_center_shift"": -0.03, ""normal_box_width_max"": 0.18, ""premium_box_width_max"": 0.12, ""premium_center_shift"": 0.0, ""premium_tail_volume_ratio_max"": 0.6, ""premium_volume_contraction_ratio"": 0.7, ""support_ready_position_max"": 0.4, ""tail_volume_ratio_max"": 0.75}, ""breakout_extended_max_pct"": 0.08, ""buy_zone_valid_days"": 3, ""consolidation_max_days"": 40, ""consolidation_min_days"": 5, ""cup_depth_max"": 0.35, ""cup_depth_min"": 0.12, ""enable_market_filter"": true, ""enabled"": true, ""expired_cooldown_days"": 5, ""failed_cooldown_days"": 10, ""key_min_score"": 75, ""kline_days"": 1100, ""limit_up_volume_ratio"": 1.5, ""low_volume_limit_up_min_ratio"": 0.6, ""ma50_min_ratio"": 0.98, ""market_filter_mode"": ""downgrade"", ""max_amp_10d_a"": 0.4, ""max_amp_10d_b"": 0.35, ""max_amp_10d_s"": 0.45, ""max_amp_5d_a"": 0.22, ""max_amp_5d_b"": 0.18, ""max_amp_5d_s"": 0.25, ""max_pullback_20d_a"": -0.26, ""max_pullback_20d_b"": -0.22, ""max_pullback_20d_s"": -0.3, ""max_watch_days"": 10, ""min_avg_amount_10d_yi"": 5, ""min_avg_amount_30d_yi"": 5, ""min_avg_amount_60d_yi"": 3, ""min_relative_strength_20"": 0.1, ""minimum_trading_days"": 500, ""near_120d_high_ratio"": 0.98, ""normal_start_close_position"": 0.65, ""normal_start_min_amount_yi"": 2, ""normal_start_return"": 0.07, ""normal_start_self_amount_percentile"": 0.9, ""normal_start_volume_ratio"": 2.0, ""pattern_filter_enabled"": true, ""pattern_filter_mode"": ""score_only"", ""pattern_pivot_proximity_pct"": 0.05, ""platform_max_range"": 0.12, ""ready_min_score"": 85, ""rr2_min_key"": 2.0, ""rr2_min_ready"": 2.5, ""rr2_min_watch"": 1.5, ""start_age_max_days"": 60, ""start_age_min_days"": 5, ""start_lookback_days"": 60, ""stop_atr_multiplier"": 0.8, ""stop_key_support_pct"": 0.03, ""support_cluster_atr_multiplier"": 0.5, ""support_cluster_price_pct"": 0.015, ""support_test_lookback"": 10, ""support_zone_atr_multiplier"": 0.3, ""support_zone_price_pct"": 0.01, ""tail_close_range_5"": 0.08, ""tail_min_return_3"": -0.04, ""tail_min_return_5"": -0.06, ""tail_strong_volume_ratio_5_20"": 0.6, ""tail_volume_ratio_5_20"": 0.75, ""tail_window_days"": 5, ""target_2_cap_pct"": 0.35, ""vcp_contraction_range_ratio"": 0.9, ""vcp_contraction_volume_ratio"": 0.9, ""vcp_min_first_range"": 0.08, ""watch_min_score"": 60}","{""avg_loss_r"": 1.01225875, ""avg_net_return"": -0.08651405250000001, ""avg_win_r"": 0.0, ""expectancy_r"": -1.01225875, ""losses"": 4, ""max_drawdown"": 0.042820698355999894, ""median_net_return"": -0.090341385, ""net_profit"": -642.241456, ""net_return"": -0.04282069835599989, ""profit_factor"": 0.0, ""single_month_profit_concentration"": 0.0, ""top5_profit_concentration"": 0.0, ""trades"": 4, ""win_rate"": 0.0, ""wins"": 0}"
s6opt-comprehensive-fe84532,liquidity_rs,s6trial-3cab11329ab6c5e2,OAT,s6ps-1744e1d720775f23,s6ps-71bdb4dbb9c5c096,COMPLETED_WITH_SKIPS,s6bt-fefa891e4df2eda055a1,,,"{""absolute_max_amp_10d"": 0.5, ""absolute_max_pullback_20d"": -0.35, ""amount10_vs_30_min_ratio"": 0.8, ""big_down_return"": -0.07, ""big_down_volume_ratio"": 1.5, ""box_tail"": {""breakout_ready_position_min"": 0.75, ""broken_close_tolerance"": 0.03, ""compact_kline"": {""atr_contraction_ratio_max"": 0.8, ""avg_body_ratio_max"": 0.025, ""close_range_max"": 0.05, ""enabled"": true, ""max_body_ratio_max"": 0.04, ""max_gap_ratio"": 0.03, ""min_overlap_pair_count"": 3, ""min_overlap_ratio"": 0.5, ""premium_atr_contraction_ratio_max"": 0.65, ""premium_avg_body_ratio_max"": 0.018, ""premium_close_range_max"": 0.03, ""premium_overlap_ratio"": 0.65, ""window_days"": 5}, ""current_close_high_tolerance"": 0.03, ""current_close_low_tolerance"": 0.03, ""enabled"": true, ""low_test_close_tolerance_down"": 0.02, ""low_test_tolerance_up"": 0.02, ""max_box_days"": 30, ""max_volume_contraction_ratio"": 0.85, ""min_box_days"": 5, ""min_box_low_test_count"": 2, ""min_center_shift"": -0.03, ""normal_box_width_max"": 0.18, ""premium_box_width_max"": 0.12, ""premium_center_shift"": 0.0, ""premium_tail_volume_ratio_max"": 0.6, ""premium_volume_contraction_ratio"": 0.7, ""support_ready_position_max"": 0.4, ""tail_volume_ratio_max"": 0.75}, ""breakout_extended_max_pct"": 0.08, ""buy_zone_valid_days"": 3, ""consolidation_max_days"": 40, ""consolidation_min_days"": 5, ""cup_depth_max"": 0.35, ""cup_depth_min"": 0.12, ""enable_market_filter"": true, ""enabled"": true, ""expired_cooldown_days"": 5, ""failed_cooldown_days"": 10, ""key_min_score"": 75, ""kline_days"": 1100, ""limit_up_volume_ratio"": 1.5, ""low_volume_limit_up_min_ratio"": 0.6, ""ma50_min_ratio"": 0.92, ""market_filter_mode"": ""downgrade"", ""max_amp_10d_a"": 0.4, ""max_amp_10d_b"": 0.35, ""max_amp_10d_s"": 0.45, ""max_amp_5d_a"": 0.22, ""max_amp_5d_b"": 0.18, ""max_amp_5d_s"": 0.25, ""max_pullback_20d_a"": -0.26, ""max_pullback_20d_b"": -0.22, ""max_pullback_20d_s"": -0.3, ""max_watch_days"": 10, ""min_avg_amount_10d_yi"": 7, ""min_avg_amount_30d_yi"": 5, ""min_avg_amount_60d_yi"": 3, ""min_relative_strength_20"": 0.1, ""minimum_trading_days"": 500, ""near_120d_high_ratio"": 0.98, ""normal_start_close_position"": 0.65, ""normal_start_min_amount_yi"": 2, ""normal_start_return"": 0.07, ""normal_start_self_amount_percentile"": 0.9, ""normal_start_volume_ratio"": 2.0, ""pattern_filter_enabled"": true, ""pattern_filter_mode"": ""score_only"", ""pattern_pivot_proximity_pct"": 0.05, ""platform_max_range"": 0.12, ""ready_min_score"": 85, ""rr2_min_key"": 2.0, ""rr2_min_ready"": 2.5, ""rr2_min_watch"": 1.5, ""start_age_max_days"": 60, ""start_age_min_days"": 5, ""start_lookback_days"": 60, ""stop_atr_multiplier"": 0.8, ""stop_key_support_pct"": 0.03, ""support_cluster_atr_multiplier"": 0.5, ""support_cluster_price_pct"": 0.015, ""support_test_lookback"": 10, ""support_zone_atr_multiplier"": 0.3, ""support_zone_price_pct"": 0.01, ""tail_close_range_5"": 0.08, ""tail_min_return_3"": -0.04, ""tail_min_return_5"": -0.06, ""tail_strong_volume_ratio_5_20"": 0.6, ""tail_volume_ratio_5_20"": 0.75, ""tail_window_days"": 5, ""target_2_cap_pct"": 0.35, ""vcp_contraction_range_ratio"": 0.9, ""vcp_contraction_volume_ratio"": 0.9, ""vcp_min_first_range"": 0.08, ""watch_min_score"": 60}","{""avg_loss_r"": 1.0128073333333334, ""avg_net_return"": -0.08463548, ""avg_win_r"": 0.0, ""expectancy_r"": -1.0128073333333334, ""losses"": 3, ""max_drawdown"": 0.03251764486799995, ""median_net_return"": -0.088533, ""net_profit"": -444.105812, ""net_return"": -0.032517644867999906, ""profit_factor"": 0.0, ""single_month_profit_concentration"": 0.0, ""top5_profit_concentration"": 0.0, ""trades"": 3, ""win_rate"": 0.0, ""wins"": 0}"
s6opt-comprehensive-fe84532,liquidity_rs,s6trial-448af5b622a59468,OAT,s6ps-131854c6b04b1484,s6ps-71bdb4dbb9c5c096,COMPLETED_WITH_SKIPS,s6bt-0fe356c39d1506230131,,,"{""absolute_max_amp_10d"": 0.5, ""absolute_max_pullback_20d"": -0.35, ""amount10_vs_30_min_ratio"": 0.8, ""big_down_return"": -0.07, ""big_down_volume_ratio"": 1.5, ""box_tail"": {""breakout_ready_position_min"": 0.75, ""broken_close_tolerance"": 0.03, ""compact_kline"": {""atr_contraction_ratio_max"": 0.8, ""avg_body_ratio_max"": 0.025, ""close_range_max"": 0.05, ""enabled"": true, ""max_body_ratio_max"": 0.04, ""max_gap_ratio"": 0.03, ""min_overlap_pair_count"": 3, ""min_overlap_ratio"": 0.5, ""premium_atr_contraction_ratio_max"": 0.65, ""premium_avg_body_ratio_max"": 0.018, ""premium_close_range_max"": 0.03, ""premium_overlap_ratio"": 0.65, ""window_days"": 5}, ""current_close_high_tolerance"": 0.03, ""current_close_low_tolerance"": 0.03, ""enabled"": true, ""low_test_close_tolerance_down"": 0.02, ""low_test_tolerance_up"": 0.02, ""max_box_days"": 30, ""max_volume_contraction_ratio"": 0.85, ""min_box_days"": 5, ""min_box_low_test_count"": 2, ""min_center_shift"": -0.03, ""normal_box_width_max"": 0.18, ""premium_box_width_max"": 0.12, ""premium_center_shift"": 0.0, ""premium_tail_volume_ratio_max"": 0.6, ""premium_volume_contraction_ratio"": 0.7, ""support_ready_position_max"": 0.4, ""tail_volume_ratio_max"": 0.75}, ""breakout_extended_max_pct"": 0.08, ""buy_zone_valid_days"": 3, ""consolidation_max_days"": 40, ""consolidation_min_days"": 5, ""cup_depth_max"": 0.35, ""cup_depth_min"": 0.12, ""enable_market_filter"": true, ""enabled"": true, ""expired_cooldown_days"": 5, ""failed_cooldown_days"": 10, ""key_min_score"": 75, ""kline_days"": 1100, ""limit_up_volume_ratio"": 1.5, ""low_volume_limit_up_min_ratio"": 0.6, ""ma50_min_ratio"": 0.92, ""market_filter_mode"": ""downgrade"", ""max_amp_10d_a"": 0.4, ""max_amp_10d_b"": 0.35, ""max_amp_10d_s"": 0.45, ""max_amp_5d_a"": 0.22, ""max_amp_5d_b"": 0.18, ""max_amp_5d_s"": 0.25, ""max_pullback_20d_a"": -0.26, ""max_pullback_20d_b"": -0.22, ""max_pullback_20d_s"": -0.3, ""max_watch_days"": 10, ""min_avg_amount_10d_yi"": 5, ""min_avg_amount_30d_yi"": 5, ""min_avg_amount_60d_yi"": 3, ""min_relative_strength_20"": 0.15, ""minimum_trading_days"": 500, ""near_120d_high_ratio"": 0.98, ""normal_start_close_position"": 0.65, ""normal_start_min_amount_yi"": 2, ""normal_start_return"": 0.07, ""normal_start_self_amount_percentile"": 0.9, ""normal_start_volume_ratio"": 2.0, ""pattern_filter_enabled"": true, ""pattern_filter_mode"": ""score_only"", ""pattern_pivot_proximity_pct"": 0.05, ""platform_max_range"": 0.12, ""ready_min_score"": 85, ""rr2_min_key"": 2.0, ""rr2_min_ready"": 2.5, ""rr2_min_watch"": 1.5, ""start_age_max_days"": 60, ""start_age_min_days"": 5, ""start_lookback_days"": 60, ""stop_atr_multiplier"": 0.8, ""stop_key_support_pct"": 0.03, ""support_cluster_atr_multiplier"": 0.5, ""support_cluster_price_pct"": 0.015, ""support_test_lookback"": 10, ""support_zone_atr_multiplier"": 0.3, ""support_zone_price_pct"": 0.01, ""tail_close_range_5"": 0.08, ""tail_min_return_3"": -0.04, ""tail_min_return_5"": -0.06, ""tail_strong_volume_ratio_5_20"": 0.6, ""tail_volume_ratio_5_20"": 0.75, ""tail_window_days"": 5, ""target_2_cap_pct"": 0.35, ""vcp_contraction_range_ratio"": 0.9, ""vcp_contraction_volume_ratio"": 0.9, ""vcp_min_first_range"": 0.08, ""watch_min_score"": 60}","{""avg_loss_r"": 1.010336, ""avg_net_return"": -0.09577621333333333, ""avg_win_r"": 0.0, ""expectancy_r"": -1.010336, ""losses"": 3, ""max_drawdown"": 0.0318949122759999, ""median_net_return"": -0.09214977, ""net_profit"": -518.084796, ""net_return"": -0.03189491227599994, ""profit_factor"": 0.0, ""single_month_profit_concentration"": 0.0, ""top5_profit_concentration"": 0.0, ""trades"": 3, ""win_rate"": 0.0, ""wins"": 0}"
s6opt-comprehensive-fe84532,liquidity_rs,s6trial-4b263cdedac47bba,OAT,s6ps-b9309eb1b9478884,s6ps-71bdb4dbb9c5c096,COMPLETED_WITH_SKIPS,s6bt-b5b4308b639dacef671f,,,"{""absolute_max_amp_10d"": 0.5, ""absolute_max_pullback_20d"": -0.35, ""amount10_vs_30_min_ratio"": 0.8, ""big_down_return"": -0.07, ""big_down_volume_ratio"": 1.5, ""box_tail"": {""breakout_ready_position_min"": 0.75, ""broken_close_tolerance"": 0.03, ""compact_kline"": {""atr_contraction_ratio_max"": 0.8, ""avg_body_ratio_max"": 0.025, ""close_range_max"": 0.05, ""enabled"": true, ""max_body_ratio_max"": 0.04, ""max_gap_ratio"": 0.03, ""min_overlap_pair_count"": 3, ""min_overlap_ratio"": 0.5, ""premium_atr_contraction_ratio_max"": 0.65, ""premium_avg_body_ratio_max"": 0.018, ""premium_close_range_max"": 0.03, ""premium_overlap_ratio"": 0.65, ""window_days"": 5}, ""current_close_high_tolerance"": 0.03, ""current_close_low_tolerance"": 0.03, ""enabled"": true, ""low_test_close_tolerance_down"": 0.02, ""low_test_tolerance_up"": 0.02, ""max_box_days"": 30, ""max_volume_contraction_ratio"": 0.85, ""min_box_days"": 5, ""min_box_low_test_count"": 2, ""min_center_shift"": -0.03, ""normal_box_width_max"": 0.18, ""premium_box_width_max"": 0.12, ""premium_center_shift"": 0.0, ""premium_tail_volume_ratio_max"": 0.6, ""premium_volume_contraction_ratio"": 0.7, ""support_ready_position_max"": 0.4, ""tail_volume_ratio_max"": 0.75}, ""breakout_extended_max_pct"": 0.08, ""buy_zone_valid_days"": 3, ""consolidation_max_days"": 40, ""consolidation_min_days"": 5, ""cup_depth_max"": 0.35, ""cup_depth_min"": 0.12, ""enable_market_filter"": true, ""enabled"": true, ""expired_cooldown_days"": 5, ""failed_cooldown_days"": 10, ""key_min_score"": 75, ""kline_days"": 1100, ""limit_up_volume_ratio"": 1.5, ""low_volume_limit_up_min_ratio"": 0.6, ""ma50_min_ratio"": 0.92, ""market_filter_mode"": ""downgrade"", ""max_amp_10d_a"": 0.4, ""max_amp_10d_b"": 0.35, ""max_amp_10d_s"": 0.45, ""max_amp_5d_a"": 0.22, ""max_amp_5d_b"": 0.18, ""max_amp_5d_s"": 0.25, ""max_pullback_20d_a"": -0.26, ""max_pullback_20d_b"": -0.22, ""max_pullback_20d_s"": -0.3, ""max_watch_days"": 10, ""min_avg_amount_10d_yi"": 5, ""min_avg_amount_30d_yi"": 5, ""min_avg_amount_60d_yi"": 3, ""min_relative_strength_20"": 0.0, ""minimum_trading_days"": 500, ""near_120d_high_ratio"": 0.98, ""normal_start_close_position"": 0.65, ""normal_start_min_amount_yi"": 2, ""normal_start_return"": 0.07, ""normal_start_self_amount_percentile"": 0.9, ""normal_start_volume_ratio"": 2.0, ""pattern_filter_enabled"": true, ""pattern_filter_mode"": ""score_only"", ""pattern_pivot_proximity_pct"": 0.05, ""platform_max_range"": 0.12, ""ready_min_score"": 85, ""rr2_min_key"": 2.0, ""rr2_min_ready"": 2.5, ""rr2_min_watch"": 1.5, ""start_age_max_days"": 60, ""start_age_min_days"": 5, ""start_lookback_days"": 60, ""stop_atr_multiplier"": 0.8, ""stop_key_support_pct"": 0.03, ""support_cluster_atr_multiplier"": 0.5, ""support_cluster_price_pct"": 0.015, ""support_test_lookback"": 10, ""support_zone_atr_multiplier"": 0.3, ""support_zone_price_pct"": 0.01, ""tail_close_range_5"": 0.08, ""tail_min_return_3"": -0.04, ""tail_min_return_5"": -0.06, ""tail_strong_volume_ratio_5_20"": 0.6, ""tail_volume_ratio_5_20"": 0.75, ""tail_window_days"": 5, ""target_2_cap_pct"": 0.35, ""vcp_contraction_range_ratio"": 0.9, ""vcp_contraction_volume_ratio"": 0.9, ""vcp_min_first_range"": 0.08, ""watch_min_score"": 60}","{""avg_loss_r"": 1.0258415, ""avg_net_return"": -0.0011491750000000014, ""avg_win_r"": 4.0519505, ""expectancy_r"": 0.2436065, ""losses"": 6, ""max_drawdown"": 0.03584808969959631, ""median_net_return"": -0.0779356, ""net_profit"": -324.548958, ""net_return"": 0.0052285445080000326, ""profit_factor"": 0.5646982760692691, ""single_month_profit_concentration"": -0.30025242441479355, ""top5_profit_concentration"": 1.0, ""trades"": 8, ""win_rate"": 0.25, ""wins"": 2}"
s6opt-comprehensive-fe84532,liquidity_rs,s6trial-4e264ddc7a9e5a86,OAT,s6ps-b2698ec82f405f69,s6ps-71bdb4dbb9c5c096,COMPLETED_WITH_SKIPS,s6bt-e1d3ce832cff272344e0,,,"{""absolute_max_amp_10d"": 0.5, ""absolute_max_pullback_20d"": -0.35, ""amount10_vs_30_min_ratio"": 0.8, ""big_down_return"": -0.07, ""big_down_volume_ratio"": 1.5, ""box_tail"": {""breakout_ready_position_min"": 0.75, ""broken_close_tolerance"": 0.03, ""compact_kline"": {""atr_contraction_ratio_max"": 0.8, ""avg_body_ratio_max"": 0.025, ""close_range_max"": 0.05, ""enabled"": true, ""max_body_ratio_max"": 0.04, ""max_gap_ratio"": 0.03, ""min_overlap_pair_count"": 3, ""min_overlap_ratio"": 0.5, ""premium_atr_contraction_ratio_max"": 0.65, ""premium_avg_body_ratio_max"": 0.018, ""premium_close_range_max"": 0.03, ""premium_overlap_ratio"": 0.65, ""window_days"": 5}, ""current_close_high_tolerance"": 0.03, ""current_close_low_tolerance"": 0.03, ""enabled"": true, ""low_test_close_tolerance_down"": 0.02, ""low_test_tolerance_up"": 0.02, ""max_box_days"": 30, ""max_volume_contraction_ratio"": 0.85, ""min_box_days"": 5, ""min_box_low_test_count"": 2, ""min_center_shift"": -0.03, ""normal_box_width_max"": 0.18, ""premium_box_width_max"": 0.12, ""premium_center_shift"": 0.0, ""premium_tail_volume_ratio_max"": 0.6, ""premium_volume_contraction_ratio"": 0.7, ""support_ready_position_max"": 0.4, ""tail_volume_ratio_max"": 0.75}, ""breakout_extended_max_pct"": 0.08, ""buy_zone_valid_days"": 3, ""consolidation_max_days"": 40, ""consolidation_min_days"": 5, ""cup_depth_max"": 0.35, ""cup_depth_min"": 0.12, ""enable_market_filter"": true, ""enabled"": true, ""expired_cooldown_days"": 5, ""failed_cooldown_days"": 10, ""key_min_score"": 75, ""kline_days"": 1100, ""limit_up_volume_ratio"": 1.5, ""low_volume_limit_up_min_ratio"": 0.6, ""ma50_min_ratio"": 0.92, ""market_filter_mode"": ""downgrade"", ""max_amp_10d_a"": 0.4, ""max_amp_10d_b"": 0.35, ""max_amp_10d_s"": 0.45, ""max_amp_5d_a"": 0.22, ""max_amp_5d_b"": 0.18, ""max_amp_5d_s"": 0.25, ""max_pullback_20d_a"": -0.26, ""max_pullback_20d_b"": -0.22, ""max_pullback_20d_s"": -0.3, ""max_watch_days"": 10, ""min_avg_amount_10d_yi"": 10, ""min_avg_amount_30d_yi"": 5, ""min_avg_amount_60d_yi"": 3, ""min_relative_strength_20"": 0.1, ""minimum_trading_days"": 500, ""near_120d_high_ratio"": 0.98, ""normal_start_close_position"": 0.65, ""normal_start_min_amount_yi"": 2, ""normal_start_return"": 0.07, ""normal_start_self_amount_percentile"": 0.9, ""normal_start_volume_ratio"": 2.0, ""pattern_filter_enabled"": true, ""pattern_filter_mode"": ""score_only"", ""pattern_pivot_proximity_pct"": 0.05, ""platform_max_range"": 0.12, ""ready_min_score"": 85, ""rr2_min_key"": 2.0, ""rr2_min_ready"": 2.5, ""rr2_min_watch"": 1.5, ""start_age_max_days"": 60, ""start_age_min_days"": 5, ""start_lookback_days"": 60, ""stop_atr_multiplier"": 0.8, ""stop_key_support_pct"": 0.03, ""support_cluster_atr_multiplier"": 0.5, ""support_cluster_price_pct"": 0.015, ""support_test_lookback"": 10, ""support_zone_atr_multiplier"": 0.3, ""support_zone_price_pct"": 0.01, ""tail_close_range_5"": 0.08, ""tail_min_return_3"": -0.04, ""tail_min_return_5"": -0.06, ""tail_strong_volume_ratio_5_20"": 0.6, ""tail_volume_ratio_5_20"": 0.75, ""tail_window_days"": 5, ""target_2_cap_pct"": 0.35, ""vcp_contraction_range_ratio"": 0.9, ""vcp_contraction_volume_ratio"": 0.9, ""vcp_min_first_range"": 0.08, ""watch_min_score"": 60}","{""avg_loss_r"": 1.0128073333333334, ""avg_net_return"": -0.08463548, ""avg_win_r"": 0.0, ""expectancy_r"": -1.0128073333333334, ""losses"": 3, ""max_drawdown"": 0.03251764486799995, ""median_net_return"": -0.088533, ""net_profit"": -444.105812, ""net_return"": -0.032517644867999906, ""profit_factor"": 0.0, ""single_month_profit_concentration"": 0.0, ""top5_profit_concentration"": 0.0, ""trades"": 3, ""win_rate"": 0.0, ""wins"": 0}"
s6opt-comprehensive-fe84532,liquidity_rs,s6trial-571210fb62965220,BASELINE,s6ps-71bdb4dbb9c5c096,s6ps-71bdb4dbb9c5c096,COMPLETED_WITH_SKIPS,s6bt-c63755f57ac918fb76df,s6bt-6be85f4fb5a935680beb,FINAL_AUDIT_EXECUTION_BOUNDARY_FIXED_E26B69F,"{""absolute_max_amp_10d"": 0.5, ""absolute_max_pullback_20d"": -0.35, ""amount10_vs_30_min_ratio"": 0.8, ""big_down_return"": -0.07, ""big_down_volume_ratio"": 1.5, ""box_tail"": {""breakout_ready_position_min"": 0.75, ""broken_close_tolerance"": 0.03, ""compact_kline"": {""atr_contraction_ratio_max"": 0.8, ""avg_body_ratio_max"": 0.025, ""close_range_max"": 0.05, ""enabled"": true, ""max_body_ratio_max"": 0.04, ""max_gap_ratio"": 0.03, ""min_overlap_pair_count"": 3, ""min_overlap_ratio"": 0.5, ""premium_atr_contraction_ratio_max"": 0.65, ""premium_avg_body_ratio_max"": 0.018, ""premium_close_range_max"": 0.03, ""premium_overlap_ratio"": 0.65, ""window_days"": 5}, ""current_close_high_tolerance"": 0.03, ""current_close_low_tolerance"": 0.03, ""enabled"": true, ""low_test_close_tolerance_down"": 0.02, ""low_test_tolerance_up"": 0.02, ""max_box_days"": 30, ""max_volume_contraction_ratio"": 0.85, ""min_box_days"": 5, ""min_box_low_test_count"": 2, ""min_center_shift"": -0.03, ""normal_box_width_max"": 0.18, ""premium_box_width_max"": 0.12, ""premium_center_shift"": 0.0, ""premium_tail_volume_ratio_max"": 0.6, ""premium_volume_contraction_ratio"": 0.7, ""support_ready_position_max"": 0.4, ""tail_volume_ratio_max"": 0.75}, ""breakout_extended_max_pct"": 0.08, ""buy_zone_valid_days"": 3, ""consolidation_max_days"": 40, ""consolidation_min_days"": 5, ""cup_depth_max"": 0.35, ""cup_depth_min"": 0.12, ""enable_market_filter"": true, ""enabled"": true, ""expired_cooldown_days"": 5, ""failed_cooldown_days"": 10, ""key_min_score"": 75, ""kline_days"": 1100, ""limit_up_volume_ratio"": 1.5, ""low_volume_limit_up_min_ratio"": 0.6, ""ma50_min_ratio"": 0.92, ""market_filter_mode"": ""downgrade"", ""max_amp_10d_a"": 0.4, ""max_amp_10d_b"": 0.35, ""max_amp_10d_s"": 0.45, ""max_amp_5d_a"": 0.22, ""max_amp_5d_b"": 0.18, ""max_amp_5d_s"": 0.25, ""max_pullback_20d_a"": -0.26, ""max_pullback_20d_b"": -0.22, ""max_pullback_20d_s"": -0.3, ""max_watch_days"": 10, ""min_avg_amount_10d_yi"": 5, ""min_avg_amount_30d_yi"": 5, ""min_avg_amount_60d_yi"": 3, ""min_relative_strength_20"": 0.1, ""minimum_trading_days"": 500, ""near_120d_high_ratio"": 0.98, ""normal_start_close_position"": 0.65, ""normal_start_min_amount_yi"": 2, ""normal_start_return"": 0.07, ""normal_start_self_amount_percentile"": 0.9, ""normal_start_volume_ratio"": 2.0, ""pattern_filter_enabled"": true, ""pattern_filter_mode"": ""score_only"", ""pattern_pivot_proximity_pct"": 0.05, ""platform_max_range"": 0.12, ""ready_min_score"": 85, ""rr2_min_key"": 2.0, ""rr2_min_ready"": 2.5, ""rr2_min_watch"": 1.5, ""start_age_max_days"": 60, ""start_age_min_days"": 5, ""start_lookback_days"": 60, ""stop_atr_multiplier"": 0.8, ""stop_key_support_pct"": 0.03, ""support_cluster_atr_multiplier"": 0.5, ""support_cluster_price_pct"": 0.015, ""support_test_lookback"": 10, ""support_zone_atr_multiplier"": 0.3, ""support_zone_price_pct"": 0.01, ""tail_close_range_5"": 0.08, ""tail_min_return_3"": -0.04, ""tail_min_return_5"": -0.06, ""tail_strong_volume_ratio_5_20"": 0.6, ""tail_volume_ratio_5_20"": 0.75, ""tail_window_days"": 5, ""target_2_cap_pct"": 0.35, ""vcp_contraction_range_ratio"": 0.9, ""vcp_contraction_volume_ratio"": 0.9, ""vcp_min_first_range"": 0.08, ""watch_min_score"": 60}","{""avg_loss_r"": 1.0494975294117648, ""avg_net_return"": -0.03980972947368421, ""avg_win_r"": 4.0590555, ""expectancy_r"": -0.5117551052631579, ""losses"": 17, ""max_drawdown"": 0.08632112919885902, ""median_net_return"": -0.08158437, ""net_profit"": -1783.252077, ""net_return"": -0.07446631910200008, ""profit_factor"": 0.5835969708040649, ""single_month_profit_concentration"": -0.04663140911752689, ""top5_profit_concentration"": 1.0, ""trades"": 19, ""win_rate"": 0.10526315789473684, ""wins"": 2}"
s6opt-comprehensive-fe84532,liquidity_rs,s6trial-5aa0edfbcfc53a6a,OAT,s6ps-ee0cdb7cc0767ee1,s6ps-71bdb4dbb9c5c096,COMPLETED_WITH_SKIPS,s6bt-a7f17b0cbf59546d9ad8,,,"{""absolute_max_amp_10d"": 0.5, ""absolute_max_pullback_20d"": -0.35, ""amount10_vs_30_min_ratio"": 0.7, ""big_down_return"": -0.07, ""big_down_volume_ratio"": 1.5, ""box_tail"": {""breakout_ready_position_min"": 0.75, ""broken_close_tolerance"": 0.03, ""compact_kline"": {""atr_contraction_ratio_max"": 0.8, ""avg_body_ratio_max"": 0.025, ""close_range_max"": 0.05, ""enabled"": true, ""max_body_ratio_max"": 0.04, ""max_gap_ratio"": 0.03, ""min_overlap_pair_count"": 3, ""min_overlap_ratio"": 0.5, ""premium_atr_contraction_ratio_max"": 0.65, ""premium_avg_body_ratio_max"": 0.018, ""premium_close_range_max"": 0.03, ""premium_overlap_ratio"": 0.65, ""window_days"": 5}, ""current_close_high_tolerance"": 0.03, ""current_close_low_tolerance"": 0.03, ""enabled"": true, ""low_test_close_tolerance_down"": 0.02, ""low_test_tolerance_up"": 0.02, ""max_box_days"": 30, ""max_volume_contraction_ratio"": 0.85, ""min_box_days"": 5, ""min_box_low_test_count"": 2, ""min_center_shift"": -0.03, ""normal_box_width_max"": 0.18, ""premium_box_width_max"": 0.12, ""premium_center_shift"": 0.0, ""premium_tail_volume_ratio_max"": 0.6, ""premium_volume_contraction_ratio"": 0.7, ""support_ready_position_max"": 0.4, ""tail_volume_ratio_max"": 0.75}, ""breakout_extended_max_pct"": 0.08, ""buy_zone_valid_days"": 3, ""consolidation_max_days"": 40, ""consolidation_min_days"": 5, ""cup_depth_max"": 0.35, ""cup_depth_min"": 0.12, ""enable_market_filter"": true, ""enabled"": true, ""expired_cooldown_days"": 5, ""failed_cooldown_days"": 10, ""key_min_score"": 75, ""kline_days"": 1100, ""limit_up_volume_ratio"": 1.5, ""low_volume_limit_up_min_ratio"": 0.6, ""ma50_min_ratio"": 0.92, ""market_filter_mode"": ""downgrade"", ""max_amp_10d_a"": 0.4, ""max_amp_10d_b"": 0.35, ""max_amp_10d_s"": 0.45, ""max_amp_5d_a"": 0.22, ""max_amp_5d_b"": 0.18, ""max_amp_5d_s"": 0.25, ""max_pullback_20d_a"": -0.26, ""max_pullback_20d_b"": -0.22, ""max_pullback_20d_s"": -0.3, ""max_watch_days"": 10, ""min_avg_amount_10d_yi"": 5, ""min_avg_amount_30d_yi"": 5, ""min_avg_amount_60d_yi"": 3, ""min_relative_strength_20"": 0.1, ""minimum_trading_days"": 500, ""near_120d_high_ratio"": 0.98, ""normal_start_close_position"": 0.65, ""normal_start_min_amount_yi"": 2, ""normal_start_return"": 0.07, ""normal_start_self_amount_percentile"": 0.9, ""normal_start_volume_ratio"": 2.0, ""pattern_filter_enabled"": true, ""pattern_filter_mode"": ""score_only"", ""pattern_pivot_proximity_pct"": 0.05, ""platform_max_range"": 0.12, ""ready_min_score"": 85, ""rr2_min_key"": 2.0, ""rr2_min_ready"": 2.5, ""rr2_min_watch"": 1.5, ""start_age_max_days"": 60, ""start_age_min_days"": 5, ""start_lookback_days"": 60, ""stop_atr_multiplier"": 0.8, ""stop_key_support_pct"": 0.03, ""support_cluster_atr_multiplier"": 0.5, ""support_cluster_price_pct"": 0.015, ""support_test_lookback"": 10, ""support_zone_atr_multiplier"": 0.3, ""support_zone_price_pct"": 0.01, ""tail_close_range_5"": 0.08, ""tail_min_return_3"": -0.04, ""tail_min_return_5"": -0.06, ""tail_strong_volume_ratio_5_20"": 0.6, ""tail_volume_ratio_5_20"": 0.75, ""tail_window_days"": 5, ""target_2_cap_pct"": 0.35, ""vcp_contraction_range_ratio"": 0.9, ""vcp_contraction_volume_ratio"": 0.9, ""vcp_min_first_range"": 0.08, ""watch_min_score"": 60}","{""avg_loss_r"": 1.012691, ""avg_net_return"": -0.085126004, ""avg_win_r"": 0.0, ""expectancy_r"": -1.012691, ""losses"": 5, ""max_drawdown"": 0.054664997173999905, ""median_net_return"": -0.088533, ""net_profit"": -702.061147, ""net_return"": -0.05466499717399986, ""profit_factor"": 0.0, ""single_month_profit_concentration"": 0.0, ""top5_profit_concentration"": 0.0, ""trades"": 5, ""win_rate"": 0.0, ""wins"": 0}"
s6opt-comprehensive-fe84532,liquidity_rs,s6trial-672167cca6f95895,OAT,s6ps-3ed8158a37070af6,s6ps-71bdb4dbb9c5c096,COMPLETED_WITH_SKIPS,s6bt-9040f137d1d06811f2f5,,,"{""absolute_max_amp_10d"": 0.5, ""absolute_max_pullback_20d"": -0.35, ""amount10_vs_30_min_ratio"": 0.8, ""big_down_return"": -0.07, ""big_down_volume_ratio"": 1.5, ""box_tail"": {""breakout_ready_position_min"": 0.75, ""broken_close_tolerance"": 0.03, ""compact_kline"": {""atr_contraction_ratio_max"": 0.8, ""avg_body_ratio_max"": 0.025, ""close_range_max"": 0.05, ""enabled"": true, ""max_body_ratio_max"": 0.04, ""max_gap_ratio"": 0.03, ""min_overlap_pair_count"": 3, ""min_overlap_ratio"": 0.5, ""premium_atr_contraction_ratio_max"": 0.65, ""premium_avg_body_ratio_max"": 0.018, ""premium_close_range_max"": 0.03, ""premium_overlap_ratio"": 0.65, ""window_days"": 5}, ""current_close_high_tolerance"": 0.03, ""current_close_low_tolerance"": 0.03, ""enabled"": true, ""low_test_close_tolerance_down"": 0.02, ""low_test_tolerance_up"": 0.02, ""max_box_days"": 30, ""max_volume_contraction_ratio"": 0.85, ""min_box_days"": 5, ""min_box_low_test_count"": 2, ""min_center_shift"": -0.03, ""normal_box_width_max"": 0.18, ""premium_box_width_max"": 0.12, ""premium_center_shift"": 0.0, ""premium_tail_volume_ratio_max"": 0.6, ""premium_volume_contraction_ratio"": 0.7, ""support_ready_position_max"": 0.4, ""tail_volume_ratio_max"": 0.75}, ""breakout_extended_max_pct"": 0.08, ""buy_zone_valid_days"": 3, ""consolidation_max_days"": 40, ""consolidation_min_days"": 5, ""cup_depth_max"": 0.35, ""cup_depth_min"": 0.12, ""enable_market_filter"": true, ""enabled"": true, ""expired_cooldown_days"": 5, ""failed_cooldown_days"": 10, ""key_min_score"": 75, ""kline_days"": 1100, ""limit_up_volume_ratio"": 1.5, ""low_volume_limit_up_min_ratio"": 0.6, ""ma50_min_ratio"": 0.92, ""market_filter_mode"": ""downgrade"", ""max_amp_10d_a"": 0.4, ""max_amp_10d_b"": 0.35, ""max_amp_10d_s"": 0.45, ""max_amp_5d_a"": 0.22, ""max_amp_5d_b"": 0.18, ""max_amp_5d_s"": 0.25, ""max_pullback_20d_a"": -0.26, ""max_pullback_20d_b"": -0.22, ""max_pullback_20d_s"": -0.3, ""max_watch_days"": 10, ""min_avg_amount_10d_yi"": 5, ""min_avg_amount_30d_yi"": 5, ""min_avg_amount_60d_yi"": 3, ""min_relative_strength_20"": 0.05, ""minimum_trading_days"": 500, ""near_120d_high_ratio"": 0.98, ""normal_start_close_position"": 0.65, ""normal_start_min_amount_yi"": 2, ""normal_start_return"": 0.07, ""normal_start_self_amount_percentile"": 0.9, ""normal_start_volume_ratio"": 2.0, ""pattern_filter_enabled"": true, ""pattern_filter_mode"": ""score_only"", ""pattern_pivot_proximity_pct"": 0.05, ""platform_max_range"": 0.12, ""ready_min_score"": 85, ""rr2_min_key"": 2.0, ""rr2_min_ready"": 2.5, ""rr2_min_watch"": 1.5, ""start_age_max_days"": 60, ""start_age_min_days"": 5, ""start_lookback_days"": 60, ""stop_atr_multiplier"": 0.8, ""stop_key_support_pct"": 0.03, ""support_cluster_atr_multiplier"": 0.5, ""support_cluster_price_pct"": 0.015, ""support_test_lookback"": 10, ""support_zone_atr_multiplier"": 0.3, ""support_zone_price_pct"": 0.01, ""tail_close_range_5"": 0.08, ""tail_min_return_3"": -0.04, ""tail_min_return_5"": -0.06, ""tail_strong_volume_ratio_5_20"": 0.6, ""tail_volume_ratio_5_20"": 0.75, ""tail_window_days"": 5, ""target_2_cap_pct"": 0.35, ""vcp_contraction_range_ratio"": 0.9, ""vcp_contraction_volume_ratio"": 0.9, ""vcp_min_first_range"": 0.08, ""watch_min_score"": 60}","{""avg_loss_r"": 1.027705, ""avg_net_return"": 0.010684292857142856, ""avg_win_r"": 4.0519505, ""expectancy_r"": 0.42362514285714287, ""losses"": 5, ""max_drawdown"": 0.03331570021883153, ""median_net_return"": -0.07188775, ""net_profit"": -291.594524, ""net_return"": 0.01976296004000022, ""profit_factor"": 0.5908122846105783, ""single_month_profit_concentration"": -0.22198022039902585, ""top5_profit_concentration"": 1.0, ""trades"": 7, ""win_rate"": 0.2857142857142857, ""wins"": 2}"
s6opt-comprehensive-fe84532,liquidity_rs,s6trial-6baa6ec87e553aac,OAT,s6ps-ec442c1c0d57dfdb,s6ps-71bdb4dbb9c5c096,COMPLETED_WITH_SKIPS,s6bt-621bfaf2bf054741219d,,,"{""absolute_max_amp_10d"": 0.5, ""absolute_max_pullback_20d"": -0.35, ""amount10_vs_30_min_ratio"": 1.0, ""big_down_return"": -0.07, ""big_down_volume_ratio"": 1.5, ""box_tail"": {""breakout_ready_position_min"": 0.75, ""broken_close_tolerance"": 0.03, ""compact_kline"": {""atr_contraction_ratio_max"": 0.8, ""avg_body_ratio_max"": 0.025, ""close_range_max"": 0.05, ""enabled"": true, ""max_body_ratio_max"": 0.04, ""max_gap_ratio"": 0.03, ""min_overlap_pair_count"": 3, ""min_overlap_ratio"": 0.5, ""premium_atr_contraction_ratio_max"": 0.65, ""premium_avg_body_ratio_max"": 0.018, ""premium_close_range_max"": 0.03, ""premium_overlap_ratio"": 0.65, ""window_days"": 5}, ""current_close_high_tolerance"": 0.03, ""current_close_low_tolerance"": 0.03, ""enabled"": true, ""low_test_close_tolerance_down"": 0.02, ""low_test_tolerance_up"": 0.02, ""max_box_days"": 30, ""max_volume_contraction_ratio"": 0.85, ""min_box_days"": 5, ""min_box_low_test_count"": 2, ""min_center_shift"": -0.03, ""normal_box_width_max"": 0.18, ""premium_box_width_max"": 0.12, ""premium_center_shift"": 0.0, ""premium_tail_volume_ratio_max"": 0.6, ""premium_volume_contraction_ratio"": 0.7, ""support_ready_position_max"": 0.4, ""tail_volume_ratio_max"": 0.75}, ""breakout_extended_max_pct"": 0.08, ""buy_zone_valid_days"": 3, ""consolidation_max_days"": 40, ""consolidation_min_days"": 5, ""cup_depth_max"": 0.35, ""cup_depth_min"": 0.12, ""enable_market_filter"": true, ""enabled"": true, ""expired_cooldown_days"": 5, ""failed_cooldown_days"": 10, ""key_min_score"": 75, ""kline_days"": 1100, ""limit_up_volume_ratio"": 1.5, ""low_volume_limit_up_min_ratio"": 0.6, ""ma50_min_ratio"": 0.92, ""market_filter_mode"": ""downgrade"", ""max_amp_10d_a"": 0.4, ""max_amp_10d_b"": 0.35, ""max_amp_10d_s"": 0.45, ""max_amp_5d_a"": 0.22, ""max_amp_5d_b"": 0.18, ""max_amp_5d_s"": 0.25, ""max_pullback_20d_a"": -0.26, ""max_pullback_20d_b"": -0.22, ""max_pullback_20d_s"": -0.3, ""max_watch_days"": 10, ""min_avg_amount_10d_yi"": 5, ""min_avg_amount_30d_yi"": 5, ""min_avg_amount_60d_yi"": 3, ""min_relative_strength_20"": 0.1, ""minimum_trading_days"": 500, ""near_120d_high_ratio"": 0.98, ""normal_start_close_position"": 0.65, ""normal_start_min_amount_yi"": 2, ""normal_start_return"": 0.07, ""normal_start_self_amount_percentile"": 0.9, ""normal_start_volume_ratio"": 2.0, ""pattern_filter_enabled"": true, ""pattern_filter_mode"": ""score_only"", ""pattern_pivot_proximity_pct"": 0.05, ""platform_max_range"": 0.12, ""ready_min_score"": 85, ""rr2_min_key"": 2.0, ""rr2_min_ready"": 2.5, ""rr2_min_watch"": 1.5, ""start_age_max_days"": 60, ""start_age_min_days"": 5, ""start_lookback_days"": 60, ""stop_atr_multiplier"": 0.8, ""stop_key_support_pct"": 0.03, ""support_cluster_atr_multiplier"": 0.5, ""support_cluster_price_pct"": 0.015, ""support_test_lookback"": 10, ""support_zone_atr_multiplier"": 0.3, ""support_zone_price_pct"": 0.01, ""tail_close_range_5"": 0.08, ""tail_min_return_3"": -0.04, ""tail_min_return_5"": -0.06, ""tail_strong_volume_ratio_5_20"": 0.6, ""tail_volume_ratio_5_20"": 0.75, ""tail_window_days"": 5, ""target_2_cap_pct"": 0.35, ""vcp_contraction_range_ratio"": 0.9, ""vcp_contraction_volume_ratio"": 0.9, ""vcp_min_first_range"": 0.08, ""watch_min_score"": 60}","{""avg_loss_r"": 1.0136165, ""avg_net_return"": -0.08268672, ""avg_win_r"": 0.0, ""expectancy_r"": -1.0136165, ""losses"": 2, ""max_drawdown"": 0.02187251281799993, ""median_net_return"": -0.08268672, ""net_profit"": -270.407607, ""net_return"": -0.021872512817999956, ""profit_factor"": 0.0, ""single_month_profit_concentration"": 0.0, ""top5_profit_concentration"": 0.0, ""trades"": 2, ""win_rate"": 0.0, ""wins"": 0}"
s6opt-comprehensive-fe84532,liquidity_rs,s6trial-e9a9a91b220853b5,OAT,s6ps-328e4b5f363d6f37,s6ps-71bdb4dbb9c5c096,COMPLETED_WITH_SKIPS,s6bt-c5b914bb93c9353a23be,,,"{""absolute_max_amp_10d"": 0.5, ""absolute_max_pullback_20d"": -0.35, ""amount10_vs_30_min_ratio"": 0.8, ""big_down_return"": -0.07, ""big_down_volume_ratio"": 1.5, ""box_tail"": {""breakout_ready_position_min"": 0.75, ""broken_close_tolerance"": 0.03, ""compact_kline"": {""atr_contraction_ratio_max"": 0.8, ""avg_body_ratio_max"": 0.025, ""close_range_max"": 0.05, ""enabled"": true, ""max_body_ratio_max"": 0.04, ""max_gap_ratio"": 0.03, ""min_overlap_pair_count"": 3, ""min_overlap_ratio"": 0.5, ""premium_atr_contraction_ratio_max"": 0.65, ""premium_avg_body_ratio_max"": 0.018, ""premium_close_range_max"": 0.03, ""premium_overlap_ratio"": 0.65, ""window_days"": 5}, ""current_close_high_tolerance"": 0.03, ""current_close_low_tolerance"": 0.03, ""enabled"": true, ""low_test_close_tolerance_down"": 0.02, ""low_test_tolerance_up"": 0.02, ""max_box_days"": 30, ""max_volume_contraction_ratio"": 0.85, ""min_box_days"": 5, ""min_box_low_test_count"": 2, ""min_center_shift"": -0.03, ""normal_box_width_max"": 0.18, ""premium_box_width_max"": 0.12, ""premium_center_shift"": 0.0, ""premium_tail_volume_ratio_max"": 0.6, ""premium_volume_contraction_ratio"": 0.7, ""support_ready_position_max"": 0.4, ""tail_volume_ratio_max"": 0.75}, ""breakout_extended_max_pct"": 0.08, ""buy_zone_valid_days"": 3, ""consolidation_max_days"": 40, ""consolidation_min_days"": 5, ""cup_depth_max"": 0.35, ""cup_depth_min"": 0.12, ""enable_market_filter"": true, ""enabled"": true, ""expired_cooldown_days"": 5, ""failed_cooldown_days"": 10, ""key_min_score"": 75, ""kline_days"": 1100, ""limit_up_volume_ratio"": 1.5, ""low_volume_limit_up_min_ratio"": 0.6, ""ma50_min_ratio"": 0.92, ""market_filter_mode"": ""downgrade"", ""max_amp_10d_a"": 0.4, ""max_amp_10d_b"": 0.35, ""max_amp_10d_s"": 0.45, ""max_amp_5d_a"": 0.22, ""max_amp_5d_b"": 0.18, ""max_amp_5d_s"": 0.25, ""max_pullback_20d_a"": -0.26, ""max_pullback_20d_b"": -0.22, ""max_pullback_20d_s"": -0.3, ""max_watch_days"": 10, ""min_avg_amount_10d_yi"": 5, ""min_avg_amount_30d_yi"": 5, ""min_avg_amount_60d_yi"": 5, ""min_relative_strength_20"": 0.1, ""minimum_trading_days"": 500, ""near_120d_high_ratio"": 0.98, ""normal_start_close_position"": 0.65, ""normal_start_min_amount_yi"": 2, ""normal_start_return"": 0.07, ""normal_start_self_amount_percentile"": 0.9, ""normal_start_volume_ratio"": 2.0, ""pattern_filter_enabled"": true, ""pattern_filter_mode"": ""score_only"", ""pattern_pivot_proximity_pct"": 0.05, ""platform_max_range"": 0.12, ""ready_min_score"": 85, ""rr2_min_key"": 2.0, ""rr2_min_ready"": 2.5, ""rr2_min_watch"": 1.5, ""start_age_max_days"": 60, ""start_age_min_days"": 5, ""start_lookback_days"": 60, ""stop_atr_multiplier"": 0.8, ""stop_key_support_pct"": 0.03, ""support_cluster_atr_multiplier"": 0.5, ""support_cluster_price_pct"": 0.015, ""support_test_lookback"": 10, ""support_zone_atr_multiplier"": 0.3, ""support_zone_price_pct"": 0.01, ""tail_close_range_5"": 0.08, ""tail_min_return_3"": -0.04, ""tail_min_return_5"": -0.06, ""tail_strong_volume_ratio_5_20"": 0.6, ""tail_volume_ratio_5_20"": 0.75, ""tail_window_days"": 5, ""target_2_cap_pct"": 0.35, ""vcp_contraction_range_ratio"": 0.9, ""vcp_contraction_volume_ratio"": 0.9, ""vcp_min_first_range"": 0.08, ""watch_min_score"": 60}","{""avg_loss_r"": 1.01225875, ""avg_net_return"": -0.08651405250000001, ""avg_win_r"": 0.0, ""expectancy_r"": -1.01225875, ""losses"": 4, ""max_drawdown"": 0.042820698355999894, ""median_net_return"": -0.090341385, ""net_profit"": -642.241456, ""net_return"": -0.04282069835599989, ""profit_factor"": 0.0, ""single_month_profit_concentration"": 0.0, ""top5_profit_concentration"": 0.0, ""trades"": 4, ""win_rate"": 0.0, ""wins"": 0}"
s6opt-comprehensive-fe84532,pattern,s6trial-0340979707098e30,OAT,s6ps-9b053616adaaf5d3,s6ps-71bdb4dbb9c5c096,COMPLETED_WITH_SKIPS,s6bt-983e5421ac86057abea6,,,"{""absolute_max_amp_10d"": 0.5, ""absolute_max_pullback_20d"": -0.35, ""amount10_vs_30_min_ratio"": 0.8, ""big_down_return"": -0.07, ""big_down_volume_ratio"": 1.5, ""box_tail"": {""breakout_ready_position_min"": 0.75, ""broken_close_tolerance"": 0.03, ""compact_kline"": {""atr_contraction_ratio_max"": 0.8, ""avg_body_ratio_max"": 0.025, ""close_range_max"": 0.05, ""enabled"": true, ""max_body_ratio_max"": 0.04, ""max_gap_ratio"": 0.03, ""min_overlap_pair_count"": 3, ""min_overlap_ratio"": 0.5, ""premium_atr_contraction_ratio_max"": 0.65, ""premium_avg_body_ratio_max"": 0.018, ""premium_close_range_max"": 0.03, ""premium_overlap_ratio"": 0.65, ""window_days"": 5}, ""current_close_high_tolerance"": 0.03, ""current_close_low_tolerance"": 0.03, ""enabled"": true, ""low_test_close_tolerance_down"": 0.02, ""low_test_tolerance_up"": 0.02, ""max_box_days"": 30, ""max_volume_contraction_ratio"": 0.85, ""min_box_days"": 5, ""min_box_low_test_count"": 2, ""min_center_shift"": -0.03, ""normal_box_width_max"": 0.18, ""premium_box_width_max"": 0.12, ""premium_center_shift"": 0.0, ""premium_tail_volume_ratio_max"": 0.6, ""premium_volume_contraction_ratio"": 0.7, ""support_ready_position_max"": 0.4, ""tail_volume_ratio_max"": 0.75}, ""breakout_extended_max_pct"": 0.08, ""buy_zone_valid_days"": 3, ""consolidation_max_days"": 40, ""consolidation_min_days"": 5, ""cup_depth_max"": 0.35, ""cup_depth_min"": 0.12, ""enable_market_filter"": true, ""enabled"": true, ""expired_cooldown_days"": 5, ""failed_cooldown_days"": 10, ""key_min_score"": 75, ""kline_days"": 1100, ""limit_up_volume_ratio"": 1.5, ""low_volume_limit_up_min_ratio"": 0.6, ""ma50_min_ratio"": 0.92, ""market_filter_mode"": ""downgrade"", ""max_amp_10d_a"": 0.4, ""max_amp_10d_b"": 0.35, ""max_amp_10d_s"": 0.45, ""max_amp_5d_a"": 0.22, ""max_amp_5d_b"": 0.18, ""max_amp_5d_s"": 0.25, ""max_pullback_20d_a"": -0.26, ""max_pullback_20d_b"": -0.22, ""max_pullback_20d_s"": -0.3, ""max_watch_days"": 10, ""min_avg_amount_10d_yi"": 5, ""min_avg_amount_30d_yi"": 5, ""min_avg_amount_60d_yi"": 3, ""min_relative_strength_20"": 0.1, ""minimum_trading_days"": 500, ""near_120d_high_ratio"": 0.98, ""normal_start_close_position"": 0.65, ""normal_start_min_amount_yi"": 2, ""normal_start_return"": 0.07, ""normal_start_self_amount_percentile"": 0.9, ""normal_start_volume_ratio"": 2.0, ""pattern_filter_enabled"": true, ""pattern_filter_mode"": ""score_only"", ""pattern_pivot_proximity_pct"": 0.05, ""platform_max_range"": 0.1, ""ready_min_score"": 85, ""rr2_min_key"": 2.0, ""rr2_min_ready"": 2.5, ""rr2_min_watch"": 1.5, ""start_age_max_days"": 60, ""start_age_min_days"": 5, ""start_lookback_days"": 60, ""stop_atr_multiplier"": 0.8, ""stop_key_support_pct"": 0.03, ""support_cluster_atr_multiplier"": 0.5, ""support_cluster_price_pct"": 0.015, ""support_test_lookback"": 10, ""support_zone_atr_multiplier"": 0.3, ""support_zone_price_pct"": 0.01, ""tail_close_range_5"": 0.08, ""tail_min_return_3"": -0.04, ""tail_min_return_5"": -0.06, ""tail_strong_volume_ratio_5_20"": 0.6, ""tail_volume_ratio_5_20"": 0.75, ""tail_window_days"": 5, ""target_2_cap_pct"": 0.35, ""vcp_contraction_range_ratio"": 0.9, ""vcp_contraction_volume_ratio"": 0.9, ""vcp_min_first_range"": 0.08, ""watch_min_score"": 60}","{""avg_loss_r"": 1.01225875, ""avg_net_return"": -0.08651405250000001, ""avg_win_r"": 0.0, ""expectancy_r"": -1.01225875, ""losses"": 4, ""max_drawdown"": 0.042820698355999894, ""median_net_return"": -0.090341385, ""net_profit"": -642.241456, ""net_return"": -0.04282069835599989, ""profit_factor"": 0.0, ""single_month_profit_concentration"": 0.0, ""top5_profit_concentration"": 0.0, ""trades"": 4, ""win_rate"": 0.0, ""wins"": 0}"
s6opt-comprehensive-fe84532,pattern,s6trial-18d9d0948fa9ab0a,OAT,s6ps-e086d10141d7cece,s6ps-71bdb4dbb9c5c096,COMPLETED_WITH_SKIPS,s6bt-efbcc1a54973b4feb04c,,,"{""absolute_max_amp_10d"": 0.5, ""absolute_max_pullback_20d"": -0.35, ""amount10_vs_30_min_ratio"": 0.8, ""big_down_return"": -0.07, ""big_down_volume_ratio"": 1.5, ""box_tail"": {""breakout_ready_position_min"": 0.75, ""broken_close_tolerance"": 0.03, ""compact_kline"": {""atr_contraction_ratio_max"": 0.8, ""avg_body_ratio_max"": 0.025, ""close_range_max"": 0.05, ""enabled"": true, ""max_body_ratio_max"": 0.04, ""max_gap_ratio"": 0.03, ""min_overlap_pair_count"": 3, ""min_overlap_ratio"": 0.5, ""premium_atr_contraction_ratio_max"": 0.65, ""premium_avg_body_ratio_max"": 0.018, ""premium_close_range_max"": 0.03, ""premium_overlap_ratio"": 0.65, ""window_days"": 5}, ""current_close_high_tolerance"": 0.03, ""current_close_low_tolerance"": 0.03, ""enabled"": true, ""low_test_close_tolerance_down"": 0.02, ""low_test_tolerance_up"": 0.02, ""max_box_days"": 30, ""max_volume_contraction_ratio"": 0.85, ""min_box_days"": 5, ""min_box_low_test_count"": 2, ""min_center_shift"": -0.03, ""normal_box_width_max"": 0.18, ""premium_box_width_max"": 0.12, ""premium_center_shift"": 0.0, ""premium_tail_volume_ratio_max"": 0.6, ""premium_volume_contraction_ratio"": 0.7, ""support_ready_position_max"": 0.4, ""tail_volume_ratio_max"": 0.75}, ""breakout_extended_max_pct"": 0.08, ""buy_zone_valid_days"": 3, ""consolidation_max_days"": 40, ""consolidation_min_days"": 5, ""cup_depth_max"": 0.35, ""cup_depth_min"": 0.12, ""enable_market_filter"": true, ""enabled"": true, ""expired_cooldown_days"": 5, ""failed_cooldown_days"": 10, ""key_min_score"": 75, ""kline_days"": 1100, ""limit_up_volume_ratio"": 1.5, ""low_volume_limit_up_min_ratio"": 0.6, ""ma50_min_ratio"": 0.92, ""market_filter_mode"": ""downgrade"", ""max_amp_10d_a"": 0.4, ""max_amp_10d_b"": 0.35, ""max_amp_10d_s"": 0.45, ""max_amp_5d_a"": 0.22, ""max_amp_5d_b"": 0.18, ""max_amp_5d_s"": 0.25, ""max_pullback_20d_a"": -0.26, ""max_pullback_20d_b"": -0.22, ""max_pullback_20d_s"": -0.3, ""max_watch_days"": 10, ""min_avg_amount_10d_yi"": 5, ""min_avg_amount_30d_yi"": 5, ""min_avg_amount_60d_yi"": 3, ""min_relative_strength_20"": 0.1, ""minimum_trading_days"": 500, ""near_120d_high_ratio"": 0.98, ""normal_start_close_position"": 0.65, ""normal_start_min_amount_yi"": 2, ""normal_start_return"": 0.07, ""normal_start_self_amount_percentile"": 0.9, ""normal_start_volume_ratio"": 2.0, ""pattern_filter_enabled"": true, ""pattern_filter_mode"": ""score_only"", ""pattern_pivot_proximity_pct"": 0.05, ""platform_max_range"": 0.12, ""ready_min_score"": 85, ""rr2_min_key"": 2.0, ""rr2_min_ready"": 2.5, ""rr2_min_watch"": 1.5, ""start_age_max_days"": 60, ""start_age_min_days"": 5, ""start_lookback_days"": 60, ""stop_atr_multiplier"": 0.8, ""stop_key_support_pct"": 0.03, ""support_cluster_atr_multiplier"": 0.5, ""support_cluster_price_pct"": 0.015, ""support_test_lookback"": 10, ""support_zone_atr_multiplier"": 0.3, ""support_zone_price_pct"": 0.01, ""tail_close_range_5"": 0.08, ""tail_min_return_3"": -0.04, ""tail_min_return_5"": -0.06, ""tail_strong_volume_ratio_5_20"": 0.6, ""tail_volume_ratio_5_20"": 0.75, ""tail_window_days"": 5, ""target_2_cap_pct"": 0.35, ""vcp_contraction_range_ratio"": 0.9, ""vcp_contraction_volume_ratio"": 0.9, ""vcp_min_first_range"": 0.1, ""watch_min_score"": 60}","{""avg_loss_r"": 1.01225875, ""avg_net_return"": -0.031812808, ""avg_win_r"": 5.161248, ""expectancy_r"": 0.22244259999999993, ""losses"": 4, ""max_drawdown"": 0.04248965034493247, ""median_net_return"": -0.088533, ""net_profit"": 6599.720328, ""net_return"": -0.007818383545000085, ""profit_factor"": 11.276073377611427, ""single_month_profit_concentration"": 1.0300218242823695, ""top5_profit_concentration"": 1.0973134351277316, ""trades"": 5, ""win_rate"": 0.2, ""wins"": 1}"
s6opt-comprehensive-fe84532,pattern,s6trial-2ce5cf0c2e174fb0,OAT,s6ps-bdb4adf9efb01e1e,s6ps-71bdb4dbb9c5c096,COMPLETED_WITH_SKIPS,s6bt-9b7a77c06553a7fc607d,,,"{""absolute_max_amp_10d"": 0.5, ""absolute_max_pullback_20d"": -0.35, ""amount10_vs_30_min_ratio"": 0.8, ""big_down_return"": -0.07, ""big_down_volume_ratio"": 1.5, ""box_tail"": {""breakout_ready_position_min"": 0.75, ""broken_close_tolerance"": 0.03, ""compact_kline"": {""atr_contraction_ratio_max"": 0.8, ""avg_body_ratio_max"": 0.025, ""close_range_max"": 0.05, ""enabled"": true, ""max_body_ratio_max"": 0.04, ""max_gap_ratio"": 0.03, ""min_overlap_pair_count"": 3, ""min_overlap_ratio"": 0.5, ""premium_atr_contraction_ratio_max"": 0.65, ""premium_avg_body_ratio_max"": 0.018, ""premium_close_range_max"": 0.03, ""premium_overlap_ratio"": 0.65, ""window_days"": 5}, ""current_close_high_tolerance"": 0.03, ""current_close_low_tolerance"": 0.03, ""enabled"": true, ""low_test_close_tolerance_down"": 0.02, ""low_test_tolerance_up"": 0.02, ""max_box_days"": 30, ""max_volume_contraction_ratio"": 0.85, ""min_box_days"": 5, ""min_box_low_test_count"": 2, ""min_center_shift"": -0.03, ""normal_box_width_max"": 0.18, ""premium_box_width_max"": 0.12, ""premium_center_shift"": 0.0, ""premium_tail_volume_ratio_max"": 0.6, ""premium_volume_contraction_ratio"": 0.7, ""support_ready_position_max"": 0.4, ""tail_volume_ratio_max"": 0.75}, ""breakout_extended_max_pct"": 0.08, ""buy_zone_valid_days"": 3, ""consolidation_max_days"": 40, ""consolidation_min_days"": 5, ""cup_depth_max"": 0.35, ""cup_depth_min"": 0.12, ""enable_market_filter"": true, ""enabled"": true, ""expired_cooldown_days"": 5, ""failed_cooldown_days"": 10, ""key_min_score"": 75, ""kline_days"": 1100, ""limit_up_volume_ratio"": 1.5, ""low_volume_limit_up_min_ratio"": 0.6, ""ma50_min_ratio"": 0.92, ""market_filter_mode"": ""downgrade"", ""max_amp_10d_a"": 0.4, ""max_amp_10d_b"": 0.35, ""max_amp_10d_s"": 0.45, ""max_amp_5d_a"": 0.22, ""max_amp_5d_b"": 0.18, ""max_amp_5d_s"": 0.25, ""max_pullback_20d_a"": -0.26, ""max_pullback_20d_b"": -0.22, ""max_pullback_20d_s"": -0.3, ""max_watch_days"": 10, ""min_avg_amount_10d_yi"": 5, ""min_avg_amount_30d_yi"": 5, ""min_avg_amount_60d_yi"": 3, ""min_relative_strength_20"": 0.1, ""minimum_trading_days"": 500, ""near_120d_high_ratio"": 0.98, ""normal_start_close_position"": 0.65, ""normal_start_min_amount_yi"": 2, ""normal_start_return"": 0.07, ""normal_start_self_amount_percentile"": 0.9, ""normal_start_volume_ratio"": 2.0, ""pattern_filter_enabled"": true, ""pattern_filter_mode"": ""score_only"", ""pattern_pivot_proximity_pct"": 0.07, ""platform_max_range"": 0.12, ""ready_min_score"": 85, ""rr2_min_key"": 2.0, ""rr2_min_ready"": 2.5, ""rr2_min_watch"": 1.5, ""start_age_max_days"": 60, ""start_age_min_days"": 5, ""start_lookback_days"": 60, ""stop_atr_multiplier"": 0.8, ""stop_key_support_pct"": 0.03, ""support_cluster_atr_multiplier"": 0.5, ""support_cluster_price_pct"": 0.015, ""support_test_lookback"": 10, ""support_zone_atr_multiplier"": 0.3, ""support_zone_price_pct"": 0.01, ""tail_close_range_5"": 0.08, ""tail_min_return_3"": -0.04, ""tail_min_return_5"": -0.06, ""tail_strong_volume_ratio_5_20"": 0.6, ""tail_volume_ratio_5_20"": 0.75, ""tail_window_days"": 5, ""target_2_cap_pct"": 0.35, ""vcp_contraction_range_ratio"": 0.9, ""vcp_contraction_volume_ratio"": 0.9, ""vcp_min_first_range"": 0.08, ""watch_min_score"": 60}","{""avg_loss_r"": 1.01225875, ""avg_net_return"": -0.08651405250000001, ""avg_win_r"": 0.0, ""expectancy_r"": -1.01225875, ""losses"": 4, ""max_drawdown"": 0.042820698355999894, ""median_net_return"": -0.090341385, ""net_profit"": -642.241456, ""net_return"": -0.04282069835599989, ""profit_factor"": 0.0, ""single_month_profit_concentration"": 0.0, ""top5_profit_concentration"": 0.0, ""trades"": 4, ""win_rate"": 0.0, ""wins"": 0}"
s6opt-comprehensive-fe84532,pattern,s6trial-325ffc2771327adb,OAT,s6ps-971ad4c883df41c0,s6ps-71bdb4dbb9c5c096,COMPLETED_WITH_SKIPS,s6bt-99b24496ac7b329cc42d,,,"{""absolute_max_amp_10d"": 0.5, ""absolute_max_pullback_20d"": -0.35, ""amount10_vs_30_min_ratio"": 0.8, ""big_down_return"": -0.07, ""big_down_volume_ratio"": 1.5, ""box_tail"": {""breakout_ready_position_min"": 0.75, ""broken_close_tolerance"": 0.03, ""compact_kline"": {""atr_contraction_ratio_max"": 0.8, ""avg_body_ratio_max"": 0.025, ""close_range_max"": 0.05, ""enabled"": true, ""max_body_ratio_max"": 0.04, ""max_gap_ratio"": 0.03, ""min_overlap_pair_count"": 3, ""min_overlap_ratio"": 0.5, ""premium_atr_contraction_ratio_max"": 0.65, ""premium_avg_body_ratio_max"": 0.018, ""premium_close_range_max"": 0.03, ""premium_overlap_ratio"": 0.65, ""window_days"": 5}, ""current_close_high_tolerance"": 0.03, ""current_close_low_tolerance"": 0.03, ""enabled"": true, ""low_test_close_tolerance_down"": 0.02, ""low_test_tolerance_up"": 0.02, ""max_box_days"": 30, ""max_volume_contraction_ratio"": 0.85, ""min_box_days"": 5, ""min_box_low_test_count"": 2, ""min_center_shift"": -0.03, ""normal_box_width_max"": 0.18, ""premium_box_width_max"": 0.12, ""premium_center_shift"": 0.0, ""premium_tail_volume_ratio_max"": 0.6, ""premium_volume_contraction_ratio"": 0.7, ""support_ready_position_max"": 0.4, ""tail_volume_ratio_max"": 0.75}, ""breakout_extended_max_pct"": 0.08, ""buy_zone_valid_days"": 3, ""consolidation_max_days"": 40, ""consolidation_min_days"": 5, ""cup_depth_max"": 0.35, ""cup_depth_min"": 0.12, ""enable_market_filter"": true, ""enabled"": true, ""expired_cooldown_days"": 5, ""failed_cooldown_days"": 10, ""key_min_score"": 75, ""kline_days"": 1100, ""limit_up_volume_ratio"": 1.5, ""low_volume_limit_up_min_ratio"": 0.6, ""ma50_min_ratio"": 0.92, ""market_filter_mode"": ""downgrade"", ""max_amp_10d_a"": 0.4, ""max_amp_10d_b"": 0.35, ""max_amp_10d_s"": 0.45, ""max_amp_5d_a"": 0.22, ""max_amp_5d_b"": 0.18, ""max_amp_5d_s"": 0.25, ""max_pullback_20d_a"": -0.26, ""max_pullback_20d_b"": -0.22, ""max_pullback_20d_s"": -0.3, ""max_watch_days"": 10, ""min_avg_amount_10d_yi"": 5, ""min_avg_amount_30d_yi"": 5, ""min_avg_amount_60d_yi"": 3, ""min_relative_strength_20"": 0.1, ""minimum_trading_days"": 500, ""near_120d_high_ratio"": 0.98, ""normal_start_close_position"": 0.65, ""normal_start_min_amount_yi"": 2, ""normal_start_return"": 0.07, ""normal_start_self_amount_percentile"": 0.9, ""normal_start_volume_ratio"": 2.0, ""pattern_filter_enabled"": true, ""pattern_filter_mode"": ""score_only"", ""pattern_pivot_proximity_pct"": 0.03, ""platform_max_range"": 0.12, ""ready_min_score"": 85, ""rr2_min_key"": 2.0, ""rr2_min_ready"": 2.5, ""rr2_min_watch"": 1.5, ""start_age_max_days"": 60, ""start_age_min_days"": 5, ""start_lookback_days"": 60, ""stop_atr_multiplier"": 0.8, ""stop_key_support_pct"": 0.03, ""support_cluster_atr_multiplier"": 0.5, ""support_cluster_price_pct"": 0.015, ""support_test_lookback"": 10, ""support_zone_atr_multiplier"": 0.3, ""support_zone_price_pct"": 0.01, ""tail_close_range_5"": 0.08, ""tail_min_return_3"": -0.04, ""tail_min_return_5"": -0.06, ""tail_strong_volume_ratio_5_20"": 0.6, ""tail_volume_ratio_5_20"": 0.75, ""tail_window_days"": 5, ""target_2_cap_pct"": 0.35, ""vcp_contraction_range_ratio"": 0.9, ""vcp_contraction_volume_ratio"": 0.9, ""vcp_min_first_range"": 0.08, ""watch_min_score"": 60}","{""avg_loss_r"": 1.01225875, ""avg_net_return"": -0.08651405250000001, ""avg_win_r"": 0.0, ""expectancy_r"": -1.01225875, ""losses"": 4, ""max_drawdown"": 0.042820698355999894, ""median_net_return"": -0.090341385, ""net_profit"": -642.241456, ""net_return"": -0.04282069835599989, ""profit_factor"": 0.0, ""single_month_profit_concentration"": 0.0, ""top5_profit_concentration"": 0.0, ""trades"": 4, ""win_rate"": 0.0, ""wins"": 0}"
s6opt-comprehensive-fe84532,pattern,s6trial-371c6ac82e1b9d33,OAT,s6ps-7dca9c9a7ca9cec1,s6ps-71bdb4dbb9c5c096,COMPLETED_WITH_SKIPS,s6bt-ea9e25dc09a5b5edc2fb,,,"{""absolute_max_amp_10d"": 0.5, ""absolute_max_pullback_20d"": -0.35, ""amount10_vs_30_min_ratio"": 0.8, ""big_down_return"": -0.07, ""big_down_volume_ratio"": 1.5, ""box_tail"": {""breakout_ready_position_min"": 0.75, ""broken_close_tolerance"": 0.03, ""compact_kline"": {""atr_contraction_ratio_max"": 0.8, ""avg_body_ratio_max"": 0.025, ""close_range_max"": 0.05, ""enabled"": true, ""max_body_ratio_max"": 0.04, ""max_gap_ratio"": 0.03, ""min_overlap_pair_count"": 3, ""min_overlap_ratio"": 0.5, ""premium_atr_contraction_ratio_max"": 0.65, ""premium_avg_body_ratio_max"": 0.018, ""premium_close_range_max"": 0.03, ""premium_overlap_ratio"": 0.65, ""window_days"": 5}, ""current_close_high_tolerance"": 0.03, ""current_close_low_tolerance"": 0.03, ""enabled"": true, ""low_test_close_tolerance_down"": 0.02, ""low_test_tolerance_up"": 0.02, ""max_box_days"": 30, ""max_volume_contraction_ratio"": 0.85, ""min_box_days"": 5, ""min_box_low_test_count"": 2, ""min_center_shift"": -0.03, ""normal_box_width_max"": 0.18, ""premium_box_width_max"": 0.12, ""premium_center_shift"": 0.0, ""premium_tail_volume_ratio_max"": 0.6, ""premium_volume_contraction_ratio"": 0.7, ""support_ready_position_max"": 0.4, ""tail_volume_ratio_max"": 0.75}, ""breakout_extended_max_pct"": 0.08, ""buy_zone_valid_days"": 3, ""consolidation_max_days"": 40, ""consolidation_min_days"": 5, ""cup_depth_max"": 0.35, ""cup_depth_min"": 0.12, ""enable_market_filter"": true, ""enabled"": true, ""expired_cooldown_days"": 5, ""failed_cooldown_days"": 10, ""key_min_score"": 75, ""kline_days"": 1100, ""limit_up_volume_ratio"": 1.5, ""low_volume_limit_up_min_ratio"": 0.6, ""ma50_min_ratio"": 0.92, ""market_filter_mode"": ""downgrade"", ""max_amp_10d_a"": 0.4, ""max_amp_10d_b"": 0.35, ""max_amp_10d_s"": 0.45, ""max_amp_5d_a"": 0.22, ""max_amp_5d_b"": 0.18, ""max_amp_5d_s"": 0.25, ""max_pullback_20d_a"": -0.26, ""max_pullback_20d_b"": -0.22, ""max_pullback_20d_s"": -0.3, ""max_watch_days"": 10, ""min_avg_amount_10d_yi"": 5, ""min_avg_amount_30d_yi"": 5, ""min_avg_amount_60d_yi"": 3, ""min_relative_strength_20"": 0.1, ""minimum_trading_days"": 500, ""near_120d_high_ratio"": 0.98, ""normal_start_close_position"": 0.65, ""normal_start_min_amount_yi"": 2, ""normal_start_return"": 0.07, ""normal_start_self_amount_percentile"": 0.9, ""normal_start_volume_ratio"": 2.0, ""pattern_filter_enabled"": true, ""pattern_filter_mode"": ""score_only"", ""pattern_pivot_proximity_pct"": 0.05, ""platform_max_range"": 0.12, ""ready_min_score"": 85, ""rr2_min_key"": 2.0, ""rr2_min_ready"": 2.5, ""rr2_min_watch"": 1.5, ""start_age_max_days"": 60, ""start_age_min_days"": 5, ""start_lookback_days"": 60, ""stop_atr_multiplier"": 0.8, ""stop_key_support_pct"": 0.03, ""support_cluster_atr_multiplier"": 0.5, ""support_cluster_price_pct"": 0.015, ""support_test_lookback"": 10, ""support_zone_atr_multiplier"": 0.3, ""support_zone_price_pct"": 0.01, ""tail_close_range_5"": 0.08, ""tail_min_return_3"": -0.04, ""tail_min_return_5"": -0.06, ""tail_strong_volume_ratio_5_20"": 0.6, ""tail_volume_ratio_5_20"": 0.75, ""tail_window_days"": 5, ""target_2_cap_pct"": 0.35, ""vcp_contraction_range_ratio"": 0.9, ""vcp_contraction_volume_ratio"": 0.9, ""vcp_min_first_range"": 0.12, ""watch_min_score"": 60}","{""avg_loss_r"": 1.01225875, ""avg_net_return"": -0.031812808, ""avg_win_r"": 5.161248, ""expectancy_r"": 0.22244259999999993, ""losses"": 4, ""max_drawdown"": 0.04248965034493247, ""median_net_return"": -0.088533, ""net_profit"": 6599.720328, ""net_return"": -0.007818383545000085, ""profit_factor"": 11.276073377611427, ""single_month_profit_concentration"": 1.0300218242823695, ""top5_profit_concentration"": 1.0973134351277316, ""trades"": 5, ""win_rate"": 0.2, ""wins"": 1}"
s6opt-comprehensive-fe84532,pattern,s6trial-39e05d9f176a5d21,OAT,s6ps-4f938e7caefcd241,s6ps-71bdb4dbb9c5c096,COMPLETED_WITH_SKIPS,s6bt-03278426cb54c66253e6,,,"{""absolute_max_amp_10d"": 0.5, ""absolute_max_pullback_20d"": -0.35, ""amount10_vs_30_min_ratio"": 0.8, ""big_down_return"": -0.07, ""big_down_volume_ratio"": 1.5, ""box_tail"": {""breakout_ready_position_min"": 0.75, ""broken_close_tolerance"": 0.03, ""compact_kline"": {""atr_contraction_ratio_max"": 0.8, ""avg_body_ratio_max"": 0.025, ""close_range_max"": 0.05, ""enabled"": true, ""max_body_ratio_max"": 0.04, ""max_gap_ratio"": 0.03, ""min_overlap_pair_count"": 3, ""min_overlap_ratio"": 0.5, ""premium_atr_contraction_ratio_max"": 0.65, ""premium_avg_body_ratio_max"": 0.018, ""premium_close_range_max"": 0.03, ""premium_overlap_ratio"": 0.65, ""window_days"": 5}, ""current_close_high_tolerance"": 0.03, ""current_close_low_tolerance"": 0.03, ""enabled"": true, ""low_test_close_tolerance_down"": 0.02, ""low_test_tolerance_up"": 0.02, ""max_box_days"": 30, ""max_volume_contraction_ratio"": 0.85, ""min_box_days"": 5, ""min_box_low_test_count"": 2, ""min_center_shift"": -0.03, ""normal_box_width_max"": 0.18, ""premium_box_width_max"": 0.12, ""premium_center_shift"": 0.0, ""premium_tail_volume_ratio_max"": 0.6, ""premium_volume_contraction_ratio"": 0.7, ""support_ready_position_max"": 0.4, ""tail_volume_ratio_max"": 0.75}, ""breakout_extended_max_pct"": 0.08, ""buy_zone_valid_days"": 3, ""consolidation_max_days"": 40, ""consolidation_min_days"": 5, ""cup_depth_max"": 0.35, ""cup_depth_min"": 0.12, ""enable_market_filter"": true, ""enabled"": true, ""expired_cooldown_days"": 5, ""failed_cooldown_days"": 10, ""key_min_score"": 75, ""kline_days"": 1100, ""limit_up_volume_ratio"": 1.5, ""low_volume_limit_up_min_ratio"": 0.6, ""ma50_min_ratio"": 0.92, ""market_filter_mode"": ""downgrade"", ""max_amp_10d_a"": 0.4, ""max_amp_10d_b"": 0.35, ""max_amp_10d_s"": 0.45, ""max_amp_5d_a"": 0.22, ""max_amp_5d_b"": 0.18, ""max_amp_5d_s"": 0.25, ""max_pullback_20d_a"": -0.26, ""max_pullback_20d_b"": -0.22, ""max_pullback_20d_s"": -0.3, ""max_watch_days"": 10, ""min_avg_amount_10d_yi"": 5, ""min_avg_amount_30d_yi"": 5, ""min_avg_amount_60d_yi"": 3, ""min_relative_strength_20"": 0.1, ""minimum_trading_days"": 500, ""near_120d_high_ratio"": 0.98, ""normal_start_close_position"": 0.65, ""normal_start_min_amount_yi"": 2, ""normal_start_return"": 0.07, ""normal_start_self_amount_percentile"": 0.9, ""normal_start_volume_ratio"": 2.0, ""pattern_filter_enabled"": true, ""pattern_filter_mode"": ""score_only"", ""pattern_pivot_proximity_pct"": 0.05, ""platform_max_range"": 0.12, ""ready_min_score"": 85, ""rr2_min_key"": 2.0, ""rr2_min_ready"": 2.5, ""rr2_min_watch"": 1.5, ""start_age_max_days"": 60, ""start_age_min_days"": 5, ""start_lookback_days"": 60, ""stop_atr_multiplier"": 0.8, ""stop_key_support_pct"": 0.03, ""support_cluster_atr_multiplier"": 0.5, ""support_cluster_price_pct"": 0.015, ""support_test_lookback"": 10, ""support_zone_atr_multiplier"": 0.3, ""support_zone_price_pct"": 0.01, ""tail_close_range_5"": 0.08, ""tail_min_return_3"": -0.04, ""tail_min_return_5"": -0.06, ""tail_strong_volume_ratio_5_20"": 0.6, ""tail_volume_ratio_5_20"": 0.75, ""tail_window_days"": 5, ""target_2_cap_pct"": 0.35, ""vcp_contraction_range_ratio"": 0.9, ""vcp_contraction_volume_ratio"": 0.85, ""vcp_min_first_range"": 0.08, ""watch_min_score"": 60}","{""avg_loss_r"": 1.01225875, ""avg_net_return"": -0.08651405250000001, ""avg_win_r"": 0.0, ""expectancy_r"": -1.01225875, ""losses"": 4, ""max_drawdown"": 0.042820698355999894, ""median_net_return"": -0.090341385, ""net_profit"": -642.241456, ""net_return"": -0.04282069835599989, ""profit_factor"": 0.0, ""single_month_profit_concentration"": 0.0, ""top5_profit_concentration"": 0.0, ""trades"": 4, ""win_rate"": 0.0, ""wins"": 0}"
s6opt-comprehensive-fe84532,pattern,s6trial-40c10526cb80be96,OAT,s6ps-ea8ef94656b491a4,s6ps-71bdb4dbb9c5c096,COMPLETED_WITH_SKIPS,s6bt-cf2c39f387cb96d99931,,,"{""absolute_max_amp_10d"": 0.5, ""absolute_max_pullback_20d"": -0.35, ""amount10_vs_30_min_ratio"": 0.8, ""big_down_return"": -0.07, ""big_down_volume_ratio"": 1.5, ""box_tail"": {""breakout_ready_position_min"": 0.75, ""broken_close_tolerance"": 0.03, ""compact_kline"": {""atr_contraction_ratio_max"": 0.8, ""avg_body_ratio_max"": 0.025, ""close_range_max"": 0.05, ""enabled"": true, ""max_body_ratio_max"": 0.04, ""max_gap_ratio"": 0.03, ""min_overlap_pair_count"": 3, ""min_overlap_ratio"": 0.5, ""premium_atr_contraction_ratio_max"": 0.65, ""premium_avg_body_ratio_max"": 0.018, ""premium_close_range_max"": 0.03, ""premium_overlap_ratio"": 0.65, ""window_days"": 5}, ""current_close_high_tolerance"": 0.03, ""current_close_low_tolerance"": 0.03, ""enabled"": true, ""low_test_close_tolerance_down"": 0.02, ""low_test_tolerance_up"": 0.02, ""max_box_days"": 30, ""max_volume_contraction_ratio"": 0.85, ""min_box_days"": 5, ""min_box_low_test_count"": 2, ""min_center_shift"": -0.03, ""normal_box_width_max"": 0.18, ""premium_box_width_max"": 0.12, ""premium_center_shift"": 0.0, ""premium_tail_volume_ratio_max"": 0.6, ""premium_volume_contraction_ratio"": 0.7, ""support_ready_position_max"": 0.4, ""tail_volume_ratio_max"": 0.75}, ""breakout_extended_max_pct"": 0.08, ""buy_zone_valid_days"": 3, ""consolidation_max_days"": 40, ""consolidation_min_days"": 5, ""cup_depth_max"": 0.35, ""cup_depth_min"": 0.12, ""enable_market_filter"": true, ""enabled"": true, ""expired_cooldown_days"": 5, ""failed_cooldown_days"": 10, ""key_min_score"": 75, ""kline_days"": 1100, ""limit_up_volume_ratio"": 1.5, ""low_volume_limit_up_min_ratio"": 0.6, ""ma50_min_ratio"": 0.92, ""market_filter_mode"": ""downgrade"", ""max_amp_10d_a"": 0.4, ""max_amp_10d_b"": 0.35, ""max_amp_10d_s"": 0.45, ""max_amp_5d_a"": 0.22, ""max_amp_5d_b"": 0.18, ""max_amp_5d_s"": 0.25, ""max_pullback_20d_a"": -0.26, ""max_pullback_20d_b"": -0.22, ""max_pullback_20d_s"": -0.3, ""max_watch_days"": 10, ""min_avg_amount_10d_yi"": 5, ""min_avg_amount_30d_yi"": 5, ""min_avg_amount_60d_yi"": 3, ""min_relative_strength_20"": 0.1, ""minimum_trading_days"": 500, ""near_120d_high_ratio"": 0.98, ""normal_start_close_position"": 0.65, ""normal_start_min_amount_yi"": 2, ""normal_start_return"": 0.07, ""normal_start_self_amount_percentile"": 0.9, ""normal_start_volume_ratio"": 2.0, ""pattern_filter_enabled"": true, ""pattern_filter_mode"": ""score_only"", ""pattern_pivot_proximity_pct"": 0.05, ""platform_max_range"": 0.12, ""ready_min_score"": 85, ""rr2_min_key"": 2.0, ""rr2_min_ready"": 2.5, ""rr2_min_watch"": 1.5, ""start_age_max_days"": 60, ""start_age_min_days"": 5, ""start_lookback_days"": 60, ""stop_atr_multiplier"": 0.8, ""stop_key_support_pct"": 0.03, ""support_cluster_atr_multiplier"": 0.5, ""support_cluster_price_pct"": 0.015, ""support_test_lookback"": 10, ""support_zone_atr_multiplier"": 0.3, ""support_zone_price_pct"": 0.01, ""tail_close_range_5"": 0.08, ""tail_min_return_3"": -0.04, ""tail_min_return_5"": -0.06, ""tail_strong_volume_ratio_5_20"": 0.6, ""tail_volume_ratio_5_20"": 0.75, ""tail_window_days"": 5, ""target_2_cap_pct"": 0.35, ""vcp_contraction_range_ratio"": 0.9, ""vcp_contraction_volume_ratio"": 0.95, ""vcp_min_first_range"": 0.08, ""watch_min_score"": 60}","{""avg_loss_r"": 1.01225875, ""avg_net_return"": -0.08651405250000001, ""avg_win_r"": 0.0, ""expectancy_r"": -1.01225875, ""losses"": 4, ""max_drawdown"": 0.042820698355999894, ""median_net_return"": -0.090341385, ""net_profit"": -642.241456, ""net_return"": -0.04282069835599989, ""profit_factor"": 0.0, ""single_month_profit_concentration"": 0.0, ""top5_profit_concentration"": 0.0, ""trades"": 4, ""win_rate"": 0.0, ""wins"": 0}"
s6opt-comprehensive-fe84532,pattern,s6trial-4619429b2c272715,OAT,s6ps-6bf6568406aa6f73,s6ps-71bdb4dbb9c5c096,COMPLETED_WITH_SKIPS,s6bt-5e9ce1bc690096578094,,,"{""absolute_max_amp_10d"": 0.5, ""absolute_max_pullback_20d"": -0.35, ""amount10_vs_30_min_ratio"": 0.8, ""big_down_return"": -0.07, ""big_down_volume_ratio"": 1.5, ""box_tail"": {""breakout_ready_position_min"": 0.75, ""broken_close_tolerance"": 0.03, ""compact_kline"": {""atr_contraction_ratio_max"": 0.8, ""avg_body_ratio_max"": 0.025, ""close_range_max"": 0.05, ""enabled"": true, ""max_body_ratio_max"": 0.04, ""max_gap_ratio"": 0.03, ""min_overlap_pair_count"": 3, ""min_overlap_ratio"": 0.5, ""premium_atr_contraction_ratio_max"": 0.65, ""premium_avg_body_ratio_max"": 0.018, ""premium_close_range_max"": 0.03, ""premium_overlap_ratio"": 0.65, ""window_days"": 5}, ""current_close_high_tolerance"": 0.03, ""current_close_low_tolerance"": 0.03, ""enabled"": true, ""low_test_close_tolerance_down"": 0.02, ""low_test_tolerance_up"": 0.02, ""max_box_days"": 30, ""max_volume_contraction_ratio"": 0.85, ""min_box_days"": 5, ""min_box_low_test_count"": 2, ""min_center_shift"": -0.03, ""normal_box_width_max"": 0.18, ""premium_box_width_max"": 0.12, ""premium_center_shift"": 0.0, ""premium_tail_volume_ratio_max"": 0.6, ""premium_volume_contraction_ratio"": 0.7, ""support_ready_position_max"": 0.4, ""tail_volume_ratio_max"": 0.75}, ""breakout_extended_max_pct"": 0.08, ""buy_zone_valid_days"": 3, ""consolidation_max_days"": 40, ""consolidation_min_days"": 5, ""cup_depth_max"": 0.35, ""cup_depth_min"": 0.1, ""enable_market_filter"": true, ""enabled"": true, ""expired_cooldown_days"": 5, ""failed_cooldown_days"": 10, ""key_min_score"": 75, ""kline_days"": 1100, ""limit_up_volume_ratio"": 1.5, ""low_volume_limit_up_min_ratio"": 0.6, ""ma50_min_ratio"": 0.92, ""market_filter_mode"": ""downgrade"", ""max_amp_10d_a"": 0.4, ""max_amp_10d_b"": 0.35, ""max_amp_10d_s"": 0.45, ""max_amp_5d_a"": 0.22, ""max_amp_5d_b"": 0.18, ""max_amp_5d_s"": 0.25, ""max_pullback_20d_a"": -0.26, ""max_pullback_20d_b"": -0.22, ""max_pullback_20d_s"": -0.3, ""max_watch_days"": 10, ""min_avg_amount_10d_yi"": 5, ""min_avg_amount_30d_yi"": 5, ""min_avg_amount_60d_yi"": 3, ""min_relative_strength_20"": 0.1, ""minimum_trading_days"": 500, ""near_120d_high_ratio"": 0.98, ""normal_start_close_position"": 0.65, ""normal_start_min_amount_yi"": 2, ""normal_start_return"": 0.07, ""normal_start_self_amount_percentile"": 0.9, ""normal_start_volume_ratio"": 2.0, ""pattern_filter_enabled"": true, ""pattern_filter_mode"": ""score_only"", ""pattern_pivot_proximity_pct"": 0.05, ""platform_max_range"": 0.12, ""ready_min_score"": 85, ""rr2_min_key"": 2.0, ""rr2_min_ready"": 2.5, ""rr2_min_watch"": 1.5, ""start_age_max_days"": 60, ""start_age_min_days"": 5, ""start_lookback_days"": 60, ""stop_atr_multiplier"": 0.8, ""stop_key_support_pct"": 0.03, ""support_cluster_atr_multiplier"": 0.5, ""support_cluster_price_pct"": 0.015, ""support_test_lookback"": 10, ""support_zone_atr_multiplier"": 0.3, ""support_zone_price_pct"": 0.01, ""tail_close_range_5"": 0.08, ""tail_min_return_3"": -0.04, ""tail_min_return_5"": -0.06, ""tail_strong_volume_ratio_5_20"": 0.6, ""tail_volume_ratio_5_20"": 0.75, ""tail_window_days"": 5, ""target_2_cap_pct"": 0.35, ""vcp_contraction_range_ratio"": 0.9, ""vcp_contraction_volume_ratio"": 0.9, ""vcp_min_first_range"": 0.08, ""watch_min_score"": 60}","{""avg_loss_r"": 1.01225875, ""avg_net_return"": -0.08651405250000001, ""avg_win_r"": 0.0, ""expectancy_r"": -1.01225875, ""losses"": 4, ""max_drawdown"": 0.042820698355999894, ""median_net_return"": -0.090341385, ""net_profit"": -642.241456, ""net_return"": -0.04282069835599989, ""profit_factor"": 0.0, ""single_month_profit_concentration"": 0.0, ""top5_profit_concentration"": 0.0, ""trades"": 4, ""win_rate"": 0.0, ""wins"": 0}"
s6opt-comprehensive-fe84532,pattern,s6trial-6809016afa788088,OAT,s6ps-e7f5d24e064bdb71,s6ps-71bdb4dbb9c5c096,COMPLETED_WITH_SKIPS,s6bt-e2c2ac23e7c633e39379,,,"{""absolute_max_amp_10d"": 0.5, ""absolute_max_pullback_20d"": -0.35, ""amount10_vs_30_min_ratio"": 0.8, ""big_down_return"": -0.07, ""big_down_volume_ratio"": 1.5, ""box_tail"": {""breakout_ready_position_min"": 0.75, ""broken_close_tolerance"": 0.03, ""compact_kline"": {""atr_contraction_ratio_max"": 0.8, ""avg_body_ratio_max"": 0.025, ""close_range_max"": 0.05, ""enabled"": true, ""max_body_ratio_max"": 0.04, ""max_gap_ratio"": 0.03, ""min_overlap_pair_count"": 3, ""min_overlap_ratio"": 0.5, ""premium_atr_contraction_ratio_max"": 0.65, ""premium_avg_body_ratio_max"": 0.018, ""premium_close_range_max"": 0.03, ""premium_overlap_ratio"": 0.65, ""window_days"": 5}, ""current_close_high_tolerance"": 0.03, ""current_close_low_tolerance"": 0.03, ""enabled"": true, ""low_test_close_tolerance_down"": 0.02, ""low_test_tolerance_up"": 0.02, ""max_box_days"": 30, ""max_volume_contraction_ratio"": 0.85, ""min_box_days"": 5, ""min_box_low_test_count"": 2, ""min_center_shift"": -0.03, ""normal_box_width_max"": 0.18, ""premium_box_width_max"": 0.12, ""premium_center_shift"": 0.0, ""premium_tail_volume_ratio_max"": 0.6, ""premium_volume_contraction_ratio"": 0.7, ""support_ready_position_max"": 0.4, ""tail_volume_ratio_max"": 0.75}, ""breakout_extended_max_pct"": 0.08, ""buy_zone_valid_days"": 3, ""consolidation_max_days"": 40, ""consolidation_min_days"": 5, ""cup_depth_max"": 0.35, ""cup_depth_min"": 0.12, ""enable_market_filter"": true, ""enabled"": true, ""expired_cooldown_days"": 5, ""failed_cooldown_days"": 10, ""key_min_score"": 75, ""kline_days"": 1100, ""limit_up_volume_ratio"": 1.5, ""low_volume_limit_up_min_ratio"": 0.6, ""ma50_min_ratio"": 0.92, ""market_filter_mode"": ""downgrade"", ""max_amp_10d_a"": 0.4, ""max_amp_10d_b"": 0.35, ""max_amp_10d_s"": 0.45, ""max_amp_5d_a"": 0.22, ""max_amp_5d_b"": 0.18, ""max_amp_5d_s"": 0.25, ""max_pullback_20d_a"": -0.26, ""max_pullback_20d_b"": -0.22, ""max_pullback_20d_s"": -0.3, ""max_watch_days"": 10, ""min_avg_amount_10d_yi"": 5, ""min_avg_amount_30d_yi"": 5, ""min_avg_amount_60d_yi"": 3, ""min_relative_strength_20"": 0.1, ""minimum_trading_days"": 500, ""near_120d_high_ratio"": 0.98, ""normal_start_close_position"": 0.65, ""normal_start_min_amount_yi"": 2, ""normal_start_return"": 0.07, ""normal_start_self_amount_percentile"": 0.9, ""normal_start_volume_ratio"": 2.0, ""pattern_filter_enabled"": true, ""pattern_filter_mode"": ""score_only"", ""pattern_pivot_proximity_pct"": 0.05, ""platform_max_range"": 0.12, ""ready_min_score"": 85, ""rr2_min_key"": 2.0, ""rr2_min_ready"": 2.5, ""rr2_min_watch"": 1.5, ""start_age_max_days"": 60, ""start_age_min_days"": 5, ""start_lookback_days"": 60, ""stop_atr_multiplier"": 0.8, ""stop_key_support_pct"": 0.03, ""support_cluster_atr_multiplier"": 0.5, ""support_cluster_price_pct"": 0.015, ""support_test_lookback"": 10, ""support_zone_atr_multiplier"": 0.3, ""support_zone_price_pct"": 0.01, ""tail_close_range_5"": 0.08, ""tail_min_return_3"": -0.04, ""tail_min_return_5"": -0.06, ""tail_strong_volume_ratio_5_20"": 0.6, ""tail_volume_ratio_5_20"": 0.75, ""tail_window_days"": 5, ""target_2_cap_pct"": 0.35, ""vcp_contraction_range_ratio"": 0.85, ""vcp_contraction_volume_ratio"": 0.9, ""vcp_min_first_range"": 0.08, ""watch_min_score"": 60}","{""avg_loss_r"": 1.01225875, ""avg_net_return"": -0.08651405250000001, ""avg_win_r"": 0.0, ""expectancy_r"": -1.01225875, ""losses"": 4, ""max_drawdown"": 0.042820698355999894, ""median_net_return"": -0.090341385, ""net_profit"": -642.241456, ""net_return"": -0.04282069835599989, ""profit_factor"": 0.0, ""single_month_profit_concentration"": 0.0, ""top5_profit_concentration"": 0.0, ""trades"": 4, ""win_rate"": 0.0, ""wins"": 0}"
s6opt-comprehensive-fe84532,pattern,s6trial-7922720a6e4d69d0,OAT,s6ps-39f248c95440d6bc,s6ps-71bdb4dbb9c5c096,COMPLETED_WITH_SKIPS,s6bt-ae5830407db05bbcbe92,,,"{""absolute_max_amp_10d"": 0.5, ""absolute_max_pullback_20d"": -0.35, ""amount10_vs_30_min_ratio"": 0.8, ""big_down_return"": -0.07, ""big_down_volume_ratio"": 1.5, ""box_tail"": {""breakout_ready_position_min"": 0.75, ""broken_close_tolerance"": 0.03, ""compact_kline"": {""atr_contraction_ratio_max"": 0.8, ""avg_body_ratio_max"": 0.025, ""close_range_max"": 0.05, ""enabled"": true, ""max_body_ratio_max"": 0.04, ""max_gap_ratio"": 0.03, ""min_overlap_pair_count"": 3, ""min_overlap_ratio"": 0.5, ""premium_atr_contraction_ratio_max"": 0.65, ""premium_avg_body_ratio_max"": 0.018, ""premium_close_range_max"": 0.03, ""premium_overlap_ratio"": 0.65, ""window_days"": 5}, ""current_close_high_tolerance"": 0.03, ""current_close_low_tolerance"": 0.03, ""enabled"": true, ""low_test_close_tolerance_down"": 0.02, ""low_test_tolerance_up"": 0.02, ""max_box_days"": 30, ""max_volume_contraction_ratio"": 0.85, ""min_box_days"": 5, ""min_box_low_test_count"": 2, ""min_center_shift"": -0.03, ""normal_box_width_max"": 0.18, ""premium_box_width_max"": 0.12, ""premium_center_shift"": 0.0, ""premium_tail_volume_ratio_max"": 0.6, ""premium_volume_contraction_ratio"": 0.7, ""support_ready_position_max"": 0.4, ""tail_volume_ratio_max"": 0.75}, ""breakout_extended_max_pct"": 0.08, ""buy_zone_valid_days"": 3, ""consolidation_max_days"": 40, ""consolidation_min_days"": 5, ""cup_depth_max"": 0.35, ""cup_depth_min"": 0.15, ""enable_market_filter"": true, ""enabled"": true, ""expired_cooldown_days"": 5, ""failed_cooldown_days"": 10, ""key_min_score"": 75, ""kline_days"": 1100, ""limit_up_volume_ratio"": 1.5, ""low_volume_limit_up_min_ratio"": 0.6, ""ma50_min_ratio"": 0.92, ""market_filter_mode"": ""downgrade"", ""max_amp_10d_a"": 0.4, ""max_amp_10d_b"": 0.35, ""max_amp_10d_s"": 0.45, ""max_amp_5d_a"": 0.22, ""max_amp_5d_b"": 0.18, ""max_amp_5d_s"": 0.25, ""max_pullback_20d_a"": -0.26, ""max_pullback_20d_b"": -0.22, ""max_pullback_20d_s"": -0.3, ""max_watch_days"": 10, ""min_avg_amount_10d_yi"": 5, ""min_avg_amount_30d_yi"": 5, ""min_avg_amount_60d_yi"": 3, ""min_relative_strength_20"": 0.1, ""minimum_trading_days"": 500, ""near_120d_high_ratio"": 0.98, ""normal_start_close_position"": 0.65, ""normal_start_min_amount_yi"": 2, ""normal_start_return"": 0.07, ""normal_start_self_amount_percentile"": 0.9, ""normal_start_volume_ratio"": 2.0, ""pattern_filter_enabled"": true, ""pattern_filter_mode"": ""score_only"", ""pattern_pivot_proximity_pct"": 0.05, ""platform_max_range"": 0.12, ""ready_min_score"": 85, ""rr2_min_key"": 2.0, ""rr2_min_ready"": 2.5, ""rr2_min_watch"": 1.5, ""start_age_max_days"": 60, ""start_age_min_days"": 5, ""start_lookback_days"": 60, ""stop_atr_multiplier"": 0.8, ""stop_key_support_pct"": 0.03, ""support_cluster_atr_multiplier"": 0.5, ""support_cluster_price_pct"": 0.015, ""support_test_lookback"": 10, ""support_zone_atr_multiplier"": 0.3, ""support_zone_price_pct"": 0.01, ""tail_close_range_5"": 0.08, ""tail_min_return_3"": -0.04, ""tail_min_return_5"": -0.06, ""tail_strong_volume_ratio_5_20"": 0.6, ""tail_volume_ratio_5_20"": 0.75, ""tail_window_days"": 5, ""target_2_cap_pct"": 0.35, ""vcp_contraction_range_ratio"": 0.9, ""vcp_contraction_volume_ratio"": 0.9, ""vcp_min_first_range"": 0.08, ""watch_min_score"": 60}","{""avg_loss_r"": 1.01225875, ""avg_net_return"": -0.08651405250000001, ""avg_win_r"": 0.0, ""expectancy_r"": -1.01225875, ""losses"": 4, ""max_drawdown"": 0.042820698355999894, ""median_net_return"": -0.090341385, ""net_profit"": -642.241456, ""net_return"": -0.04282069835599989, ""profit_factor"": 0.0, ""single_month_profit_concentration"": 0.0, ""top5_profit_concentration"": 0.0, ""trades"": 4, ""win_rate"": 0.0, ""wins"": 0}"
s6opt-comprehensive-fe84532,pattern,s6trial-8aefb1a0c843f49b,OAT,s6ps-1bbaa2c8a3098152,s6ps-71bdb4dbb9c5c096,COMPLETED_WITH_SKIPS,s6bt-d8ff1001ebda75d2c9f8,,,"{""absolute_max_amp_10d"": 0.5, ""absolute_max_pullback_20d"": -0.35, ""amount10_vs_30_min_ratio"": 0.8, ""big_down_return"": -0.07, ""big_down_volume_ratio"": 1.5, ""box_tail"": {""breakout_ready_position_min"": 0.75, ""broken_close_tolerance"": 0.03, ""compact_kline"": {""atr_contraction_ratio_max"": 0.8, ""avg_body_ratio_max"": 0.025, ""close_range_max"": 0.05, ""enabled"": true, ""max_body_ratio_max"": 0.04, ""max_gap_ratio"": 0.03, ""min_overlap_pair_count"": 3, ""min_overlap_ratio"": 0.5, ""premium_atr_contraction_ratio_max"": 0.65, ""premium_avg_body_ratio_max"": 0.018, ""premium_close_range_max"": 0.03, ""premium_overlap_ratio"": 0.65, ""window_days"": 5}, ""current_close_high_tolerance"": 0.03, ""current_close_low_tolerance"": 0.03, ""enabled"": true, ""low_test_close_tolerance_down"": 0.02, ""low_test_tolerance_up"": 0.02, ""max_box_days"": 30, ""max_volume_contraction_ratio"": 0.85, ""min_box_days"": 5, ""min_box_low_test_count"": 2, ""min_center_shift"": -0.03, ""normal_box_width_max"": 0.18, ""premium_box_width_max"": 0.12, ""premium_center_shift"": 0.0, ""premium_tail_volume_ratio_max"": 0.6, ""premium_volume_contraction_ratio"": 0.7, ""support_ready_position_max"": 0.4, ""tail_volume_ratio_max"": 0.75}, ""breakout_extended_max_pct"": 0.08, ""buy_zone_valid_days"": 3, ""consolidation_max_days"": 40, ""consolidation_min_days"": 5, ""cup_depth_max"": 0.35, ""cup_depth_min"": 0.12, ""enable_market_filter"": true, ""enabled"": true, ""expired_cooldown_days"": 5, ""failed_cooldown_days"": 10, ""key_min_score"": 75, ""kline_days"": 1100, ""limit_up_volume_ratio"": 1.5, ""low_volume_limit_up_min_ratio"": 0.6, ""ma50_min_ratio"": 0.92, ""market_filter_mode"": ""downgrade"", ""max_amp_10d_a"": 0.4, ""max_amp_10d_b"": 0.35, ""max_amp_10d_s"": 0.45, ""max_amp_5d_a"": 0.22, ""max_amp_5d_b"": 0.18, ""max_amp_5d_s"": 0.25, ""max_pullback_20d_a"": -0.26, ""max_pullback_20d_b"": -0.22, ""max_pullback_20d_s"": -0.3, ""max_watch_days"": 10, ""min_avg_amount_10d_yi"": 5, ""min_avg_amount_30d_yi"": 5, ""min_avg_amount_60d_yi"": 3, ""min_relative_strength_20"": 0.1, ""minimum_trading_days"": 500, ""near_120d_high_ratio"": 0.98, ""normal_start_close_position"": 0.65, ""normal_start_min_amount_yi"": 2, ""normal_start_return"": 0.07, ""normal_start_self_amount_percentile"": 0.9, ""normal_start_volume_ratio"": 2.0, ""pattern_filter_enabled"": true, ""pattern_filter_mode"": ""score_only"", ""pattern_pivot_proximity_pct"": 0.05, ""platform_max_range"": 0.08, ""ready_min_score"": 85, ""rr2_min_key"": 2.0, ""rr2_min_ready"": 2.5, ""rr2_min_watch"": 1.5, ""start_age_max_days"": 60, ""start_age_min_days"": 5, ""start_lookback_days"": 60, ""stop_atr_multiplier"": 0.8, ""stop_key_support_pct"": 0.03, ""support_cluster_atr_multiplier"": 0.5, ""support_cluster_price_pct"": 0.015, ""support_test_lookback"": 10, ""support_zone_atr_multiplier"": 0.3, ""support_zone_price_pct"": 0.01, ""tail_close_range_5"": 0.08, ""tail_min_return_3"": -0.04, ""tail_min_return_5"": -0.06, ""tail_strong_volume_ratio_5_20"": 0.6, ""tail_volume_ratio_5_20"": 0.75, ""tail_window_days"": 5, ""target_2_cap_pct"": 0.35, ""vcp_contraction_range_ratio"": 0.9, ""vcp_contraction_volume_ratio"": 0.9, ""vcp_min_first_range"": 0.08, ""watch_min_score"": 60}","{""avg_loss_r"": 1.01225875, ""avg_net_return"": -0.08651405250000001, ""avg_win_r"": 0.0, ""expectancy_r"": -1.01225875, ""losses"": 4, ""max_drawdown"": 0.042820698355999894, ""median_net_return"": -0.090341385, ""net_profit"": -642.241456, ""net_return"": -0.04282069835599989, ""profit_factor"": 0.0, ""single_month_profit_concentration"": 0.0, ""top5_profit_concentration"": 0.0, ""trades"": 4, ""win_rate"": 0.0, ""wins"": 0}"
s6opt-comprehensive-fe84532,pattern,s6trial-9c175e2631b6691c,OAT,s6ps-40b966b6179ad771,s6ps-71bdb4dbb9c5c096,COMPLETED_WITH_SKIPS,s6bt-7b11ddbd9a1de661f591,,,"{""absolute_max_amp_10d"": 0.5, ""absolute_max_pullback_20d"": -0.35, ""amount10_vs_30_min_ratio"": 0.8, ""big_down_return"": -0.07, ""big_down_volume_ratio"": 1.5, ""box_tail"": {""breakout_ready_position_min"": 0.75, ""broken_close_tolerance"": 0.03, ""compact_kline"": {""atr_contraction_ratio_max"": 0.8, ""avg_body_ratio_max"": 0.025, ""close_range_max"": 0.05, ""enabled"": true, ""max_body_ratio_max"": 0.04, ""max_gap_ratio"": 0.03, ""min_overlap_pair_count"": 3, ""min_overlap_ratio"": 0.5, ""premium_atr_contraction_ratio_max"": 0.65, ""premium_avg_body_ratio_max"": 0.018, ""premium_close_range_max"": 0.03, ""premium_overlap_ratio"": 0.65, ""window_days"": 5}, ""current_close_high_tolerance"": 0.03, ""current_close_low_tolerance"": 0.03, ""enabled"": true, ""low_test_close_tolerance_down"": 0.02, ""low_test_tolerance_up"": 0.02, ""max_box_days"": 30, ""max_volume_contraction_ratio"": 0.85, ""min_box_days"": 5, ""min_box_low_test_count"": 2, ""min_center_shift"": -0.03, ""normal_box_width_max"": 0.18, ""premium_box_width_max"": 0.12, ""premium_center_shift"": 0.0, ""premium_tail_volume_ratio_max"": 0.6, ""premium_volume_contraction_ratio"": 0.7, ""support_ready_position_max"": 0.4, ""tail_volume_ratio_max"": 0.75}, ""breakout_extended_max_pct"": 0.08, ""buy_zone_valid_days"": 3, ""consolidation_max_days"": 40, ""consolidation_min_days"": 5, ""cup_depth_max"": 0.35, ""cup_depth_min"": 0.12, ""enable_market_filter"": true, ""enabled"": true, ""expired_cooldown_days"": 5, ""failed_cooldown_days"": 10, ""key_min_score"": 75, ""kline_days"": 1100, ""limit_up_volume_ratio"": 1.5, ""low_volume_limit_up_min_ratio"": 0.6, ""ma50_min_ratio"": 0.92, ""market_filter_mode"": ""downgrade"", ""max_amp_10d_a"": 0.4, ""max_amp_10d_b"": 0.35, ""max_amp_10d_s"": 0.45, ""max_amp_5d_a"": 0.22, ""max_amp_5d_b"": 0.18, ""max_amp_5d_s"": 0.25, ""max_pullback_20d_a"": -0.26, ""max_pullback_20d_b"": -0.22, ""max_pullback_20d_s"": -0.3, ""max_watch_days"": 10, ""min_avg_amount_10d_yi"": 5, ""min_avg_amount_30d_yi"": 5, ""min_avg_amount_60d_yi"": 3, ""min_relative_strength_20"": 0.1, ""minimum_trading_days"": 500, ""near_120d_high_ratio"": 0.98, ""normal_start_close_position"": 0.65, ""normal_start_min_amount_yi"": 2, ""normal_start_return"": 0.07, ""normal_start_self_amount_percentile"": 0.9, ""normal_start_volume_ratio"": 2.0, ""pattern_filter_enabled"": true, ""pattern_filter_mode"": ""score_only"", ""pattern_pivot_proximity_pct"": 0.05, ""platform_max_range"": 0.12, ""ready_min_score"": 85, ""rr2_min_key"": 2.0, ""rr2_min_ready"": 2.5, ""rr2_min_watch"": 1.5, ""start_age_max_days"": 60, ""start_age_min_days"": 5, ""start_lookback_days"": 60, ""stop_atr_multiplier"": 0.8, ""stop_key_support_pct"": 0.03, ""support_cluster_atr_multiplier"": 0.5, ""support_cluster_price_pct"": 0.015, ""support_test_lookback"": 10, ""support_zone_atr_multiplier"": 0.3, ""support_zone_price_pct"": 0.01, ""tail_close_range_5"": 0.08, ""tail_min_return_3"": -0.04, ""tail_min_return_5"": -0.06, ""tail_strong_volume_ratio_5_20"": 0.6, ""tail_volume_ratio_5_20"": 0.75, ""tail_window_days"": 5, ""target_2_cap_pct"": 0.35, ""vcp_contraction_range_ratio"": 0.75, ""vcp_contraction_volume_ratio"": 0.9, ""vcp_min_first_range"": 0.08, ""watch_min_score"": 60}","{""avg_loss_r"": 1.01225875, ""avg_net_return"": -0.08651405250000001, ""avg_win_r"": 0.0, ""expectancy_r"": -1.01225875, ""losses"": 4, ""max_drawdown"": 0.042820698355999894, ""median_net_return"": -0.090341385, ""net_profit"": -642.241456, ""net_return"": -0.04282069835599989, ""profit_factor"": 0.0, ""single_month_profit_concentration"": 0.0, ""top5_profit_concentration"": 0.0, ""trades"": 4, ""win_rate"": 0.0, ""wins"": 0}"
s6opt-comprehensive-fe84532,pattern,s6trial-9c28470a8c1b9143,OAT,s6ps-04de84aacb7a8809,s6ps-71bdb4dbb9c5c096,COMPLETED_WITH_SKIPS,s6bt-1bfd89f22ee0550e864f,,,"{""absolute_max_amp_10d"": 0.5, ""absolute_max_pullback_20d"": -0.35, ""amount10_vs_30_min_ratio"": 0.8, ""big_down_return"": -0.07, ""big_down_volume_ratio"": 1.5, ""box_tail"": {""breakout_ready_position_min"": 0.75, ""broken_close_tolerance"": 0.03, ""compact_kline"": {""atr_contraction_ratio_max"": 0.8, ""avg_body_ratio_max"": 0.025, ""close_range_max"": 0.05, ""enabled"": true, ""max_body_ratio_max"": 0.04, ""max_gap_ratio"": 0.03, ""min_overlap_pair_count"": 3, ""min_overlap_ratio"": 0.5, ""premium_atr_contraction_ratio_max"": 0.65, ""premium_avg_body_ratio_max"": 0.018, ""premium_close_range_max"": 0.03, ""premium_overlap_ratio"": 0.65, ""window_days"": 5}, ""current_close_high_tolerance"": 0.03, ""current_close_low_tolerance"": 0.03, ""enabled"": true, ""low_test_close_tolerance_down"": 0.02, ""low_test_tolerance_up"": 0.02, ""max_box_days"": 30, ""max_volume_contraction_ratio"": 0.85, ""min_box_days"": 5, ""min_box_low_test_count"": 2, ""min_center_shift"": -0.03, ""normal_box_width_max"": 0.18, ""premium_box_width_max"": 0.12, ""premium_center_shift"": 0.0, ""premium_tail_volume_ratio_max"": 0.6, ""premium_volume_contraction_ratio"": 0.7, ""support_ready_position_max"": 0.4, ""tail_volume_ratio_max"": 0.75}, ""breakout_extended_max_pct"": 0.08, ""buy_zone_valid_days"": 3, ""consolidation_max_days"": 40, ""consolidation_min_days"": 5, ""cup_depth_max"": 0.35, ""cup_depth_min"": 0.12, ""enable_market_filter"": true, ""enabled"": true, ""expired_cooldown_days"": 5, ""failed_cooldown_days"": 10, ""key_min_score"": 75, ""kline_days"": 1100, ""limit_up_volume_ratio"": 1.5, ""low_volume_limit_up_min_ratio"": 0.6, ""ma50_min_ratio"": 0.92, ""market_filter_mode"": ""downgrade"", ""max_amp_10d_a"": 0.4, ""max_amp_10d_b"": 0.35, ""max_amp_10d_s"": 0.45, ""max_amp_5d_a"": 0.22, ""max_amp_5d_b"": 0.18, ""max_amp_5d_s"": 0.25, ""max_pullback_20d_a"": -0.26, ""max_pullback_20d_b"": -0.22, ""max_pullback_20d_s"": -0.3, ""max_watch_days"": 10, ""min_avg_amount_10d_yi"": 5, ""min_avg_amount_30d_yi"": 5, ""min_avg_amount_60d_yi"": 3, ""min_relative_strength_20"": 0.1, ""minimum_trading_days"": 500, ""near_120d_high_ratio"": 0.98, ""normal_start_close_position"": 0.65, ""normal_start_min_amount_yi"": 2, ""normal_start_return"": 0.07, ""normal_start_self_amount_percentile"": 0.9, ""normal_start_volume_ratio"": 2.0, ""pattern_filter_enabled"": true, ""pattern_filter_mode"": ""score_only"", ""pattern_pivot_proximity_pct"": 0.05, ""platform_max_range"": 0.12, ""ready_min_score"": 85, ""rr2_min_key"": 2.0, ""rr2_min_ready"": 2.5, ""rr2_min_watch"": 1.5, ""start_age_max_days"": 60, ""start_age_min_days"": 5, ""start_lookback_days"": 60, ""stop_atr_multiplier"": 0.8, ""stop_key_support_pct"": 0.03, ""support_cluster_atr_multiplier"": 0.5, ""support_cluster_price_pct"": 0.015, ""support_test_lookback"": 10, ""support_zone_atr_multiplier"": 0.3, ""support_zone_price_pct"": 0.01, ""tail_close_range_5"": 0.08, ""tail_min_return_3"": -0.04, ""tail_min_return_5"": -0.06, ""tail_strong_volume_ratio_5_20"": 0.6, ""tail_volume_ratio_5_20"": 0.75, ""tail_window_days"": 5, ""target_2_cap_pct"": 0.35, ""vcp_contraction_range_ratio"": 0.9, ""vcp_contraction_volume_ratio"": 0.75, ""vcp_min_first_range"": 0.08, ""watch_min_score"": 60}","{""avg_loss_r"": 1.01225875, ""avg_net_return"": -0.08651405250000001, ""avg_win_r"": 0.0, ""expectancy_r"": -1.01225875, ""losses"": 4, ""max_drawdown"": 0.042820698355999894, ""median_net_return"": -0.090341385, ""net_profit"": -642.241456, ""net_return"": -0.04282069835599989, ""profit_factor"": 0.0, ""single_month_profit_concentration"": 0.0, ""top5_profit_concentration"": 0.0, ""trades"": 4, ""win_rate"": 0.0, ""wins"": 0}"
s6opt-comprehensive-fe84532,pattern,s6trial-a55cdb0c3897157e,OAT,s6ps-956b7fe2db1f00ca,s6ps-71bdb4dbb9c5c096,COMPLETED_WITH_SKIPS,s6bt-19eac852dcf21dc31365,,,"{""absolute_max_amp_10d"": 0.5, ""absolute_max_pullback_20d"": -0.35, ""amount10_vs_30_min_ratio"": 0.8, ""big_down_return"": -0.07, ""big_down_volume_ratio"": 1.5, ""box_tail"": {""breakout_ready_position_min"": 0.75, ""broken_close_tolerance"": 0.03, ""compact_kline"": {""atr_contraction_ratio_max"": 0.8, ""avg_body_ratio_max"": 0.025, ""close_range_max"": 0.05, ""enabled"": true, ""max_body_ratio_max"": 0.04, ""max_gap_ratio"": 0.03, ""min_overlap_pair_count"": 3, ""min_overlap_ratio"": 0.5, ""premium_atr_contraction_ratio_max"": 0.65, ""premium_avg_body_ratio_max"": 0.018, ""premium_close_range_max"": 0.03, ""premium_overlap_ratio"": 0.65, ""window_days"": 5}, ""current_close_high_tolerance"": 0.03, ""current_close_low_tolerance"": 0.03, ""enabled"": true, ""low_test_close_tolerance_down"": 0.02, ""low_test_tolerance_up"": 0.02, ""max_box_days"": 30, ""max_volume_contraction_ratio"": 0.85, ""min_box_days"": 5, ""min_box_low_test_count"": 2, ""min_center_shift"": -0.03, ""normal_box_width_max"": 0.18, ""premium_box_width_max"": 0.12, ""premium_center_shift"": 0.0, ""premium_tail_volume_ratio_max"": 0.6, ""premium_volume_contraction_ratio"": 0.7, ""support_ready_position_max"": 0.4, ""tail_volume_ratio_max"": 0.75}, ""breakout_extended_max_pct"": 0.08, ""buy_zone_valid_days"": 3, ""consolidation_max_days"": 40, ""consolidation_min_days"": 5, ""cup_depth_max"": 0.35, ""cup_depth_min"": 0.12, ""enable_market_filter"": true, ""enabled"": true, ""expired_cooldown_days"": 5, ""failed_cooldown_days"": 10, ""key_min_score"": 75, ""kline_days"": 1100, ""limit_up_volume_ratio"": 1.5, ""low_volume_limit_up_min_ratio"": 0.6, ""ma50_min_ratio"": 0.92, ""market_filter_mode"": ""downgrade"", ""max_amp_10d_a"": 0.4, ""max_amp_10d_b"": 0.35, ""max_amp_10d_s"": 0.45, ""max_amp_5d_a"": 0.22, ""max_amp_5d_b"": 0.18, ""max_amp_5d_s"": 0.25, ""max_pullback_20d_a"": -0.26, ""max_pullback_20d_b"": -0.22, ""max_pullback_20d_s"": -0.3, ""max_watch_days"": 10, ""min_avg_amount_10d_yi"": 5, ""min_avg_amount_30d_yi"": 5, ""min_avg_amount_60d_yi"": 3, ""min_relative_strength_20"": 0.1, ""minimum_trading_days"": 500, ""near_120d_high_ratio"": 0.98, ""normal_start_close_position"": 0.65, ""normal_start_min_amount_yi"": 2, ""normal_start_return"": 0.07, ""normal_start_self_amount_percentile"": 0.9, ""normal_start_volume_ratio"": 2.0, ""pattern_filter_enabled"": true, ""pattern_filter_mode"": ""score_only"", ""pattern_pivot_proximity_pct"": 0.05, ""platform_max_range"": 0.15, ""ready_min_score"": 85, ""rr2_min_key"": 2.0, ""rr2_min_ready"": 2.5, ""rr2_min_watch"": 1.5, ""start_age_max_days"": 60, ""start_age_min_days"": 5, ""start_lookback_days"": 60, ""stop_atr_multiplier"": 0.8, ""stop_key_support_pct"": 0.03, ""support_cluster_atr_multiplier"": 0.5, ""support_cluster_price_pct"": 0.015, ""support_test_lookback"": 10, ""support_zone_atr_multiplier"": 0.3, ""support_zone_price_pct"": 0.01, ""tail_close_range_5"": 0.08, ""tail_min_return_3"": -0.04, ""tail_min_return_5"": -0.06, ""tail_strong_volume_ratio_5_20"": 0.6, ""tail_volume_ratio_5_20"": 0.75, ""tail_window_days"": 5, ""target_2_cap_pct"": 0.35, ""vcp_contraction_range_ratio"": 0.9, ""vcp_contraction_volume_ratio"": 0.9, ""vcp_min_first_range"": 0.08, ""watch_min_score"": 60}","{""avg_loss_r"": 1.01225875, ""avg_net_return"": -0.08651405250000001, ""avg_win_r"": 0.0, ""expectancy_r"": -1.01225875, ""losses"": 4, ""max_drawdown"": 0.042820698355999894, ""median_net_return"": -0.090341385, ""net_profit"": -642.241456, ""net_return"": -0.04282069835599989, ""profit_factor"": 0.0, ""single_month_profit_concentration"": 0.0, ""top5_profit_concentration"": 0.0, ""trades"": 4, ""win_rate"": 0.0, ""wins"": 0}"
s6opt-comprehensive-fe84532,pattern,s6trial-d2f1a9011108709c,OAT,s6ps-1bb05ebd8d886faf,s6ps-71bdb4dbb9c5c096,COMPLETED_WITH_SKIPS,s6bt-532c37c71d5ea0261739,,,"{""absolute_max_amp_10d"": 0.5, ""absolute_max_pullback_20d"": -0.35, ""amount10_vs_30_min_ratio"": 0.8, ""big_down_return"": -0.07, ""big_down_volume_ratio"": 1.5, ""box_tail"": {""breakout_ready_position_min"": 0.75, ""broken_close_tolerance"": 0.03, ""compact_kline"": {""atr_contraction_ratio_max"": 0.8, ""avg_body_ratio_max"": 0.025, ""close_range_max"": 0.05, ""enabled"": true, ""max_body_ratio_max"": 0.04, ""max_gap_ratio"": 0.03, ""min_overlap_pair_count"": 3, ""min_overlap_ratio"": 0.5, ""premium_atr_contraction_ratio_max"": 0.65, ""premium_avg_body_ratio_max"": 0.018, ""premium_close_range_max"": 0.03, ""premium_overlap_ratio"": 0.65, ""window_days"": 5}, ""current_close_high_tolerance"": 0.03, ""current_close_low_tolerance"": 0.03, ""enabled"": true, ""low_test_close_tolerance_down"": 0.02, ""low_test_tolerance_up"": 0.02, ""max_box_days"": 30, ""max_volume_contraction_ratio"": 0.85, ""min_box_days"": 5, ""min_box_low_test_count"": 2, ""min_center_shift"": -0.03, ""normal_box_width_max"": 0.18, ""premium_box_width_max"": 0.12, ""premium_center_shift"": 0.0, ""premium_tail_volume_ratio_max"": 0.6, ""premium_volume_contraction_ratio"": 0.7, ""support_ready_position_max"": 0.4, ""tail_volume_ratio_max"": 0.75}, ""breakout_extended_max_pct"": 0.08, ""buy_zone_valid_days"": 3, ""consolidation_max_days"": 40, ""consolidation_min_days"": 5, ""cup_depth_max"": 0.4, ""cup_depth_min"": 0.12, ""enable_market_filter"": true, ""enabled"": true, ""expired_cooldown_days"": 5, ""failed_cooldown_days"": 10, ""key_min_score"": 75, ""kline_days"": 1100, ""limit_up_volume_ratio"": 1.5, ""low_volume_limit_up_min_ratio"": 0.6, ""ma50_min_ratio"": 0.92, ""market_filter_mode"": ""downgrade"", ""max_amp_10d_a"": 0.4, ""max_amp_10d_b"": 0.35, ""max_amp_10d_s"": 0.45, ""max_amp_5d_a"": 0.22, ""max_amp_5d_b"": 0.18, ""max_amp_5d_s"": 0.25, ""max_pullback_20d_a"": -0.26, ""max_pullback_20d_b"": -0.22, ""max_pullback_20d_s"": -0.3, ""max_watch_days"": 10, ""min_avg_amount_10d_yi"": 5, ""min_avg_amount_30d_yi"": 5, ""min_avg_amount_60d_yi"": 3, ""min_relative_strength_20"": 0.1, ""minimum_trading_days"": 500, ""near_120d_high_ratio"": 0.98, ""normal_start_close_position"": 0.65, ""normal_start_min_amount_yi"": 2, ""normal_start_return"": 0.07, ""normal_start_self_amount_percentile"": 0.9, ""normal_start_volume_ratio"": 2.0, ""pattern_filter_enabled"": true, ""pattern_filter_mode"": ""score_only"", ""pattern_pivot_proximity_pct"": 0.05, ""platform_max_range"": 0.12, ""ready_min_score"": 85, ""rr2_min_key"": 2.0, ""rr2_min_ready"": 2.5, ""rr2_min_watch"": 1.5, ""start_age_max_days"": 60, ""start_age_min_days"": 5, ""start_lookback_days"": 60, ""stop_atr_multiplier"": 0.8, ""stop_key_support_pct"": 0.03, ""support_cluster_atr_multiplier"": 0.5, ""support_cluster_price_pct"": 0.015, ""support_test_lookback"": 10, ""support_zone_atr_multiplier"": 0.3, ""support_zone_price_pct"": 0.01, ""tail_close_range_5"": 0.08, ""tail_min_return_3"": -0.04, ""tail_min_return_5"": -0.06, ""tail_strong_volume_ratio_5_20"": 0.6, ""tail_volume_ratio_5_20"": 0.75, ""tail_window_days"": 5, ""target_2_cap_pct"": 0.35, ""vcp_contraction_range_ratio"": 0.9, ""vcp_contraction_volume_ratio"": 0.9, ""vcp_min_first_range"": 0.08, ""watch_min_score"": 60}","{""avg_loss_r"": 1.01225875, ""avg_net_return"": -0.08651405250000001, ""avg_win_r"": 0.0, ""expectancy_r"": -1.01225875, ""losses"": 4, ""max_drawdown"": 0.042820698355999894, ""median_net_return"": -0.090341385, ""net_profit"": -642.241456, ""net_return"": -0.04282069835599989, ""profit_factor"": 0.0, ""single_month_profit_concentration"": 0.0, ""top5_profit_concentration"": 0.0, ""trades"": 4, ""win_rate"": 0.0, ""wins"": 0}"
s6opt-comprehensive-fe84532,pattern,s6trial-e0168e18d4935537,BASELINE,s6ps-71bdb4dbb9c5c096,s6ps-71bdb4dbb9c5c096,COMPLETED_WITH_SKIPS,s6bt-cd54377784c5192ec9e0,,,"{""absolute_max_amp_10d"": 0.5, ""absolute_max_pullback_20d"": -0.35, ""amount10_vs_30_min_ratio"": 0.8, ""big_down_return"": -0.07, ""big_down_volume_ratio"": 1.5, ""box_tail"": {""breakout_ready_position_min"": 0.75, ""broken_close_tolerance"": 0.03, ""compact_kline"": {""atr_contraction_ratio_max"": 0.8, ""avg_body_ratio_max"": 0.025, ""close_range_max"": 0.05, ""enabled"": true, ""max_body_ratio_max"": 0.04, ""max_gap_ratio"": 0.03, ""min_overlap_pair_count"": 3, ""min_overlap_ratio"": 0.5, ""premium_atr_contraction_ratio_max"": 0.65, ""premium_avg_body_ratio_max"": 0.018, ""premium_close_range_max"": 0.03, ""premium_overlap_ratio"": 0.65, ""window_days"": 5}, ""current_close_high_tolerance"": 0.03, ""current_close_low_tolerance"": 0.03, ""enabled"": true, ""low_test_close_tolerance_down"": 0.02, ""low_test_tolerance_up"": 0.02, ""max_box_days"": 30, ""max_volume_contraction_ratio"": 0.85, ""min_box_days"": 5, ""min_box_low_test_count"": 2, ""min_center_shift"": -0.03, ""normal_box_width_max"": 0.18, ""premium_box_width_max"": 0.12, ""premium_center_shift"": 0.0, ""premium_tail_volume_ratio_max"": 0.6, ""premium_volume_contraction_ratio"": 0.7, ""support_ready_position_max"": 0.4, ""tail_volume_ratio_max"": 0.75}, ""breakout_extended_max_pct"": 0.08, ""buy_zone_valid_days"": 3, ""consolidation_max_days"": 40, ""consolidation_min_days"": 5, ""cup_depth_max"": 0.35, ""cup_depth_min"": 0.12, ""enable_market_filter"": true, ""enabled"": true, ""expired_cooldown_days"": 5, ""failed_cooldown_days"": 10, ""key_min_score"": 75, ""kline_days"": 1100, ""limit_up_volume_ratio"": 1.5, ""low_volume_limit_up_min_ratio"": 0.6, ""ma50_min_ratio"": 0.92, ""market_filter_mode"": ""downgrade"", ""max_amp_10d_a"": 0.4, ""max_amp_10d_b"": 0.35, ""max_amp_10d_s"": 0.45, ""max_amp_5d_a"": 0.22, ""max_amp_5d_b"": 0.18, ""max_amp_5d_s"": 0.25, ""max_pullback_20d_a"": -0.26, ""max_pullback_20d_b"": -0.22, ""max_pullback_20d_s"": -0.3, ""max_watch_days"": 10, ""min_avg_amount_10d_yi"": 5, ""min_avg_amount_30d_yi"": 5, ""min_avg_amount_60d_yi"": 3, ""min_relative_strength_20"": 0.1, ""minimum_trading_days"": 500, ""near_120d_high_ratio"": 0.98, ""normal_start_close_position"": 0.65, ""normal_start_min_amount_yi"": 2, ""normal_start_return"": 0.07, ""normal_start_self_amount_percentile"": 0.9, ""normal_start_volume_ratio"": 2.0, ""pattern_filter_enabled"": true, ""pattern_filter_mode"": ""score_only"", ""pattern_pivot_proximity_pct"": 0.05, ""platform_max_range"": 0.12, ""ready_min_score"": 85, ""rr2_min_key"": 2.0, ""rr2_min_ready"": 2.5, ""rr2_min_watch"": 1.5, ""start_age_max_days"": 60, ""start_age_min_days"": 5, ""start_lookback_days"": 60, ""stop_atr_multiplier"": 0.8, ""stop_key_support_pct"": 0.03, ""support_cluster_atr_multiplier"": 0.5, ""support_cluster_price_pct"": 0.015, ""support_test_lookback"": 10, ""support_zone_atr_multiplier"": 0.3, ""support_zone_price_pct"": 0.01, ""tail_close_range_5"": 0.08, ""tail_min_return_3"": -0.04, ""tail_min_return_5"": -0.06, ""tail_strong_volume_ratio_5_20"": 0.6, ""tail_volume_ratio_5_20"": 0.75, ""tail_window_days"": 5, ""target_2_cap_pct"": 0.35, ""vcp_contraction_range_ratio"": 0.9, ""vcp_contraction_volume_ratio"": 0.9, ""vcp_min_first_range"": 0.08, ""watch_min_score"": 60}","{""avg_loss_r"": 1.01225875, ""avg_net_return"": -0.08651405250000001, ""avg_win_r"": 0.0, ""expectancy_r"": -1.01225875, ""losses"": 4, ""max_drawdown"": 0.042820698355999894, ""median_net_return"": -0.090341385, ""net_profit"": -642.241456, ""net_return"": -0.04282069835599989, ""profit_factor"": 0.0, ""single_month_profit_concentration"": 0.0, ""top5_profit_concentration"": 0.0, ""trades"": 4, ""win_rate"": 0.0, ""wins"": 0}"
s6opt-comprehensive-fe84532,pattern,s6trial-e38a6212875e1246,OAT,s6ps-0931816a2118d025,s6ps-71bdb4dbb9c5c096,COMPLETED_WITH_SKIPS,s6bt-9376d671cfe6995a30fa,,,"{""absolute_max_amp_10d"": 0.5, ""absolute_max_pullback_20d"": -0.35, ""amount10_vs_30_min_ratio"": 0.8, ""big_down_return"": -0.07, ""big_down_volume_ratio"": 1.5, ""box_tail"": {""breakout_ready_position_min"": 0.75, ""broken_close_tolerance"": 0.03, ""compact_kline"": {""atr_contraction_ratio_max"": 0.8, ""avg_body_ratio_max"": 0.025, ""close_range_max"": 0.05, ""enabled"": true, ""max_body_ratio_max"": 0.04, ""max_gap_ratio"": 0.03, ""min_overlap_pair_count"": 3, ""min_overlap_ratio"": 0.5, ""premium_atr_contraction_ratio_max"": 0.65, ""premium_avg_body_ratio_max"": 0.018, ""premium_close_range_max"": 0.03, ""premium_overlap_ratio"": 0.65, ""window_days"": 5}, ""current_close_high_tolerance"": 0.03, ""current_close_low_tolerance"": 0.03, ""enabled"": true, ""low_test_close_tolerance_down"": 0.02, ""low_test_tolerance_up"": 0.02, ""max_box_days"": 30, ""max_volume_contraction_ratio"": 0.85, ""min_box_days"": 5, ""min_box_low_test_count"": 2, ""min_center_shift"": -0.03, ""normal_box_width_max"": 0.18, ""premium_box_width_max"": 0.12, ""premium_center_shift"": 0.0, ""premium_tail_volume_ratio_max"": 0.6, ""premium_volume_contraction_ratio"": 0.7, ""support_ready_position_max"": 0.4, ""tail_volume_ratio_max"": 0.75}, ""breakout_extended_max_pct"": 0.08, ""buy_zone_valid_days"": 3, ""consolidation_max_days"": 40, ""consolidation_min_days"": 5, ""cup_depth_max"": 0.35, ""cup_depth_min"": 0.12, ""enable_market_filter"": true, ""enabled"": true, ""expired_cooldown_days"": 5, ""failed_cooldown_days"": 10, ""key_min_score"": 75, ""kline_days"": 1100, ""limit_up_volume_ratio"": 1.5, ""low_volume_limit_up_min_ratio"": 0.6, ""ma50_min_ratio"": 0.92, ""market_filter_mode"": ""downgrade"", ""max_amp_10d_a"": 0.4, ""max_amp_10d_b"": 0.35, ""max_amp_10d_s"": 0.45, ""max_amp_5d_a"": 0.22, ""max_amp_5d_b"": 0.18, ""max_amp_5d_s"": 0.25, ""max_pullback_20d_a"": -0.26, ""max_pullback_20d_b"": -0.22, ""max_pullback_20d_s"": -0.3, ""max_watch_days"": 10, ""min_avg_amount_10d_yi"": 5, ""min_avg_amount_30d_yi"": 5, ""min_avg_amount_60d_yi"": 3, ""min_relative_strength_20"": 0.1, ""minimum_trading_days"": 500, ""near_120d_high_ratio"": 0.98, ""normal_start_close_position"": 0.65, ""normal_start_min_amount_yi"": 2, ""normal_start_return"": 0.07, ""normal_start_self_amount_percentile"": 0.9, ""normal_start_volume_ratio"": 2.0, ""pattern_filter_enabled"": true, ""pattern_filter_mode"": ""score_only"", ""pattern_pivot_proximity_pct"": 0.05, ""platform_max_range"": 0.12, ""ready_min_score"": 85, ""rr2_min_key"": 2.0, ""rr2_min_ready"": 2.5, ""rr2_min_watch"": 1.5, ""start_age_max_days"": 60, ""start_age_min_days"": 5, ""start_lookback_days"": 60, ""stop_atr_multiplier"": 0.8, ""stop_key_support_pct"": 0.03, ""support_cluster_atr_multiplier"": 0.5, ""support_cluster_price_pct"": 0.015, ""support_test_lookback"": 10, ""support_zone_atr_multiplier"": 0.3, ""support_zone_price_pct"": 0.01, ""tail_close_range_5"": 0.08, ""tail_min_return_3"": -0.04, ""tail_min_return_5"": -0.06, ""tail_strong_volume_ratio_5_20"": 0.6, ""tail_volume_ratio_5_20"": 0.75, ""tail_window_days"": 5, ""target_2_cap_pct"": 0.35, ""vcp_contraction_range_ratio"": 0.95, ""vcp_contraction_volume_ratio"": 0.9, ""vcp_min_first_range"": 0.08, ""watch_min_score"": 60}","{""avg_loss_r"": 1.01225875, ""avg_net_return"": -0.08651405250000001, ""avg_win_r"": 0.0, ""expectancy_r"": -1.01225875, ""losses"": 4, ""max_drawdown"": 0.042820698355999894, ""median_net_return"": -0.090341385, ""net_profit"": -642.241456, ""net_return"": -0.04282069835599989, ""profit_factor"": 0.0, ""single_month_profit_concentration"": 0.0, ""top5_profit_concentration"": 0.0, ""trades"": 4, ""win_rate"": 0.0, ""wins"": 0}"
s6opt-comprehensive-fe84532,pattern,s6trial-eb636fe58f6d85d9,OAT,s6ps-a87e42cae90e68bb,s6ps-71bdb4dbb9c5c096,COMPLETED_WITH_SKIPS,s6bt-d28e5f1ff77d9669185e,,,"{""absolute_max_amp_10d"": 0.5, ""absolute_max_pullback_20d"": -0.35, ""amount10_vs_30_min_ratio"": 0.8, ""big_down_return"": -0.07, ""big_down_volume_ratio"": 1.5, ""box_tail"": {""breakout_ready_position_min"": 0.75, ""broken_close_tolerance"": 0.03, ""compact_kline"": {""atr_contraction_ratio_max"": 0.8, ""avg_body_ratio_max"": 0.025, ""close_range_max"": 0.05, ""enabled"": true, ""max_body_ratio_max"": 0.04, ""max_gap_ratio"": 0.03, ""min_overlap_pair_count"": 3, ""min_overlap_ratio"": 0.5, ""premium_atr_contraction_ratio_max"": 0.65, ""premium_avg_body_ratio_max"": 0.018, ""premium_close_range_max"": 0.03, ""premium_overlap_ratio"": 0.65, ""window_days"": 5}, ""current_close_high_tolerance"": 0.03, ""current_close_low_tolerance"": 0.03, ""enabled"": true, ""low_test_close_tolerance_down"": 0.02, ""low_test_tolerance_up"": 0.02, ""max_box_days"": 30, ""max_volume_contraction_ratio"": 0.85, ""min_box_days"": 5, ""min_box_low_test_count"": 2, ""min_center_shift"": -0.03, ""normal_box_width_max"": 0.18, ""premium_box_width_max"": 0.12, ""premium_center_shift"": 0.0, ""premium_tail_volume_ratio_max"": 0.6, ""premium_volume_contraction_ratio"": 0.7, ""support_ready_position_max"": 0.4, ""tail_volume_ratio_max"": 0.75}, ""breakout_extended_max_pct"": 0.08, ""buy_zone_valid_days"": 3, ""consolidation_max_days"": 40, ""consolidation_min_days"": 5, ""cup_depth_max"": 0.3, ""cup_depth_min"": 0.12, ""enable_market_filter"": true, ""enabled"": true, ""expired_cooldown_days"": 5, ""failed_cooldown_days"": 10, ""key_min_score"": 75, ""kline_days"": 1100, ""limit_up_volume_ratio"": 1.5, ""low_volume_limit_up_min_ratio"": 0.6, ""ma50_min_ratio"": 0.92, ""market_filter_mode"": ""downgrade"", ""max_amp_10d_a"": 0.4, ""max_amp_10d_b"": 0.35, ""max_amp_10d_s"": 0.45, ""max_amp_5d_a"": 0.22, ""max_amp_5d_b"": 0.18, ""max_amp_5d_s"": 0.25, ""max_pullback_20d_a"": -0.26, ""max_pullback_20d_b"": -0.22, ""max_pullback_20d_s"": -0.3, ""max_watch_days"": 10, ""min_avg_amount_10d_yi"": 5, ""min_avg_amount_30d_yi"": 5, ""min_avg_amount_60d_yi"": 3, ""min_relative_strength_20"": 0.1, ""minimum_trading_days"": 500, ""near_120d_high_ratio"": 0.98, ""normal_start_close_position"": 0.65, ""normal_start_min_amount_yi"": 2, ""normal_start_return"": 0.07, ""normal_start_self_amount_percentile"": 0.9, ""normal_start_volume_ratio"": 2.0, ""pattern_filter_enabled"": true, ""pattern_filter_mode"": ""score_only"", ""pattern_pivot_proximity_pct"": 0.05, ""platform_max_range"": 0.12, ""ready_min_score"": 85, ""rr2_min_key"": 2.0, ""rr2_min_ready"": 2.5, ""rr2_min_watch"": 1.5, ""start_age_max_days"": 60, ""start_age_min_days"": 5, ""start_lookback_days"": 60, ""stop_atr_multiplier"": 0.8, ""stop_key_support_pct"": 0.03, ""support_cluster_atr_multiplier"": 0.5, ""support_cluster_price_pct"": 0.015, ""support_test_lookback"": 10, ""support_zone_atr_multiplier"": 0.3, ""support_zone_price_pct"": 0.01, ""tail_close_range_5"": 0.08, ""tail_min_return_3"": -0.04, ""tail_min_return_5"": -0.06, ""tail_strong_volume_ratio_5_20"": 0.6, ""tail_volume_ratio_5_20"": 0.75, ""tail_window_days"": 5, ""target_2_cap_pct"": 0.35, ""vcp_contraction_range_ratio"": 0.9, ""vcp_contraction_volume_ratio"": 0.9, ""vcp_min_first_range"": 0.08, ""watch_min_score"": 60}","{""avg_loss_r"": 1.01225875, ""avg_net_return"": -0.08651405250000001, ""avg_win_r"": 0.0, ""expectancy_r"": -1.01225875, ""losses"": 4, ""max_drawdown"": 0.042820698355999894, ""median_net_return"": -0.090341385, ""net_profit"": -642.241456, ""net_return"": -0.04282069835599989, ""profit_factor"": 0.0, ""single_month_profit_concentration"": 0.0, ""top5_profit_concentration"": 0.0, ""trades"": 4, ""win_rate"": 0.0, ""wins"": 0}"
s6opt-comprehensive-fe84532,pattern,s6trial-f20741b655d508c1,OAT,s6ps-4fa112d9b304ed3a,s6ps-71bdb4dbb9c5c096,COMPLETED_WITH_SKIPS,s6bt-a95a4ccaf030559c8648,,,"{""absolute_max_amp_10d"": 0.5, ""absolute_max_pullback_20d"": -0.35, ""amount10_vs_30_min_ratio"": 0.8, ""big_down_return"": -0.07, ""big_down_volume_ratio"": 1.5, ""box_tail"": {""breakout_ready_position_min"": 0.75, ""broken_close_tolerance"": 0.03, ""compact_kline"": {""atr_contraction_ratio_max"": 0.8, ""avg_body_ratio_max"": 0.025, ""close_range_max"": 0.05, ""enabled"": true, ""max_body_ratio_max"": 0.04, ""max_gap_ratio"": 0.03, ""min_overlap_pair_count"": 3, ""min_overlap_ratio"": 0.5, ""premium_atr_contraction_ratio_max"": 0.65, ""premium_avg_body_ratio_max"": 0.018, ""premium_close_range_max"": 0.03, ""premium_overlap_ratio"": 0.65, ""window_days"": 5}, ""current_close_high_tolerance"": 0.03, ""current_close_low_tolerance"": 0.03, ""enabled"": true, ""low_test_close_tolerance_down"": 0.02, ""low_test_tolerance_up"": 0.02, ""max_box_days"": 30, ""max_volume_contraction_ratio"": 0.85, ""min_box_days"": 5, ""min_box_low_test_count"": 2, ""min_center_shift"": -0.03, ""normal_box_width_max"": 0.18, ""premium_box_width_max"": 0.12, ""premium_center_shift"": 0.0, ""premium_tail_volume_ratio_max"": 0.6, ""premium_volume_contraction_ratio"": 0.7, ""support_ready_position_max"": 0.4, ""tail_volume_ratio_max"": 0.75}, ""breakout_extended_max_pct"": 0.08, ""buy_zone_valid_days"": 3, ""consolidation_max_days"": 40, ""consolidation_min_days"": 5, ""cup_depth_max"": 0.35, ""cup_depth_min"": 0.12, ""enable_market_filter"": true, ""enabled"": true, ""expired_cooldown_days"": 5, ""failed_cooldown_days"": 10, ""key_min_score"": 75, ""kline_days"": 1100, ""limit_up_volume_ratio"": 1.5, ""low_volume_limit_up_min_ratio"": 0.6, ""ma50_min_ratio"": 0.92, ""market_filter_mode"": ""downgrade"", ""max_amp_10d_a"": 0.4, ""max_amp_10d_b"": 0.35, ""max_amp_10d_s"": 0.45, ""max_amp_5d_a"": 0.22, ""max_amp_5d_b"": 0.18, ""max_amp_5d_s"": 0.25, ""max_pullback_20d_a"": -0.26, ""max_pullback_20d_b"": -0.22, ""max_pullback_20d_s"": -0.3, ""max_watch_days"": 10, ""min_avg_amount_10d_yi"": 5, ""min_avg_amount_30d_yi"": 5, ""min_avg_amount_60d_yi"": 3, ""min_relative_strength_20"": 0.1, ""minimum_trading_days"": 500, ""near_120d_high_ratio"": 0.98, ""normal_start_close_position"": 0.65, ""normal_start_min_amount_yi"": 2, ""normal_start_return"": 0.07, ""normal_start_self_amount_percentile"": 0.9, ""normal_start_volume_ratio"": 2.0, ""pattern_filter_enabled"": true, ""pattern_filter_mode"": ""score_only"", ""pattern_pivot_proximity_pct"": 0.05, ""platform_max_range"": 0.12, ""ready_min_score"": 85, ""rr2_min_key"": 2.0, ""rr2_min_ready"": 2.5, ""rr2_min_watch"": 1.5, ""start_age_max_days"": 60, ""start_age_min_days"": 5, ""start_lookback_days"": 60, ""stop_atr_multiplier"": 0.8, ""stop_key_support_pct"": 0.03, ""support_cluster_atr_multiplier"": 0.5, ""support_cluster_price_pct"": 0.015, ""support_test_lookback"": 10, ""support_zone_atr_multiplier"": 0.3, ""support_zone_price_pct"": 0.01, ""tail_close_range_5"": 0.08, ""tail_min_return_3"": -0.04, ""tail_min_return_5"": -0.06, ""tail_strong_volume_ratio_5_20"": 0.6, ""tail_volume_ratio_5_20"": 0.75, ""tail_window_days"": 5, ""target_2_cap_pct"": 0.35, ""vcp_contraction_range_ratio"": 0.9, ""vcp_contraction_volume_ratio"": 0.9, ""vcp_min_first_range"": 0.06, ""watch_min_score"": 60}","{""avg_loss_r"": 1.01225875, ""avg_net_return"": -0.08651405250000001, ""avg_win_r"": 0.0, ""expectancy_r"": -1.01225875, ""losses"": 4, ""max_drawdown"": 0.042820698355999894, ""median_net_return"": -0.090341385, ""net_profit"": -642.241456, ""net_return"": -0.04282069835599989, ""profit_factor"": 0.0, ""single_month_profit_concentration"": 0.0, ""top5_profit_concentration"": 0.0, ""trades"": 4, ""win_rate"": 0.0, ""wins"": 0}"
s6opt-comprehensive-fe84532,score_trade_plan,s6trial-149b6699b93cc53e,OAT,s6ps-f2a277c5cd0ac7f3,s6ps-71bdb4dbb9c5c096,COMPLETED_WITH_SKIPS,s6bt-5dd292168969106c9b5e,,,"{""absolute_max_amp_10d"": 0.5, ""absolute_max_pullback_20d"": -0.35, ""amount10_vs_30_min_ratio"": 0.8, ""big_down_return"": -0.07, ""big_down_volume_ratio"": 1.5, ""box_tail"": {""breakout_ready_position_min"": 0.75, ""broken_close_tolerance"": 0.03, ""compact_kline"": {""atr_contraction_ratio_max"": 0.8, ""avg_body_ratio_max"": 0.025, ""close_range_max"": 0.05, ""enabled"": true, ""max_body_ratio_max"": 0.04, ""max_gap_ratio"": 0.03, ""min_overlap_pair_count"": 3, ""min_overlap_ratio"": 0.5, ""premium_atr_contraction_ratio_max"": 0.65, ""premium_avg_body_ratio_max"": 0.018, ""premium_close_range_max"": 0.03, ""premium_overlap_ratio"": 0.65, ""window_days"": 5}, ""current_close_high_tolerance"": 0.03, ""current_close_low_tolerance"": 0.03, ""enabled"": true, ""low_test_close_tolerance_down"": 0.02, ""low_test_tolerance_up"": 0.02, ""max_box_days"": 30, ""max_volume_contraction_ratio"": 0.85, ""min_box_days"": 5, ""min_box_low_test_count"": 2, ""min_center_shift"": -0.03, ""normal_box_width_max"": 0.18, ""premium_box_width_max"": 0.12, ""premium_center_shift"": 0.0, ""premium_tail_volume_ratio_max"": 0.6, ""premium_volume_contraction_ratio"": 0.7, ""support_ready_position_max"": 0.4, ""tail_volume_ratio_max"": 0.75}, ""breakout_extended_max_pct"": 0.08, ""buy_zone_valid_days"": 3, ""consolidation_max_days"": 40, ""consolidation_min_days"": 5, ""cup_depth_max"": 0.35, ""cup_depth_min"": 0.12, ""enable_market_filter"": true, ""enabled"": true, ""expired_cooldown_days"": 5, ""failed_cooldown_days"": 10, ""key_min_score"": 75, ""kline_days"": 1100, ""limit_up_volume_ratio"": 1.5, ""low_volume_limit_up_min_ratio"": 0.6, ""ma50_min_ratio"": 0.92, ""market_filter_mode"": ""downgrade"", ""max_amp_10d_a"": 0.4, ""max_amp_10d_b"": 0.35, ""max_amp_10d_s"": 0.45, ""max_amp_5d_a"": 0.22, ""max_amp_5d_b"": 0.18, ""max_amp_5d_s"": 0.25, ""max_pullback_20d_a"": -0.26, ""max_pullback_20d_b"": -0.22, ""max_pullback_20d_s"": -0.3, ""max_watch_days"": 10, ""min_avg_amount_10d_yi"": 5, ""min_avg_amount_30d_yi"": 5, ""min_avg_amount_60d_yi"": 3, ""min_relative_strength_20"": 0.1, ""minimum_trading_days"": 500, ""near_120d_high_ratio"": 0.98, ""normal_start_close_position"": 0.65, ""normal_start_min_amount_yi"": 2, ""normal_start_return"": 0.07, ""normal_start_self_amount_percentile"": 0.9, ""normal_start_volume_ratio"": 2.0, ""pattern_filter_enabled"": true, ""pattern_filter_mode"": ""score_only"", ""pattern_pivot_proximity_pct"": 0.05, ""platform_max_range"": 0.12, ""ready_min_score"": 85, ""rr2_min_key"": 2.0, ""rr2_min_ready"": 2.5, ""rr2_min_watch"": 1.5, ""start_age_max_days"": 60, ""start_age_min_days"": 5, ""start_lookback_days"": 60, ""stop_atr_multiplier"": 0.6, ""stop_key_support_pct"": 0.03, ""support_cluster_atr_multiplier"": 0.5, ""support_cluster_price_pct"": 0.015, ""support_test_lookback"": 10, ""support_zone_atr_multiplier"": 0.3, ""support_zone_price_pct"": 0.01, ""tail_close_range_5"": 0.08, ""tail_min_return_3"": -0.04, ""tail_min_return_5"": -0.06, ""tail_strong_volume_ratio_5_20"": 0.6, ""tail_volume_ratio_5_20"": 0.75, ""tail_window_days"": 5, ""target_2_cap_pct"": 0.35, ""vcp_contraction_range_ratio"": 0.9, ""vcp_contraction_volume_ratio"": 0.9, ""vcp_min_first_range"": 0.08, ""watch_min_score"": 60}","{""avg_loss_r"": 1.065933, ""avg_net_return"": -0.0739315525, ""avg_win_r"": 0.0, ""expectancy_r"": -1.065933, ""losses"": 4, ""max_drawdown"": 0.04368678710099996, ""median_net_return"": -0.07388425, ""net_profit"": -542.392399, ""net_return"": -0.043686787100999935, ""profit_factor"": 0.0, ""single_month_profit_concentration"": 0.0, ""top5_profit_concentration"": 0.0, ""trades"": 4, ""win_rate"": 0.0, ""wins"": 0}"
s6opt-comprehensive-fe84532,score_trade_plan,s6trial-22614308ce7de169,OAT,s6ps-c5ae6da7174943f5,s6ps-71bdb4dbb9c5c096,COMPLETED_WITH_SKIPS,s6bt-ccd05094b161b9a7939f,,,"{""absolute_max_amp_10d"": 0.5, ""absolute_max_pullback_20d"": -0.35, ""amount10_vs_30_min_ratio"": 0.8, ""big_down_return"": -0.07, ""big_down_volume_ratio"": 1.5, ""box_tail"": {""breakout_ready_position_min"": 0.75, ""broken_close_tolerance"": 0.03, ""compact_kline"": {""atr_contraction_ratio_max"": 0.8, ""avg_body_ratio_max"": 0.025, ""close_range_max"": 0.05, ""enabled"": true, ""max_body_ratio_max"": 0.04, ""max_gap_ratio"": 0.03, ""min_overlap_pair_count"": 3, ""min_overlap_ratio"": 0.5, ""premium_atr_contraction_ratio_max"": 0.65, ""premium_avg_body_ratio_max"": 0.018, ""premium_close_range_max"": 0.03, ""premium_overlap_ratio"": 0.65, ""window_days"": 5}, ""current_close_high_tolerance"": 0.03, ""current_close_low_tolerance"": 0.03, ""enabled"": true, ""low_test_close_tolerance_down"": 0.02, ""low_test_tolerance_up"": 0.02, ""max_box_days"": 30, ""max_volume_contraction_ratio"": 0.85, ""min_box_days"": 5, ""min_box_low_test_count"": 2, ""min_center_shift"": -0.03, ""normal_box_width_max"": 0.18, ""premium_box_width_max"": 0.12, ""premium_center_shift"": 0.0, ""premium_tail_volume_ratio_max"": 0.6, ""premium_volume_contraction_ratio"": 0.7, ""support_ready_position_max"": 0.4, ""tail_volume_ratio_max"": 0.75}, ""breakout_extended_max_pct"": 0.08, ""buy_zone_valid_days"": 3, ""consolidation_max_days"": 40, ""consolidation_min_days"": 5, ""cup_depth_max"": 0.35, ""cup_depth_min"": 0.12, ""enable_market_filter"": true, ""enabled"": true, ""expired_cooldown_days"": 5, ""failed_cooldown_days"": 10, ""key_min_score"": 75, ""kline_days"": 1100, ""limit_up_volume_ratio"": 1.5, ""low_volume_limit_up_min_ratio"": 0.6, ""ma50_min_ratio"": 0.92, ""market_filter_mode"": ""downgrade"", ""max_amp_10d_a"": 0.4, ""max_amp_10d_b"": 0.35, ""max_amp_10d_s"": 0.45, ""max_amp_5d_a"": 0.22, ""max_amp_5d_b"": 0.18, ""max_amp_5d_s"": 0.25, ""max_pullback_20d_a"": -0.26, ""max_pullback_20d_b"": -0.22, ""max_pullback_20d_s"": -0.3, ""max_watch_days"": 10, ""min_avg_amount_10d_yi"": 5, ""min_avg_amount_30d_yi"": 5, ""min_avg_amount_60d_yi"": 3, ""min_relative_strength_20"": 0.1, ""minimum_trading_days"": 500, ""near_120d_high_ratio"": 0.98, ""normal_start_close_position"": 0.65, ""normal_start_min_amount_yi"": 2, ""normal_start_return"": 0.07, ""normal_start_self_amount_percentile"": 0.9, ""normal_start_volume_ratio"": 2.0, ""pattern_filter_enabled"": true, ""pattern_filter_mode"": ""score_only"", ""pattern_pivot_proximity_pct"": 0.05, ""platform_max_range"": 0.12, ""ready_min_score"": 85, ""rr2_min_key"": 2.0, ""rr2_min_ready"": 2.5, ""rr2_min_watch"": 1.5, ""start_age_max_days"": 60, ""start_age_min_days"": 5, ""start_lookback_days"": 60, ""stop_atr_multiplier"": 0.8, ""stop_key_support_pct"": 0.03, ""support_cluster_atr_multiplier"": 0.5, ""support_cluster_price_pct"": 0.015, ""support_test_lookback"": 10, ""support_zone_atr_multiplier"": 0.3, ""support_zone_price_pct"": 0.01, ""tail_close_range_5"": 0.08, ""tail_min_return_3"": -0.04, ""tail_min_return_5"": -0.06, ""tail_strong_volume_ratio_5_20"": 0.6, ""tail_volume_ratio_5_20"": 0.75, ""tail_window_days"": 5, ""target_2_cap_pct"": 0.45, ""vcp_contraction_range_ratio"": 0.9, ""vcp_contraction_volume_ratio"": 0.9, ""vcp_min_first_range"": 0.08, ""watch_min_score"": 60}","{""avg_loss_r"": 1.01225875, ""avg_net_return"": -0.08651405250000001, ""avg_win_r"": 0.0, ""expectancy_r"": -1.01225875, ""losses"": 4, ""max_drawdown"": 0.042820698355999894, ""median_net_return"": -0.090341385, ""net_profit"": -642.241456, ""net_return"": -0.04282069835599989, ""profit_factor"": 0.0, ""single_month_profit_concentration"": 0.0, ""top5_profit_concentration"": 0.0, ""trades"": 4, ""win_rate"": 0.0, ""wins"": 0}"
s6opt-comprehensive-fe84532,score_trade_plan,s6trial-23173b91fe4dbbeb,OAT,s6ps-5e4cae772358129f,s6ps-71bdb4dbb9c5c096,COMPLETED_WITH_SKIPS,s6bt-066ba868957e4bc7517e,,,"{""absolute_max_amp_10d"": 0.5, ""absolute_max_pullback_20d"": -0.35, ""amount10_vs_30_min_ratio"": 0.8, ""big_down_return"": -0.07, ""big_down_volume_ratio"": 1.5, ""box_tail"": {""breakout_ready_position_min"": 0.75, ""broken_close_tolerance"": 0.03, ""compact_kline"": {""atr_contraction_ratio_max"": 0.8, ""avg_body_ratio_max"": 0.025, ""close_range_max"": 0.05, ""enabled"": true, ""max_body_ratio_max"": 0.04, ""max_gap_ratio"": 0.03, ""min_overlap_pair_count"": 3, ""min_overlap_ratio"": 0.5, ""premium_atr_contraction_ratio_max"": 0.65, ""premium_avg_body_ratio_max"": 0.018, ""premium_close_range_max"": 0.03, ""premium_overlap_ratio"": 0.65, ""window_days"": 5}, ""current_close_high_tolerance"": 0.03, ""current_close_low_tolerance"": 0.03, ""enabled"": true, ""low_test_close_tolerance_down"": 0.02, ""low_test_tolerance_up"": 0.02, ""max_box_days"": 30, ""max_volume_contraction_ratio"": 0.85, ""min_box_days"": 5, ""min_box_low_test_count"": 2, ""min_center_shift"": -0.03, ""normal_box_width_max"": 0.18, ""premium_box_width_max"": 0.12, ""premium_center_shift"": 0.0, ""premium_tail_volume_ratio_max"": 0.6, ""premium_volume_contraction_ratio"": 0.7, ""support_ready_position_max"": 0.4, ""tail_volume_ratio_max"": 0.75}, ""breakout_extended_max_pct"": 0.08, ""buy_zone_valid_days"": 3, ""consolidation_max_days"": 40, ""consolidation_min_days"": 5, ""cup_depth_max"": 0.35, ""cup_depth_min"": 0.12, ""enable_market_filter"": true, ""enabled"": true, ""expired_cooldown_days"": 5, ""failed_cooldown_days"": 10, ""key_min_score"": 75, ""kline_days"": 1100, ""limit_up_volume_ratio"": 1.5, ""low_volume_limit_up_min_ratio"": 0.6, ""ma50_min_ratio"": 0.92, ""market_filter_mode"": ""downgrade"", ""max_amp_10d_a"": 0.4, ""max_amp_10d_b"": 0.35, ""max_amp_10d_s"": 0.45, ""max_amp_5d_a"": 0.22, ""max_amp_5d_b"": 0.18, ""max_amp_5d_s"": 0.25, ""max_pullback_20d_a"": -0.26, ""max_pullback_20d_b"": -0.22, ""max_pullback_20d_s"": -0.3, ""max_watch_days"": 10, ""min_avg_amount_10d_yi"": 5, ""min_avg_amount_30d_yi"": 5, ""min_avg_amount_60d_yi"": 3, ""min_relative_strength_20"": 0.1, ""minimum_trading_days"": 500, ""near_120d_high_ratio"": 0.98, ""normal_start_close_position"": 0.65, ""normal_start_min_amount_yi"": 2, ""normal_start_return"": 0.07, ""normal_start_self_amount_percentile"": 0.9, ""normal_start_volume_ratio"": 2.0, ""pattern_filter_enabled"": true, ""pattern_filter_mode"": ""score_only"", ""pattern_pivot_proximity_pct"": 0.05, ""platform_max_range"": 0.12, ""ready_min_score"": 85, ""rr2_min_key"": 2.0, ""rr2_min_ready"": 3.5, ""rr2_min_watch"": 1.5, ""start_age_max_days"": 60, ""start_age_min_days"": 5, ""start_lookback_days"": 60, ""stop_atr_multiplier"": 0.8, ""stop_key_support_pct"": 0.03, ""support_cluster_atr_multiplier"": 0.5, ""support_cluster_price_pct"": 0.015, ""support_test_lookback"": 10, ""support_zone_atr_multiplier"": 0.3, ""support_zone_price_pct"": 0.01, ""tail_close_range_5"": 0.08, ""tail_min_return_3"": -0.04, ""tail_min_return_5"": -0.06, ""tail_strong_volume_ratio_5_20"": 0.6, ""tail_volume_ratio_5_20"": 0.75, ""tail_window_days"": 5, ""target_2_cap_pct"": 0.35, ""vcp_contraction_range_ratio"": 0.9, ""vcp_contraction_volume_ratio"": 0.9, ""vcp_min_first_range"": 0.08, ""watch_min_score"": 60}","{""avg_loss_r"": 1.01225875, ""avg_net_return"": -0.08651405250000001, ""avg_win_r"": 0.0, ""expectancy_r"": -1.01225875, ""losses"": 4, ""max_drawdown"": 0.042820698355999894, ""median_net_return"": -0.090341385, ""net_profit"": -642.241456, ""net_return"": -0.04282069835599989, ""profit_factor"": 0.0, ""single_month_profit_concentration"": 0.0, ""top5_profit_concentration"": 0.0, ""trades"": 4, ""win_rate"": 0.0, ""wins"": 0}"
s6opt-comprehensive-fe84532,score_trade_plan,s6trial-2785c41d3aa16463,OAT,s6ps-4ae6d8b984612b28,s6ps-71bdb4dbb9c5c096,COMPLETED_WITH_SKIPS,s6bt-47184e0645e17f369f7f,,,"{""absolute_max_amp_10d"": 0.5, ""absolute_max_pullback_20d"": -0.35, ""amount10_vs_30_min_ratio"": 0.8, ""big_down_return"": -0.07, ""big_down_volume_ratio"": 1.5, ""box_tail"": {""breakout_ready_position_min"": 0.75, ""broken_close_tolerance"": 0.03, ""compact_kline"": {""atr_contraction_ratio_max"": 0.8, ""avg_body_ratio_max"": 0.025, ""close_range_max"": 0.05, ""enabled"": true, ""max_body_ratio_max"": 0.04, ""max_gap_ratio"": 0.03, ""min_overlap_pair_count"": 3, ""min_overlap_ratio"": 0.5, ""premium_atr_contraction_ratio_max"": 0.65, ""premium_avg_body_ratio_max"": 0.018, ""premium_close_range_max"": 0.03, ""premium_overlap_ratio"": 0.65, ""window_days"": 5}, ""current_close_high_tolerance"": 0.03, ""current_close_low_tolerance"": 0.03, ""enabled"": true, ""low_test_close_tolerance_down"": 0.02, ""low_test_tolerance_up"": 0.02, ""max_box_days"": 30, ""max_volume_contraction_ratio"": 0.85, ""min_box_days"": 5, ""min_box_low_test_count"": 2, ""min_center_shift"": -0.03, ""normal_box_width_max"": 0.18, ""premium_box_width_max"": 0.12, ""premium_center_shift"": 0.0, ""premium_tail_volume_ratio_max"": 0.6, ""premium_volume_contraction_ratio"": 0.7, ""support_ready_position_max"": 0.4, ""tail_volume_ratio_max"": 0.75}, ""breakout_extended_max_pct"": 0.08, ""buy_zone_valid_days"": 3, ""consolidation_max_days"": 40, ""consolidation_min_days"": 5, ""cup_depth_max"": 0.35, ""cup_depth_min"": 0.12, ""enable_market_filter"": true, ""enabled"": true, ""expired_cooldown_days"": 5, ""failed_cooldown_days"": 10, ""key_min_score"": 80, ""kline_days"": 1100, ""limit_up_volume_ratio"": 1.5, ""low_volume_limit_up_min_ratio"": 0.6, ""ma50_min_ratio"": 0.92, ""market_filter_mode"": ""downgrade"", ""max_amp_10d_a"": 0.4, ""max_amp_10d_b"": 0.35, ""max_amp_10d_s"": 0.45, ""max_amp_5d_a"": 0.22, ""max_amp_5d_b"": 0.18, ""max_amp_5d_s"": 0.25, ""max_pullback_20d_a"": -0.26, ""max_pullback_20d_b"": -0.22, ""max_pullback_20d_s"": -0.3, ""max_watch_days"": 10, ""min_avg_amount_10d_yi"": 5, ""min_avg_amount_30d_yi"": 5, ""min_avg_amount_60d_yi"": 3, ""min_relative_strength_20"": 0.1, ""minimum_trading_days"": 500, ""near_120d_high_ratio"": 0.98, ""normal_start_close_position"": 0.65, ""normal_start_min_amount_yi"": 2, ""normal_start_return"": 0.07, ""normal_start_self_amount_percentile"": 0.9, ""normal_start_volume_ratio"": 2.0, ""pattern_filter_enabled"": true, ""pattern_filter_mode"": ""score_only"", ""pattern_pivot_proximity_pct"": 0.05, ""platform_max_range"": 0.12, ""ready_min_score"": 85, ""rr2_min_key"": 2.0, ""rr2_min_ready"": 2.5, ""rr2_min_watch"": 1.5, ""start_age_max_days"": 60, ""start_age_min_days"": 5, ""start_lookback_days"": 60, ""stop_atr_multiplier"": 0.8, ""stop_key_support_pct"": 0.03, ""support_cluster_atr_multiplier"": 0.5, ""support_cluster_price_pct"": 0.015, ""support_test_lookback"": 10, ""support_zone_atr_multiplier"": 0.3, ""support_zone_price_pct"": 0.01, ""tail_close_range_5"": 0.08, ""tail_min_return_3"": -0.04, ""tail_min_return_5"": -0.06, ""tail_strong_volume_ratio_5_20"": 0.6, ""tail_volume_ratio_5_20"": 0.75, ""tail_window_days"": 5, ""target_2_cap_pct"": 0.35, ""vcp_contraction_range_ratio"": 0.9, ""vcp_contraction_volume_ratio"": 0.9, ""vcp_min_first_range"": 0.08, ""watch_min_score"": 60}","{""avg_loss_r"": 1.01225875, ""avg_net_return"": -0.08651405250000001, ""avg_win_r"": 0.0, ""expectancy_r"": -1.01225875, ""losses"": 4, ""max_drawdown"": 0.042820698355999894, ""median_net_return"": -0.090341385, ""net_profit"": -642.241456, ""net_return"": -0.04282069835599989, ""profit_factor"": 0.0, ""single_month_profit_concentration"": 0.0, ""top5_profit_concentration"": 0.0, ""trades"": 4, ""win_rate"": 0.0, ""wins"": 0}"
s6opt-comprehensive-fe84532,score_trade_plan,s6trial-282be2cc725875c2,OAT,s6ps-48928f87a3f28266,s6ps-71bdb4dbb9c5c096,COMPLETED_WITH_SKIPS,s6bt-09afafae2addbd0cc25f,,,"{""absolute_max_amp_10d"": 0.5, ""absolute_max_pullback_20d"": -0.35, ""amount10_vs_30_min_ratio"": 0.8, ""big_down_return"": -0.07, ""big_down_volume_ratio"": 1.5, ""box_tail"": {""breakout_ready_position_min"": 0.75, ""broken_close_tolerance"": 0.03, ""compact_kline"": {""atr_contraction_ratio_max"": 0.8, ""avg_body_ratio_max"": 0.025, ""close_range_max"": 0.05, ""enabled"": true, ""max_body_ratio_max"": 0.04, ""max_gap_ratio"": 0.03, ""min_overlap_pair_count"": 3, ""min_overlap_ratio"": 0.5, ""premium_atr_contraction_ratio_max"": 0.65, ""premium_avg_body_ratio_max"": 0.018, ""premium_close_range_max"": 0.03, ""premium_overlap_ratio"": 0.65, ""window_days"": 5}, ""current_close_high_tolerance"": 0.03, ""current_close_low_tolerance"": 0.03, ""enabled"": true, ""low_test_close_tolerance_down"": 0.02, ""low_test_tolerance_up"": 0.02, ""max_box_days"": 30, ""max_volume_contraction_ratio"": 0.85, ""min_box_days"": 5, ""min_box_low_test_count"": 2, ""min_center_shift"": -0.03, ""normal_box_width_max"": 0.18, ""premium_box_width_max"": 0.12, ""premium_center_shift"": 0.0, ""premium_tail_volume_ratio_max"": 0.6, ""premium_volume_contraction_ratio"": 0.7, ""support_ready_position_max"": 0.4, ""tail_volume_ratio_max"": 0.75}, ""breakout_extended_max_pct"": 0.08, ""buy_zone_valid_days"": 3, ""consolidation_max_days"": 40, ""consolidation_min_days"": 5, ""cup_depth_max"": 0.35, ""cup_depth_min"": 0.12, ""enable_market_filter"": true, ""enabled"": true, ""expired_cooldown_days"": 5, ""failed_cooldown_days"": 10, ""key_min_score"": 75, ""kline_days"": 1100, ""limit_up_volume_ratio"": 1.5, ""low_volume_limit_up_min_ratio"": 0.6, ""ma50_min_ratio"": 0.92, ""market_filter_mode"": ""downgrade"", ""max_amp_10d_a"": 0.4, ""max_amp_10d_b"": 0.35, ""max_amp_10d_s"": 0.45, ""max_amp_5d_a"": 0.22, ""max_amp_5d_b"": 0.18, ""max_amp_5d_s"": 0.25, ""max_pullback_20d_a"": -0.26, ""max_pullback_20d_b"": -0.22, ""max_pullback_20d_s"": -0.3, ""max_watch_days"": 10, ""min_avg_amount_10d_yi"": 5, ""min_avg_amount_30d_yi"": 5, ""min_avg_amount_60d_yi"": 3, ""min_relative_strength_20"": 0.1, ""minimum_trading_days"": 500, ""near_120d_high_ratio"": 0.98, ""normal_start_close_position"": 0.65, ""normal_start_min_amount_yi"": 2, ""normal_start_return"": 0.07, ""normal_start_self_amount_percentile"": 0.9, ""normal_start_volume_ratio"": 2.0, ""pattern_filter_enabled"": true, ""pattern_filter_mode"": ""score_only"", ""pattern_pivot_proximity_pct"": 0.05, ""platform_max_range"": 0.12, ""ready_min_score"": 85, ""rr2_min_key"": 2.0, ""rr2_min_ready"": 2.5, ""rr2_min_watch"": 1.5, ""start_age_max_days"": 60, ""start_age_min_days"": 5, ""start_lookback_days"": 60, ""stop_atr_multiplier"": 0.8, ""stop_key_support_pct"": 0.02, ""support_cluster_atr_multiplier"": 0.5, ""support_cluster_price_pct"": 0.015, ""support_test_lookback"": 10, ""support_zone_atr_multiplier"": 0.3, ""support_zone_price_pct"": 0.01, ""tail_close_range_5"": 0.08, ""tail_min_return_3"": -0.04, ""tail_min_return_5"": -0.06, ""tail_strong_volume_ratio_5_20"": 0.6, ""tail_volume_ratio_5_20"": 0.75, ""tail_window_days"": 5, ""target_2_cap_pct"": 0.35, ""vcp_contraction_range_ratio"": 0.9, ""vcp_contraction_volume_ratio"": 0.9, ""vcp_min_first_range"": 0.08, ""watch_min_score"": 60}","{""avg_loss_r"": 1.01225875, ""avg_net_return"": -0.08651405250000001, ""avg_win_r"": 0.0, ""expectancy_r"": -1.01225875, ""losses"": 4, ""max_drawdown"": 0.042820698355999894, ""median_net_return"": -0.090341385, ""net_profit"": -642.241456, ""net_return"": -0.04282069835599989, ""profit_factor"": 0.0, ""single_month_profit_concentration"": 0.0, ""top5_profit_concentration"": 0.0, ""trades"": 4, ""win_rate"": 0.0, ""wins"": 0}"
s6opt-comprehensive-fe84532,score_trade_plan,s6trial-31ccd1d80540d276,OAT,s6ps-374a6b5ef608350c,s6ps-71bdb4dbb9c5c096,COMPLETED_WITH_SKIPS,s6bt-c1be06d983e2d9eab9b0,,,"{""absolute_max_amp_10d"": 0.5, ""absolute_max_pullback_20d"": -0.35, ""amount10_vs_30_min_ratio"": 0.8, ""big_down_return"": -0.07, ""big_down_volume_ratio"": 1.5, ""box_tail"": {""breakout_ready_position_min"": 0.75, ""broken_close_tolerance"": 0.03, ""compact_kline"": {""atr_contraction_ratio_max"": 0.8, ""avg_body_ratio_max"": 0.025, ""close_range_max"": 0.05, ""enabled"": true, ""max_body_ratio_max"": 0.04, ""max_gap_ratio"": 0.03, ""min_overlap_pair_count"": 3, ""min_overlap_ratio"": 0.5, ""premium_atr_contraction_ratio_max"": 0.65, ""premium_avg_body_ratio_max"": 0.018, ""premium_close_range_max"": 0.03, ""premium_overlap_ratio"": 0.65, ""window_days"": 5}, ""current_close_high_tolerance"": 0.03, ""current_close_low_tolerance"": 0.03, ""enabled"": true, ""low_test_close_tolerance_down"": 0.02, ""low_test_tolerance_up"": 0.02, ""max_box_days"": 30, ""max_volume_contraction_ratio"": 0.85, ""min_box_days"": 5, ""min_box_low_test_count"": 2, ""min_center_shift"": -0.03, ""normal_box_width_max"": 0.18, ""premium_box_width_max"": 0.12, ""premium_center_shift"": 0.0, ""premium_tail_volume_ratio_max"": 0.6, ""premium_volume_contraction_ratio"": 0.7, ""support_ready_position_max"": 0.4, ""tail_volume_ratio_max"": 0.75}, ""breakout_extended_max_pct"": 0.08, ""buy_zone_valid_days"": 3, ""consolidation_max_days"": 40, ""consolidation_min_days"": 5, ""cup_depth_max"": 0.35, ""cup_depth_min"": 0.12, ""enable_market_filter"": true, ""enabled"": true, ""expired_cooldown_days"": 5, ""failed_cooldown_days"": 10, ""key_min_score"": 70, ""kline_days"": 1100, ""limit_up_volume_ratio"": 1.5, ""low_volume_limit_up_min_ratio"": 0.6, ""ma50_min_ratio"": 0.92, ""market_filter_mode"": ""downgrade"", ""max_amp_10d_a"": 0.4, ""max_amp_10d_b"": 0.35, ""max_amp_10d_s"": 0.45, ""max_amp_5d_a"": 0.22, ""max_amp_5d_b"": 0.18, ""max_amp_5d_s"": 0.25, ""max_pullback_20d_a"": -0.26, ""max_pullback_20d_b"": -0.22, ""max_pullback_20d_s"": -0.3, ""max_watch_days"": 10, ""min_avg_amount_10d_yi"": 5, ""min_avg_amount_30d_yi"": 5, ""min_avg_amount_60d_yi"": 3, ""min_relative_strength_20"": 0.1, ""minimum_trading_days"": 500, ""near_120d_high_ratio"": 0.98, ""normal_start_close_position"": 0.65, ""normal_start_min_amount_yi"": 2, ""normal_start_return"": 0.07, ""normal_start_self_amount_percentile"": 0.9, ""normal_start_volume_ratio"": 2.0, ""pattern_filter_enabled"": true, ""pattern_filter_mode"": ""score_only"", ""pattern_pivot_proximity_pct"": 0.05, ""platform_max_range"": 0.12, ""ready_min_score"": 85, ""rr2_min_key"": 2.0, ""rr2_min_ready"": 2.5, ""rr2_min_watch"": 1.5, ""start_age_max_days"": 60, ""start_age_min_days"": 5, ""start_lookback_days"": 60, ""stop_atr_multiplier"": 0.8, ""stop_key_support_pct"": 0.03, ""support_cluster_atr_multiplier"": 0.5, ""support_cluster_price_pct"": 0.015, ""support_test_lookback"": 10, ""support_zone_atr_multiplier"": 0.3, ""support_zone_price_pct"": 0.01, ""tail_close_range_5"": 0.08, ""tail_min_return_3"": -0.04, ""tail_min_return_5"": -0.06, ""tail_strong_volume_ratio_5_20"": 0.6, ""tail_volume_ratio_5_20"": 0.75, ""tail_window_days"": 5, ""target_2_cap_pct"": 0.35, ""vcp_contraction_range_ratio"": 0.9, ""vcp_contraction_volume_ratio"": 0.9, ""vcp_min_first_range"": 0.08, ""watch_min_score"": 60}","{""avg_loss_r"": 1.01225875, ""avg_net_return"": -0.08651405250000001, ""avg_win_r"": 0.0, ""expectancy_r"": -1.01225875, ""losses"": 4, ""max_drawdown"": 0.042820698355999894, ""median_net_return"": -0.090341385, ""net_profit"": -642.241456, ""net_return"": -0.04282069835599989, ""profit_factor"": 0.0, ""single_month_profit_concentration"": 0.0, ""top5_profit_concentration"": 0.0, ""trades"": 4, ""win_rate"": 0.0, ""wins"": 0}"
s6opt-comprehensive-fe84532,score_trade_plan,s6trial-3c5673740261ac8a,OAT,s6ps-d4ee1fa3379b937b,s6ps-71bdb4dbb9c5c096,COMPLETED_WITH_SKIPS,s6bt-78d3ea4dd94ae9fc71bb,,,"{""absolute_max_amp_10d"": 0.5, ""absolute_max_pullback_20d"": -0.35, ""amount10_vs_30_min_ratio"": 0.8, ""big_down_return"": -0.07, ""big_down_volume_ratio"": 1.5, ""box_tail"": {""breakout_ready_position_min"": 0.75, ""broken_close_tolerance"": 0.03, ""compact_kline"": {""atr_contraction_ratio_max"": 0.8, ""avg_body_ratio_max"": 0.025, ""close_range_max"": 0.05, ""enabled"": true, ""max_body_ratio_max"": 0.04, ""max_gap_ratio"": 0.03, ""min_overlap_pair_count"": 3, ""min_overlap_ratio"": 0.5, ""premium_atr_contraction_ratio_max"": 0.65, ""premium_avg_body_ratio_max"": 0.018, ""premium_close_range_max"": 0.03, ""premium_overlap_ratio"": 0.65, ""window_days"": 5}, ""current_close_high_tolerance"": 0.03, ""current_close_low_tolerance"": 0.03, ""enabled"": true, ""low_test_close_tolerance_down"": 0.02, ""low_test_tolerance_up"": 0.02, ""max_box_days"": 30, ""max_volume_contraction_ratio"": 0.85, ""min_box_days"": 5, ""min_box_low_test_count"": 2, ""min_center_shift"": -0.03, ""normal_box_width_max"": 0.18, ""premium_box_width_max"": 0.12, ""premium_center_shift"": 0.0, ""premium_tail_volume_ratio_max"": 0.6, ""premium_volume_contraction_ratio"": 0.7, ""support_ready_position_max"": 0.4, ""tail_volume_ratio_max"": 0.75}, ""breakout_extended_max_pct"": 0.08, ""buy_zone_valid_days"": 3, ""consolidation_max_days"": 40, ""consolidation_min_days"": 5, ""cup_depth_max"": 0.35, ""cup_depth_min"": 0.12, ""enable_market_filter"": true, ""enabled"": true, ""expired_cooldown_days"": 5, ""failed_cooldown_days"": 10, ""key_min_score"": 75, ""kline_days"": 1100, ""limit_up_volume_ratio"": 1.5, ""low_volume_limit_up_min_ratio"": 0.6, ""ma50_min_ratio"": 0.92, ""market_filter_mode"": ""downgrade"", ""max_amp_10d_a"": 0.4, ""max_amp_10d_b"": 0.35, ""max_amp_10d_s"": 0.45, ""max_amp_5d_a"": 0.22, ""max_amp_5d_b"": 0.18, ""max_amp_5d_s"": 0.25, ""max_pullback_20d_a"": -0.26, ""max_pullback_20d_b"": -0.22, ""max_pullback_20d_s"": -0.3, ""max_watch_days"": 10, ""min_avg_amount_10d_yi"": 5, ""min_avg_amount_30d_yi"": 5, ""min_avg_amount_60d_yi"": 3, ""min_relative_strength_20"": 0.1, ""minimum_trading_days"": 500, ""near_120d_high_ratio"": 0.98, ""normal_start_close_position"": 0.65, ""normal_start_min_amount_yi"": 2, ""normal_start_return"": 0.07, ""normal_start_self_amount_percentile"": 0.9, ""normal_start_volume_ratio"": 2.0, ""pattern_filter_enabled"": true, ""pattern_filter_mode"": ""score_only"", ""pattern_pivot_proximity_pct"": 0.05, ""platform_max_range"": 0.12, ""ready_min_score"": 85, ""rr2_min_key"": 2.0, ""rr2_min_ready"": 2.5, ""rr2_min_watch"": 1.5, ""start_age_max_days"": 60, ""start_age_min_days"": 5, ""start_lookback_days"": 60, ""stop_atr_multiplier"": 0.8, ""stop_key_support_pct"": 0.03, ""support_cluster_atr_multiplier"": 0.5, ""support_cluster_price_pct"": 0.015, ""support_test_lookback"": 10, ""support_zone_atr_multiplier"": 0.3, ""support_zone_price_pct"": 0.01, ""tail_close_range_5"": 0.08, ""tail_min_return_3"": -0.04, ""tail_min_return_5"": -0.06, ""tail_strong_volume_ratio_5_20"": 0.6, ""tail_volume_ratio_5_20"": 0.75, ""tail_window_days"": 5, ""target_2_cap_pct"": 0.25, ""vcp_contraction_range_ratio"": 0.9, ""vcp_contraction_volume_ratio"": 0.9, ""vcp_min_first_range"": 0.08, ""watch_min_score"": 60}","{""avg_loss_r"": 1.01225875, ""avg_net_return"": -0.08651405250000001, ""avg_win_r"": 0.0, ""expectancy_r"": -1.01225875, ""losses"": 4, ""max_drawdown"": 0.042820698355999894, ""median_net_return"": -0.090341385, ""net_profit"": -642.241456, ""net_return"": -0.04282069835599989, ""profit_factor"": 0.0, ""single_month_profit_concentration"": 0.0, ""top5_profit_concentration"": 0.0, ""trades"": 4, ""win_rate"": 0.0, ""wins"": 0}"
s6opt-comprehensive-fe84532,score_trade_plan,s6trial-4e844a594b90e0ea,OAT,s6ps-893fc0e60f93757f,s6ps-71bdb4dbb9c5c096,COMPLETED_WITH_SKIPS,s6bt-27f98f48c2c44e8cd606,,,"{""absolute_max_amp_10d"": 0.5, ""absolute_max_pullback_20d"": -0.35, ""amount10_vs_30_min_ratio"": 0.8, ""big_down_return"": -0.07, ""big_down_volume_ratio"": 1.5, ""box_tail"": {""breakout_ready_position_min"": 0.75, ""broken_close_tolerance"": 0.03, ""compact_kline"": {""atr_contraction_ratio_max"": 0.8, ""avg_body_ratio_max"": 0.025, ""close_range_max"": 0.05, ""enabled"": true, ""max_body_ratio_max"": 0.04, ""max_gap_ratio"": 0.03, ""min_overlap_pair_count"": 3, ""min_overlap_ratio"": 0.5, ""premium_atr_contraction_ratio_max"": 0.65, ""premium_avg_body_ratio_max"": 0.018, ""premium_close_range_max"": 0.03, ""premium_overlap_ratio"": 0.65, ""window_days"": 5}, ""current_close_high_tolerance"": 0.03, ""current_close_low_tolerance"": 0.03, ""enabled"": true, ""low_test_close_tolerance_down"": 0.02, ""low_test_tolerance_up"": 0.02, ""max_box_days"": 30, ""max_volume_contraction_ratio"": 0.85, ""min_box_days"": 5, ""min_box_low_test_count"": 2, ""min_center_shift"": -0.03, ""normal_box_width_max"": 0.18, ""premium_box_width_max"": 0.12, ""premium_center_shift"": 0.0, ""premium_tail_volume_ratio_max"": 0.6, ""premium_volume_contraction_ratio"": 0.7, ""support_ready_position_max"": 0.4, ""tail_volume_ratio_max"": 0.75}, ""breakout_extended_max_pct"": 0.08, ""buy_zone_valid_days"": 3, ""consolidation_max_days"": 40, ""consolidation_min_days"": 5, ""cup_depth_max"": 0.35, ""cup_depth_min"": 0.12, ""enable_market_filter"": true, ""enabled"": true, ""expired_cooldown_days"": 5, ""failed_cooldown_days"": 10, ""key_min_score"": 75, ""kline_days"": 1100, ""limit_up_volume_ratio"": 1.5, ""low_volume_limit_up_min_ratio"": 0.6, ""ma50_min_ratio"": 0.92, ""market_filter_mode"": ""downgrade"", ""max_amp_10d_a"": 0.4, ""max_amp_10d_b"": 0.35, ""max_amp_10d_s"": 0.45, ""max_amp_5d_a"": 0.22, ""max_amp_5d_b"": 0.18, ""max_amp_5d_s"": 0.25, ""max_pullback_20d_a"": -0.26, ""max_pullback_20d_b"": -0.22, ""max_pullback_20d_s"": -0.3, ""max_watch_days"": 10, ""min_avg_amount_10d_yi"": 5, ""min_avg_amount_30d_yi"": 5, ""min_avg_amount_60d_yi"": 3, ""min_relative_strength_20"": 0.1, ""minimum_trading_days"": 500, ""near_120d_high_ratio"": 0.98, ""normal_start_close_position"": 0.65, ""normal_start_min_amount_yi"": 2, ""normal_start_return"": 0.07, ""normal_start_self_amount_percentile"": 0.9, ""normal_start_volume_ratio"": 2.0, ""pattern_filter_enabled"": true, ""pattern_filter_mode"": ""score_only"", ""pattern_pivot_proximity_pct"": 0.05, ""platform_max_range"": 0.12, ""ready_min_score"": 85, ""rr2_min_key"": 2.0, ""rr2_min_ready"": 2.5, ""rr2_min_watch"": 1.5, ""start_age_max_days"": 60, ""start_age_min_days"": 5, ""start_lookback_days"": 60, ""stop_atr_multiplier"": 0.8, ""stop_key_support_pct"": 0.03, ""support_cluster_atr_multiplier"": 0.5, ""support_cluster_price_pct"": 0.015, ""support_test_lookback"": 10, ""support_zone_atr_multiplier"": 0.3, ""support_zone_price_pct"": 0.01, ""tail_close_range_5"": 0.08, ""tail_min_return_3"": -0.04, ""tail_min_return_5"": -0.06, ""tail_strong_volume_ratio_5_20"": 0.6, ""tail_volume_ratio_5_20"": 0.75, ""tail_window_days"": 5, ""target_2_cap_pct"": 0.35, ""vcp_contraction_range_ratio"": 0.9, ""vcp_contraction_volume_ratio"": 0.9, ""vcp_min_first_range"": 0.08, ""watch_min_score"": 65}","{""avg_loss_r"": 1.01225875, ""avg_net_return"": -0.08651405250000001, ""avg_win_r"": 0.0, ""expectancy_r"": -1.01225875, ""losses"": 4, ""max_drawdown"": 0.042820698355999894, ""median_net_return"": -0.090341385, ""net_profit"": -642.241456, ""net_return"": -0.04282069835599989, ""profit_factor"": 0.0, ""single_month_profit_concentration"": 0.0, ""top5_profit_concentration"": 0.0, ""trades"": 4, ""win_rate"": 0.0, ""wins"": 0}"
s6opt-comprehensive-fe84532,score_trade_plan,s6trial-81cc6350ae1a1bab,OAT,s6ps-5a65505270e42767,s6ps-71bdb4dbb9c5c096,COMPLETED_WITH_SKIPS,s6bt-267a8e9fe05e754fac00,,,"{""absolute_max_amp_10d"": 0.5, ""absolute_max_pullback_20d"": -0.35, ""amount10_vs_30_min_ratio"": 0.8, ""big_down_return"": -0.07, ""big_down_volume_ratio"": 1.5, ""box_tail"": {""breakout_ready_position_min"": 0.75, ""broken_close_tolerance"": 0.03, ""compact_kline"": {""atr_contraction_ratio_max"": 0.8, ""avg_body_ratio_max"": 0.025, ""close_range_max"": 0.05, ""enabled"": true, ""max_body_ratio_max"": 0.04, ""max_gap_ratio"": 0.03, ""min_overlap_pair_count"": 3, ""min_overlap_ratio"": 0.5, ""premium_atr_contraction_ratio_max"": 0.65, ""premium_avg_body_ratio_max"": 0.018, ""premium_close_range_max"": 0.03, ""premium_overlap_ratio"": 0.65, ""window_days"": 5}, ""current_close_high_tolerance"": 0.03, ""current_close_low_tolerance"": 0.03, ""enabled"": true, ""low_test_close_tolerance_down"": 0.02, ""low_test_tolerance_up"": 0.02, ""max_box_days"": 30, ""max_volume_contraction_ratio"": 0.85, ""min_box_days"": 5, ""min_box_low_test_count"": 2, ""min_center_shift"": -0.03, ""normal_box_width_max"": 0.18, ""premium_box_width_max"": 0.12, ""premium_center_shift"": 0.0, ""premium_tail_volume_ratio_max"": 0.6, ""premium_volume_contraction_ratio"": 0.7, ""support_ready_position_max"": 0.4, ""tail_volume_ratio_max"": 0.75}, ""breakout_extended_max_pct"": 0.08, ""buy_zone_valid_days"": 3, ""consolidation_max_days"": 40, ""consolidation_min_days"": 5, ""cup_depth_max"": 0.35, ""cup_depth_min"": 0.12, ""enable_market_filter"": true, ""enabled"": true, ""expired_cooldown_days"": 5, ""failed_cooldown_days"": 10, ""key_min_score"": 75, ""kline_days"": 1100, ""limit_up_volume_ratio"": 1.5, ""low_volume_limit_up_min_ratio"": 0.6, ""ma50_min_ratio"": 0.92, ""market_filter_mode"": ""downgrade"", ""max_amp_10d_a"": 0.4, ""max_amp_10d_b"": 0.35, ""max_amp_10d_s"": 0.45, ""max_amp_5d_a"": 0.22, ""max_amp_5d_b"": 0.18, ""max_amp_5d_s"": 0.25, ""max_pullback_20d_a"": -0.26, ""max_pullback_20d_b"": -0.22, ""max_pullback_20d_s"": -0.3, ""max_watch_days"": 10, ""min_avg_amount_10d_yi"": 5, ""min_avg_amount_30d_yi"": 5, ""min_avg_amount_60d_yi"": 3, ""min_relative_strength_20"": 0.1, ""minimum_trading_days"": 500, ""near_120d_high_ratio"": 0.98, ""normal_start_close_position"": 0.65, ""normal_start_min_amount_yi"": 2, ""normal_start_return"": 0.07, ""normal_start_self_amount_percentile"": 0.9, ""normal_start_volume_ratio"": 2.0, ""pattern_filter_enabled"": true, ""pattern_filter_mode"": ""score_only"", ""pattern_pivot_proximity_pct"": 0.05, ""platform_max_range"": 0.12, ""ready_min_score"": 85, ""rr2_min_key"": 2.0, ""rr2_min_ready"": 2.5, ""rr2_min_watch"": 1.5, ""start_age_max_days"": 60, ""start_age_min_days"": 5, ""start_lookback_days"": 60, ""stop_atr_multiplier"": 0.8, ""stop_key_support_pct"": 0.03, ""support_cluster_atr_multiplier"": 0.5, ""support_cluster_price_pct"": 0.015, ""support_test_lookback"": 10, ""support_zone_atr_multiplier"": 0.3, ""support_zone_price_pct"": 0.01, ""tail_close_range_5"": 0.08, ""tail_min_return_3"": -0.04, ""tail_min_return_5"": -0.06, ""tail_strong_volume_ratio_5_20"": 0.6, ""tail_volume_ratio_5_20"": 0.75, ""tail_window_days"": 5, ""target_2_cap_pct"": 0.35, ""vcp_contraction_range_ratio"": 0.9, ""vcp_contraction_volume_ratio"": 0.9, ""vcp_min_first_range"": 0.08, ""watch_min_score"": 70}","{""avg_loss_r"": 1.01225875, ""avg_net_return"": -0.08651405250000001, ""avg_win_r"": 0.0, ""expectancy_r"": -1.01225875, ""losses"": 4, ""max_drawdown"": 0.042820698355999894, ""median_net_return"": -0.090341385, ""net_profit"": -642.241456, ""net_return"": -0.04282069835599989, ""profit_factor"": 0.0, ""single_month_profit_concentration"": 0.0, ""top5_profit_concentration"": 0.0, ""trades"": 4, ""win_rate"": 0.0, ""wins"": 0}"
s6opt-comprehensive-fe84532,score_trade_plan,s6trial-821a7563750bb7ef,OAT,s6ps-1e60c3319a5cc8b8,s6ps-71bdb4dbb9c5c096,COMPLETED_WITH_SKIPS,s6bt-f912622a7ce8238f1af8,,,"{""absolute_max_amp_10d"": 0.5, ""absolute_max_pullback_20d"": -0.35, ""amount10_vs_30_min_ratio"": 0.8, ""big_down_return"": -0.07, ""big_down_volume_ratio"": 1.5, ""box_tail"": {""breakout_ready_position_min"": 0.75, ""broken_close_tolerance"": 0.03, ""compact_kline"": {""atr_contraction_ratio_max"": 0.8, ""avg_body_ratio_max"": 0.025, ""close_range_max"": 0.05, ""enabled"": true, ""max_body_ratio_max"": 0.04, ""max_gap_ratio"": 0.03, ""min_overlap_pair_count"": 3, ""min_overlap_ratio"": 0.5, ""premium_atr_contraction_ratio_max"": 0.65, ""premium_avg_body_ratio_max"": 0.018, ""premium_close_range_max"": 0.03, ""premium_overlap_ratio"": 0.65, ""window_days"": 5}, ""current_close_high_tolerance"": 0.03, ""current_close_low_tolerance"": 0.03, ""enabled"": true, ""low_test_close_tolerance_down"": 0.02, ""low_test_tolerance_up"": 0.02, ""max_box_days"": 30, ""max_volume_contraction_ratio"": 0.85, ""min_box_days"": 5, ""min_box_low_test_count"": 2, ""min_center_shift"": -0.03, ""normal_box_width_max"": 0.18, ""premium_box_width_max"": 0.12, ""premium_center_shift"": 0.0, ""premium_tail_volume_ratio_max"": 0.6, ""premium_volume_contraction_ratio"": 0.7, ""support_ready_position_max"": 0.4, ""tail_volume_ratio_max"": 0.75}, ""breakout_extended_max_pct"": 0.08, ""buy_zone_valid_days"": 3, ""consolidation_max_days"": 40, ""consolidation_min_days"": 5, ""cup_depth_max"": 0.35, ""cup_depth_min"": 0.12, ""enable_market_filter"": true, ""enabled"": true, ""expired_cooldown_days"": 5, ""failed_cooldown_days"": 10, ""key_min_score"": 75, ""kline_days"": 1100, ""limit_up_volume_ratio"": 1.5, ""low_volume_limit_up_min_ratio"": 0.6, ""ma50_min_ratio"": 0.92, ""market_filter_mode"": ""downgrade"", ""max_amp_10d_a"": 0.4, ""max_amp_10d_b"": 0.35, ""max_amp_10d_s"": 0.45, ""max_amp_5d_a"": 0.22, ""max_amp_5d_b"": 0.18, ""max_amp_5d_s"": 0.25, ""max_pullback_20d_a"": -0.26, ""max_pullback_20d_b"": -0.22, ""max_pullback_20d_s"": -0.3, ""max_watch_days"": 10, ""min_avg_amount_10d_yi"": 5, ""min_avg_amount_30d_yi"": 5, ""min_avg_amount_60d_yi"": 3, ""min_relative_strength_20"": 0.1, ""minimum_trading_days"": 500, ""near_120d_high_ratio"": 0.98, ""normal_start_close_position"": 0.65, ""normal_start_min_amount_yi"": 2, ""normal_start_return"": 0.07, ""normal_start_self_amount_percentile"": 0.9, ""normal_start_volume_ratio"": 2.0, ""pattern_filter_enabled"": true, ""pattern_filter_mode"": ""score_only"", ""pattern_pivot_proximity_pct"": 0.05, ""platform_max_range"": 0.12, ""ready_min_score"": 85, ""rr2_min_key"": 2.0, ""rr2_min_ready"": 2.5, ""rr2_min_watch"": 1.5, ""start_age_max_days"": 60, ""start_age_min_days"": 5, ""start_lookback_days"": 60, ""stop_atr_multiplier"": 1.2, ""stop_key_support_pct"": 0.03, ""support_cluster_atr_multiplier"": 0.5, ""support_cluster_price_pct"": 0.015, ""support_test_lookback"": 10, ""support_zone_atr_multiplier"": 0.3, ""support_zone_price_pct"": 0.01, ""tail_close_range_5"": 0.08, ""tail_min_return_3"": -0.04, ""tail_min_return_5"": -0.06, ""tail_strong_volume_ratio_5_20"": 0.6, ""tail_volume_ratio_5_20"": 0.75, ""tail_window_days"": 5, ""target_2_cap_pct"": 0.35, ""vcp_contraction_range_ratio"": 0.9, ""vcp_contraction_volume_ratio"": 0.9, ""vcp_min_first_range"": 0.08, ""watch_min_score"": 60}","{""avg_loss_r"": 1.0075560000000001, ""avg_net_return"": -0.02003052, ""avg_win_r"": 0.9628064999999999, ""expectancy_r"": -0.022374750000000027, ""losses"": 2, ""max_drawdown"": 0.010512343529999954, ""median_net_return"": -0.025849584999999994, ""net_profit"": -205.90110099999998, ""net_return"": -0.00323430734199992, ""profit_factor"": 0.5943862941722315, ""single_month_profit_concentration"": 0.09182635608854671, ""top5_profit_concentration"": 1.0, ""trades"": 4, ""win_rate"": 0.5, ""wins"": 2}"
s6opt-comprehensive-fe84532,score_trade_plan,s6trial-911c6763979693d3,OAT,s6ps-75ad305c2cf368b2,s6ps-71bdb4dbb9c5c096,COMPLETED_WITH_SKIPS,s6bt-07d5a9fe6fb51afb7756,,,"{""absolute_max_amp_10d"": 0.5, ""absolute_max_pullback_20d"": -0.35, ""amount10_vs_30_min_ratio"": 0.8, ""big_down_return"": -0.07, ""big_down_volume_ratio"": 1.5, ""box_tail"": {""breakout_ready_position_min"": 0.75, ""broken_close_tolerance"": 0.03, ""compact_kline"": {""atr_contraction_ratio_max"": 0.8, ""avg_body_ratio_max"": 0.025, ""close_range_max"": 0.05, ""enabled"": true, ""max_body_ratio_max"": 0.04, ""max_gap_ratio"": 0.03, ""min_overlap_pair_count"": 3, ""min_overlap_ratio"": 0.5, ""premium_atr_contraction_ratio_max"": 0.65, ""premium_avg_body_ratio_max"": 0.018, ""premium_close_range_max"": 0.03, ""premium_overlap_ratio"": 0.65, ""window_days"": 5}, ""current_close_high_tolerance"": 0.03, ""current_close_low_tolerance"": 0.03, ""enabled"": true, ""low_test_close_tolerance_down"": 0.02, ""low_test_tolerance_up"": 0.02, ""max_box_days"": 30, ""max_volume_contraction_ratio"": 0.85, ""min_box_days"": 5, ""min_box_low_test_count"": 2, ""min_center_shift"": -0.03, ""normal_box_width_max"": 0.18, ""premium_box_width_max"": 0.12, ""premium_center_shift"": 0.0, ""premium_tail_volume_ratio_max"": 0.6, ""premium_volume_contraction_ratio"": 0.7, ""support_ready_position_max"": 0.4, ""tail_volume_ratio_max"": 0.75}, ""breakout_extended_max_pct"": 0.08, ""buy_zone_valid_days"": 3, ""consolidation_max_days"": 40, ""consolidation_min_days"": 5, ""cup_depth_max"": 0.35, ""cup_depth_min"": 0.12, ""enable_market_filter"": true, ""enabled"": true, ""expired_cooldown_days"": 5, ""failed_cooldown_days"": 10, ""key_min_score"": 75, ""kline_days"": 1100, ""limit_up_volume_ratio"": 1.5, ""low_volume_limit_up_min_ratio"": 0.6, ""ma50_min_ratio"": 0.92, ""market_filter_mode"": ""downgrade"", ""max_amp_10d_a"": 0.4, ""max_amp_10d_b"": 0.35, ""max_amp_10d_s"": 0.45, ""max_amp_5d_a"": 0.22, ""max_amp_5d_b"": 0.18, ""max_amp_5d_s"": 0.25, ""max_pullback_20d_a"": -0.26, ""max_pullback_20d_b"": -0.22, ""max_pullback_20d_s"": -0.3, ""max_watch_days"": 10, ""min_avg_amount_10d_yi"": 5, ""min_avg_amount_30d_yi"": 5, ""min_avg_amount_60d_yi"": 3, ""min_relative_strength_20"": 0.1, ""minimum_trading_days"": 500, ""near_120d_high_ratio"": 0.98, ""normal_start_close_position"": 0.65, ""normal_start_min_amount_yi"": 2, ""normal_start_return"": 0.07, ""normal_start_self_amount_percentile"": 0.9, ""normal_start_volume_ratio"": 2.0, ""pattern_filter_enabled"": true, ""pattern_filter_mode"": ""score_only"", ""pattern_pivot_proximity_pct"": 0.05, ""platform_max_range"": 0.12, ""ready_min_score"": 85, ""rr2_min_key"": 2.0, ""rr2_min_ready"": 2.5, ""rr2_min_watch"": 1.5, ""start_age_max_days"": 60, ""start_age_min_days"": 5, ""start_lookback_days"": 60, ""stop_atr_multiplier"": 0.8, ""stop_key_support_pct"": 0.04, ""support_cluster_atr_multiplier"": 0.5, ""support_cluster_price_pct"": 0.015, ""support_test_lookback"": 10, ""support_zone_atr_multiplier"": 0.3, ""support_zone_price_pct"": 0.01, ""tail_close_range_5"": 0.08, ""tail_min_return_3"": -0.04, ""tail_min_return_5"": -0.06, ""tail_strong_volume_ratio_5_20"": 0.6, ""tail_volume_ratio_5_20"": 0.75, ""tail_window_days"": 5, ""target_2_cap_pct"": 0.35, ""vcp_contraction_range_ratio"": 0.9, ""vcp_contraction_volume_ratio"": 0.9, ""vcp_min_first_range"": 0.08, ""watch_min_score"": 60}","{""avg_loss_r"": 1.01225875, ""avg_net_return"": -0.08651405250000001, ""avg_win_r"": 0.0, ""expectancy_r"": -1.01225875, ""losses"": 4, ""max_drawdown"": 0.042820698355999894, ""median_net_return"": -0.090341385, ""net_profit"": -642.241456, ""net_return"": -0.04282069835599989, ""profit_factor"": 0.0, ""single_month_profit_concentration"": 0.0, ""top5_profit_concentration"": 0.0, ""trades"": 4, ""win_rate"": 0.0, ""wins"": 0}"
s6opt-comprehensive-fe84532,score_trade_plan,s6trial-a2073ad0470e97e3,OAT,s6ps-1ddb6320ab997249,s6ps-71bdb4dbb9c5c096,COMPLETED_WITH_SKIPS,s6bt-0560e20bdf94a01b2930,,,"{""absolute_max_amp_10d"": 0.5, ""absolute_max_pullback_20d"": -0.35, ""amount10_vs_30_min_ratio"": 0.8, ""big_down_return"": -0.07, ""big_down_volume_ratio"": 1.5, ""box_tail"": {""breakout_ready_position_min"": 0.75, ""broken_close_tolerance"": 0.03, ""compact_kline"": {""atr_contraction_ratio_max"": 0.8, ""avg_body_ratio_max"": 0.025, ""close_range_max"": 0.05, ""enabled"": true, ""max_body_ratio_max"": 0.04, ""max_gap_ratio"": 0.03, ""min_overlap_pair_count"": 3, ""min_overlap_ratio"": 0.5, ""premium_atr_contraction_ratio_max"": 0.65, ""premium_avg_body_ratio_max"": 0.018, ""premium_close_range_max"": 0.03, ""premium_overlap_ratio"": 0.65, ""window_days"": 5}, ""current_close_high_tolerance"": 0.03, ""current_close_low_tolerance"": 0.03, ""enabled"": true, ""low_test_close_tolerance_down"": 0.02, ""low_test_tolerance_up"": 0.02, ""max_box_days"": 30, ""max_volume_contraction_ratio"": 0.85, ""min_box_days"": 5, ""min_box_low_test_count"": 2, ""min_center_shift"": -0.03, ""normal_box_width_max"": 0.18, ""premium_box_width_max"": 0.12, ""premium_center_shift"": 0.0, ""premium_tail_volume_ratio_max"": 0.6, ""premium_volume_contraction_ratio"": 0.7, ""support_ready_position_max"": 0.4, ""tail_volume_ratio_max"": 0.75}, ""breakout_extended_max_pct"": 0.08, ""buy_zone_valid_days"": 3, ""consolidation_max_days"": 40, ""consolidation_min_days"": 5, ""cup_depth_max"": 0.35, ""cup_depth_min"": 0.12, ""enable_market_filter"": true, ""enabled"": true, ""expired_cooldown_days"": 5, ""failed_cooldown_days"": 10, ""key_min_score"": 75, ""kline_days"": 1100, ""limit_up_volume_ratio"": 1.5, ""low_volume_limit_up_min_ratio"": 0.6, ""ma50_min_ratio"": 0.92, ""market_filter_mode"": ""downgrade"", ""max_amp_10d_a"": 0.4, ""max_amp_10d_b"": 0.35, ""max_amp_10d_s"": 0.45, ""max_amp_5d_a"": 0.22, ""max_amp_5d_b"": 0.18, ""max_amp_5d_s"": 0.25, ""max_pullback_20d_a"": -0.26, ""max_pullback_20d_b"": -0.22, ""max_pullback_20d_s"": -0.3, ""max_watch_days"": 10, ""min_avg_amount_10d_yi"": 5, ""min_avg_amount_30d_yi"": 5, ""min_avg_amount_60d_yi"": 3, ""min_relative_strength_20"": 0.1, ""minimum_trading_days"": 500, ""near_120d_high_ratio"": 0.98, ""normal_start_close_position"": 0.65, ""normal_start_min_amount_yi"": 2, ""normal_start_return"": 0.07, ""normal_start_self_amount_percentile"": 0.9, ""normal_start_volume_ratio"": 2.0, ""pattern_filter_enabled"": true, ""pattern_filter_mode"": ""score_only"", ""pattern_pivot_proximity_pct"": 0.05, ""platform_max_range"": 0.12, ""ready_min_score"": 85, ""rr2_min_key"": 2.0, ""rr2_min_ready"": 2.5, ""rr2_min_watch"": 1.5, ""start_age_max_days"": 60, ""start_age_min_days"": 5, ""start_lookback_days"": 60, ""stop_atr_multiplier"": 1.0, ""stop_key_support_pct"": 0.03, ""support_cluster_atr_multiplier"": 0.5, ""support_cluster_price_pct"": 0.015, ""support_test_lookback"": 10, ""support_zone_atr_multiplier"": 0.3, ""support_zone_price_pct"": 0.01, ""tail_close_range_5"": 0.08, ""tail_min_return_3"": -0.04, ""tail_min_return_5"": -0.06, ""tail_strong_volume_ratio_5_20"": 0.6, ""tail_volume_ratio_5_20"": 0.75, ""tail_window_days"": 5, ""target_2_cap_pct"": 0.35, ""vcp_contraction_range_ratio"": 0.9, ""vcp_contraction_volume_ratio"": 0.9, ""vcp_min_first_range"": 0.08, ""watch_min_score"": 60}","{""avg_loss_r"": 1.0084176666666667, ""avg_net_return"": -0.060766482499999996, ""avg_win_r"": 1.632357, ""expectancy_r"": -0.34822400000000003, ""losses"": 3, ""max_drawdown"": 0.021162292107999907, ""median_net_return"": -0.106798525, ""net_profit"": -406.597706, ""net_return"": -0.016477316127999964, ""profit_factor"": 0.3398711536168659, ""single_month_profit_concentration"": -0.12773105827585643, ""top5_profit_concentration"": 1.0, ""trades"": 4, ""win_rate"": 0.25, ""wins"": 1}"
s6opt-comprehensive-fe84532,score_trade_plan,s6trial-d30b97ec057549f1,OAT,s6ps-e0499a6000ee2a5d,s6ps-71bdb4dbb9c5c096,COMPLETED_WITH_SKIPS,s6bt-bdb289781ad1fb30fe62,,,"{""absolute_max_amp_10d"": 0.5, ""absolute_max_pullback_20d"": -0.35, ""amount10_vs_30_min_ratio"": 0.8, ""big_down_return"": -0.07, ""big_down_volume_ratio"": 1.5, ""box_tail"": {""breakout_ready_position_min"": 0.75, ""broken_close_tolerance"": 0.03, ""compact_kline"": {""atr_contraction_ratio_max"": 0.8, ""avg_body_ratio_max"": 0.025, ""close_range_max"": 0.05, ""enabled"": true, ""max_body_ratio_max"": 0.04, ""max_gap_ratio"": 0.03, ""min_overlap_pair_count"": 3, ""min_overlap_ratio"": 0.5, ""premium_atr_contraction_ratio_max"": 0.65, ""premium_avg_body_ratio_max"": 0.018, ""premium_close_range_max"": 0.03, ""premium_overlap_ratio"": 0.65, ""window_days"": 5}, ""current_close_high_tolerance"": 0.03, ""current_close_low_tolerance"": 0.03, ""enabled"": true, ""low_test_close_tolerance_down"": 0.02, ""low_test_tolerance_up"": 0.02, ""max_box_days"": 30, ""max_volume_contraction_ratio"": 0.85, ""min_box_days"": 5, ""min_box_low_test_count"": 2, ""min_center_shift"": -0.03, ""normal_box_width_max"": 0.18, ""premium_box_width_max"": 0.12, ""premium_center_shift"": 0.0, ""premium_tail_volume_ratio_max"": 0.6, ""premium_volume_contraction_ratio"": 0.7, ""support_ready_position_max"": 0.4, ""tail_volume_ratio_max"": 0.75}, ""breakout_extended_max_pct"": 0.08, ""buy_zone_valid_days"": 3, ""consolidation_max_days"": 40, ""consolidation_min_days"": 5, ""cup_depth_max"": 0.35, ""cup_depth_min"": 0.12, ""enable_market_filter"": true, ""enabled"": true, ""expired_cooldown_days"": 5, ""failed_cooldown_days"": 10, ""key_min_score"": 75, ""kline_days"": 1100, ""limit_up_volume_ratio"": 1.5, ""low_volume_limit_up_min_ratio"": 0.6, ""ma50_min_ratio"": 0.92, ""market_filter_mode"": ""downgrade"", ""max_amp_10d_a"": 0.4, ""max_amp_10d_b"": 0.35, ""max_amp_10d_s"": 0.45, ""max_amp_5d_a"": 0.22, ""max_amp_5d_b"": 0.18, ""max_amp_5d_s"": 0.25, ""max_pullback_20d_a"": -0.26, ""max_pullback_20d_b"": -0.22, ""max_pullback_20d_s"": -0.3, ""max_watch_days"": 10, ""min_avg_amount_10d_yi"": 5, ""min_avg_amount_30d_yi"": 5, ""min_avg_amount_60d_yi"": 3, ""min_relative_strength_20"": 0.1, ""minimum_trading_days"": 500, ""near_120d_high_ratio"": 0.98, ""normal_start_close_position"": 0.65, ""normal_start_min_amount_yi"": 2, ""normal_start_return"": 0.07, ""normal_start_self_amount_percentile"": 0.9, ""normal_start_volume_ratio"": 2.0, ""pattern_filter_enabled"": true, ""pattern_filter_mode"": ""score_only"", ""pattern_pivot_proximity_pct"": 0.05, ""platform_max_range"": 0.12, ""ready_min_score"": 90, ""rr2_min_key"": 2.0, ""rr2_min_ready"": 2.5, ""rr2_min_watch"": 1.5, ""start_age_max_days"": 60, ""start_age_min_days"": 5, ""start_lookback_days"": 60, ""stop_atr_multiplier"": 0.8, ""stop_key_support_pct"": 0.03, ""support_cluster_atr_multiplier"": 0.5, ""support_cluster_price_pct"": 0.015, ""support_test_lookback"": 10, ""support_zone_atr_multiplier"": 0.3, ""support_zone_price_pct"": 0.01, ""tail_close_range_5"": 0.08, ""tail_min_return_3"": -0.04, ""tail_min_return_5"": -0.06, ""tail_strong_volume_ratio_5_20"": 0.6, ""tail_volume_ratio_5_20"": 0.75, ""tail_window_days"": 5, ""target_2_cap_pct"": 0.35, ""vcp_contraction_range_ratio"": 0.9, ""vcp_contraction_volume_ratio"": 0.9, ""vcp_min_first_range"": 0.08, ""watch_min_score"": 60}","{""avg_loss_r"": 1.01225875, ""avg_net_return"": -0.08651405250000001, ""avg_win_r"": 0.0, ""expectancy_r"": -1.01225875, ""losses"": 4, ""max_drawdown"": 0.042820698355999894, ""median_net_return"": -0.090341385, ""net_profit"": -642.241456, ""net_return"": -0.04282069835599989, ""profit_factor"": 0.0, ""single_month_profit_concentration"": 0.0, ""top5_profit_concentration"": 0.0, ""trades"": 4, ""win_rate"": 0.0, ""wins"": 0}"
s6opt-comprehensive-fe84532,score_trade_plan,s6trial-f389757c00f77820,BASELINE,s6ps-71bdb4dbb9c5c096,s6ps-71bdb4dbb9c5c096,COMPLETED_WITH_SKIPS,s6bt-90f22852532272396689,,,"{""absolute_max_amp_10d"": 0.5, ""absolute_max_pullback_20d"": -0.35, ""amount10_vs_30_min_ratio"": 0.8, ""big_down_return"": -0.07, ""big_down_volume_ratio"": 1.5, ""box_tail"": {""breakout_ready_position_min"": 0.75, ""broken_close_tolerance"": 0.03, ""compact_kline"": {""atr_contraction_ratio_max"": 0.8, ""avg_body_ratio_max"": 0.025, ""close_range_max"": 0.05, ""enabled"": true, ""max_body_ratio_max"": 0.04, ""max_gap_ratio"": 0.03, ""min_overlap_pair_count"": 3, ""min_overlap_ratio"": 0.5, ""premium_atr_contraction_ratio_max"": 0.65, ""premium_avg_body_ratio_max"": 0.018, ""premium_close_range_max"": 0.03, ""premium_overlap_ratio"": 0.65, ""window_days"": 5}, ""current_close_high_tolerance"": 0.03, ""current_close_low_tolerance"": 0.03, ""enabled"": true, ""low_test_close_tolerance_down"": 0.02, ""low_test_tolerance_up"": 0.02, ""max_box_days"": 30, ""max_volume_contraction_ratio"": 0.85, ""min_box_days"": 5, ""min_box_low_test_count"": 2, ""min_center_shift"": -0.03, ""normal_box_width_max"": 0.18, ""premium_box_width_max"": 0.12, ""premium_center_shift"": 0.0, ""premium_tail_volume_ratio_max"": 0.6, ""premium_volume_contraction_ratio"": 0.7, ""support_ready_position_max"": 0.4, ""tail_volume_ratio_max"": 0.75}, ""breakout_extended_max_pct"": 0.08, ""buy_zone_valid_days"": 3, ""consolidation_max_days"": 40, ""consolidation_min_days"": 5, ""cup_depth_max"": 0.35, ""cup_depth_min"": 0.12, ""enable_market_filter"": true, ""enabled"": true, ""expired_cooldown_days"": 5, ""failed_cooldown_days"": 10, ""key_min_score"": 75, ""kline_days"": 1100, ""limit_up_volume_ratio"": 1.5, ""low_volume_limit_up_min_ratio"": 0.6, ""ma50_min_ratio"": 0.92, ""market_filter_mode"": ""downgrade"", ""max_amp_10d_a"": 0.4, ""max_amp_10d_b"": 0.35, ""max_amp_10d_s"": 0.45, ""max_amp_5d_a"": 0.22, ""max_amp_5d_b"": 0.18, ""max_amp_5d_s"": 0.25, ""max_pullback_20d_a"": -0.26, ""max_pullback_20d_b"": -0.22, ""max_pullback_20d_s"": -0.3, ""max_watch_days"": 10, ""min_avg_amount_10d_yi"": 5, ""min_avg_amount_30d_yi"": 5, ""min_avg_amount_60d_yi"": 3, ""min_relative_strength_20"": 0.1, ""minimum_trading_days"": 500, ""near_120d_high_ratio"": 0.98, ""normal_start_close_position"": 0.65, ""normal_start_min_amount_yi"": 2, ""normal_start_return"": 0.07, ""normal_start_self_amount_percentile"": 0.9, ""normal_start_volume_ratio"": 2.0, ""pattern_filter_enabled"": true, ""pattern_filter_mode"": ""score_only"", ""pattern_pivot_proximity_pct"": 0.05, ""platform_max_range"": 0.12, ""ready_min_score"": 85, ""rr2_min_key"": 2.0, ""rr2_min_ready"": 2.5, ""rr2_min_watch"": 1.5, ""start_age_max_days"": 60, ""start_age_min_days"": 5, ""start_lookback_days"": 60, ""stop_atr_multiplier"": 0.8, ""stop_key_support_pct"": 0.03, ""support_cluster_atr_multiplier"": 0.5, ""support_cluster_price_pct"": 0.015, ""support_test_lookback"": 10, ""support_zone_atr_multiplier"": 0.3, ""support_zone_price_pct"": 0.01, ""tail_close_range_5"": 0.08, ""tail_min_return_3"": -0.04, ""tail_min_return_5"": -0.06, ""tail_strong_volume_ratio_5_20"": 0.6, ""tail_volume_ratio_5_20"": 0.75, ""tail_window_days"": 5, ""target_2_cap_pct"": 0.35, ""vcp_contraction_range_ratio"": 0.9, ""vcp_contraction_volume_ratio"": 0.9, ""vcp_min_first_range"": 0.08, ""watch_min_score"": 60}","{""avg_loss_r"": 1.01225875, ""avg_net_return"": -0.08651405250000001, ""avg_win_r"": 0.0, ""expectancy_r"": -1.01225875, ""losses"": 4, ""max_drawdown"": 0.042820698355999894, ""median_net_return"": -0.090341385, ""net_profit"": -642.241456, ""net_return"": -0.04282069835599989, ""profit_factor"": 0.0, ""single_month_profit_concentration"": 0.0, ""top5_profit_concentration"": 0.0, ""trades"": 4, ""win_rate"": 0.0, ""wins"": 0}"
s6opt-comprehensive-fe84532,score_trade_plan,s6trial-fa4ed164b4bb492a,OAT,s6ps-58408f6b6ff87dfa,s6ps-71bdb4dbb9c5c096,COMPLETED_WITH_SKIPS,s6bt-986bf53c77913fc83d4a,,,"{""absolute_max_amp_10d"": 0.5, ""absolute_max_pullback_20d"": -0.35, ""amount10_vs_30_min_ratio"": 0.8, ""big_down_return"": -0.07, ""big_down_volume_ratio"": 1.5, ""box_tail"": {""breakout_ready_position_min"": 0.75, ""broken_close_tolerance"": 0.03, ""compact_kline"": {""atr_contraction_ratio_max"": 0.8, ""avg_body_ratio_max"": 0.025, ""close_range_max"": 0.05, ""enabled"": true, ""max_body_ratio_max"": 0.04, ""max_gap_ratio"": 0.03, ""min_overlap_pair_count"": 3, ""min_overlap_ratio"": 0.5, ""premium_atr_contraction_ratio_max"": 0.65, ""premium_avg_body_ratio_max"": 0.018, ""premium_close_range_max"": 0.03, ""premium_overlap_ratio"": 0.65, ""window_days"": 5}, ""current_close_high_tolerance"": 0.03, ""current_close_low_tolerance"": 0.03, ""enabled"": true, ""low_test_close_tolerance_down"": 0.02, ""low_test_tolerance_up"": 0.02, ""max_box_days"": 30, ""max_volume_contraction_ratio"": 0.85, ""min_box_days"": 5, ""min_box_low_test_count"": 2, ""min_center_shift"": -0.03, ""normal_box_width_max"": 0.18, ""premium_box_width_max"": 0.12, ""premium_center_shift"": 0.0, ""premium_tail_volume_ratio_max"": 0.6, ""premium_volume_contraction_ratio"": 0.7, ""support_ready_position_max"": 0.4, ""tail_volume_ratio_max"": 0.75}, ""breakout_extended_max_pct"": 0.08, ""buy_zone_valid_days"": 3, ""consolidation_max_days"": 40, ""consolidation_min_days"": 5, ""cup_depth_max"": 0.35, ""cup_depth_min"": 0.12, ""enable_market_filter"": true, ""enabled"": true, ""expired_cooldown_days"": 5, ""failed_cooldown_days"": 10, ""key_min_score"": 75, ""kline_days"": 1100, ""limit_up_volume_ratio"": 1.5, ""low_volume_limit_up_min_ratio"": 0.6, ""ma50_min_ratio"": 0.92, ""market_filter_mode"": ""downgrade"", ""max_amp_10d_a"": 0.4, ""max_amp_10d_b"": 0.35, ""max_amp_10d_s"": 0.45, ""max_amp_5d_a"": 0.22, ""max_amp_5d_b"": 0.18, ""max_amp_5d_s"": 0.25, ""max_pullback_20d_a"": -0.26, ""max_pullback_20d_b"": -0.22, ""max_pullback_20d_s"": -0.3, ""max_watch_days"": 10, ""min_avg_amount_10d_yi"": 5, ""min_avg_amount_30d_yi"": 5, ""min_avg_amount_60d_yi"": 3, ""min_relative_strength_20"": 0.1, ""minimum_trading_days"": 500, ""near_120d_high_ratio"": 0.98, ""normal_start_close_position"": 0.65, ""normal_start_min_amount_yi"": 2, ""normal_start_return"": 0.07, ""normal_start_self_amount_percentile"": 0.9, ""normal_start_volume_ratio"": 2.0, ""pattern_filter_enabled"": true, ""pattern_filter_mode"": ""score_only"", ""pattern_pivot_proximity_pct"": 0.05, ""platform_max_range"": 0.12, ""ready_min_score"": 80, ""rr2_min_key"": 2.0, ""rr2_min_ready"": 2.5, ""rr2_min_watch"": 1.5, ""start_age_max_days"": 60, ""start_age_min_days"": 5, ""start_lookback_days"": 60, ""stop_atr_multiplier"": 0.8, ""stop_key_support_pct"": 0.03, ""support_cluster_atr_multiplier"": 0.5, ""support_cluster_price_pct"": 0.015, ""support_test_lookback"": 10, ""support_zone_atr_multiplier"": 0.3, ""support_zone_price_pct"": 0.01, ""tail_close_range_5"": 0.08, ""tail_min_return_3"": -0.04, ""tail_min_return_5"": -0.06, ""tail_strong_volume_ratio_5_20"": 0.6, ""tail_volume_ratio_5_20"": 0.75, ""tail_window_days"": 5, ""target_2_cap_pct"": 0.35, ""vcp_contraction_range_ratio"": 0.9, ""vcp_contraction_volume_ratio"": 0.9, ""vcp_min_first_range"": 0.08, ""watch_min_score"": 60}","{""avg_loss_r"": 1.01225875, ""avg_net_return"": -0.08651405250000001, ""avg_win_r"": 0.0, ""expectancy_r"": -1.01225875, ""losses"": 4, ""max_drawdown"": 0.042820698355999894, ""median_net_return"": -0.090341385, ""net_profit"": -642.241456, ""net_return"": -0.04282069835599989, ""profit_factor"": 0.0, ""single_month_profit_concentration"": 0.0, ""top5_profit_concentration"": 0.0, ""trades"": 4, ""win_rate"": 0.0, ""wins"": 0}"
s6opt-comprehensive-fe84532,score_trade_plan,s6trial-fe1b5c6bd2a1f3af,OAT,s6ps-bcb8bb99962017a9,s6ps-71bdb4dbb9c5c096,COMPLETED_WITH_SKIPS,s6bt-2428ce6c7069aac1cc0b,,,"{""absolute_max_amp_10d"": 0.5, ""absolute_max_pullback_20d"": -0.35, ""amount10_vs_30_min_ratio"": 0.8, ""big_down_return"": -0.07, ""big_down_volume_ratio"": 1.5, ""box_tail"": {""breakout_ready_position_min"": 0.75, ""broken_close_tolerance"": 0.03, ""compact_kline"": {""atr_contraction_ratio_max"": 0.8, ""avg_body_ratio_max"": 0.025, ""close_range_max"": 0.05, ""enabled"": true, ""max_body_ratio_max"": 0.04, ""max_gap_ratio"": 0.03, ""min_overlap_pair_count"": 3, ""min_overlap_ratio"": 0.5, ""premium_atr_contraction_ratio_max"": 0.65, ""premium_avg_body_ratio_max"": 0.018, ""premium_close_range_max"": 0.03, ""premium_overlap_ratio"": 0.65, ""window_days"": 5}, ""current_close_high_tolerance"": 0.03, ""current_close_low_tolerance"": 0.03, ""enabled"": true, ""low_test_close_tolerance_down"": 0.02, ""low_test_tolerance_up"": 0.02, ""max_box_days"": 30, ""max_volume_contraction_ratio"": 0.85, ""min_box_days"": 5, ""min_box_low_test_count"": 2, ""min_center_shift"": -0.03, ""normal_box_width_max"": 0.18, ""premium_box_width_max"": 0.12, ""premium_center_shift"": 0.0, ""premium_tail_volume_ratio_max"": 0.6, ""premium_volume_contraction_ratio"": 0.7, ""support_ready_position_max"": 0.4, ""tail_volume_ratio_max"": 0.75}, ""breakout_extended_max_pct"": 0.08, ""buy_zone_valid_days"": 3, ""consolidation_max_days"": 40, ""consolidation_min_days"": 5, ""cup_depth_max"": 0.35, ""cup_depth_min"": 0.12, ""enable_market_filter"": true, ""enabled"": true, ""expired_cooldown_days"": 5, ""failed_cooldown_days"": 10, ""key_min_score"": 75, ""kline_days"": 1100, ""limit_up_volume_ratio"": 1.5, ""low_volume_limit_up_min_ratio"": 0.6, ""ma50_min_ratio"": 0.92, ""market_filter_mode"": ""downgrade"", ""max_amp_10d_a"": 0.4, ""max_amp_10d_b"": 0.35, ""max_amp_10d_s"": 0.45, ""max_amp_5d_a"": 0.22, ""max_amp_5d_b"": 0.18, ""max_amp_5d_s"": 0.25, ""max_pullback_20d_a"": -0.26, ""max_pullback_20d_b"": -0.22, ""max_pullback_20d_s"": -0.3, ""max_watch_days"": 10, ""min_avg_amount_10d_yi"": 5, ""min_avg_amount_30d_yi"": 5, ""min_avg_amount_60d_yi"": 3, ""min_relative_strength_20"": 0.1, ""minimum_trading_days"": 500, ""near_120d_high_ratio"": 0.98, ""normal_start_close_position"": 0.65, ""normal_start_min_amount_yi"": 2, ""normal_start_return"": 0.07, ""normal_start_self_amount_percentile"": 0.9, ""normal_start_volume_ratio"": 2.0, ""pattern_filter_enabled"": true, ""pattern_filter_mode"": ""score_only"", ""pattern_pivot_proximity_pct"": 0.05, ""platform_max_range"": 0.12, ""ready_min_score"": 85, ""rr2_min_key"": 2.0, ""rr2_min_ready"": 3.0, ""rr2_min_watch"": 1.5, ""start_age_max_days"": 60, ""start_age_min_days"": 5, ""start_lookback_days"": 60, ""stop_atr_multiplier"": 0.8, ""stop_key_support_pct"": 0.03, ""support_cluster_atr_multiplier"": 0.5, ""support_cluster_price_pct"": 0.015, ""support_test_lookback"": 10, ""support_zone_atr_multiplier"": 0.3, ""support_zone_price_pct"": 0.01, ""tail_close_range_5"": 0.08, ""tail_min_return_3"": -0.04, ""tail_min_return_5"": -0.06, ""tail_strong_volume_ratio_5_20"": 0.6, ""tail_volume_ratio_5_20"": 0.75, ""tail_window_days"": 5, ""target_2_cap_pct"": 0.35, ""vcp_contraction_range_ratio"": 0.9, ""vcp_contraction_volume_ratio"": 0.9, ""vcp_min_first_range"": 0.08, ""watch_min_score"": 60}","{""avg_loss_r"": 1.01225875, ""avg_net_return"": -0.08651405250000001, ""avg_win_r"": 0.0, ""expectancy_r"": -1.01225875, ""losses"": 4, ""max_drawdown"": 0.042820698355999894, ""median_net_return"": -0.090341385, ""net_profit"": -642.241456, ""net_return"": -0.04282069835599989, ""profit_factor"": 0.0, ""single_month_profit_concentration"": 0.0, ""top5_profit_concentration"": 0.0, ""trades"": 4, ""win_rate"": 0.0, ""wins"": 0}"
s6opt-comprehensive-fe84532,strong_start,s6trial-0a26d095bc72b130,OAT,s6ps-38c6b989c6c644ad,s6ps-71bdb4dbb9c5c096,COMPLETED_WITH_SKIPS,s6bt-09b382d9891aff2f600d,,,"{""absolute_max_amp_10d"": 0.5, ""absolute_max_pullback_20d"": -0.35, ""amount10_vs_30_min_ratio"": 0.8, ""big_down_return"": -0.07, ""big_down_volume_ratio"": 1.5, ""box_tail"": {""breakout_ready_position_min"": 0.75, ""broken_close_tolerance"": 0.03, ""compact_kline"": {""atr_contraction_ratio_max"": 0.8, ""avg_body_ratio_max"": 0.025, ""close_range_max"": 0.05, ""enabled"": true, ""max_body_ratio_max"": 0.04, ""max_gap_ratio"": 0.03, ""min_overlap_pair_count"": 3, ""min_overlap_ratio"": 0.5, ""premium_atr_contraction_ratio_max"": 0.65, ""premium_avg_body_ratio_max"": 0.018, ""premium_close_range_max"": 0.03, ""premium_overlap_ratio"": 0.65, ""window_days"": 5}, ""current_close_high_tolerance"": 0.03, ""current_close_low_tolerance"": 0.03, ""enabled"": true, ""low_test_close_tolerance_down"": 0.02, ""low_test_tolerance_up"": 0.02, ""max_box_days"": 30, ""max_volume_contraction_ratio"": 0.85, ""min_box_days"": 5, ""min_box_low_test_count"": 2, ""min_center_shift"": -0.03, ""normal_box_width_max"": 0.18, ""premium_box_width_max"": 0.12, ""premium_center_shift"": 0.0, ""premium_tail_volume_ratio_max"": 0.6, ""premium_volume_contraction_ratio"": 0.7, ""support_ready_position_max"": 0.4, ""tail_volume_ratio_max"": 0.75}, ""breakout_extended_max_pct"": 0.08, ""buy_zone_valid_days"": 3, ""consolidation_max_days"": 40, ""consolidation_min_days"": 5, ""cup_depth_max"": 0.35, ""cup_depth_min"": 0.12, ""enable_market_filter"": true, ""enabled"": true, ""expired_cooldown_days"": 5, ""failed_cooldown_days"": 10, ""key_min_score"": 75, ""kline_days"": 1100, ""limit_up_volume_ratio"": 1.5, ""low_volume_limit_up_min_ratio"": 0.6, ""ma50_min_ratio"": 0.92, ""market_filter_mode"": ""downgrade"", ""max_amp_10d_a"": 0.4, ""max_amp_10d_b"": 0.35, ""max_amp_10d_s"": 0.45, ""max_amp_5d_a"": 0.22, ""max_amp_5d_b"": 0.18, ""max_amp_5d_s"": 0.25, ""max_pullback_20d_a"": -0.26, ""max_pullback_20d_b"": -0.22, ""max_pullback_20d_s"": -0.3, ""max_watch_days"": 10, ""min_avg_amount_10d_yi"": 5, ""min_avg_amount_30d_yi"": 5, ""min_avg_amount_60d_yi"": 3, ""min_relative_strength_20"": 0.1, ""minimum_trading_days"": 500, ""near_120d_high_ratio"": 1.0, ""normal_start_close_position"": 0.65, ""normal_start_min_amount_yi"": 2, ""normal_start_return"": 0.07, ""normal_start_self_amount_percentile"": 0.9, ""normal_start_volume_ratio"": 2.0, ""pattern_filter_enabled"": true, ""pattern_filter_mode"": ""score_only"", ""pattern_pivot_proximity_pct"": 0.05, ""platform_max_range"": 0.12, ""ready_min_score"": 85, ""rr2_min_key"": 2.0, ""rr2_min_ready"": 2.5, ""rr2_min_watch"": 1.5, ""start_age_max_days"": 60, ""start_age_min_days"": 5, ""start_lookback_days"": 60, ""stop_atr_multiplier"": 0.8, ""stop_key_support_pct"": 0.03, ""support_cluster_atr_multiplier"": 0.5, ""support_cluster_price_pct"": 0.015, ""support_test_lookback"": 10, ""support_zone_atr_multiplier"": 0.3, ""support_zone_price_pct"": 0.01, ""tail_close_range_5"": 0.08, ""tail_min_return_3"": -0.04, ""tail_min_return_5"": -0.06, ""tail_strong_volume_ratio_5_20"": 0.6, ""tail_volume_ratio_5_20"": 0.75, ""tail_window_days"": 5, ""target_2_cap_pct"": 0.35, ""vcp_contraction_range_ratio"": 0.9, ""vcp_contraction_volume_ratio"": 0.9, ""vcp_min_first_range"": 0.08, ""watch_min_score"": 60}","{""avg_loss_r"": 1.01225875, ""avg_net_return"": -0.08651405250000001, ""avg_win_r"": 0.0, ""expectancy_r"": -1.01225875, ""losses"": 4, ""max_drawdown"": 0.042820698355999894, ""median_net_return"": -0.090341385, ""net_profit"": -642.241456, ""net_return"": -0.04282069835599989, ""profit_factor"": 0.0, ""single_month_profit_concentration"": 0.0, ""top5_profit_concentration"": 0.0, ""trades"": 4, ""win_rate"": 0.0, ""wins"": 0}"
s6opt-comprehensive-fe84532,strong_start,s6trial-1869be621ef144eb,OAT,s6ps-6a01953571549126,s6ps-71bdb4dbb9c5c096,COMPLETED_WITH_SKIPS,s6bt-5ea3ebcaeb0966655155,,,"{""absolute_max_amp_10d"": 0.5, ""absolute_max_pullback_20d"": -0.35, ""amount10_vs_30_min_ratio"": 0.8, ""big_down_return"": -0.07, ""big_down_volume_ratio"": 1.5, ""box_tail"": {""breakout_ready_position_min"": 0.75, ""broken_close_tolerance"": 0.03, ""compact_kline"": {""atr_contraction_ratio_max"": 0.8, ""avg_body_ratio_max"": 0.025, ""close_range_max"": 0.05, ""enabled"": true, ""max_body_ratio_max"": 0.04, ""max_gap_ratio"": 0.03, ""min_overlap_pair_count"": 3, ""min_overlap_ratio"": 0.5, ""premium_atr_contraction_ratio_max"": 0.65, ""premium_avg_body_ratio_max"": 0.018, ""premium_close_range_max"": 0.03, ""premium_overlap_ratio"": 0.65, ""window_days"": 5}, ""current_close_high_tolerance"": 0.03, ""current_close_low_tolerance"": 0.03, ""enabled"": true, ""low_test_close_tolerance_down"": 0.02, ""low_test_tolerance_up"": 0.02, ""max_box_days"": 30, ""max_volume_contraction_ratio"": 0.85, ""min_box_days"": 5, ""min_box_low_test_count"": 2, ""min_center_shift"": -0.03, ""normal_box_width_max"": 0.18, ""premium_box_width_max"": 0.12, ""premium_center_shift"": 0.0, ""premium_tail_volume_ratio_max"": 0.6, ""premium_volume_contraction_ratio"": 0.7, ""support_ready_position_max"": 0.4, ""tail_volume_ratio_max"": 0.75}, ""breakout_extended_max_pct"": 0.08, ""buy_zone_valid_days"": 3, ""consolidation_max_days"": 40, ""consolidation_min_days"": 5, ""cup_depth_max"": 0.35, ""cup_depth_min"": 0.12, ""enable_market_filter"": true, ""enabled"": true, ""expired_cooldown_days"": 5, ""failed_cooldown_days"": 10, ""key_min_score"": 75, ""kline_days"": 1100, ""limit_up_volume_ratio"": 1.5, ""low_volume_limit_up_min_ratio"": 0.6, ""ma50_min_ratio"": 0.92, ""market_filter_mode"": ""downgrade"", ""max_amp_10d_a"": 0.4, ""max_amp_10d_b"": 0.35, ""max_amp_10d_s"": 0.45, ""max_amp_5d_a"": 0.22, ""max_amp_5d_b"": 0.18, ""max_amp_5d_s"": 0.25, ""max_pullback_20d_a"": -0.26, ""max_pullback_20d_b"": -0.22, ""max_pullback_20d_s"": -0.3, ""max_watch_days"": 10, ""min_avg_amount_10d_yi"": 5, ""min_avg_amount_30d_yi"": 5, ""min_avg_amount_60d_yi"": 3, ""min_relative_strength_20"": 0.1, ""minimum_trading_days"": 500, ""near_120d_high_ratio"": 0.98, ""normal_start_close_position"": 0.65, ""normal_start_min_amount_yi"": 2, ""normal_start_return"": 0.06, ""normal_start_self_amount_percentile"": 0.9, ""normal_start_volume_ratio"": 2.0, ""pattern_filter_enabled"": true, ""pattern_filter_mode"": ""score_only"", ""pattern_pivot_proximity_pct"": 0.05, ""platform_max_range"": 0.12, ""ready_min_score"": 85, ""rr2_min_key"": 2.0, ""rr2_min_ready"": 2.5, ""rr2_min_watch"": 1.5, ""start_age_max_days"": 60, ""start_age_min_days"": 5, ""start_lookback_days"": 60, ""stop_atr_multiplier"": 0.8, ""stop_key_support_pct"": 0.03, ""support_cluster_atr_multiplier"": 0.5, ""support_cluster_price_pct"": 0.015, ""support_test_lookback"": 10, ""support_zone_atr_multiplier"": 0.3, ""support_zone_price_pct"": 0.01, ""tail_close_range_5"": 0.08, ""tail_min_return_3"": -0.04, ""tail_min_return_5"": -0.06, ""tail_strong_volume_ratio_5_20"": 0.6, ""tail_volume_ratio_5_20"": 0.75, ""tail_window_days"": 5, ""target_2_cap_pct"": 0.35, ""vcp_contraction_range_ratio"": 0.9, ""vcp_contraction_volume_ratio"": 0.9, ""vcp_min_first_range"": 0.08, ""watch_min_score"": 60}","{""avg_loss_r"": 1.01225875, ""avg_net_return"": -0.08651405250000001, ""avg_win_r"": 0.0, ""expectancy_r"": -1.01225875, ""losses"": 4, ""max_drawdown"": 0.042820698355999894, ""median_net_return"": -0.090341385, ""net_profit"": -642.241456, ""net_return"": -0.04282069835599989, ""profit_factor"": 0.0, ""single_month_profit_concentration"": 0.0, ""top5_profit_concentration"": 0.0, ""trades"": 4, ""win_rate"": 0.0, ""wins"": 0}"
s6opt-comprehensive-fe84532,strong_start,s6trial-20214a0875230b98,OAT,s6ps-9f226f7feb70fc46,s6ps-71bdb4dbb9c5c096,COMPLETED_WITH_SKIPS,s6bt-f9695691582eb7249e7a,,,"{""absolute_max_amp_10d"": 0.5, ""absolute_max_pullback_20d"": -0.35, ""amount10_vs_30_min_ratio"": 0.8, ""big_down_return"": -0.07, ""big_down_volume_ratio"": 1.5, ""box_tail"": {""breakout_ready_position_min"": 0.75, ""broken_close_tolerance"": 0.03, ""compact_kline"": {""atr_contraction_ratio_max"": 0.8, ""avg_body_ratio_max"": 0.025, ""close_range_max"": 0.05, ""enabled"": true, ""max_body_ratio_max"": 0.04, ""max_gap_ratio"": 0.03, ""min_overlap_pair_count"": 3, ""min_overlap_ratio"": 0.5, ""premium_atr_contraction_ratio_max"": 0.65, ""premium_avg_body_ratio_max"": 0.018, ""premium_close_range_max"": 0.03, ""premium_overlap_ratio"": 0.65, ""window_days"": 5}, ""current_close_high_tolerance"": 0.03, ""current_close_low_tolerance"": 0.03, ""enabled"": true, ""low_test_close_tolerance_down"": 0.02, ""low_test_tolerance_up"": 0.02, ""max_box_days"": 30, ""max_volume_contraction_ratio"": 0.85, ""min_box_days"": 5, ""min_box_low_test_count"": 2, ""min_center_shift"": -0.03, ""normal_box_width_max"": 0.18, ""premium_box_width_max"": 0.12, ""premium_center_shift"": 0.0, ""premium_tail_volume_ratio_max"": 0.6, ""premium_volume_contraction_ratio"": 0.7, ""support_ready_position_max"": 0.4, ""tail_volume_ratio_max"": 0.75}, ""breakout_extended_max_pct"": 0.08, ""buy_zone_valid_days"": 3, ""consolidation_max_days"": 40, ""consolidation_min_days"": 5, ""cup_depth_max"": 0.35, ""cup_depth_min"": 0.12, ""enable_market_filter"": true, ""enabled"": true, ""expired_cooldown_days"": 5, ""failed_cooldown_days"": 10, ""key_min_score"": 75, ""kline_days"": 1100, ""limit_up_volume_ratio"": 1.5, ""low_volume_limit_up_min_ratio"": 0.6, ""ma50_min_ratio"": 0.92, ""market_filter_mode"": ""downgrade"", ""max_amp_10d_a"": 0.4, ""max_amp_10d_b"": 0.35, ""max_amp_10d_s"": 0.45, ""max_amp_5d_a"": 0.22, ""max_amp_5d_b"": 0.18, ""max_amp_5d_s"": 0.25, ""max_pullback_20d_a"": -0.26, ""max_pullback_20d_b"": -0.22, ""max_pullback_20d_s"": -0.3, ""max_watch_days"": 10, ""min_avg_amount_10d_yi"": 5, ""min_avg_amount_30d_yi"": 5, ""min_avg_amount_60d_yi"": 3, ""min_relative_strength_20"": 0.1, ""minimum_trading_days"": 500, ""near_120d_high_ratio"": 0.98, ""normal_start_close_position"": 0.65, ""normal_start_min_amount_yi"": 2, ""normal_start_return"": 0.07, ""normal_start_self_amount_percentile"": 0.9, ""normal_start_volume_ratio"": 2.0, ""pattern_filter_enabled"": true, ""pattern_filter_mode"": ""score_only"", ""pattern_pivot_proximity_pct"": 0.05, ""platform_max_range"": 0.12, ""ready_min_score"": 85, ""rr2_min_key"": 2.0, ""rr2_min_ready"": 2.5, ""rr2_min_watch"": 1.5, ""start_age_max_days"": 60, ""start_age_min_days"": 5, ""start_lookback_days"": 80, ""stop_atr_multiplier"": 0.8, ""stop_key_support_pct"": 0.03, ""support_cluster_atr_multiplier"": 0.5, ""support_cluster_price_pct"": 0.015, ""support_test_lookback"": 10, ""support_zone_atr_multiplier"": 0.3, ""support_zone_price_pct"": 0.01, ""tail_close_range_5"": 0.08, ""tail_min_return_3"": -0.04, ""tail_min_return_5"": -0.06, ""tail_strong_volume_ratio_5_20"": 0.6, ""tail_volume_ratio_5_20"": 0.75, ""tail_window_days"": 5, ""target_2_cap_pct"": 0.35, ""vcp_contraction_range_ratio"": 0.9, ""vcp_contraction_volume_ratio"": 0.9, ""vcp_min_first_range"": 0.08, ""watch_min_score"": 60}","{""avg_loss_r"": 1.01225875, ""avg_net_return"": -0.08651405250000001, ""avg_win_r"": 0.0, ""expectancy_r"": -1.01225875, ""losses"": 4, ""max_drawdown"": 0.042820698355999894, ""median_net_return"": -0.090341385, ""net_profit"": -642.241456, ""net_return"": -0.04282069835599989, ""profit_factor"": 0.0, ""single_month_profit_concentration"": 0.0, ""top5_profit_concentration"": 0.0, ""trades"": 4, ""win_rate"": 0.0, ""wins"": 0}"
s6opt-comprehensive-fe84532,strong_start,s6trial-2562bf1a3bbdcf1b,OAT,s6ps-4570d236f417df03,s6ps-71bdb4dbb9c5c096,COMPLETED_WITH_SKIPS,s6bt-3228dd616cd29a14af70,,,"{""absolute_max_amp_10d"": 0.5, ""absolute_max_pullback_20d"": -0.35, ""amount10_vs_30_min_ratio"": 0.8, ""big_down_return"": -0.07, ""big_down_volume_ratio"": 1.5, ""box_tail"": {""breakout_ready_position_min"": 0.75, ""broken_close_tolerance"": 0.03, ""compact_kline"": {""atr_contraction_ratio_max"": 0.8, ""avg_body_ratio_max"": 0.025, ""close_range_max"": 0.05, ""enabled"": true, ""max_body_ratio_max"": 0.04, ""max_gap_ratio"": 0.03, ""min_overlap_pair_count"": 3, ""min_overlap_ratio"": 0.5, ""premium_atr_contraction_ratio_max"": 0.65, ""premium_avg_body_ratio_max"": 0.018, ""premium_close_range_max"": 0.03, ""premium_overlap_ratio"": 0.65, ""window_days"": 5}, ""current_close_high_tolerance"": 0.03, ""current_close_low_tolerance"": 0.03, ""enabled"": true, ""low_test_close_tolerance_down"": 0.02, ""low_test_tolerance_up"": 0.02, ""max_box_days"": 30, ""max_volume_contraction_ratio"": 0.85, ""min_box_days"": 5, ""min_box_low_test_count"": 2, ""min_center_shift"": -0.03, ""normal_box_width_max"": 0.18, ""premium_box_width_max"": 0.12, ""premium_center_shift"": 0.0, ""premium_tail_volume_ratio_max"": 0.6, ""premium_volume_contraction_ratio"": 0.7, ""support_ready_position_max"": 0.4, ""tail_volume_ratio_max"": 0.75}, ""breakout_extended_max_pct"": 0.08, ""buy_zone_valid_days"": 3, ""consolidation_max_days"": 40, ""consolidation_min_days"": 5, ""cup_depth_max"": 0.35, ""cup_depth_min"": 0.12, ""enable_market_filter"": true, ""enabled"": true, ""expired_cooldown_days"": 5, ""failed_cooldown_days"": 10, ""key_min_score"": 75, ""kline_days"": 1100, ""limit_up_volume_ratio"": 1.5, ""low_volume_limit_up_min_ratio"": 0.6, ""ma50_min_ratio"": 0.92, ""market_filter_mode"": ""downgrade"", ""max_amp_10d_a"": 0.4, ""max_amp_10d_b"": 0.35, ""max_amp_10d_s"": 0.45, ""max_amp_5d_a"": 0.22, ""max_amp_5d_b"": 0.18, ""max_amp_5d_s"": 0.25, ""max_pullback_20d_a"": -0.26, ""max_pullback_20d_b"": -0.22, ""max_pullback_20d_s"": -0.3, ""max_watch_days"": 10, ""min_avg_amount_10d_yi"": 5, ""min_avg_amount_30d_yi"": 5, ""min_avg_amount_60d_yi"": 3, ""min_relative_strength_20"": 0.1, ""minimum_trading_days"": 500, ""near_120d_high_ratio"": 0.98, ""normal_start_close_position"": 0.65, ""normal_start_min_amount_yi"": 3, ""normal_start_return"": 0.07, ""normal_start_self_amount_percentile"": 0.9, ""normal_start_volume_ratio"": 2.0, ""pattern_filter_enabled"": true, ""pattern_filter_mode"": ""score_only"", ""pattern_pivot_proximity_pct"": 0.05, ""platform_max_range"": 0.12, ""ready_min_score"": 85, ""rr2_min_key"": 2.0, ""rr2_min_ready"": 2.5, ""rr2_min_watch"": 1.5, ""start_age_max_days"": 60, ""start_age_min_days"": 5, ""start_lookback_days"": 60, ""stop_atr_multiplier"": 0.8, ""stop_key_support_pct"": 0.03, ""support_cluster_atr_multiplier"": 0.5, ""support_cluster_price_pct"": 0.015, ""support_test_lookback"": 10, ""support_zone_atr_multiplier"": 0.3, ""support_zone_price_pct"": 0.01, ""tail_close_range_5"": 0.08, ""tail_min_return_3"": -0.04, ""tail_min_return_5"": -0.06, ""tail_strong_volume_ratio_5_20"": 0.6, ""tail_volume_ratio_5_20"": 0.75, ""tail_window_days"": 5, ""target_2_cap_pct"": 0.35, ""vcp_contraction_range_ratio"": 0.9, ""vcp_contraction_volume_ratio"": 0.9, ""vcp_min_first_range"": 0.08, ""watch_min_score"": 60}","{""avg_loss_r"": 1.01225875, ""avg_net_return"": -0.08651405250000001, ""avg_win_r"": 0.0, ""expectancy_r"": -1.01225875, ""losses"": 4, ""max_drawdown"": 0.042820698355999894, ""median_net_return"": -0.090341385, ""net_profit"": -642.241456, ""net_return"": -0.04282069835599989, ""profit_factor"": 0.0, ""single_month_profit_concentration"": 0.0, ""top5_profit_concentration"": 0.0, ""trades"": 4, ""win_rate"": 0.0, ""wins"": 0}"
s6opt-comprehensive-fe84532,strong_start,s6trial-2f8d357e718ab339,OAT,s6ps-59c43061df5c92d9,s6ps-71bdb4dbb9c5c096,COMPLETED_WITH_SKIPS,s6bt-58c20b6238766f962173,,,"{""absolute_max_amp_10d"": 0.5, ""absolute_max_pullback_20d"": -0.35, ""amount10_vs_30_min_ratio"": 0.8, ""big_down_return"": -0.07, ""big_down_volume_ratio"": 1.5, ""box_tail"": {""breakout_ready_position_min"": 0.75, ""broken_close_tolerance"": 0.03, ""compact_kline"": {""atr_contraction_ratio_max"": 0.8, ""avg_body_ratio_max"": 0.025, ""close_range_max"": 0.05, ""enabled"": true, ""max_body_ratio_max"": 0.04, ""max_gap_ratio"": 0.03, ""min_overlap_pair_count"": 3, ""min_overlap_ratio"": 0.5, ""premium_atr_contraction_ratio_max"": 0.65, ""premium_avg_body_ratio_max"": 0.018, ""premium_close_range_max"": 0.03, ""premium_overlap_ratio"": 0.65, ""window_days"": 5}, ""current_close_high_tolerance"": 0.03, ""current_close_low_tolerance"": 0.03, ""enabled"": true, ""low_test_close_tolerance_down"": 0.02, ""low_test_tolerance_up"": 0.02, ""max_box_days"": 30, ""max_volume_contraction_ratio"": 0.85, ""min_box_days"": 5, ""min_box_low_test_count"": 2, ""min_center_shift"": -0.03, ""normal_box_width_max"": 0.18, ""premium_box_width_max"": 0.12, ""premium_center_shift"": 0.0, ""premium_tail_volume_ratio_max"": 0.6, ""premium_volume_contraction_ratio"": 0.7, ""support_ready_position_max"": 0.4, ""tail_volume_ratio_max"": 0.75}, ""breakout_extended_max_pct"": 0.08, ""buy_zone_valid_days"": 3, ""consolidation_max_days"": 40, ""consolidation_min_days"": 5, ""cup_depth_max"": 0.35, ""cup_depth_min"": 0.12, ""enable_market_filter"": true, ""enabled"": true, ""expired_cooldown_days"": 5, ""failed_cooldown_days"": 10, ""key_min_score"": 75, ""kline_days"": 1100, ""limit_up_volume_ratio"": 1.5, ""low_volume_limit_up_min_ratio"": 0.75, ""ma50_min_ratio"": 0.92, ""market_filter_mode"": ""downgrade"", ""max_amp_10d_a"": 0.4, ""max_amp_10d_b"": 0.35, ""max_amp_10d_s"": 0.45, ""max_amp_5d_a"": 0.22, ""max_amp_5d_b"": 0.18, ""max_amp_5d_s"": 0.25, ""max_pullback_20d_a"": -0.26, ""max_pullback_20d_b"": -0.22, ""max_pullback_20d_s"": -0.3, ""max_watch_days"": 10, ""min_avg_amount_10d_yi"": 5, ""min_avg_amount_30d_yi"": 5, ""min_avg_amount_60d_yi"": 3, ""min_relative_strength_20"": 0.1, ""minimum_trading_days"": 500, ""near_120d_high_ratio"": 0.98, ""normal_start_close_position"": 0.65, ""normal_start_min_amount_yi"": 2, ""normal_start_return"": 0.07, ""normal_start_self_amount_percentile"": 0.9, ""normal_start_volume_ratio"": 2.0, ""pattern_filter_enabled"": true, ""pattern_filter_mode"": ""score_only"", ""pattern_pivot_proximity_pct"": 0.05, ""platform_max_range"": 0.12, ""ready_min_score"": 85, ""rr2_min_key"": 2.0, ""rr2_min_ready"": 2.5, ""rr2_min_watch"": 1.5, ""start_age_max_days"": 60, ""start_age_min_days"": 5, ""start_lookback_days"": 60, ""stop_atr_multiplier"": 0.8, ""stop_key_support_pct"": 0.03, ""support_cluster_atr_multiplier"": 0.5, ""support_cluster_price_pct"": 0.015, ""support_test_lookback"": 10, ""support_zone_atr_multiplier"": 0.3, ""support_zone_price_pct"": 0.01, ""tail_close_range_5"": 0.08, ""tail_min_return_3"": -0.04, ""tail_min_return_5"": -0.06, ""tail_strong_volume_ratio_5_20"": 0.6, ""tail_volume_ratio_5_20"": 0.75, ""tail_window_days"": 5, ""target_2_cap_pct"": 0.35, ""vcp_contraction_range_ratio"": 0.9, ""vcp_contraction_volume_ratio"": 0.9, ""vcp_min_first_range"": 0.08, ""watch_min_score"": 60}","{""avg_loss_r"": 1.01225875, ""avg_net_return"": -0.08651405250000001, ""avg_win_r"": 0.0, ""expectancy_r"": -1.01225875, ""losses"": 4, ""max_drawdown"": 0.042820698355999894, ""median_net_return"": -0.090341385, ""net_profit"": -642.241456, ""net_return"": -0.04282069835599989, ""profit_factor"": 0.0, ""single_month_profit_concentration"": 0.0, ""top5_profit_concentration"": 0.0, ""trades"": 4, ""win_rate"": 0.0, ""wins"": 0}"
s6opt-comprehensive-fe84532,strong_start,s6trial-308f972807e4279f,OAT,s6ps-9080f43f727636aa,s6ps-71bdb4dbb9c5c096,COMPLETED_WITH_SKIPS,s6bt-a20d2a825be56ee0347f,,,"{""absolute_max_amp_10d"": 0.5, ""absolute_max_pullback_20d"": -0.35, ""amount10_vs_30_min_ratio"": 0.8, ""big_down_return"": -0.07, ""big_down_volume_ratio"": 1.5, ""box_tail"": {""breakout_ready_position_min"": 0.75, ""broken_close_tolerance"": 0.03, ""compact_kline"": {""atr_contraction_ratio_max"": 0.8, ""avg_body_ratio_max"": 0.025, ""close_range_max"": 0.05, ""enabled"": true, ""max_body_ratio_max"": 0.04, ""max_gap_ratio"": 0.03, ""min_overlap_pair_count"": 3, ""min_overlap_ratio"": 0.5, ""premium_atr_contraction_ratio_max"": 0.65, ""premium_avg_body_ratio_max"": 0.018, ""premium_close_range_max"": 0.03, ""premium_overlap_ratio"": 0.65, ""window_days"": 5}, ""current_close_high_tolerance"": 0.03, ""current_close_low_tolerance"": 0.03, ""enabled"": true, ""low_test_close_tolerance_down"": 0.02, ""low_test_tolerance_up"": 0.02, ""max_box_days"": 30, ""max_volume_contraction_ratio"": 0.85, ""min_box_days"": 5, ""min_box_low_test_count"": 2, ""min_center_shift"": -0.03, ""normal_box_width_max"": 0.18, ""premium_box_width_max"": 0.12, ""premium_center_shift"": 0.0, ""premium_tail_volume_ratio_max"": 0.6, ""premium_volume_contraction_ratio"": 0.7, ""support_ready_position_max"": 0.4, ""tail_volume_ratio_max"": 0.75}, ""breakout_extended_max_pct"": 0.08, ""buy_zone_valid_days"": 3, ""consolidation_max_days"": 40, ""consolidation_min_days"": 5, ""cup_depth_max"": 0.35, ""cup_depth_min"": 0.12, ""enable_market_filter"": true, ""enabled"": true, ""expired_cooldown_days"": 5, ""failed_cooldown_days"": 10, ""key_min_score"": 75, ""kline_days"": 1100, ""limit_up_volume_ratio"": 1.5, ""low_volume_limit_up_min_ratio"": 0.6, ""ma50_min_ratio"": 0.92, ""market_filter_mode"": ""downgrade"", ""max_amp_10d_a"": 0.4, ""max_amp_10d_b"": 0.35, ""max_amp_10d_s"": 0.45, ""max_amp_5d_a"": 0.22, ""max_amp_5d_b"": 0.18, ""max_amp_5d_s"": 0.25, ""max_pullback_20d_a"": -0.26, ""max_pullback_20d_b"": -0.22, ""max_pullback_20d_s"": -0.3, ""max_watch_days"": 10, ""min_avg_amount_10d_yi"": 5, ""min_avg_amount_30d_yi"": 5, ""min_avg_amount_60d_yi"": 3, ""min_relative_strength_20"": 0.1, ""minimum_trading_days"": 500, ""near_120d_high_ratio"": 0.98, ""normal_start_close_position"": 0.65, ""normal_start_min_amount_yi"": 2, ""normal_start_return"": 0.07, ""normal_start_self_amount_percentile"": 0.9, ""normal_start_volume_ratio"": 2.0, ""pattern_filter_enabled"": true, ""pattern_filter_mode"": ""score_only"", ""pattern_pivot_proximity_pct"": 0.05, ""platform_max_range"": 0.12, ""ready_min_score"": 85, ""rr2_min_key"": 2.0, ""rr2_min_ready"": 2.5, ""rr2_min_watch"": 1.5, ""start_age_max_days"": 60, ""start_age_min_days"": 8, ""start_lookback_days"": 60, ""stop_atr_multiplier"": 0.8, ""stop_key_support_pct"": 0.03, ""support_cluster_atr_multiplier"": 0.5, ""support_cluster_price_pct"": 0.015, ""support_test_lookback"": 10, ""support_zone_atr_multiplier"": 0.3, ""support_zone_price_pct"": 0.01, ""tail_close_range_5"": 0.08, ""tail_min_return_3"": -0.04, ""tail_min_return_5"": -0.06, ""tail_strong_volume_ratio_5_20"": 0.6, ""tail_volume_ratio_5_20"": 0.75, ""tail_window_days"": 5, ""target_2_cap_pct"": 0.35, ""vcp_contraction_range_ratio"": 0.9, ""vcp_contraction_volume_ratio"": 0.9, ""vcp_min_first_range"": 0.08, ""watch_min_score"": 60}","{""avg_loss_r"": 1.01225875, ""avg_net_return"": -0.08651405250000001, ""avg_win_r"": 0.0, ""expectancy_r"": -1.01225875, ""losses"": 4, ""max_drawdown"": 0.042820698355999894, ""median_net_return"": -0.090341385, ""net_profit"": -642.241456, ""net_return"": -0.04282069835599989, ""profit_factor"": 0.0, ""single_month_profit_concentration"": 0.0, ""top5_profit_concentration"": 0.0, ""trades"": 4, ""win_rate"": 0.0, ""wins"": 0}"
s6opt-comprehensive-fe84532,strong_start,s6trial-40fcb278dc10ed03,OAT,s6ps-f7ea397cd07822b4,s6ps-71bdb4dbb9c5c096,COMPLETED_WITH_SKIPS,s6bt-5aaa400c8665d004d2d1,,,"{""absolute_max_amp_10d"": 0.5, ""absolute_max_pullback_20d"": -0.35, ""amount10_vs_30_min_ratio"": 0.8, ""big_down_return"": -0.07, ""big_down_volume_ratio"": 1.5, ""box_tail"": {""breakout_ready_position_min"": 0.75, ""broken_close_tolerance"": 0.03, ""compact_kline"": {""atr_contraction_ratio_max"": 0.8, ""avg_body_ratio_max"": 0.025, ""close_range_max"": 0.05, ""enabled"": true, ""max_body_ratio_max"": 0.04, ""max_gap_ratio"": 0.03, ""min_overlap_pair_count"": 3, ""min_overlap_ratio"": 0.5, ""premium_atr_contraction_ratio_max"": 0.65, ""premium_avg_body_ratio_max"": 0.018, ""premium_close_range_max"": 0.03, ""premium_overlap_ratio"": 0.65, ""window_days"": 5}, ""current_close_high_tolerance"": 0.03, ""current_close_low_tolerance"": 0.03, ""enabled"": true, ""low_test_close_tolerance_down"": 0.02, ""low_test_tolerance_up"": 0.02, ""max_box_days"": 30, ""max_volume_contraction_ratio"": 0.85, ""min_box_days"": 5, ""min_box_low_test_count"": 2, ""min_center_shift"": -0.03, ""normal_box_width_max"": 0.18, ""premium_box_width_max"": 0.12, ""premium_center_shift"": 0.0, ""premium_tail_volume_ratio_max"": 0.6, ""premium_volume_contraction_ratio"": 0.7, ""support_ready_position_max"": 0.4, ""tail_volume_ratio_max"": 0.75}, ""breakout_extended_max_pct"": 0.08, ""buy_zone_valid_days"": 3, ""consolidation_max_days"": 40, ""consolidation_min_days"": 5, ""cup_depth_max"": 0.35, ""cup_depth_min"": 0.12, ""enable_market_filter"": true, ""enabled"": true, ""expired_cooldown_days"": 5, ""failed_cooldown_days"": 10, ""key_min_score"": 75, ""kline_days"": 1100, ""limit_up_volume_ratio"": 1.5, ""low_volume_limit_up_min_ratio"": 0.6, ""ma50_min_ratio"": 0.92, ""market_filter_mode"": ""downgrade"", ""max_amp_10d_a"": 0.4, ""max_amp_10d_b"": 0.35, ""max_amp_10d_s"": 0.45, ""max_amp_5d_a"": 0.22, ""max_amp_5d_b"": 0.18, ""max_amp_5d_s"": 0.25, ""max_pullback_20d_a"": -0.26, ""max_pullback_20d_b"": -0.22, ""max_pullback_20d_s"": -0.3, ""max_watch_days"": 10, ""min_avg_amount_10d_yi"": 5, ""min_avg_amount_30d_yi"": 5, ""min_avg_amount_60d_yi"": 3, ""min_relative_strength_20"": 0.1, ""minimum_trading_days"": 500, ""near_120d_high_ratio"": 0.98, ""normal_start_close_position"": 0.65, ""normal_start_min_amount_yi"": 2, ""normal_start_return"": 0.07, ""normal_start_self_amount_percentile"": 0.9, ""normal_start_volume_ratio"": 2.0, ""pattern_filter_enabled"": true, ""pattern_filter_mode"": ""score_only"", ""pattern_pivot_proximity_pct"": 0.05, ""platform_max_range"": 0.12, ""ready_min_score"": 85, ""rr2_min_key"": 2.0, ""rr2_min_ready"": 2.5, ""rr2_min_watch"": 1.5, ""start_age_max_days"": 50, ""start_age_min_days"": 5, ""start_lookback_days"": 60, ""stop_atr_multiplier"": 0.8, ""stop_key_support_pct"": 0.03, ""support_cluster_atr_multiplier"": 0.5, ""support_cluster_price_pct"": 0.015, ""support_test_lookback"": 10, ""support_zone_atr_multiplier"": 0.3, ""support_zone_price_pct"": 0.01, ""tail_close_range_5"": 0.08, ""tail_min_return_3"": -0.04, ""tail_min_return_5"": -0.06, ""tail_strong_volume_ratio_5_20"": 0.6, ""tail_volume_ratio_5_20"": 0.75, ""tail_window_days"": 5, ""target_2_cap_pct"": 0.35, ""vcp_contraction_range_ratio"": 0.9, ""vcp_contraction_volume_ratio"": 0.9, ""vcp_min_first_range"": 0.08, ""watch_min_score"": 60}","{""avg_loss_r"": 1.01225875, ""avg_net_return"": -0.08651405250000001, ""avg_win_r"": 0.0, ""expectancy_r"": -1.01225875, ""losses"": 4, ""max_drawdown"": 0.042820698355999894, ""median_net_return"": -0.090341385, ""net_profit"": -642.241456, ""net_return"": -0.04282069835599989, ""profit_factor"": 0.0, ""single_month_profit_concentration"": 0.0, ""top5_profit_concentration"": 0.0, ""trades"": 4, ""win_rate"": 0.0, ""wins"": 0}"
s6opt-comprehensive-fe84532,strong_start,s6trial-42078a24d805a26d,OAT,s6ps-445866948255b6c3,s6ps-71bdb4dbb9c5c096,COMPLETED_WITH_SKIPS,s6bt-14d19e3fe9fec1516bb2,,,"{""absolute_max_amp_10d"": 0.5, ""absolute_max_pullback_20d"": -0.35, ""amount10_vs_30_min_ratio"": 0.8, ""big_down_return"": -0.07, ""big_down_volume_ratio"": 1.5, ""box_tail"": {""breakout_ready_position_min"": 0.75, ""broken_close_tolerance"": 0.03, ""compact_kline"": {""atr_contraction_ratio_max"": 0.8, ""avg_body_ratio_max"": 0.025, ""close_range_max"": 0.05, ""enabled"": true, ""max_body_ratio_max"": 0.04, ""max_gap_ratio"": 0.03, ""min_overlap_pair_count"": 3, ""min_overlap_ratio"": 0.5, ""premium_atr_contraction_ratio_max"": 0.65, ""premium_avg_body_ratio_max"": 0.018, ""premium_close_range_max"": 0.03, ""premium_overlap_ratio"": 0.65, ""window_days"": 5}, ""current_close_high_tolerance"": 0.03, ""current_close_low_tolerance"": 0.03, ""enabled"": true, ""low_test_close_tolerance_down"": 0.02, ""low_test_tolerance_up"": 0.02, ""max_box_days"": 30, ""max_volume_contraction_ratio"": 0.85, ""min_box_days"": 5, ""min_box_low_test_count"": 2, ""min_center_shift"": -0.03, ""normal_box_width_max"": 0.18, ""premium_box_width_max"": 0.12, ""premium_center_shift"": 0.0, ""premium_tail_volume_ratio_max"": 0.6, ""premium_volume_contraction_ratio"": 0.7, ""support_ready_position_max"": 0.4, ""tail_volume_ratio_max"": 0.75}, ""breakout_extended_max_pct"": 0.08, ""buy_zone_valid_days"": 3, ""consolidation_max_days"": 40, ""consolidation_min_days"": 5, ""cup_depth_max"": 0.35, ""cup_depth_min"": 0.12, ""enable_market_filter"": true, ""enabled"": true, ""expired_cooldown_days"": 5, ""failed_cooldown_days"": 10, ""key_min_score"": 75, ""kline_days"": 1100, ""limit_up_volume_ratio"": 1.5, ""low_volume_limit_up_min_ratio"": 0.6, ""ma50_min_ratio"": 0.92, ""market_filter_mode"": ""downgrade"", ""max_amp_10d_a"": 0.4, ""max_amp_10d_b"": 0.35, ""max_amp_10d_s"": 0.45, ""max_amp_5d_a"": 0.22, ""max_amp_5d_b"": 0.18, ""max_amp_5d_s"": 0.25, ""max_pullback_20d_a"": -0.26, ""max_pullback_20d_b"": -0.22, ""max_pullback_20d_s"": -0.3, ""max_watch_days"": 10, ""min_avg_amount_10d_yi"": 5, ""min_avg_amount_30d_yi"": 5, ""min_avg_amount_60d_yi"": 3, ""min_relative_strength_20"": 0.1, ""minimum_trading_days"": 500, ""near_120d_high_ratio"": 0.98, ""normal_start_close_position"": 0.65, ""normal_start_min_amount_yi"": 2, ""normal_start_return"": 0.07, ""normal_start_self_amount_percentile"": 0.9, ""normal_start_volume_ratio"": 2.0, ""pattern_filter_enabled"": true, ""pattern_filter_mode"": ""score_only"", ""pattern_pivot_proximity_pct"": 0.05, ""platform_max_range"": 0.12, ""ready_min_score"": 85, ""rr2_min_key"": 2.0, ""rr2_min_ready"": 2.5, ""rr2_min_watch"": 1.5, ""start_age_max_days"": 40, ""start_age_min_days"": 5, ""start_lookback_days"": 60, ""stop_atr_multiplier"": 0.8, ""stop_key_support_pct"": 0.03, ""support_cluster_atr_multiplier"": 0.5, ""support_cluster_price_pct"": 0.015, ""support_test_lookback"": 10, ""support_zone_atr_multiplier"": 0.3, ""support_zone_price_pct"": 0.01, ""tail_close_range_5"": 0.08, ""tail_min_return_3"": -0.04, ""tail_min_return_5"": -0.06, ""tail_strong_volume_ratio_5_20"": 0.6, ""tail_volume_ratio_5_20"": 0.75, ""tail_window_days"": 5, ""target_2_cap_pct"": 0.35, ""vcp_contraction_range_ratio"": 0.9, ""vcp_contraction_volume_ratio"": 0.9, ""vcp_min_first_range"": 0.08, ""watch_min_score"": 60}","{""avg_loss_r"": 1.01225875, ""avg_net_return"": -0.08651405250000001, ""avg_win_r"": 0.0, ""expectancy_r"": -1.01225875, ""losses"": 4, ""max_drawdown"": 0.042820698355999894, ""median_net_return"": -0.090341385, ""net_profit"": -642.241456, ""net_return"": -0.04282069835599989, ""profit_factor"": 0.0, ""single_month_profit_concentration"": 0.0, ""top5_profit_concentration"": 0.0, ""trades"": 4, ""win_rate"": 0.0, ""wins"": 0}"
s6opt-comprehensive-fe84532,strong_start,s6trial-6071c6eb795fd1d1,OAT,s6ps-0f1555366464ea32,s6ps-71bdb4dbb9c5c096,COMPLETED_WITH_SKIPS,s6bt-e228b4d560ab2a7c4c38,,,"{""absolute_max_amp_10d"": 0.5, ""absolute_max_pullback_20d"": -0.35, ""amount10_vs_30_min_ratio"": 0.8, ""big_down_return"": -0.07, ""big_down_volume_ratio"": 1.5, ""box_tail"": {""breakout_ready_position_min"": 0.75, ""broken_close_tolerance"": 0.03, ""compact_kline"": {""atr_contraction_ratio_max"": 0.8, ""avg_body_ratio_max"": 0.025, ""close_range_max"": 0.05, ""enabled"": true, ""max_body_ratio_max"": 0.04, ""max_gap_ratio"": 0.03, ""min_overlap_pair_count"": 3, ""min_overlap_ratio"": 0.5, ""premium_atr_contraction_ratio_max"": 0.65, ""premium_avg_body_ratio_max"": 0.018, ""premium_close_range_max"": 0.03, ""premium_overlap_ratio"": 0.65, ""window_days"": 5}, ""current_close_high_tolerance"": 0.03, ""current_close_low_tolerance"": 0.03, ""enabled"": true, ""low_test_close_tolerance_down"": 0.02, ""low_test_tolerance_up"": 0.02, ""max_box_days"": 30, ""max_volume_contraction_ratio"": 0.85, ""min_box_days"": 5, ""min_box_low_test_count"": 2, ""min_center_shift"": -0.03, ""normal_box_width_max"": 0.18, ""premium_box_width_max"": 0.12, ""premium_center_shift"": 0.0, ""premium_tail_volume_ratio_max"": 0.6, ""premium_volume_contraction_ratio"": 0.7, ""support_ready_position_max"": 0.4, ""tail_volume_ratio_max"": 0.75}, ""breakout_extended_max_pct"": 0.08, ""buy_zone_valid_days"": 3, ""consolidation_max_days"": 40, ""consolidation_min_days"": 5, ""cup_depth_max"": 0.35, ""cup_depth_min"": 0.12, ""enable_market_filter"": true, ""enabled"": true, ""expired_cooldown_days"": 5, ""failed_cooldown_days"": 10, ""key_min_score"": 75, ""kline_days"": 1100, ""limit_up_volume_ratio"": 1.5, ""low_volume_limit_up_min_ratio"": 0.6, ""ma50_min_ratio"": 0.92, ""market_filter_mode"": ""downgrade"", ""max_amp_10d_a"": 0.4, ""max_amp_10d_b"": 0.35, ""max_amp_10d_s"": 0.45, ""max_amp_5d_a"": 0.22, ""max_amp_5d_b"": 0.18, ""max_amp_5d_s"": 0.25, ""max_pullback_20d_a"": -0.26, ""max_pullback_20d_b"": -0.22, ""max_pullback_20d_s"": -0.3, ""max_watch_days"": 10, ""min_avg_amount_10d_yi"": 5, ""min_avg_amount_30d_yi"": 5, ""min_avg_amount_60d_yi"": 3, ""min_relative_strength_20"": 0.1, ""minimum_trading_days"": 500, ""near_120d_high_ratio"": 0.98, ""normal_start_close_position"": 0.65, ""normal_start_min_amount_yi"": 2, ""normal_start_return"": 0.07, ""normal_start_self_amount_percentile"": 0.9, ""normal_start_volume_ratio"": 3.0, ""pattern_filter_enabled"": true, ""pattern_filter_mode"": ""score_only"", ""pattern_pivot_proximity_pct"": 0.05, ""platform_max_range"": 0.12, ""ready_min_score"": 85, ""rr2_min_key"": 2.0, ""rr2_min_ready"": 2.5, ""rr2_min_watch"": 1.5, ""start_age_max_days"": 60, ""start_age_min_days"": 5, ""start_lookback_days"": 60, ""stop_atr_multiplier"": 0.8, ""stop_key_support_pct"": 0.03, ""support_cluster_atr_multiplier"": 0.5, ""support_cluster_price_pct"": 0.015, ""support_test_lookback"": 10, ""support_zone_atr_multiplier"": 0.3, ""support_zone_price_pct"": 0.01, ""tail_close_range_5"": 0.08, ""tail_min_return_3"": -0.04, ""tail_min_return_5"": -0.06, ""tail_strong_volume_ratio_5_20"": 0.6, ""tail_volume_ratio_5_20"": 0.75, ""tail_window_days"": 5, ""target_2_cap_pct"": 0.35, ""vcp_contraction_range_ratio"": 0.9, ""vcp_contraction_volume_ratio"": 0.9, ""vcp_min_first_range"": 0.08, ""watch_min_score"": 60}","{""avg_loss_r"": 1.0131412, ""avg_net_return"": -0.08212172200000001, ""avg_win_r"": 0.0, ""expectancy_r"": -1.0131412, ""losses"": 5, ""max_drawdown"": 0.05262948581299989, ""median_net_return"": -0.088533, ""net_profit"": -958.008919, ""net_return"": -0.052629485812999866, ""profit_factor"": 0.0, ""single_month_profit_concentration"": 0.0, ""top5_profit_concentration"": 0.0, ""trades"": 5, ""win_rate"": 0.0, ""wins"": 0}"
s6opt-comprehensive-fe84532,strong_start,s6trial-6203c76d9a7de094,OAT,s6ps-98c8614a1ae8c7c7,s6ps-71bdb4dbb9c5c096,COMPLETED_WITH_SKIPS,s6bt-70aa82524900b3e7414d,,,"{""absolute_max_amp_10d"": 0.5, ""absolute_max_pullback_20d"": -0.35, ""amount10_vs_30_min_ratio"": 0.8, ""big_down_return"": -0.07, ""big_down_volume_ratio"": 1.5, ""box_tail"": {""breakout_ready_position_min"": 0.75, ""broken_close_tolerance"": 0.03, ""compact_kline"": {""atr_contraction_ratio_max"": 0.8, ""avg_body_ratio_max"": 0.025, ""close_range_max"": 0.05, ""enabled"": true, ""max_body_ratio_max"": 0.04, ""max_gap_ratio"": 0.03, ""min_overlap_pair_count"": 3, ""min_overlap_ratio"": 0.5, ""premium_atr_contraction_ratio_max"": 0.65, ""premium_avg_body_ratio_max"": 0.018, ""premium_close_range_max"": 0.03, ""premium_overlap_ratio"": 0.65, ""window_days"": 5}, ""current_close_high_tolerance"": 0.03, ""current_close_low_tolerance"": 0.03, ""enabled"": true, ""low_test_close_tolerance_down"": 0.02, ""low_test_tolerance_up"": 0.02, ""max_box_days"": 30, ""max_volume_contraction_ratio"": 0.85, ""min_box_days"": 5, ""min_box_low_test_count"": 2, ""min_center_shift"": -0.03, ""normal_box_width_max"": 0.18, ""premium_box_width_max"": 0.12, ""premium_center_shift"": 0.0, ""premium_tail_volume_ratio_max"": 0.6, ""premium_volume_contraction_ratio"": 0.7, ""support_ready_position_max"": 0.4, ""tail_volume_ratio_max"": 0.75}, ""breakout_extended_max_pct"": 0.08, ""buy_zone_valid_days"": 3, ""consolidation_max_days"": 40, ""consolidation_min_days"": 5, ""cup_depth_max"": 0.35, ""cup_depth_min"": 0.12, ""enable_market_filter"": true, ""enabled"": true, ""expired_cooldown_days"": 5, ""failed_cooldown_days"": 10, ""key_min_score"": 75, ""kline_days"": 1100, ""limit_up_volume_ratio"": 1.5, ""low_volume_limit_up_min_ratio"": 0.6, ""ma50_min_ratio"": 0.92, ""market_filter_mode"": ""downgrade"", ""max_amp_10d_a"": 0.4, ""max_amp_10d_b"": 0.35, ""max_amp_10d_s"": 0.45, ""max_amp_5d_a"": 0.22, ""max_amp_5d_b"": 0.18, ""max_amp_5d_s"": 0.25, ""max_pullback_20d_a"": -0.26, ""max_pullback_20d_b"": -0.22, ""max_pullback_20d_s"": -0.3, ""max_watch_days"": 10, ""min_avg_amount_10d_yi"": 5, ""min_avg_amount_30d_yi"": 5, ""min_avg_amount_60d_yi"": 3, ""min_relative_strength_20"": 0.1, ""minimum_trading_days"": 500, ""near_120d_high_ratio"": 0.98, ""normal_start_close_position"": 0.65, ""normal_start_min_amount_yi"": 2, ""normal_start_return"": 0.07, ""normal_start_self_amount_percentile"": 0.95, ""normal_start_volume_ratio"": 2.0, ""pattern_filter_enabled"": true, ""pattern_filter_mode"": ""score_only"", ""pattern_pivot_proximity_pct"": 0.05, ""platform_max_range"": 0.12, ""ready_min_score"": 85, ""rr2_min_key"": 2.0, ""rr2_min_ready"": 2.5, ""rr2_min_watch"": 1.5, ""start_age_max_days"": 60, ""start_age_min_days"": 5, ""start_lookback_days"": 60, ""stop_atr_multiplier"": 0.8, ""stop_key_support_pct"": 0.03, ""support_cluster_atr_multiplier"": 0.5, ""support_cluster_price_pct"": 0.015, ""support_test_lookback"": 10, ""support_zone_atr_multiplier"": 0.3, ""support_zone_price_pct"": 0.01, ""tail_close_range_5"": 0.08, ""tail_min_return_3"": -0.04, ""tail_min_return_5"": -0.06, ""tail_strong_volume_ratio_5_20"": 0.6, ""tail_volume_ratio_5_20"": 0.75, ""tail_window_days"": 5, ""target_2_cap_pct"": 0.35, ""vcp_contraction_range_ratio"": 0.9, ""vcp_contraction_volume_ratio"": 0.9, ""vcp_min_first_range"": 0.08, ""watch_min_score"": 60}","{""avg_loss_r"": 1.01225875, ""avg_net_return"": -0.08651405250000001, ""avg_win_r"": 0.0, ""expectancy_r"": -1.01225875, ""losses"": 4, ""max_drawdown"": 0.042820698355999894, ""median_net_return"": -0.090341385, ""net_profit"": -642.241456, ""net_return"": -0.04282069835599989, ""profit_factor"": 0.0, ""single_month_profit_concentration"": 0.0, ""top5_profit_concentration"": 0.0, ""trades"": 4, ""win_rate"": 0.0, ""wins"": 0}"
s6opt-comprehensive-fe84532,strong_start,s6trial-6adab6d18cbcce91,OAT,s6ps-a92ff9118bf6bec8,s6ps-71bdb4dbb9c5c096,COMPLETED_WITH_SKIPS,s6bt-2815337a53bc98026cad,,,"{""absolute_max_amp_10d"": 0.5, ""absolute_max_pullback_20d"": -0.35, ""amount10_vs_30_min_ratio"": 0.8, ""big_down_return"": -0.07, ""big_down_volume_ratio"": 1.5, ""box_tail"": {""breakout_ready_position_min"": 0.75, ""broken_close_tolerance"": 0.03, ""compact_kline"": {""atr_contraction_ratio_max"": 0.8, ""avg_body_ratio_max"": 0.025, ""close_range_max"": 0.05, ""enabled"": true, ""max_body_ratio_max"": 0.04, ""max_gap_ratio"": 0.03, ""min_overlap_pair_count"": 3, ""min_overlap_ratio"": 0.5, ""premium_atr_contraction_ratio_max"": 0.65, ""premium_avg_body_ratio_max"": 0.018, ""premium_close_range_max"": 0.03, ""premium_overlap_ratio"": 0.65, ""window_days"": 5}, ""current_close_high_tolerance"": 0.03, ""current_close_low_tolerance"": 0.03, ""enabled"": true, ""low_test_close_tolerance_down"": 0.02, ""low_test_tolerance_up"": 0.02, ""max_box_days"": 30, ""max_volume_contraction_ratio"": 0.85, ""min_box_days"": 5, ""min_box_low_test_count"": 2, ""min_center_shift"": -0.03, ""normal_box_width_max"": 0.18, ""premium_box_width_max"": 0.12, ""premium_center_shift"": 0.0, ""premium_tail_volume_ratio_max"": 0.6, ""premium_volume_contraction_ratio"": 0.7, ""support_ready_position_max"": 0.4, ""tail_volume_ratio_max"": 0.75}, ""breakout_extended_max_pct"": 0.08, ""buy_zone_valid_days"": 3, ""consolidation_max_days"": 40, ""consolidation_min_days"": 5, ""cup_depth_max"": 0.35, ""cup_depth_min"": 0.12, ""enable_market_filter"": true, ""enabled"": true, ""expired_cooldown_days"": 5, ""failed_cooldown_days"": 10, ""key_min_score"": 75, ""kline_days"": 1100, ""limit_up_volume_ratio"": 1.5, ""low_volume_limit_up_min_ratio"": 0.6, ""ma50_min_ratio"": 0.92, ""market_filter_mode"": ""downgrade"", ""max_amp_10d_a"": 0.4, ""max_amp_10d_b"": 0.35, ""max_amp_10d_s"": 0.45, ""max_amp_5d_a"": 0.22, ""max_amp_5d_b"": 0.18, ""max_amp_5d_s"": 0.25, ""max_pullback_20d_a"": -0.26, ""max_pullback_20d_b"": -0.22, ""max_pullback_20d_s"": -0.3, ""max_watch_days"": 10, ""min_avg_amount_10d_yi"": 5, ""min_avg_amount_30d_yi"": 5, ""min_avg_amount_60d_yi"": 3, ""min_relative_strength_20"": 0.1, ""minimum_trading_days"": 500, ""near_120d_high_ratio"": 0.98, ""normal_start_close_position"": 0.65, ""normal_start_min_amount_yi"": 2, ""normal_start_return"": 0.07, ""normal_start_self_amount_percentile"": 0.8, ""normal_start_volume_ratio"": 2.0, ""pattern_filter_enabled"": true, ""pattern_filter_mode"": ""score_only"", ""pattern_pivot_proximity_pct"": 0.05, ""platform_max_range"": 0.12, ""ready_min_score"": 85, ""rr2_min_key"": 2.0, ""rr2_min_ready"": 2.5, ""rr2_min_watch"": 1.5, ""start_age_max_days"": 60, ""start_age_min_days"": 5, ""start_lookback_days"": 60, ""stop_atr_multiplier"": 0.8, ""stop_key_support_pct"": 0.03, ""support_cluster_atr_multiplier"": 0.5, ""support_cluster_price_pct"": 0.015, ""support_test_lookback"": 10, ""support_zone_atr_multiplier"": 0.3, ""support_zone_price_pct"": 0.01, ""tail_close_range_5"": 0.08, ""tail_min_return_3"": -0.04, ""tail_min_return_5"": -0.06, ""tail_strong_volume_ratio_5_20"": 0.6, ""tail_volume_ratio_5_20"": 0.75, ""tail_window_days"": 5, ""target_2_cap_pct"": 0.35, ""vcp_contraction_range_ratio"": 0.9, ""vcp_contraction_volume_ratio"": 0.9, ""vcp_min_first_range"": 0.08, ""watch_min_score"": 60}","{""avg_loss_r"": 1.01225875, ""avg_net_return"": -0.08651405250000001, ""avg_win_r"": 0.0, ""expectancy_r"": -1.01225875, ""losses"": 4, ""max_drawdown"": 0.042820698355999894, ""median_net_return"": -0.090341385, ""net_profit"": -642.241456, ""net_return"": -0.04282069835599989, ""profit_factor"": 0.0, ""single_month_profit_concentration"": 0.0, ""top5_profit_concentration"": 0.0, ""trades"": 4, ""win_rate"": 0.0, ""wins"": 0}"
s6opt-comprehensive-fe84532,strong_start,s6trial-744716b7e982b00e,OAT,s6ps-ac98c6e2d57284df,s6ps-71bdb4dbb9c5c096,COMPLETED_WITH_SKIPS,s6bt-f8cccb7cb90658c1e742,,,"{""absolute_max_amp_10d"": 0.5, ""absolute_max_pullback_20d"": -0.35, ""amount10_vs_30_min_ratio"": 0.8, ""big_down_return"": -0.07, ""big_down_volume_ratio"": 1.5, ""box_tail"": {""breakout_ready_position_min"": 0.75, ""broken_close_tolerance"": 0.03, ""compact_kline"": {""atr_contraction_ratio_max"": 0.8, ""avg_body_ratio_max"": 0.025, ""close_range_max"": 0.05, ""enabled"": true, ""max_body_ratio_max"": 0.04, ""max_gap_ratio"": 0.03, ""min_overlap_pair_count"": 3, ""min_overlap_ratio"": 0.5, ""premium_atr_contraction_ratio_max"": 0.65, ""premium_avg_body_ratio_max"": 0.018, ""premium_close_range_max"": 0.03, ""premium_overlap_ratio"": 0.65, ""window_days"": 5}, ""current_close_high_tolerance"": 0.03, ""current_close_low_tolerance"": 0.03, ""enabled"": true, ""low_test_close_tolerance_down"": 0.02, ""low_test_tolerance_up"": 0.02, ""max_box_days"": 30, ""max_volume_contraction_ratio"": 0.85, ""min_box_days"": 5, ""min_box_low_test_count"": 2, ""min_center_shift"": -0.03, ""normal_box_width_max"": 0.18, ""premium_box_width_max"": 0.12, ""premium_center_shift"": 0.0, ""premium_tail_volume_ratio_max"": 0.6, ""premium_volume_contraction_ratio"": 0.7, ""support_ready_position_max"": 0.4, ""tail_volume_ratio_max"": 0.75}, ""breakout_extended_max_pct"": 0.08, ""buy_zone_valid_days"": 3, ""consolidation_max_days"": 40, ""consolidation_min_days"": 5, ""cup_depth_max"": 0.35, ""cup_depth_min"": 0.12, ""enable_market_filter"": true, ""enabled"": true, ""expired_cooldown_days"": 5, ""failed_cooldown_days"": 10, ""key_min_score"": 75, ""kline_days"": 1100, ""limit_up_volume_ratio"": 1.5, ""low_volume_limit_up_min_ratio"": 0.6, ""ma50_min_ratio"": 0.92, ""market_filter_mode"": ""downgrade"", ""max_amp_10d_a"": 0.4, ""max_amp_10d_b"": 0.35, ""max_amp_10d_s"": 0.45, ""max_amp_5d_a"": 0.22, ""max_amp_5d_b"": 0.18, ""max_amp_5d_s"": 0.25, ""max_pullback_20d_a"": -0.26, ""max_pullback_20d_b"": -0.22, ""max_pullback_20d_s"": -0.3, ""max_watch_days"": 10, ""min_avg_amount_10d_yi"": 5, ""min_avg_amount_30d_yi"": 5, ""min_avg_amount_60d_yi"": 3, ""min_relative_strength_20"": 0.1, ""minimum_trading_days"": 500, ""near_120d_high_ratio"": 0.98, ""normal_start_close_position"": 0.65, ""normal_start_min_amount_yi"": 5, ""normal_start_return"": 0.07, ""normal_start_self_amount_percentile"": 0.9, ""normal_start_volume_ratio"": 2.0, ""pattern_filter_enabled"": true, ""pattern_filter_mode"": ""score_only"", ""pattern_pivot_proximity_pct"": 0.05, ""platform_max_range"": 0.12, ""ready_min_score"": 85, ""rr2_min_key"": 2.0, ""rr2_min_ready"": 2.5, ""rr2_min_watch"": 1.5, ""start_age_max_days"": 60, ""start_age_min_days"": 5, ""start_lookback_days"": 60, ""stop_atr_multiplier"": 0.8, ""stop_key_support_pct"": 0.03, ""support_cluster_atr_multiplier"": 0.5, ""support_cluster_price_pct"": 0.015, ""support_test_lookback"": 10, ""support_zone_atr_multiplier"": 0.3, ""support_zone_price_pct"": 0.01, ""tail_close_range_5"": 0.08, ""tail_min_return_3"": -0.04, ""tail_min_return_5"": -0.06, ""tail_strong_volume_ratio_5_20"": 0.6, ""tail_volume_ratio_5_20"": 0.75, ""tail_window_days"": 5, ""target_2_cap_pct"": 0.35, ""vcp_contraction_range_ratio"": 0.9, ""vcp_contraction_volume_ratio"": 0.9, ""vcp_min_first_range"": 0.08, ""watch_min_score"": 60}","{""avg_loss_r"": 1.01225875, ""avg_net_return"": -0.08651405250000001, ""avg_win_r"": 0.0, ""expectancy_r"": -1.01225875, ""losses"": 4, ""max_drawdown"": 0.042820698355999894, ""median_net_return"": -0.090341385, ""net_profit"": -642.241456, ""net_return"": -0.04282069835599989, ""profit_factor"": 0.0, ""single_month_profit_concentration"": 0.0, ""top5_profit_concentration"": 0.0, ""trades"": 4, ""win_rate"": 0.0, ""wins"": 0}"
s6opt-comprehensive-fe84532,strong_start,s6trial-7d10f8125a103b9c,OAT,s6ps-328c7253461d947f,s6ps-71bdb4dbb9c5c096,COMPLETED_WITH_SKIPS,s6bt-69b3b64ed7daede5ceaa,,,"{""absolute_max_amp_10d"": 0.5, ""absolute_max_pullback_20d"": -0.35, ""amount10_vs_30_min_ratio"": 0.8, ""big_down_return"": -0.07, ""big_down_volume_ratio"": 1.5, ""box_tail"": {""breakout_ready_position_min"": 0.75, ""broken_close_tolerance"": 0.03, ""compact_kline"": {""atr_contraction_ratio_max"": 0.8, ""avg_body_ratio_max"": 0.025, ""close_range_max"": 0.05, ""enabled"": true, ""max_body_ratio_max"": 0.04, ""max_gap_ratio"": 0.03, ""min_overlap_pair_count"": 3, ""min_overlap_ratio"": 0.5, ""premium_atr_contraction_ratio_max"": 0.65, ""premium_avg_body_ratio_max"": 0.018, ""premium_close_range_max"": 0.03, ""premium_overlap_ratio"": 0.65, ""window_days"": 5}, ""current_close_high_tolerance"": 0.03, ""current_close_low_tolerance"": 0.03, ""enabled"": true, ""low_test_close_tolerance_down"": 0.02, ""low_test_tolerance_up"": 0.02, ""max_box_days"": 30, ""max_volume_contraction_ratio"": 0.85, ""min_box_days"": 5, ""min_box_low_test_count"": 2, ""min_center_shift"": -0.03, ""normal_box_width_max"": 0.18, ""premium_box_width_max"": 0.12, ""premium_center_shift"": 0.0, ""premium_tail_volume_ratio_max"": 0.6, ""premium_volume_contraction_ratio"": 0.7, ""support_ready_position_max"": 0.4, ""tail_volume_ratio_max"": 0.75}, ""breakout_extended_max_pct"": 0.08, ""buy_zone_valid_days"": 3, ""consolidation_max_days"": 40, ""consolidation_min_days"": 5, ""cup_depth_max"": 0.35, ""cup_depth_min"": 0.12, ""enable_market_filter"": true, ""enabled"": true, ""expired_cooldown_days"": 5, ""failed_cooldown_days"": 10, ""key_min_score"": 75, ""kline_days"": 1100, ""limit_up_volume_ratio"": 1.5, ""low_volume_limit_up_min_ratio"": 0.6, ""ma50_min_ratio"": 0.92, ""market_filter_mode"": ""downgrade"", ""max_amp_10d_a"": 0.4, ""max_amp_10d_b"": 0.35, ""max_amp_10d_s"": 0.45, ""max_amp_5d_a"": 0.22, ""max_amp_5d_b"": 0.18, ""max_amp_5d_s"": 0.25, ""max_pullback_20d_a"": -0.26, ""max_pullback_20d_b"": -0.22, ""max_pullback_20d_s"": -0.3, ""max_watch_days"": 10, ""min_avg_amount_10d_yi"": 5, ""min_avg_amount_30d_yi"": 5, ""min_avg_amount_60d_yi"": 3, ""min_relative_strength_20"": 0.1, ""minimum_trading_days"": 500, ""near_120d_high_ratio"": 0.98, ""normal_start_close_position"": 0.65, ""normal_start_min_amount_yi"": 2, ""normal_start_return"": 0.07, ""normal_start_self_amount_percentile"": 0.9, ""normal_start_volume_ratio"": 1.5, ""pattern_filter_enabled"": true, ""pattern_filter_mode"": ""score_only"", ""pattern_pivot_proximity_pct"": 0.05, ""platform_max_range"": 0.12, ""ready_min_score"": 85, ""rr2_min_key"": 2.0, ""rr2_min_ready"": 2.5, ""rr2_min_watch"": 1.5, ""start_age_max_days"": 60, ""start_age_min_days"": 5, ""start_lookback_days"": 60, ""stop_atr_multiplier"": 0.8, ""stop_key_support_pct"": 0.03, ""support_cluster_atr_multiplier"": 0.5, ""support_cluster_price_pct"": 0.015, ""support_test_lookback"": 10, ""support_zone_atr_multiplier"": 0.3, ""support_zone_price_pct"": 0.01, ""tail_close_range_5"": 0.08, ""tail_min_return_3"": -0.04, ""tail_min_return_5"": -0.06, ""tail_strong_volume_ratio_5_20"": 0.6, ""tail_volume_ratio_5_20"": 0.75, ""tail_window_days"": 5, ""target_2_cap_pct"": 0.35, ""vcp_contraction_range_ratio"": 0.9, ""vcp_contraction_volume_ratio"": 0.9, ""vcp_min_first_range"": 0.08, ""watch_min_score"": 60}","{""avg_loss_r"": 1.01225875, ""avg_net_return"": -0.08651405250000001, ""avg_win_r"": 0.0, ""expectancy_r"": -1.01225875, ""losses"": 4, ""max_drawdown"": 0.042820698355999894, ""median_net_return"": -0.090341385, ""net_profit"": -642.241456, ""net_return"": -0.04282069835599989, ""profit_factor"": 0.0, ""single_month_profit_concentration"": 0.0, ""top5_profit_concentration"": 0.0, ""trades"": 4, ""win_rate"": 0.0, ""wins"": 0}"
s6opt-comprehensive-fe84532,strong_start,s6trial-821ae0782b015a67,OAT,s6ps-baccd8e287b9e83e,s6ps-71bdb4dbb9c5c096,COMPLETED_WITH_SKIPS,s6bt-048fea36041ab0756636,,,"{""absolute_max_amp_10d"": 0.5, ""absolute_max_pullback_20d"": -0.35, ""amount10_vs_30_min_ratio"": 0.8, ""big_down_return"": -0.07, ""big_down_volume_ratio"": 1.5, ""box_tail"": {""breakout_ready_position_min"": 0.75, ""broken_close_tolerance"": 0.03, ""compact_kline"": {""atr_contraction_ratio_max"": 0.8, ""avg_body_ratio_max"": 0.025, ""close_range_max"": 0.05, ""enabled"": true, ""max_body_ratio_max"": 0.04, ""max_gap_ratio"": 0.03, ""min_overlap_pair_count"": 3, ""min_overlap_ratio"": 0.5, ""premium_atr_contraction_ratio_max"": 0.65, ""premium_avg_body_ratio_max"": 0.018, ""premium_close_range_max"": 0.03, ""premium_overlap_ratio"": 0.65, ""window_days"": 5}, ""current_close_high_tolerance"": 0.03, ""current_close_low_tolerance"": 0.03, ""enabled"": true, ""low_test_close_tolerance_down"": 0.02, ""low_test_tolerance_up"": 0.02, ""max_box_days"": 30, ""max_volume_contraction_ratio"": 0.85, ""min_box_days"": 5, ""min_box_low_test_count"": 2, ""min_center_shift"": -0.03, ""normal_box_width_max"": 0.18, ""premium_box_width_max"": 0.12, ""premium_center_shift"": 0.0, ""premium_tail_volume_ratio_max"": 0.6, ""premium_volume_contraction_ratio"": 0.7, ""support_ready_position_max"": 0.4, ""tail_volume_ratio_max"": 0.75}, ""breakout_extended_max_pct"": 0.08, ""buy_zone_valid_days"": 3, ""consolidation_max_days"": 40, ""consolidation_min_days"": 5, ""cup_depth_max"": 0.35, ""cup_depth_min"": 0.12, ""enable_market_filter"": true, ""enabled"": true, ""expired_cooldown_days"": 5, ""failed_cooldown_days"": 10, ""key_min_score"": 75, ""kline_days"": 1100, ""limit_up_volume_ratio"": 1.5, ""low_volume_limit_up_min_ratio"": 0.6, ""ma50_min_ratio"": 0.92, ""market_filter_mode"": ""downgrade"", ""max_amp_10d_a"": 0.4, ""max_amp_10d_b"": 0.35, ""max_amp_10d_s"": 0.45, ""max_amp_5d_a"": 0.22, ""max_amp_5d_b"": 0.18, ""max_amp_5d_s"": 0.25, ""max_pullback_20d_a"": -0.26, ""max_pullback_20d_b"": -0.22, ""max_pullback_20d_s"": -0.3, ""max_watch_days"": 10, ""min_avg_amount_10d_yi"": 5, ""min_avg_amount_30d_yi"": 5, ""min_avg_amount_60d_yi"": 3, ""min_relative_strength_20"": 0.1, ""minimum_trading_days"": 500, ""near_120d_high_ratio"": 0.98, ""normal_start_close_position"": 0.75, ""normal_start_min_amount_yi"": 2, ""normal_start_return"": 0.07, ""normal_start_self_amount_percentile"": 0.9, ""normal_start_volume_ratio"": 2.0, ""pattern_filter_enabled"": true, ""pattern_filter_mode"": ""score_only"", ""pattern_pivot_proximity_pct"": 0.05, ""platform_max_range"": 0.12, ""ready_min_score"": 85, ""rr2_min_key"": 2.0, ""rr2_min_ready"": 2.5, ""rr2_min_watch"": 1.5, ""start_age_max_days"": 60, ""start_age_min_days"": 5, ""start_lookback_days"": 60, ""stop_atr_multiplier"": 0.8, ""stop_key_support_pct"": 0.03, ""support_cluster_atr_multiplier"": 0.5, ""support_cluster_price_pct"": 0.015, ""support_test_lookback"": 10, ""support_zone_atr_multiplier"": 0.3, ""support_zone_price_pct"": 0.01, ""tail_close_range_5"": 0.08, ""tail_min_return_3"": -0.04, ""tail_min_return_5"": -0.06, ""tail_strong_volume_ratio_5_20"": 0.6, ""tail_volume_ratio_5_20"": 0.75, ""tail_window_days"": 5, ""target_2_cap_pct"": 0.35, ""vcp_contraction_range_ratio"": 0.9, ""vcp_contraction_volume_ratio"": 0.9, ""vcp_min_first_range"": 0.08, ""watch_min_score"": 60}","{""avg_loss_r"": 1.03183925, ""avg_net_return"": -0.0742669025, ""avg_win_r"": 0.0, ""expectancy_r"": -1.03183925, ""losses"": 4, ""max_drawdown"": 0.04070576441199996, ""median_net_return"": -0.073630285, ""net_profit"": -560.757506, ""net_return"": -0.04070576441199991, ""profit_factor"": 0.0, ""single_month_profit_concentration"": 0.0, ""top5_profit_concentration"": 0.0, ""trades"": 4, ""win_rate"": 0.0, ""wins"": 0}"
s6opt-comprehensive-fe84532,strong_start,s6trial-8dc30cc31ec7c78a,OAT,s6ps-7156f8b78601dafe,s6ps-71bdb4dbb9c5c096,COMPLETED_WITH_SKIPS,s6bt-11a7e8f6bc7247ddbdc1,,,"{""absolute_max_amp_10d"": 0.5, ""absolute_max_pullback_20d"": -0.35, ""amount10_vs_30_min_ratio"": 0.8, ""big_down_return"": -0.07, ""big_down_volume_ratio"": 1.5, ""box_tail"": {""breakout_ready_position_min"": 0.75, ""broken_close_tolerance"": 0.03, ""compact_kline"": {""atr_contraction_ratio_max"": 0.8, ""avg_body_ratio_max"": 0.025, ""close_range_max"": 0.05, ""enabled"": true, ""max_body_ratio_max"": 0.04, ""max_gap_ratio"": 0.03, ""min_overlap_pair_count"": 3, ""min_overlap_ratio"": 0.5, ""premium_atr_contraction_ratio_max"": 0.65, ""premium_avg_body_ratio_max"": 0.018, ""premium_close_range_max"": 0.03, ""premium_overlap_ratio"": 0.65, ""window_days"": 5}, ""current_close_high_tolerance"": 0.03, ""current_close_low_tolerance"": 0.03, ""enabled"": true, ""low_test_close_tolerance_down"": 0.02, ""low_test_tolerance_up"": 0.02, ""max_box_days"": 30, ""max_volume_contraction_ratio"": 0.85, ""min_box_days"": 5, ""min_box_low_test_count"": 2, ""min_center_shift"": -0.03, ""normal_box_width_max"": 0.18, ""premium_box_width_max"": 0.12, ""premium_center_shift"": 0.0, ""premium_tail_volume_ratio_max"": 0.6, ""premium_volume_contraction_ratio"": 0.7, ""support_ready_position_max"": 0.4, ""tail_volume_ratio_max"": 0.75}, ""breakout_extended_max_pct"": 0.08, ""buy_zone_valid_days"": 3, ""consolidation_max_days"": 40, ""consolidation_min_days"": 5, ""cup_depth_max"": 0.35, ""cup_depth_min"": 0.12, ""enable_market_filter"": true, ""enabled"": true, ""expired_cooldown_days"": 5, ""failed_cooldown_days"": 10, ""key_min_score"": 75, ""kline_days"": 1100, ""limit_up_volume_ratio"": 1.5, ""low_volume_limit_up_min_ratio"": 0.6, ""ma50_min_ratio"": 0.92, ""market_filter_mode"": ""downgrade"", ""max_amp_10d_a"": 0.4, ""max_amp_10d_b"": 0.35, ""max_amp_10d_s"": 0.45, ""max_amp_5d_a"": 0.22, ""max_amp_5d_b"": 0.18, ""max_amp_5d_s"": 0.25, ""max_pullback_20d_a"": -0.26, ""max_pullback_20d_b"": -0.22, ""max_pullback_20d_s"": -0.3, ""max_watch_days"": 10, ""min_avg_amount_10d_yi"": 5, ""min_avg_amount_30d_yi"": 5, ""min_avg_amount_60d_yi"": 3, ""min_relative_strength_20"": 0.1, ""minimum_trading_days"": 500, ""near_120d_high_ratio"": 0.98, ""normal_start_close_position"": 0.65, ""normal_start_min_amount_yi"": 2, ""normal_start_return"": 0.07, ""normal_start_self_amount_percentile"": 0.85, ""normal_start_volume_ratio"": 2.0, ""pattern_filter_enabled"": true, ""pattern_filter_mode"": ""score_only"", ""pattern_pivot_proximity_pct"": 0.05, ""platform_max_range"": 0.12, ""ready_min_score"": 85, ""rr2_min_key"": 2.0, ""rr2_min_ready"": 2.5, ""rr2_min_watch"": 1.5, ""start_age_max_days"": 60, ""start_age_min_days"": 5, ""start_lookback_days"": 60, ""stop_atr_multiplier"": 0.8, ""stop_key_support_pct"": 0.03, ""support_cluster_atr_multiplier"": 0.5, ""support_cluster_price_pct"": 0.015, ""support_test_lookback"": 10, ""support_zone_atr_multiplier"": 0.3, ""support_zone_price_pct"": 0.01, ""tail_close_range_5"": 0.08, ""tail_min_return_3"": -0.04, ""tail_min_return_5"": -0.06, ""tail_strong_volume_ratio_5_20"": 0.6, ""tail_volume_ratio_5_20"": 0.75, ""tail_window_days"": 5, ""target_2_cap_pct"": 0.35, ""vcp_contraction_range_ratio"": 0.9, ""vcp_contraction_volume_ratio"": 0.9, ""vcp_min_first_range"": 0.08, ""watch_min_score"": 60}","{""avg_loss_r"": 1.01225875, ""avg_net_return"": -0.08651405250000001, ""avg_win_r"": 0.0, ""expectancy_r"": -1.01225875, ""losses"": 4, ""max_drawdown"": 0.042820698355999894, ""median_net_return"": -0.090341385, ""net_profit"": -642.241456, ""net_return"": -0.04282069835599989, ""profit_factor"": 0.0, ""single_month_profit_concentration"": 0.0, ""top5_profit_concentration"": 0.0, ""trades"": 4, ""win_rate"": 0.0, ""wins"": 0}"
s6opt-comprehensive-fe84532,strong_start,s6trial-9c7aa22865b04436,BASELINE,s6ps-71bdb4dbb9c5c096,s6ps-71bdb4dbb9c5c096,COMPLETED_WITH_SKIPS,s6bt-cc44c0c0bf8070fb3757,,,"{""absolute_max_amp_10d"": 0.5, ""absolute_max_pullback_20d"": -0.35, ""amount10_vs_30_min_ratio"": 0.8, ""big_down_return"": -0.07, ""big_down_volume_ratio"": 1.5, ""box_tail"": {""breakout_ready_position_min"": 0.75, ""broken_close_tolerance"": 0.03, ""compact_kline"": {""atr_contraction_ratio_max"": 0.8, ""avg_body_ratio_max"": 0.025, ""close_range_max"": 0.05, ""enabled"": true, ""max_body_ratio_max"": 0.04, ""max_gap_ratio"": 0.03, ""min_overlap_pair_count"": 3, ""min_overlap_ratio"": 0.5, ""premium_atr_contraction_ratio_max"": 0.65, ""premium_avg_body_ratio_max"": 0.018, ""premium_close_range_max"": 0.03, ""premium_overlap_ratio"": 0.65, ""window_days"": 5}, ""current_close_high_tolerance"": 0.03, ""current_close_low_tolerance"": 0.03, ""enabled"": true, ""low_test_close_tolerance_down"": 0.02, ""low_test_tolerance_up"": 0.02, ""max_box_days"": 30, ""max_volume_contraction_ratio"": 0.85, ""min_box_days"": 5, ""min_box_low_test_count"": 2, ""min_center_shift"": -0.03, ""normal_box_width_max"": 0.18, ""premium_box_width_max"": 0.12, ""premium_center_shift"": 0.0, ""premium_tail_volume_ratio_max"": 0.6, ""premium_volume_contraction_ratio"": 0.7, ""support_ready_position_max"": 0.4, ""tail_volume_ratio_max"": 0.75}, ""breakout_extended_max_pct"": 0.08, ""buy_zone_valid_days"": 3, ""consolidation_max_days"": 40, ""consolidation_min_days"": 5, ""cup_depth_max"": 0.35, ""cup_depth_min"": 0.12, ""enable_market_filter"": true, ""enabled"": true, ""expired_cooldown_days"": 5, ""failed_cooldown_days"": 10, ""key_min_score"": 75, ""kline_days"": 1100, ""limit_up_volume_ratio"": 1.5, ""low_volume_limit_up_min_ratio"": 0.6, ""ma50_min_ratio"": 0.92, ""market_filter_mode"": ""downgrade"", ""max_amp_10d_a"": 0.4, ""max_amp_10d_b"": 0.35, ""max_amp_10d_s"": 0.45, ""max_amp_5d_a"": 0.22, ""max_amp_5d_b"": 0.18, ""max_amp_5d_s"": 0.25, ""max_pullback_20d_a"": -0.26, ""max_pullback_20d_b"": -0.22, ""max_pullback_20d_s"": -0.3, ""max_watch_days"": 10, ""min_avg_amount_10d_yi"": 5, ""min_avg_amount_30d_yi"": 5, ""min_avg_amount_60d_yi"": 3, ""min_relative_strength_20"": 0.1, ""minimum_trading_days"": 500, ""near_120d_high_ratio"": 0.98, ""normal_start_close_position"": 0.65, ""normal_start_min_amount_yi"": 2, ""normal_start_return"": 0.07, ""normal_start_self_amount_percentile"": 0.9, ""normal_start_volume_ratio"": 2.0, ""pattern_filter_enabled"": true, ""pattern_filter_mode"": ""score_only"", ""pattern_pivot_proximity_pct"": 0.05, ""platform_max_range"": 0.12, ""ready_min_score"": 85, ""rr2_min_key"": 2.0, ""rr2_min_ready"": 2.5, ""rr2_min_watch"": 1.5, ""start_age_max_days"": 60, ""start_age_min_days"": 5, ""start_lookback_days"": 60, ""stop_atr_multiplier"": 0.8, ""stop_key_support_pct"": 0.03, ""support_cluster_atr_multiplier"": 0.5, ""support_cluster_price_pct"": 0.015, ""support_test_lookback"": 10, ""support_zone_atr_multiplier"": 0.3, ""support_zone_price_pct"": 0.01, ""tail_close_range_5"": 0.08, ""tail_min_return_3"": -0.04, ""tail_min_return_5"": -0.06, ""tail_strong_volume_ratio_5_20"": 0.6, ""tail_volume_ratio_5_20"": 0.75, ""tail_window_days"": 5, ""target_2_cap_pct"": 0.35, ""vcp_contraction_range_ratio"": 0.9, ""vcp_contraction_volume_ratio"": 0.9, ""vcp_min_first_range"": 0.08, ""watch_min_score"": 60}","{""avg_loss_r"": 1.01225875, ""avg_net_return"": -0.08651405250000001, ""avg_win_r"": 0.0, ""expectancy_r"": -1.01225875, ""losses"": 4, ""max_drawdown"": 0.042820698355999894, ""median_net_return"": -0.090341385, ""net_profit"": -642.241456, ""net_return"": -0.04282069835599989, ""profit_factor"": 0.0, ""single_month_profit_concentration"": 0.0, ""top5_profit_concentration"": 0.0, ""trades"": 4, ""win_rate"": 0.0, ""wins"": 0}"
s6opt-comprehensive-fe84532,strong_start,s6trial-a813516f46d3e075,OAT,s6ps-d3a63ed882dfd605,s6ps-71bdb4dbb9c5c096,COMPLETED_WITH_SKIPS,s6bt-7c15f12c5b79d35b53f6,,,"{""absolute_max_amp_10d"": 0.5, ""absolute_max_pullback_20d"": -0.35, ""amount10_vs_30_min_ratio"": 0.8, ""big_down_return"": -0.07, ""big_down_volume_ratio"": 1.5, ""box_tail"": {""breakout_ready_position_min"": 0.75, ""broken_close_tolerance"": 0.03, ""compact_kline"": {""atr_contraction_ratio_max"": 0.8, ""avg_body_ratio_max"": 0.025, ""close_range_max"": 0.05, ""enabled"": true, ""max_body_ratio_max"": 0.04, ""max_gap_ratio"": 0.03, ""min_overlap_pair_count"": 3, ""min_overlap_ratio"": 0.5, ""premium_atr_contraction_ratio_max"": 0.65, ""premium_avg_body_ratio_max"": 0.018, ""premium_close_range_max"": 0.03, ""premium_overlap_ratio"": 0.65, ""window_days"": 5}, ""current_close_high_tolerance"": 0.03, ""current_close_low_tolerance"": 0.03, ""enabled"": true, ""low_test_close_tolerance_down"": 0.02, ""low_test_tolerance_up"": 0.02, ""max_box_days"": 30, ""max_volume_contraction_ratio"": 0.85, ""min_box_days"": 5, ""min_box_low_test_count"": 2, ""min_center_shift"": -0.03, ""normal_box_width_max"": 0.18, ""premium_box_width_max"": 0.12, ""premium_center_shift"": 0.0, ""premium_tail_volume_ratio_max"": 0.6, ""premium_volume_contraction_ratio"": 0.7, ""support_ready_position_max"": 0.4, ""tail_volume_ratio_max"": 0.75}, ""breakout_extended_max_pct"": 0.08, ""buy_zone_valid_days"": 3, ""consolidation_max_days"": 40, ""consolidation_min_days"": 5, ""cup_depth_max"": 0.35, ""cup_depth_min"": 0.12, ""enable_market_filter"": true, ""enabled"": true, ""expired_cooldown_days"": 5, ""failed_cooldown_days"": 10, ""key_min_score"": 75, ""kline_days"": 1100, ""limit_up_volume_ratio"": 1.5, ""low_volume_limit_up_min_ratio"": 0.6, ""ma50_min_ratio"": 0.92, ""market_filter_mode"": ""downgrade"", ""max_amp_10d_a"": 0.4, ""max_amp_10d_b"": 0.35, ""max_amp_10d_s"": 0.45, ""max_amp_5d_a"": 0.22, ""max_amp_5d_b"": 0.18, ""max_amp_5d_s"": 0.25, ""max_pullback_20d_a"": -0.26, ""max_pullback_20d_b"": -0.22, ""max_pullback_20d_s"": -0.3, ""max_watch_days"": 10, ""min_avg_amount_10d_yi"": 5, ""min_avg_amount_30d_yi"": 5, ""min_avg_amount_60d_yi"": 3, ""min_relative_strength_20"": 0.1, ""minimum_trading_days"": 500, ""near_120d_high_ratio"": 0.98, ""normal_start_close_position"": 0.6, ""normal_start_min_amount_yi"": 2, ""normal_start_return"": 0.07, ""normal_start_self_amount_percentile"": 0.9, ""normal_start_volume_ratio"": 2.0, ""pattern_filter_enabled"": true, ""pattern_filter_mode"": ""score_only"", ""pattern_pivot_proximity_pct"": 0.05, ""platform_max_range"": 0.12, ""ready_min_score"": 85, ""rr2_min_key"": 2.0, ""rr2_min_ready"": 2.5, ""rr2_min_watch"": 1.5, ""start_age_max_days"": 60, ""start_age_min_days"": 5, ""start_lookback_days"": 60, ""stop_atr_multiplier"": 0.8, ""stop_key_support_pct"": 0.03, ""support_cluster_atr_multiplier"": 0.5, ""support_cluster_price_pct"": 0.015, ""support_test_lookback"": 10, ""support_zone_atr_multiplier"": 0.3, ""support_zone_price_pct"": 0.01, ""tail_close_range_5"": 0.08, ""tail_min_return_3"": -0.04, ""tail_min_return_5"": -0.06, ""tail_strong_volume_ratio_5_20"": 0.6, ""tail_volume_ratio_5_20"": 0.75, ""tail_window_days"": 5, ""target_2_cap_pct"": 0.35, ""vcp_contraction_range_ratio"": 0.9, ""vcp_contraction_volume_ratio"": 0.9, ""vcp_min_first_range"": 0.08, ""watch_min_score"": 60}","{""avg_loss_r"": 1.01225875, ""avg_net_return"": -0.08651405250000001, ""avg_win_r"": 0.0, ""expectancy_r"": -1.01225875, ""losses"": 4, ""max_drawdown"": 0.042820698355999894, ""median_net_return"": -0.090341385, ""net_profit"": -642.241456, ""net_return"": -0.04282069835599989, ""profit_factor"": 0.0, ""single_month_profit_concentration"": 0.0, ""top5_profit_concentration"": 0.0, ""trades"": 4, ""win_rate"": 0.0, ""wins"": 0}"
s6opt-comprehensive-fe84532,strong_start,s6trial-a8a401f39f84aa2a,OAT,s6ps-5df087be4d7fb4ac,s6ps-71bdb4dbb9c5c096,COMPLETED_WITH_SKIPS,s6bt-73452c5e1d4c2ba18623,,,"{""absolute_max_amp_10d"": 0.5, ""absolute_max_pullback_20d"": -0.35, ""amount10_vs_30_min_ratio"": 0.8, ""big_down_return"": -0.07, ""big_down_volume_ratio"": 1.5, ""box_tail"": {""breakout_ready_position_min"": 0.75, ""broken_close_tolerance"": 0.03, ""compact_kline"": {""atr_contraction_ratio_max"": 0.8, ""avg_body_ratio_max"": 0.025, ""close_range_max"": 0.05, ""enabled"": true, ""max_body_ratio_max"": 0.04, ""max_gap_ratio"": 0.03, ""min_overlap_pair_count"": 3, ""min_overlap_ratio"": 0.5, ""premium_atr_contraction_ratio_max"": 0.65, ""premium_avg_body_ratio_max"": 0.018, ""premium_close_range_max"": 0.03, ""premium_overlap_ratio"": 0.65, ""window_days"": 5}, ""current_close_high_tolerance"": 0.03, ""current_close_low_tolerance"": 0.03, ""enabled"": true, ""low_test_close_tolerance_down"": 0.02, ""low_test_tolerance_up"": 0.02, ""max_box_days"": 30, ""max_volume_contraction_ratio"": 0.85, ""min_box_days"": 5, ""min_box_low_test_count"": 2, ""min_center_shift"": -0.03, ""normal_box_width_max"": 0.18, ""premium_box_width_max"": 0.12, ""premium_center_shift"": 0.0, ""premium_tail_volume_ratio_max"": 0.6, ""premium_volume_contraction_ratio"": 0.7, ""support_ready_position_max"": 0.4, ""tail_volume_ratio_max"": 0.75}, ""breakout_extended_max_pct"": 0.08, ""buy_zone_valid_days"": 3, ""consolidation_max_days"": 40, ""consolidation_min_days"": 5, ""cup_depth_max"": 0.35, ""cup_depth_min"": 0.12, ""enable_market_filter"": true, ""enabled"": true, ""expired_cooldown_days"": 5, ""failed_cooldown_days"": 10, ""key_min_score"": 75, ""kline_days"": 1100, ""limit_up_volume_ratio"": 1.5, ""low_volume_limit_up_min_ratio"": 0.6, ""ma50_min_ratio"": 0.92, ""market_filter_mode"": ""downgrade"", ""max_amp_10d_a"": 0.4, ""max_amp_10d_b"": 0.35, ""max_amp_10d_s"": 0.45, ""max_amp_5d_a"": 0.22, ""max_amp_5d_b"": 0.18, ""max_amp_5d_s"": 0.25, ""max_pullback_20d_a"": -0.26, ""max_pullback_20d_b"": -0.22, ""max_pullback_20d_s"": -0.3, ""max_watch_days"": 10, ""min_avg_amount_10d_yi"": 5, ""min_avg_amount_30d_yi"": 5, ""min_avg_amount_60d_yi"": 3, ""min_relative_strength_20"": 0.1, ""minimum_trading_days"": 500, ""near_120d_high_ratio"": 0.98, ""normal_start_close_position"": 0.65, ""normal_start_min_amount_yi"": 2, ""normal_start_return"": 0.07, ""normal_start_self_amount_percentile"": 0.9, ""normal_start_volume_ratio"": 2.0, ""pattern_filter_enabled"": true, ""pattern_filter_mode"": ""score_only"", ""pattern_pivot_proximity_pct"": 0.05, ""platform_max_range"": 0.12, ""ready_min_score"": 85, ""rr2_min_key"": 2.0, ""rr2_min_ready"": 2.5, ""rr2_min_watch"": 1.5, ""start_age_max_days"": 60, ""start_age_min_days"": 3, ""start_lookback_days"": 60, ""stop_atr_multiplier"": 0.8, ""stop_key_support_pct"": 0.03, ""support_cluster_atr_multiplier"": 0.5, ""support_cluster_price_pct"": 0.015, ""support_test_lookback"": 10, ""support_zone_atr_multiplier"": 0.3, ""support_zone_price_pct"": 0.01, ""tail_close_range_5"": 0.08, ""tail_min_return_3"": -0.04, ""tail_min_return_5"": -0.06, ""tail_strong_volume_ratio_5_20"": 0.6, ""tail_volume_ratio_5_20"": 0.75, ""tail_window_days"": 5, ""target_2_cap_pct"": 0.35, ""vcp_contraction_range_ratio"": 0.9, ""vcp_contraction_volume_ratio"": 0.9, ""vcp_min_first_range"": 0.08, ""watch_min_score"": 60}","{""avg_loss_r"": 1.01225875, ""avg_net_return"": -0.08651405250000001, ""avg_win_r"": 0.0, ""expectancy_r"": -1.01225875, ""losses"": 4, ""max_drawdown"": 0.042820698355999894, ""median_net_return"": -0.090341385, ""net_profit"": -642.241456, ""net_return"": -0.04282069835599989, ""profit_factor"": 0.0, ""single_month_profit_concentration"": 0.0, ""top5_profit_concentration"": 0.0, ""trades"": 4, ""win_rate"": 0.0, ""wins"": 0}"
s6opt-comprehensive-fe84532,strong_start,s6trial-ac38f7af4df88fd8,OAT,s6ps-37efefc83a1fe4a3,s6ps-71bdb4dbb9c5c096,COMPLETED_WITH_SKIPS,s6bt-5e6067ddb64cd19b968a,,,"{""absolute_max_amp_10d"": 0.5, ""absolute_max_pullback_20d"": -0.35, ""amount10_vs_30_min_ratio"": 0.8, ""big_down_return"": -0.07, ""big_down_volume_ratio"": 1.5, ""box_tail"": {""breakout_ready_position_min"": 0.75, ""broken_close_tolerance"": 0.03, ""compact_kline"": {""atr_contraction_ratio_max"": 0.8, ""avg_body_ratio_max"": 0.025, ""close_range_max"": 0.05, ""enabled"": true, ""max_body_ratio_max"": 0.04, ""max_gap_ratio"": 0.03, ""min_overlap_pair_count"": 3, ""min_overlap_ratio"": 0.5, ""premium_atr_contraction_ratio_max"": 0.65, ""premium_avg_body_ratio_max"": 0.018, ""premium_close_range_max"": 0.03, ""premium_overlap_ratio"": 0.65, ""window_days"": 5}, ""current_close_high_tolerance"": 0.03, ""current_close_low_tolerance"": 0.03, ""enabled"": true, ""low_test_close_tolerance_down"": 0.02, ""low_test_tolerance_up"": 0.02, ""max_box_days"": 30, ""max_volume_contraction_ratio"": 0.85, ""min_box_days"": 5, ""min_box_low_test_count"": 2, ""min_center_shift"": -0.03, ""normal_box_width_max"": 0.18, ""premium_box_width_max"": 0.12, ""premium_center_shift"": 0.0, ""premium_tail_volume_ratio_max"": 0.6, ""premium_volume_contraction_ratio"": 0.7, ""support_ready_position_max"": 0.4, ""tail_volume_ratio_max"": 0.75}, ""breakout_extended_max_pct"": 0.08, ""buy_zone_valid_days"": 3, ""consolidation_max_days"": 40, ""consolidation_min_days"": 5, ""cup_depth_max"": 0.35, ""cup_depth_min"": 0.12, ""enable_market_filter"": true, ""enabled"": true, ""expired_cooldown_days"": 5, ""failed_cooldown_days"": 10, ""key_min_score"": 75, ""kline_days"": 1100, ""limit_up_volume_ratio"": 1.2, ""low_volume_limit_up_min_ratio"": 0.6, ""ma50_min_ratio"": 0.92, ""market_filter_mode"": ""downgrade"", ""max_amp_10d_a"": 0.4, ""max_amp_10d_b"": 0.35, ""max_amp_10d_s"": 0.45, ""max_amp_5d_a"": 0.22, ""max_amp_5d_b"": 0.18, ""max_amp_5d_s"": 0.25, ""max_pullback_20d_a"": -0.26, ""max_pullback_20d_b"": -0.22, ""max_pullback_20d_s"": -0.3, ""max_watch_days"": 10, ""min_avg_amount_10d_yi"": 5, ""min_avg_amount_30d_yi"": 5, ""min_avg_amount_60d_yi"": 3, ""min_relative_strength_20"": 0.1, ""minimum_trading_days"": 500, ""near_120d_high_ratio"": 0.98, ""normal_start_close_position"": 0.65, ""normal_start_min_amount_yi"": 2, ""normal_start_return"": 0.07, ""normal_start_self_amount_percentile"": 0.9, ""normal_start_volume_ratio"": 2.0, ""pattern_filter_enabled"": true, ""pattern_filter_mode"": ""score_only"", ""pattern_pivot_proximity_pct"": 0.05, ""platform_max_range"": 0.12, ""ready_min_score"": 85, ""rr2_min_key"": 2.0, ""rr2_min_ready"": 2.5, ""rr2_min_watch"": 1.5, ""start_age_max_days"": 60, ""start_age_min_days"": 5, ""start_lookback_days"": 60, ""stop_atr_multiplier"": 0.8, ""stop_key_support_pct"": 0.03, ""support_cluster_atr_multiplier"": 0.5, ""support_cluster_price_pct"": 0.015, ""support_test_lookback"": 10, ""support_zone_atr_multiplier"": 0.3, ""support_zone_price_pct"": 0.01, ""tail_close_range_5"": 0.08, ""tail_min_return_3"": -0.04, ""tail_min_return_5"": -0.06, ""tail_strong_volume_ratio_5_20"": 0.6, ""tail_volume_ratio_5_20"": 0.75, ""tail_window_days"": 5, ""target_2_cap_pct"": 0.35, ""vcp_contraction_range_ratio"": 0.9, ""vcp_contraction_volume_ratio"": 0.9, ""vcp_min_first_range"": 0.08, ""watch_min_score"": 60}","{""avg_loss_r"": 1.01225875, ""avg_net_return"": -0.08651405250000001, ""avg_win_r"": 0.0, ""expectancy_r"": -1.01225875, ""losses"": 4, ""max_drawdown"": 0.042820698355999894, ""median_net_return"": -0.090341385, ""net_profit"": -642.241456, ""net_return"": -0.04282069835599989, ""profit_factor"": 0.0, ""single_month_profit_concentration"": 0.0, ""top5_profit_concentration"": 0.0, ""trades"": 4, ""win_rate"": 0.0, ""wins"": 0}"
s6opt-comprehensive-fe84532,strong_start,s6trial-bf7fd13e9a90009c,OAT,s6ps-c40e12b814129824,s6ps-71bdb4dbb9c5c096,COMPLETED_WITH_SKIPS,s6bt-54eeaeb5eac2c293748b,,,"{""absolute_max_amp_10d"": 0.5, ""absolute_max_pullback_20d"": -0.35, ""amount10_vs_30_min_ratio"": 0.8, ""big_down_return"": -0.07, ""big_down_volume_ratio"": 1.5, ""box_tail"": {""breakout_ready_position_min"": 0.75, ""broken_close_tolerance"": 0.03, ""compact_kline"": {""atr_contraction_ratio_max"": 0.8, ""avg_body_ratio_max"": 0.025, ""close_range_max"": 0.05, ""enabled"": true, ""max_body_ratio_max"": 0.04, ""max_gap_ratio"": 0.03, ""min_overlap_pair_count"": 3, ""min_overlap_ratio"": 0.5, ""premium_atr_contraction_ratio_max"": 0.65, ""premium_avg_body_ratio_max"": 0.018, ""premium_close_range_max"": 0.03, ""premium_overlap_ratio"": 0.65, ""window_days"": 5}, ""current_close_high_tolerance"": 0.03, ""current_close_low_tolerance"": 0.03, ""enabled"": true, ""low_test_close_tolerance_down"": 0.02, ""low_test_tolerance_up"": 0.02, ""max_box_days"": 30, ""max_volume_contraction_ratio"": 0.85, ""min_box_days"": 5, ""min_box_low_test_count"": 2, ""min_center_shift"": -0.03, ""normal_box_width_max"": 0.18, ""premium_box_width_max"": 0.12, ""premium_center_shift"": 0.0, ""premium_tail_volume_ratio_max"": 0.6, ""premium_volume_contraction_ratio"": 0.7, ""support_ready_position_max"": 0.4, ""tail_volume_ratio_max"": 0.75}, ""breakout_extended_max_pct"": 0.08, ""buy_zone_valid_days"": 3, ""consolidation_max_days"": 40, ""consolidation_min_days"": 5, ""cup_depth_max"": 0.35, ""cup_depth_min"": 0.12, ""enable_market_filter"": true, ""enabled"": true, ""expired_cooldown_days"": 5, ""failed_cooldown_days"": 10, ""key_min_score"": 75, ""kline_days"": 1100, ""limit_up_volume_ratio"": 1.5, ""low_volume_limit_up_min_ratio"": 0.6, ""ma50_min_ratio"": 0.92, ""market_filter_mode"": ""downgrade"", ""max_amp_10d_a"": 0.4, ""max_amp_10d_b"": 0.35, ""max_amp_10d_s"": 0.45, ""max_amp_5d_a"": 0.22, ""max_amp_5d_b"": 0.18, ""max_amp_5d_s"": 0.25, ""max_pullback_20d_a"": -0.26, ""max_pullback_20d_b"": -0.22, ""max_pullback_20d_s"": -0.3, ""max_watch_days"": 10, ""min_avg_amount_10d_yi"": 5, ""min_avg_amount_30d_yi"": 5, ""min_avg_amount_60d_yi"": 3, ""min_relative_strength_20"": 0.1, ""minimum_trading_days"": 500, ""near_120d_high_ratio"": 0.98, ""normal_start_close_position"": 0.65, ""normal_start_min_amount_yi"": 2, ""normal_start_return"": 0.09, ""normal_start_self_amount_percentile"": 0.9, ""normal_start_volume_ratio"": 2.0, ""pattern_filter_enabled"": true, ""pattern_filter_mode"": ""score_only"", ""pattern_pivot_proximity_pct"": 0.05, ""platform_max_range"": 0.12, ""ready_min_score"": 85, ""rr2_min_key"": 2.0, ""rr2_min_ready"": 2.5, ""rr2_min_watch"": 1.5, ""start_age_max_days"": 60, ""start_age_min_days"": 5, ""start_lookback_days"": 60, ""stop_atr_multiplier"": 0.8, ""stop_key_support_pct"": 0.03, ""support_cluster_atr_multiplier"": 0.5, ""support_cluster_price_pct"": 0.015, ""support_test_lookback"": 10, ""support_zone_atr_multiplier"": 0.3, ""support_zone_price_pct"": 0.01, ""tail_close_range_5"": 0.08, ""tail_min_return_3"": -0.04, ""tail_min_return_5"": -0.06, ""tail_strong_volume_ratio_5_20"": 0.6, ""tail_volume_ratio_5_20"": 0.75, ""tail_window_days"": 5, ""target_2_cap_pct"": 0.35, ""vcp_contraction_range_ratio"": 0.9, ""vcp_contraction_volume_ratio"": 0.9, ""vcp_min_first_range"": 0.08, ""watch_min_score"": 60}","{""avg_loss_r"": 1.01413625, ""avg_net_return"": -0.077402955, ""avg_win_r"": 0.0, ""expectancy_r"": -1.01413625, ""losses"": 4, ""max_drawdown"": 0.04254796042099991, ""median_net_return"": -0.072921835, ""net_profit"": -740.901933, ""net_return"": -0.04254796042099995, ""profit_factor"": 0.0, ""single_month_profit_concentration"": 0.0, ""top5_profit_concentration"": 0.0, ""trades"": 4, ""win_rate"": 0.0, ""wins"": 0}"
s6opt-comprehensive-fe84532,strong_start,s6trial-c539808be578cf9c,OAT,s6ps-e54e4ac34262dc51,s6ps-71bdb4dbb9c5c096,COMPLETED_WITH_SKIPS,s6bt-5dd8a30308474e456e2d,,,"{""absolute_max_amp_10d"": 0.5, ""absolute_max_pullback_20d"": -0.35, ""amount10_vs_30_min_ratio"": 0.8, ""big_down_return"": -0.07, ""big_down_volume_ratio"": 1.5, ""box_tail"": {""breakout_ready_position_min"": 0.75, ""broken_close_tolerance"": 0.03, ""compact_kline"": {""atr_contraction_ratio_max"": 0.8, ""avg_body_ratio_max"": 0.025, ""close_range_max"": 0.05, ""enabled"": true, ""max_body_ratio_max"": 0.04, ""max_gap_ratio"": 0.03, ""min_overlap_pair_count"": 3, ""min_overlap_ratio"": 0.5, ""premium_atr_contraction_ratio_max"": 0.65, ""premium_avg_body_ratio_max"": 0.018, ""premium_close_range_max"": 0.03, ""premium_overlap_ratio"": 0.65, ""window_days"": 5}, ""current_close_high_tolerance"": 0.03, ""current_close_low_tolerance"": 0.03, ""enabled"": true, ""low_test_close_tolerance_down"": 0.02, ""low_test_tolerance_up"": 0.02, ""max_box_days"": 30, ""max_volume_contraction_ratio"": 0.85, ""min_box_days"": 5, ""min_box_low_test_count"": 2, ""min_center_shift"": -0.03, ""normal_box_width_max"": 0.18, ""premium_box_width_max"": 0.12, ""premium_center_shift"": 0.0, ""premium_tail_volume_ratio_max"": 0.6, ""premium_volume_contraction_ratio"": 0.7, ""support_ready_position_max"": 0.4, ""tail_volume_ratio_max"": 0.75}, ""breakout_extended_max_pct"": 0.08, ""buy_zone_valid_days"": 3, ""consolidation_max_days"": 40, ""consolidation_min_days"": 5, ""cup_depth_max"": 0.35, ""cup_depth_min"": 0.12, ""enable_market_filter"": true, ""enabled"": true, ""expired_cooldown_days"": 5, ""failed_cooldown_days"": 10, ""key_min_score"": 75, ""kline_days"": 1100, ""limit_up_volume_ratio"": 1.5, ""low_volume_limit_up_min_ratio"": 0.6, ""ma50_min_ratio"": 0.92, ""market_filter_mode"": ""downgrade"", ""max_amp_10d_a"": 0.4, ""max_amp_10d_b"": 0.35, ""max_amp_10d_s"": 0.45, ""max_amp_5d_a"": 0.22, ""max_amp_5d_b"": 0.18, ""max_amp_5d_s"": 0.25, ""max_pullback_20d_a"": -0.26, ""max_pullback_20d_b"": -0.22, ""max_pullback_20d_s"": -0.3, ""max_watch_days"": 10, ""min_avg_amount_10d_yi"": 5, ""min_avg_amount_30d_yi"": 5, ""min_avg_amount_60d_yi"": 3, ""min_relative_strength_20"": 0.1, ""minimum_trading_days"": 500, ""near_120d_high_ratio"": 0.98, ""normal_start_close_position"": 0.65, ""normal_start_min_amount_yi"": 2, ""normal_start_return"": 0.08, ""normal_start_self_amount_percentile"": 0.9, ""normal_start_volume_ratio"": 2.0, ""pattern_filter_enabled"": true, ""pattern_filter_mode"": ""score_only"", ""pattern_pivot_proximity_pct"": 0.05, ""platform_max_range"": 0.12, ""ready_min_score"": 85, ""rr2_min_key"": 2.0, ""rr2_min_ready"": 2.5, ""rr2_min_watch"": 1.5, ""start_age_max_days"": 60, ""start_age_min_days"": 5, ""start_lookback_days"": 60, ""stop_atr_multiplier"": 0.8, ""stop_key_support_pct"": 0.03, ""support_cluster_atr_multiplier"": 0.5, ""support_cluster_price_pct"": 0.015, ""support_test_lookback"": 10, ""support_zone_atr_multiplier"": 0.3, ""support_zone_price_pct"": 0.01, ""tail_close_range_5"": 0.08, ""tail_min_return_3"": -0.04, ""tail_min_return_5"": -0.06, ""tail_strong_volume_ratio_5_20"": 0.6, ""tail_volume_ratio_5_20"": 0.75, ""tail_window_days"": 5, ""target_2_cap_pct"": 0.35, ""vcp_contraction_range_ratio"": 0.9, ""vcp_contraction_volume_ratio"": 0.9, ""vcp_min_first_range"": 0.08, ""watch_min_score"": 60}","{""avg_loss_r"": 1.01225875, ""avg_net_return"": -0.08651405250000001, ""avg_win_r"": 0.0, ""expectancy_r"": -1.01225875, ""losses"": 4, ""max_drawdown"": 0.042820698355999894, ""median_net_return"": -0.090341385, ""net_profit"": -642.241456, ""net_return"": -0.04282069835599989, ""profit_factor"": 0.0, ""single_month_profit_concentration"": 0.0, ""top5_profit_concentration"": 0.0, ""trades"": 4, ""win_rate"": 0.0, ""wins"": 0}"
s6opt-comprehensive-fe84532,strong_start,s6trial-ca90f89b6335a4ef,OAT,s6ps-bf054be4625ffa4a,s6ps-71bdb4dbb9c5c096,COMPLETED_WITH_SKIPS,s6bt-1ee84db3ae9306695613,,,"{""absolute_max_amp_10d"": 0.5, ""absolute_max_pullback_20d"": -0.35, ""amount10_vs_30_min_ratio"": 0.8, ""big_down_return"": -0.07, ""big_down_volume_ratio"": 1.5, ""box_tail"": {""breakout_ready_position_min"": 0.75, ""broken_close_tolerance"": 0.03, ""compact_kline"": {""atr_contraction_ratio_max"": 0.8, ""avg_body_ratio_max"": 0.025, ""close_range_max"": 0.05, ""enabled"": true, ""max_body_ratio_max"": 0.04, ""max_gap_ratio"": 0.03, ""min_overlap_pair_count"": 3, ""min_overlap_ratio"": 0.5, ""premium_atr_contraction_ratio_max"": 0.65, ""premium_avg_body_ratio_max"": 0.018, ""premium_close_range_max"": 0.03, ""premium_overlap_ratio"": 0.65, ""window_days"": 5}, ""current_close_high_tolerance"": 0.03, ""current_close_low_tolerance"": 0.03, ""enabled"": true, ""low_test_close_tolerance_down"": 0.02, ""low_test_tolerance_up"": 0.02, ""max_box_days"": 30, ""max_volume_contraction_ratio"": 0.85, ""min_box_days"": 5, ""min_box_low_test_count"": 2, ""min_center_shift"": -0.03, ""normal_box_width_max"": 0.18, ""premium_box_width_max"": 0.12, ""premium_center_shift"": 0.0, ""premium_tail_volume_ratio_max"": 0.6, ""premium_volume_contraction_ratio"": 0.7, ""support_ready_position_max"": 0.4, ""tail_volume_ratio_max"": 0.75}, ""breakout_extended_max_pct"": 0.08, ""buy_zone_valid_days"": 3, ""consolidation_max_days"": 40, ""consolidation_min_days"": 5, ""cup_depth_max"": 0.35, ""cup_depth_min"": 0.12, ""enable_market_filter"": true, ""enabled"": true, ""expired_cooldown_days"": 5, ""failed_cooldown_days"": 10, ""key_min_score"": 75, ""kline_days"": 1100, ""limit_up_volume_ratio"": 2.0, ""low_volume_limit_up_min_ratio"": 0.6, ""ma50_min_ratio"": 0.92, ""market_filter_mode"": ""downgrade"", ""max_amp_10d_a"": 0.4, ""max_amp_10d_b"": 0.35, ""max_amp_10d_s"": 0.45, ""max_amp_5d_a"": 0.22, ""max_amp_5d_b"": 0.18, ""max_amp_5d_s"": 0.25, ""max_pullback_20d_a"": -0.26, ""max_pullback_20d_b"": -0.22, ""max_pullback_20d_s"": -0.3, ""max_watch_days"": 10, ""min_avg_amount_10d_yi"": 5, ""min_avg_amount_30d_yi"": 5, ""min_avg_amount_60d_yi"": 3, ""min_relative_strength_20"": 0.1, ""minimum_trading_days"": 500, ""near_120d_high_ratio"": 0.98, ""normal_start_close_position"": 0.65, ""normal_start_min_amount_yi"": 2, ""normal_start_return"": 0.07, ""normal_start_self_amount_percentile"": 0.9, ""normal_start_volume_ratio"": 2.0, ""pattern_filter_enabled"": true, ""pattern_filter_mode"": ""score_only"", ""pattern_pivot_proximity_pct"": 0.05, ""platform_max_range"": 0.12, ""ready_min_score"": 85, ""rr2_min_key"": 2.0, ""rr2_min_ready"": 2.5, ""rr2_min_watch"": 1.5, ""start_age_max_days"": 60, ""start_age_min_days"": 5, ""start_lookback_days"": 60, ""stop_atr_multiplier"": 0.8, ""stop_key_support_pct"": 0.03, ""support_cluster_atr_multiplier"": 0.5, ""support_cluster_price_pct"": 0.015, ""support_test_lookback"": 10, ""support_zone_atr_multiplier"": 0.3, ""support_zone_price_pct"": 0.01, ""tail_close_range_5"": 0.08, ""tail_min_return_3"": -0.04, ""tail_min_return_5"": -0.06, ""tail_strong_volume_ratio_5_20"": 0.6, ""tail_volume_ratio_5_20"": 0.75, ""tail_window_days"": 5, ""target_2_cap_pct"": 0.35, ""vcp_contraction_range_ratio"": 0.9, ""vcp_contraction_volume_ratio"": 0.9, ""vcp_min_first_range"": 0.08, ""watch_min_score"": 60}","{""avg_loss_r"": 1.01225875, ""avg_net_return"": -0.08651405250000001, ""avg_win_r"": 0.0, ""expectancy_r"": -1.01225875, ""losses"": 4, ""max_drawdown"": 0.042820698355999894, ""median_net_return"": -0.090341385, ""net_profit"": -642.241456, ""net_return"": -0.04282069835599989, ""profit_factor"": 0.0, ""single_month_profit_concentration"": 0.0, ""top5_profit_concentration"": 0.0, ""trades"": 4, ""win_rate"": 0.0, ""wins"": 0}"
s6opt-comprehensive-fe84532,strong_start,s6trial-d43aec9c6651e395,OAT,s6ps-65d24d52b65c73be,s6ps-71bdb4dbb9c5c096,COMPLETED_WITH_SKIPS,s6bt-15b19d472b22bff6ddef,,,"{""absolute_max_amp_10d"": 0.5, ""absolute_max_pullback_20d"": -0.35, ""amount10_vs_30_min_ratio"": 0.8, ""big_down_return"": -0.07, ""big_down_volume_ratio"": 1.5, ""box_tail"": {""breakout_ready_position_min"": 0.75, ""broken_close_tolerance"": 0.03, ""compact_kline"": {""atr_contraction_ratio_max"": 0.8, ""avg_body_ratio_max"": 0.025, ""close_range_max"": 0.05, ""enabled"": true, ""max_body_ratio_max"": 0.04, ""max_gap_ratio"": 0.03, ""min_overlap_pair_count"": 3, ""min_overlap_ratio"": 0.5, ""premium_atr_contraction_ratio_max"": 0.65, ""premium_avg_body_ratio_max"": 0.018, ""premium_close_range_max"": 0.03, ""premium_overlap_ratio"": 0.65, ""window_days"": 5}, ""current_close_high_tolerance"": 0.03, ""current_close_low_tolerance"": 0.03, ""enabled"": true, ""low_test_close_tolerance_down"": 0.02, ""low_test_tolerance_up"": 0.02, ""max_box_days"": 30, ""max_volume_contraction_ratio"": 0.85, ""min_box_days"": 5, ""min_box_low_test_count"": 2, ""min_center_shift"": -0.03, ""normal_box_width_max"": 0.18, ""premium_box_width_max"": 0.12, ""premium_center_shift"": 0.0, ""premium_tail_volume_ratio_max"": 0.6, ""premium_volume_contraction_ratio"": 0.7, ""support_ready_position_max"": 0.4, ""tail_volume_ratio_max"": 0.75}, ""breakout_extended_max_pct"": 0.08, ""buy_zone_valid_days"": 3, ""consolidation_max_days"": 40, ""consolidation_min_days"": 5, ""cup_depth_max"": 0.35, ""cup_depth_min"": 0.12, ""enable_market_filter"": true, ""enabled"": true, ""expired_cooldown_days"": 5, ""failed_cooldown_days"": 10, ""key_min_score"": 75, ""kline_days"": 1100, ""limit_up_volume_ratio"": 1.5, ""low_volume_limit_up_min_ratio"": 0.6, ""ma50_min_ratio"": 0.92, ""market_filter_mode"": ""downgrade"", ""max_amp_10d_a"": 0.4, ""max_amp_10d_b"": 0.35, ""max_amp_10d_s"": 0.45, ""max_amp_5d_a"": 0.22, ""max_amp_5d_b"": 0.18, ""max_amp_5d_s"": 0.25, ""max_pullback_20d_a"": -0.26, ""max_pullback_20d_b"": -0.22, ""max_pullback_20d_s"": -0.3, ""max_watch_days"": 10, ""min_avg_amount_10d_yi"": 5, ""min_avg_amount_30d_yi"": 5, ""min_avg_amount_60d_yi"": 3, ""min_relative_strength_20"": 0.1, ""minimum_trading_days"": 500, ""near_120d_high_ratio"": 0.98, ""normal_start_close_position"": 0.65, ""normal_start_min_amount_yi"": 2, ""normal_start_return"": 0.07, ""normal_start_self_amount_percentile"": 0.9, ""normal_start_volume_ratio"": 2.5, ""pattern_filter_enabled"": true, ""pattern_filter_mode"": ""score_only"", ""pattern_pivot_proximity_pct"": 0.05, ""platform_max_range"": 0.12, ""ready_min_score"": 85, ""rr2_min_key"": 2.0, ""rr2_min_ready"": 2.5, ""rr2_min_watch"": 1.5, ""start_age_max_days"": 60, ""start_age_min_days"": 5, ""start_lookback_days"": 60, ""stop_atr_multiplier"": 0.8, ""stop_key_support_pct"": 0.03, ""support_cluster_atr_multiplier"": 0.5, ""support_cluster_price_pct"": 0.015, ""support_test_lookback"": 10, ""support_zone_atr_multiplier"": 0.3, ""support_zone_price_pct"": 0.01, ""tail_close_range_5"": 0.08, ""tail_min_return_3"": -0.04, ""tail_min_return_5"": -0.06, ""tail_strong_volume_ratio_5_20"": 0.6, ""tail_volume_ratio_5_20"": 0.75, ""tail_window_days"": 5, ""target_2_cap_pct"": 0.35, ""vcp_contraction_range_ratio"": 0.9, ""vcp_contraction_volume_ratio"": 0.9, ""vcp_min_first_range"": 0.08, ""watch_min_score"": 60}","{""avg_loss_r"": 1.01400425, ""avg_net_return"": -0.07775718, ""avg_win_r"": 0.0, ""expectancy_r"": -1.01400425, ""losses"": 4, ""max_drawdown"": 0.042566245265999926, ""median_net_return"": -0.073630285, ""net_profit"": -743.897418, ""net_return"": -0.04256624526599995, ""profit_factor"": 0.0, ""single_month_profit_concentration"": 0.0, ""top5_profit_concentration"": 0.0, ""trades"": 4, ""win_rate"": 0.0, ""wins"": 0}"
s6opt-comprehensive-fe84532,strong_start,s6trial-df04820df528b75f,OAT,s6ps-18e48f525fc5b35c,s6ps-71bdb4dbb9c5c096,COMPLETED_WITH_SKIPS,s6bt-ef32c04ee9eaf98f2c2d,,,"{""absolute_max_amp_10d"": 0.5, ""absolute_max_pullback_20d"": -0.35, ""amount10_vs_30_min_ratio"": 0.8, ""big_down_return"": -0.07, ""big_down_volume_ratio"": 1.5, ""box_tail"": {""breakout_ready_position_min"": 0.75, ""broken_close_tolerance"": 0.03, ""compact_kline"": {""atr_contraction_ratio_max"": 0.8, ""avg_body_ratio_max"": 0.025, ""close_range_max"": 0.05, ""enabled"": true, ""max_body_ratio_max"": 0.04, ""max_gap_ratio"": 0.03, ""min_overlap_pair_count"": 3, ""min_overlap_ratio"": 0.5, ""premium_atr_contraction_ratio_max"": 0.65, ""premium_avg_body_ratio_max"": 0.018, ""premium_close_range_max"": 0.03, ""premium_overlap_ratio"": 0.65, ""window_days"": 5}, ""current_close_high_tolerance"": 0.03, ""current_close_low_tolerance"": 0.03, ""enabled"": true, ""low_test_close_tolerance_down"": 0.02, ""low_test_tolerance_up"": 0.02, ""max_box_days"": 30, ""max_volume_contraction_ratio"": 0.85, ""min_box_days"": 5, ""min_box_low_test_count"": 2, ""min_center_shift"": -0.03, ""normal_box_width_max"": 0.18, ""premium_box_width_max"": 0.12, ""premium_center_shift"": 0.0, ""premium_tail_volume_ratio_max"": 0.6, ""premium_volume_contraction_ratio"": 0.7, ""support_ready_position_max"": 0.4, ""tail_volume_ratio_max"": 0.75}, ""breakout_extended_max_pct"": 0.08, ""buy_zone_valid_days"": 3, ""consolidation_max_days"": 40, ""consolidation_min_days"": 5, ""cup_depth_max"": 0.35, ""cup_depth_min"": 0.12, ""enable_market_filter"": true, ""enabled"": true, ""expired_cooldown_days"": 5, ""failed_cooldown_days"": 10, ""key_min_score"": 75, ""kline_days"": 1100, ""limit_up_volume_ratio"": 1.5, ""low_volume_limit_up_min_ratio"": 0.6, ""ma50_min_ratio"": 0.92, ""market_filter_mode"": ""downgrade"", ""max_amp_10d_a"": 0.4, ""max_amp_10d_b"": 0.35, ""max_amp_10d_s"": 0.45, ""max_amp_5d_a"": 0.22, ""max_amp_5d_b"": 0.18, ""max_amp_5d_s"": 0.25, ""max_pullback_20d_a"": -0.26, ""max_pullback_20d_b"": -0.22, ""max_pullback_20d_s"": -0.3, ""max_watch_days"": 10, ""min_avg_amount_10d_yi"": 5, ""min_avg_amount_30d_yi"": 5, ""min_avg_amount_60d_yi"": 3, ""min_relative_strength_20"": 0.1, ""minimum_trading_days"": 500, ""near_120d_high_ratio"": 0.98, ""normal_start_close_position"": 0.7, ""normal_start_min_amount_yi"": 2, ""normal_start_return"": 0.07, ""normal_start_self_amount_percentile"": 0.9, ""normal_start_volume_ratio"": 2.0, ""pattern_filter_enabled"": true, ""pattern_filter_mode"": ""score_only"", ""pattern_pivot_proximity_pct"": 0.05, ""platform_max_range"": 0.12, ""ready_min_score"": 85, ""rr2_min_key"": 2.0, ""rr2_min_ready"": 2.5, ""rr2_min_watch"": 1.5, ""start_age_max_days"": 60, ""start_age_min_days"": 5, ""start_lookback_days"": 60, ""stop_atr_multiplier"": 0.8, ""stop_key_support_pct"": 0.03, ""support_cluster_atr_multiplier"": 0.5, ""support_cluster_price_pct"": 0.015, ""support_test_lookback"": 10, ""support_zone_atr_multiplier"": 0.3, ""support_zone_price_pct"": 0.01, ""tail_close_range_5"": 0.08, ""tail_min_return_3"": -0.04, ""tail_min_return_5"": -0.06, ""tail_strong_volume_ratio_5_20"": 0.6, ""tail_volume_ratio_5_20"": 0.75, ""tail_window_days"": 5, ""target_2_cap_pct"": 0.35, ""vcp_contraction_range_ratio"": 0.9, ""vcp_contraction_volume_ratio"": 0.9, ""vcp_min_first_range"": 0.08, ""watch_min_score"": 60}","{""avg_loss_r"": 1.0128073333333334, ""avg_net_return"": -0.08463548, ""avg_win_r"": 0.0, ""expectancy_r"": -1.0128073333333334, ""losses"": 3, ""max_drawdown"": 0.03251764486799995, ""median_net_return"": -0.088533, ""net_profit"": -444.105812, ""net_return"": -0.032517644867999906, ""profit_factor"": 0.0, ""single_month_profit_concentration"": 0.0, ""top5_profit_concentration"": 0.0, ""trades"": 3, ""win_rate"": 0.0, ""wins"": 0}"
s6opt-comprehensive-fe84532,strong_start,s6trial-edd73d18ad5986fc,OAT,s6ps-de21bf6ff4628bfa,s6ps-71bdb4dbb9c5c096,COMPLETED_WITH_SKIPS,s6bt-0e37de699877ced2c987,,,"{""absolute_max_amp_10d"": 0.5, ""absolute_max_pullback_20d"": -0.35, ""amount10_vs_30_min_ratio"": 0.8, ""big_down_return"": -0.07, ""big_down_volume_ratio"": 1.5, ""box_tail"": {""breakout_ready_position_min"": 0.75, ""broken_close_tolerance"": 0.03, ""compact_kline"": {""atr_contraction_ratio_max"": 0.8, ""avg_body_ratio_max"": 0.025, ""close_range_max"": 0.05, ""enabled"": true, ""max_body_ratio_max"": 0.04, ""max_gap_ratio"": 0.03, ""min_overlap_pair_count"": 3, ""min_overlap_ratio"": 0.5, ""premium_atr_contraction_ratio_max"": 0.65, ""premium_avg_body_ratio_max"": 0.018, ""premium_close_range_max"": 0.03, ""premium_overlap_ratio"": 0.65, ""window_days"": 5}, ""current_close_high_tolerance"": 0.03, ""current_close_low_tolerance"": 0.03, ""enabled"": true, ""low_test_close_tolerance_down"": 0.02, ""low_test_tolerance_up"": 0.02, ""max_box_days"": 30, ""max_volume_contraction_ratio"": 0.85, ""min_box_days"": 5, ""min_box_low_test_count"": 2, ""min_center_shift"": -0.03, ""normal_box_width_max"": 0.18, ""premium_box_width_max"": 0.12, ""premium_center_shift"": 0.0, ""premium_tail_volume_ratio_max"": 0.6, ""premium_volume_contraction_ratio"": 0.7, ""support_ready_position_max"": 0.4, ""tail_volume_ratio_max"": 0.75}, ""breakout_extended_max_pct"": 0.08, ""buy_zone_valid_days"": 3, ""consolidation_max_days"": 40, ""consolidation_min_days"": 5, ""cup_depth_max"": 0.35, ""cup_depth_min"": 0.12, ""enable_market_filter"": true, ""enabled"": true, ""expired_cooldown_days"": 5, ""failed_cooldown_days"": 10, ""key_min_score"": 75, ""kline_days"": 1100, ""limit_up_volume_ratio"": 1.5, ""low_volume_limit_up_min_ratio"": 0.5, ""ma50_min_ratio"": 0.92, ""market_filter_mode"": ""downgrade"", ""max_amp_10d_a"": 0.4, ""max_amp_10d_b"": 0.35, ""max_amp_10d_s"": 0.45, ""max_amp_5d_a"": 0.22, ""max_amp_5d_b"": 0.18, ""max_amp_5d_s"": 0.25, ""max_pullback_20d_a"": -0.26, ""max_pullback_20d_b"": -0.22, ""max_pullback_20d_s"": -0.3, ""max_watch_days"": 10, ""min_avg_amount_10d_yi"": 5, ""min_avg_amount_30d_yi"": 5, ""min_avg_amount_60d_yi"": 3, ""min_relative_strength_20"": 0.1, ""minimum_trading_days"": 500, ""near_120d_high_ratio"": 0.98, ""normal_start_close_position"": 0.65, ""normal_start_min_amount_yi"": 2, ""normal_start_return"": 0.07, ""normal_start_self_amount_percentile"": 0.9, ""normal_start_volume_ratio"": 2.0, ""pattern_filter_enabled"": true, ""pattern_filter_mode"": ""score_only"", ""pattern_pivot_proximity_pct"": 0.05, ""platform_max_range"": 0.12, ""ready_min_score"": 85, ""rr2_min_key"": 2.0, ""rr2_min_ready"": 2.5, ""rr2_min_watch"": 1.5, ""start_age_max_days"": 60, ""start_age_min_days"": 5, ""start_lookback_days"": 60, ""stop_atr_multiplier"": 0.8, ""stop_key_support_pct"": 0.03, ""support_cluster_atr_multiplier"": 0.5, ""support_cluster_price_pct"": 0.015, ""support_test_lookback"": 10, ""support_zone_atr_multiplier"": 0.3, ""support_zone_price_pct"": 0.01, ""tail_close_range_5"": 0.08, ""tail_min_return_3"": -0.04, ""tail_min_return_5"": -0.06, ""tail_strong_volume_ratio_5_20"": 0.6, ""tail_volume_ratio_5_20"": 0.75, ""tail_window_days"": 5, ""target_2_cap_pct"": 0.35, ""vcp_contraction_range_ratio"": 0.9, ""vcp_contraction_volume_ratio"": 0.9, ""vcp_min_first_range"": 0.08, ""watch_min_score"": 60}","{""avg_loss_r"": 1.01225875, ""avg_net_return"": -0.08651405250000001, ""avg_win_r"": 0.0, ""expectancy_r"": -1.01225875, ""losses"": 4, ""max_drawdown"": 0.042820698355999894, ""median_net_return"": -0.090341385, ""net_profit"": -642.241456, ""net_return"": -0.04282069835599989, ""profit_factor"": 0.0, ""single_month_profit_concentration"": 0.0, ""top5_profit_concentration"": 0.0, ""trades"": 4, ""win_rate"": 0.0, ""wins"": 0}"
s6opt-comprehensive-fe84532,strong_start,s6trial-fa17a06b1db10105,OAT,s6ps-738ef0e84201d778,s6ps-71bdb4dbb9c5c096,COMPLETED_WITH_SKIPS,s6bt-a3ae271989e9c997b494,,,"{""absolute_max_amp_10d"": 0.5, ""absolute_max_pullback_20d"": -0.35, ""amount10_vs_30_min_ratio"": 0.8, ""big_down_return"": -0.07, ""big_down_volume_ratio"": 1.5, ""box_tail"": {""breakout_ready_position_min"": 0.75, ""broken_close_tolerance"": 0.03, ""compact_kline"": {""atr_contraction_ratio_max"": 0.8, ""avg_body_ratio_max"": 0.025, ""close_range_max"": 0.05, ""enabled"": true, ""max_body_ratio_max"": 0.04, ""max_gap_ratio"": 0.03, ""min_overlap_pair_count"": 3, ""min_overlap_ratio"": 0.5, ""premium_atr_contraction_ratio_max"": 0.65, ""premium_avg_body_ratio_max"": 0.018, ""premium_close_range_max"": 0.03, ""premium_overlap_ratio"": 0.65, ""window_days"": 5}, ""current_close_high_tolerance"": 0.03, ""current_close_low_tolerance"": 0.03, ""enabled"": true, ""low_test_close_tolerance_down"": 0.02, ""low_test_tolerance_up"": 0.02, ""max_box_days"": 30, ""max_volume_contraction_ratio"": 0.85, ""min_box_days"": 5, ""min_box_low_test_count"": 2, ""min_center_shift"": -0.03, ""normal_box_width_max"": 0.18, ""premium_box_width_max"": 0.12, ""premium_center_shift"": 0.0, ""premium_tail_volume_ratio_max"": 0.6, ""premium_volume_contraction_ratio"": 0.7, ""support_ready_position_max"": 0.4, ""tail_volume_ratio_max"": 0.75}, ""breakout_extended_max_pct"": 0.08, ""buy_zone_valid_days"": 3, ""consolidation_max_days"": 40, ""consolidation_min_days"": 5, ""cup_depth_max"": 0.35, ""cup_depth_min"": 0.12, ""enable_market_filter"": true, ""enabled"": true, ""expired_cooldown_days"": 5, ""failed_cooldown_days"": 10, ""key_min_score"": 75, ""kline_days"": 1100, ""limit_up_volume_ratio"": 1.5, ""low_volume_limit_up_min_ratio"": 0.6, ""ma50_min_ratio"": 0.92, ""market_filter_mode"": ""downgrade"", ""max_amp_10d_a"": 0.4, ""max_amp_10d_b"": 0.35, ""max_amp_10d_s"": 0.45, ""max_amp_5d_a"": 0.22, ""max_amp_5d_b"": 0.18, ""max_amp_5d_s"": 0.25, ""max_pullback_20d_a"": -0.26, ""max_pullback_20d_b"": -0.22, ""max_pullback_20d_s"": -0.3, ""max_watch_days"": 10, ""min_avg_amount_10d_yi"": 5, ""min_avg_amount_30d_yi"": 5, ""min_avg_amount_60d_yi"": 3, ""min_relative_strength_20"": 0.1, ""minimum_trading_days"": 500, ""near_120d_high_ratio"": 0.95, ""normal_start_close_position"": 0.65, ""normal_start_min_amount_yi"": 2, ""normal_start_return"": 0.07, ""normal_start_self_amount_percentile"": 0.9, ""normal_start_volume_ratio"": 2.0, ""pattern_filter_enabled"": true, ""pattern_filter_mode"": ""score_only"", ""pattern_pivot_proximity_pct"": 0.05, ""platform_max_range"": 0.12, ""ready_min_score"": 85, ""rr2_min_key"": 2.0, ""rr2_min_ready"": 2.5, ""rr2_min_watch"": 1.5, ""start_age_max_days"": 60, ""start_age_min_days"": 5, ""start_lookback_days"": 60, ""stop_atr_multiplier"": 0.8, ""stop_key_support_pct"": 0.03, ""support_cluster_atr_multiplier"": 0.5, ""support_cluster_price_pct"": 0.015, ""support_test_lookback"": 10, ""support_zone_atr_multiplier"": 0.3, ""support_zone_price_pct"": 0.01, ""tail_close_range_5"": 0.08, ""tail_min_return_3"": -0.04, ""tail_min_return_5"": -0.06, ""tail_strong_volume_ratio_5_20"": 0.6, ""tail_volume_ratio_5_20"": 0.75, ""tail_window_days"": 5, ""target_2_cap_pct"": 0.35, ""vcp_contraction_range_ratio"": 0.9, ""vcp_contraction_volume_ratio"": 0.9, ""vcp_min_first_range"": 0.08, ""watch_min_score"": 60}","{""avg_loss_r"": 1.01225875, ""avg_net_return"": -0.08651405250000001, ""avg_win_r"": 0.0, ""expectancy_r"": -1.01225875, ""losses"": 4, ""max_drawdown"": 0.042820698355999894, ""median_net_return"": -0.090341385, ""net_profit"": -642.241456, ""net_return"": -0.04282069835599989, ""profit_factor"": 0.0, ""single_month_profit_concentration"": 0.0, ""top5_profit_concentration"": 0.0, ""trades"": 4, ""win_rate"": 0.0, ""wins"": 0}"
s6opt-comprehensive-fe84532,support_risk,s6trial-018466d266e95b4c,OAT,s6ps-d552d98fadae8393,s6ps-71bdb4dbb9c5c096,COMPLETED_WITH_SKIPS,s6bt-801a4c39650678873540,,,"{""absolute_max_amp_10d"": 0.5, ""absolute_max_pullback_20d"": -0.35, ""amount10_vs_30_min_ratio"": 0.8, ""big_down_return"": -0.07, ""big_down_volume_ratio"": 1.5, ""box_tail"": {""breakout_ready_position_min"": 0.75, ""broken_close_tolerance"": 0.03, ""compact_kline"": {""atr_contraction_ratio_max"": 0.8, ""avg_body_ratio_max"": 0.025, ""close_range_max"": 0.05, ""enabled"": true, ""max_body_ratio_max"": 0.04, ""max_gap_ratio"": 0.03, ""min_overlap_pair_count"": 3, ""min_overlap_ratio"": 0.5, ""premium_atr_contraction_ratio_max"": 0.65, ""premium_avg_body_ratio_max"": 0.018, ""premium_close_range_max"": 0.03, ""premium_overlap_ratio"": 0.65, ""window_days"": 5}, ""current_close_high_tolerance"": 0.03, ""current_close_low_tolerance"": 0.03, ""enabled"": true, ""low_test_close_tolerance_down"": 0.02, ""low_test_tolerance_up"": 0.02, ""max_box_days"": 30, ""max_volume_contraction_ratio"": 0.85, ""min_box_days"": 5, ""min_box_low_test_count"": 2, ""min_center_shift"": -0.03, ""normal_box_width_max"": 0.18, ""premium_box_width_max"": 0.12, ""premium_center_shift"": 0.0, ""premium_tail_volume_ratio_max"": 0.6, ""premium_volume_contraction_ratio"": 0.7, ""support_ready_position_max"": 0.4, ""tail_volume_ratio_max"": 0.75}, ""breakout_extended_max_pct"": 0.08, ""buy_zone_valid_days"": 3, ""consolidation_max_days"": 40, ""consolidation_min_days"": 5, ""cup_depth_max"": 0.35, ""cup_depth_min"": 0.12, ""enable_market_filter"": true, ""enabled"": true, ""expired_cooldown_days"": 5, ""failed_cooldown_days"": 10, ""key_min_score"": 75, ""kline_days"": 1100, ""limit_up_volume_ratio"": 1.5, ""low_volume_limit_up_min_ratio"": 0.6, ""ma50_min_ratio"": 0.92, ""market_filter_mode"": ""downgrade"", ""max_amp_10d_a"": 0.36, ""max_amp_10d_b"": 0.315, ""max_amp_10d_s"": 0.405, ""max_amp_5d_a"": 0.198, ""max_amp_5d_b"": 0.162, ""max_amp_5d_s"": 0.225, ""max_pullback_20d_a"": -0.234, ""max_pullback_20d_b"": -0.198, ""max_pullback_20d_s"": -0.27, ""max_watch_days"": 10, ""min_avg_amount_10d_yi"": 5, ""min_avg_amount_30d_yi"": 5, ""min_avg_amount_60d_yi"": 3, ""min_relative_strength_20"": 0.1, ""minimum_trading_days"": 500, ""near_120d_high_ratio"": 0.98, ""normal_start_close_position"": 0.65, ""normal_start_min_amount_yi"": 2, ""normal_start_return"": 0.07, ""normal_start_self_amount_percentile"": 0.9, ""normal_start_volume_ratio"": 2.0, ""pattern_filter_enabled"": true, ""pattern_filter_mode"": ""score_only"", ""pattern_pivot_proximity_pct"": 0.05, ""platform_max_range"": 0.12, ""ready_min_score"": 85, ""rr2_min_key"": 2.0, ""rr2_min_ready"": 2.5, ""rr2_min_watch"": 1.5, ""start_age_max_days"": 60, ""start_age_min_days"": 5, ""start_lookback_days"": 60, ""stop_atr_multiplier"": 0.8, ""stop_key_support_pct"": 0.03, ""support_cluster_atr_multiplier"": 0.5, ""support_cluster_price_pct"": 0.015, ""support_test_lookback"": 10, ""support_zone_atr_multiplier"": 0.3, ""support_zone_price_pct"": 0.01, ""tail_close_range_5"": 0.08, ""tail_min_return_3"": -0.04, ""tail_min_return_5"": -0.06, ""tail_strong_volume_ratio_5_20"": 0.6, ""tail_volume_ratio_5_20"": 0.75, ""tail_window_days"": 5, ""target_2_cap_pct"": 0.35, ""vcp_contraction_range_ratio"": 0.9, ""vcp_contraction_volume_ratio"": 0.9, ""vcp_min_first_range"": 0.08, ""watch_min_score"": 60}","{""avg_loss_r"": 1.01225875, ""avg_net_return"": -0.08651405250000001, ""avg_win_r"": 0.0, ""expectancy_r"": -1.01225875, ""losses"": 4, ""max_drawdown"": 0.042820698355999894, ""median_net_return"": -0.090341385, ""net_profit"": -642.241456, ""net_return"": -0.04282069835599989, ""profit_factor"": 0.0, ""single_month_profit_concentration"": 0.0, ""top5_profit_concentration"": 0.0, ""trades"": 4, ""win_rate"": 0.0, ""wins"": 0}"
s6opt-comprehensive-fe84532,support_risk,s6trial-047e563d4416a6cd,OAT,s6ps-e4f6caff10f1210e,s6ps-71bdb4dbb9c5c096,COMPLETED_WITH_SKIPS,s6bt-436afad4bd061e54b0b8,,,"{""absolute_max_amp_10d"": 0.5, ""absolute_max_pullback_20d"": -0.35, ""amount10_vs_30_min_ratio"": 0.8, ""big_down_return"": -0.07, ""big_down_volume_ratio"": 1.5, ""box_tail"": {""breakout_ready_position_min"": 0.75, ""broken_close_tolerance"": 0.03, ""compact_kline"": {""atr_contraction_ratio_max"": 0.8, ""avg_body_ratio_max"": 0.025, ""close_range_max"": 0.05, ""enabled"": true, ""max_body_ratio_max"": 0.04, ""max_gap_ratio"": 0.03, ""min_overlap_pair_count"": 3, ""min_overlap_ratio"": 0.5, ""premium_atr_contraction_ratio_max"": 0.65, ""premium_avg_body_ratio_max"": 0.018, ""premium_close_range_max"": 0.03, ""premium_overlap_ratio"": 0.65, ""window_days"": 5}, ""current_close_high_tolerance"": 0.03, ""current_close_low_tolerance"": 0.03, ""enabled"": true, ""low_test_close_tolerance_down"": 0.02, ""low_test_tolerance_up"": 0.02, ""max_box_days"": 30, ""max_volume_contraction_ratio"": 0.85, ""min_box_days"": 5, ""min_box_low_test_count"": 2, ""min_center_shift"": -0.03, ""normal_box_width_max"": 0.18, ""premium_box_width_max"": 0.12, ""premium_center_shift"": 0.0, ""premium_tail_volume_ratio_max"": 0.6, ""premium_volume_contraction_ratio"": 0.7, ""support_ready_position_max"": 0.4, ""tail_volume_ratio_max"": 0.75}, ""breakout_extended_max_pct"": 0.08, ""buy_zone_valid_days"": 3, ""consolidation_max_days"": 40, ""consolidation_min_days"": 5, ""cup_depth_max"": 0.35, ""cup_depth_min"": 0.12, ""enable_market_filter"": true, ""enabled"": true, ""expired_cooldown_days"": 5, ""failed_cooldown_days"": 10, ""key_min_score"": 75, ""kline_days"": 1100, ""limit_up_volume_ratio"": 1.5, ""low_volume_limit_up_min_ratio"": 0.6, ""ma50_min_ratio"": 0.92, ""market_filter_mode"": ""downgrade"", ""max_amp_10d_a"": 0.4, ""max_amp_10d_b"": 0.35, ""max_amp_10d_s"": 0.45, ""max_amp_5d_a"": 0.22, ""max_amp_5d_b"": 0.18, ""max_amp_5d_s"": 0.25, ""max_pullback_20d_a"": -0.26, ""max_pullback_20d_b"": -0.22, ""max_pullback_20d_s"": -0.3, ""max_watch_days"": 10, ""min_avg_amount_10d_yi"": 5, ""min_avg_amount_30d_yi"": 5, ""min_avg_amount_60d_yi"": 3, ""min_relative_strength_20"": 0.1, ""minimum_trading_days"": 500, ""near_120d_high_ratio"": 0.98, ""normal_start_close_position"": 0.65, ""normal_start_min_amount_yi"": 2, ""normal_start_return"": 0.07, ""normal_start_self_amount_percentile"": 0.9, ""normal_start_volume_ratio"": 2.0, ""pattern_filter_enabled"": true, ""pattern_filter_mode"": ""score_only"", ""pattern_pivot_proximity_pct"": 0.05, ""platform_max_range"": 0.12, ""ready_min_score"": 85, ""rr2_min_key"": 2.0, ""rr2_min_ready"": 2.5, ""rr2_min_watch"": 1.5, ""start_age_max_days"": 60, ""start_age_min_days"": 5, ""start_lookback_days"": 60, ""stop_atr_multiplier"": 0.8, ""stop_key_support_pct"": 0.03, ""support_cluster_atr_multiplier"": 0.5, ""support_cluster_price_pct"": 0.015, ""support_test_lookback"": 15, ""support_zone_atr_multiplier"": 0.3, ""support_zone_price_pct"": 0.01, ""tail_close_range_5"": 0.08, ""tail_min_return_3"": -0.04, ""tail_min_return_5"": -0.06, ""tail_strong_volume_ratio_5_20"": 0.6, ""tail_volume_ratio_5_20"": 0.75, ""tail_window_days"": 5, ""target_2_cap_pct"": 0.35, ""vcp_contraction_range_ratio"": 0.9, ""vcp_contraction_volume_ratio"": 0.9, ""vcp_min_first_range"": 0.08, ""watch_min_score"": 60}","{""avg_loss_r"": 1.01225875, ""avg_net_return"": -0.08651405250000001, ""avg_win_r"": 0.0, ""expectancy_r"": -1.01225875, ""losses"": 4, ""max_drawdown"": 0.042820698355999894, ""median_net_return"": -0.090341385, ""net_profit"": -642.241456, ""net_return"": -0.04282069835599989, ""profit_factor"": 0.0, ""single_month_profit_concentration"": 0.0, ""top5_profit_concentration"": 0.0, ""trades"": 4, ""win_rate"": 0.0, ""wins"": 0}"
s6opt-comprehensive-fe84532,support_risk,s6trial-10051dc0ab1cc9d9,OAT,s6ps-ccc4a843b8d8cc4a,s6ps-71bdb4dbb9c5c096,COMPLETED_WITH_SKIPS,s6bt-e68b6e306c9e75c29233,,,"{""absolute_max_amp_10d"": 0.5, ""absolute_max_pullback_20d"": -0.35, ""amount10_vs_30_min_ratio"": 0.8, ""big_down_return"": -0.07, ""big_down_volume_ratio"": 1.5, ""box_tail"": {""breakout_ready_position_min"": 0.75, ""broken_close_tolerance"": 0.03, ""compact_kline"": {""atr_contraction_ratio_max"": 0.8, ""avg_body_ratio_max"": 0.025, ""close_range_max"": 0.05, ""enabled"": true, ""max_body_ratio_max"": 0.04, ""max_gap_ratio"": 0.03, ""min_overlap_pair_count"": 3, ""min_overlap_ratio"": 0.5, ""premium_atr_contraction_ratio_max"": 0.65, ""premium_avg_body_ratio_max"": 0.018, ""premium_close_range_max"": 0.03, ""premium_overlap_ratio"": 0.65, ""window_days"": 5}, ""current_close_high_tolerance"": 0.03, ""current_close_low_tolerance"": 0.03, ""enabled"": true, ""low_test_close_tolerance_down"": 0.02, ""low_test_tolerance_up"": 0.02, ""max_box_days"": 30, ""max_volume_contraction_ratio"": 0.85, ""min_box_days"": 5, ""min_box_low_test_count"": 2, ""min_center_shift"": -0.03, ""normal_box_width_max"": 0.18, ""premium_box_width_max"": 0.12, ""premium_center_shift"": 0.0, ""premium_tail_volume_ratio_max"": 0.6, ""premium_volume_contraction_ratio"": 0.7, ""support_ready_position_max"": 0.4, ""tail_volume_ratio_max"": 0.75}, ""breakout_extended_max_pct"": 0.08, ""buy_zone_valid_days"": 3, ""consolidation_max_days"": 40, ""consolidation_min_days"": 5, ""cup_depth_max"": 0.35, ""cup_depth_min"": 0.12, ""enable_market_filter"": true, ""enabled"": true, ""expired_cooldown_days"": 5, ""failed_cooldown_days"": 10, ""key_min_score"": 75, ""kline_days"": 1100, ""limit_up_volume_ratio"": 1.5, ""low_volume_limit_up_min_ratio"": 0.6, ""ma50_min_ratio"": 0.92, ""market_filter_mode"": ""downgrade"", ""max_amp_10d_a"": 0.4, ""max_amp_10d_b"": 0.35, ""max_amp_10d_s"": 0.45, ""max_amp_5d_a"": 0.22, ""max_amp_5d_b"": 0.18, ""max_amp_5d_s"": 0.25, ""max_pullback_20d_a"": -0.26, ""max_pullback_20d_b"": -0.22, ""max_pullback_20d_s"": -0.3, ""max_watch_days"": 10, ""min_avg_amount_10d_yi"": 5, ""min_avg_amount_30d_yi"": 5, ""min_avg_amount_60d_yi"": 3, ""min_relative_strength_20"": 0.1, ""minimum_trading_days"": 500, ""near_120d_high_ratio"": 0.98, ""normal_start_close_position"": 0.65, ""normal_start_min_amount_yi"": 2, ""normal_start_return"": 0.07, ""normal_start_self_amount_percentile"": 0.9, ""normal_start_volume_ratio"": 2.0, ""pattern_filter_enabled"": true, ""pattern_filter_mode"": ""score_only"", ""pattern_pivot_proximity_pct"": 0.05, ""platform_max_range"": 0.12, ""ready_min_score"": 85, ""rr2_min_key"": 2.0, ""rr2_min_ready"": 2.5, ""rr2_min_watch"": 1.5, ""start_age_max_days"": 60, ""start_age_min_days"": 5, ""start_lookback_days"": 60, ""stop_atr_multiplier"": 0.8, ""stop_key_support_pct"": 0.03, ""support_cluster_atr_multiplier"": 0.5, ""support_cluster_price_pct"": 0.01, ""support_test_lookback"": 10, ""support_zone_atr_multiplier"": 0.3, ""support_zone_price_pct"": 0.01, ""tail_close_range_5"": 0.08, ""tail_min_return_3"": -0.04, ""tail_min_return_5"": -0.06, ""tail_strong_volume_ratio_5_20"": 0.6, ""tail_volume_ratio_5_20"": 0.75, ""tail_window_days"": 5, ""target_2_cap_pct"": 0.35, ""vcp_contraction_range_ratio"": 0.9, ""vcp_contraction_volume_ratio"": 0.9, ""vcp_min_first_range"": 0.08, ""watch_min_score"": 60}","{""avg_loss_r"": 1.01225875, ""avg_net_return"": -0.08651405250000001, ""avg_win_r"": 0.0, ""expectancy_r"": -1.01225875, ""losses"": 4, ""max_drawdown"": 0.042820698355999894, ""median_net_return"": -0.090341385, ""net_profit"": -642.241456, ""net_return"": -0.04282069835599989, ""profit_factor"": 0.0, ""single_month_profit_concentration"": 0.0, ""top5_profit_concentration"": 0.0, ""trades"": 4, ""win_rate"": 0.0, ""wins"": 0}"
s6opt-comprehensive-fe84532,support_risk,s6trial-2764b01d667bb6ff,OAT,s6ps-464d4d677a26a6e3,s6ps-71bdb4dbb9c5c096,COMPLETED_WITH_SKIPS,s6bt-88b6bbdcdef04f210276,,,"{""absolute_max_amp_10d"": 0.5, ""absolute_max_pullback_20d"": -0.25, ""amount10_vs_30_min_ratio"": 0.8, ""big_down_return"": -0.07, ""big_down_volume_ratio"": 1.5, ""box_tail"": {""breakout_ready_position_min"": 0.75, ""broken_close_tolerance"": 0.03, ""compact_kline"": {""atr_contraction_ratio_max"": 0.8, ""avg_body_ratio_max"": 0.025, ""close_range_max"": 0.05, ""enabled"": true, ""max_body_ratio_max"": 0.04, ""max_gap_ratio"": 0.03, ""min_overlap_pair_count"": 3, ""min_overlap_ratio"": 0.5, ""premium_atr_contraction_ratio_max"": 0.65, ""premium_avg_body_ratio_max"": 0.018, ""premium_close_range_max"": 0.03, ""premium_overlap_ratio"": 0.65, ""window_days"": 5}, ""current_close_high_tolerance"": 0.03, ""current_close_low_tolerance"": 0.03, ""enabled"": true, ""low_test_close_tolerance_down"": 0.02, ""low_test_tolerance_up"": 0.02, ""max_box_days"": 30, ""max_volume_contraction_ratio"": 0.85, ""min_box_days"": 5, ""min_box_low_test_count"": 2, ""min_center_shift"": -0.03, ""normal_box_width_max"": 0.18, ""premium_box_width_max"": 0.12, ""premium_center_shift"": 0.0, ""premium_tail_volume_ratio_max"": 0.6, ""premium_volume_contraction_ratio"": 0.7, ""support_ready_position_max"": 0.4, ""tail_volume_ratio_max"": 0.75}, ""breakout_extended_max_pct"": 0.08, ""buy_zone_valid_days"": 3, ""consolidation_max_days"": 40, ""consolidation_min_days"": 5, ""cup_depth_max"": 0.35, ""cup_depth_min"": 0.12, ""enable_market_filter"": true, ""enabled"": true, ""expired_cooldown_days"": 5, ""failed_cooldown_days"": 10, ""key_min_score"": 75, ""kline_days"": 1100, ""limit_up_volume_ratio"": 1.5, ""low_volume_limit_up_min_ratio"": 0.6, ""ma50_min_ratio"": 0.92, ""market_filter_mode"": ""downgrade"", ""max_amp_10d_a"": 0.4, ""max_amp_10d_b"": 0.35, ""max_amp_10d_s"": 0.45, ""max_amp_5d_a"": 0.22, ""max_amp_5d_b"": 0.18, ""max_amp_5d_s"": 0.25, ""max_pullback_20d_a"": -0.26, ""max_pullback_20d_b"": -0.22, ""max_pullback_20d_s"": -0.3, ""max_watch_days"": 10, ""min_avg_amount_10d_yi"": 5, ""min_avg_amount_30d_yi"": 5, ""min_avg_amount_60d_yi"": 3, ""min_relative_strength_20"": 0.1, ""minimum_trading_days"": 500, ""near_120d_high_ratio"": 0.98, ""normal_start_close_position"": 0.65, ""normal_start_min_amount_yi"": 2, ""normal_start_return"": 0.07, ""normal_start_self_amount_percentile"": 0.9, ""normal_start_volume_ratio"": 2.0, ""pattern_filter_enabled"": true, ""pattern_filter_mode"": ""score_only"", ""pattern_pivot_proximity_pct"": 0.05, ""platform_max_range"": 0.12, ""ready_min_score"": 85, ""rr2_min_key"": 2.0, ""rr2_min_ready"": 2.5, ""rr2_min_watch"": 1.5, ""start_age_max_days"": 60, ""start_age_min_days"": 5, ""start_lookback_days"": 60, ""stop_atr_multiplier"": 0.8, ""stop_key_support_pct"": 0.03, ""support_cluster_atr_multiplier"": 0.5, ""support_cluster_price_pct"": 0.015, ""support_test_lookback"": 10, ""support_zone_atr_multiplier"": 0.3, ""support_zone_price_pct"": 0.01, ""tail_close_range_5"": 0.08, ""tail_min_return_3"": -0.04, ""tail_min_return_5"": -0.06, ""tail_strong_volume_ratio_5_20"": 0.6, ""tail_volume_ratio_5_20"": 0.75, ""tail_window_days"": 5, ""target_2_cap_pct"": 0.35, ""vcp_contraction_range_ratio"": 0.9, ""vcp_contraction_volume_ratio"": 0.9, ""vcp_min_first_range"": 0.08, ""watch_min_score"": 60}","{""avg_loss_r"": 1.01225875, ""avg_net_return"": -0.08651405250000001, ""avg_win_r"": 0.0, ""expectancy_r"": -1.01225875, ""losses"": 4, ""max_drawdown"": 0.042820698355999894, ""median_net_return"": -0.090341385, ""net_profit"": -642.241456, ""net_return"": -0.04282069835599989, ""profit_factor"": 0.0, ""single_month_profit_concentration"": 0.0, ""top5_profit_concentration"": 0.0, ""trades"": 4, ""win_rate"": 0.0, ""wins"": 0}"
s6opt-comprehensive-fe84532,support_risk,s6trial-34a26c751b722316,OAT,s6ps-9885175c1192add7,s6ps-71bdb4dbb9c5c096,COMPLETED_WITH_SKIPS,s6bt-f2407c2a6b352a73bd64,,,"{""absolute_max_amp_10d"": 0.5, ""absolute_max_pullback_20d"": -0.35, ""amount10_vs_30_min_ratio"": 0.8, ""big_down_return"": -0.07, ""big_down_volume_ratio"": 1.5, ""box_tail"": {""breakout_ready_position_min"": 0.75, ""broken_close_tolerance"": 0.03, ""compact_kline"": {""atr_contraction_ratio_max"": 0.8, ""avg_body_ratio_max"": 0.025, ""close_range_max"": 0.05, ""enabled"": true, ""max_body_ratio_max"": 0.04, ""max_gap_ratio"": 0.03, ""min_overlap_pair_count"": 3, ""min_overlap_ratio"": 0.5, ""premium_atr_contraction_ratio_max"": 0.65, ""premium_avg_body_ratio_max"": 0.018, ""premium_close_range_max"": 0.03, ""premium_overlap_ratio"": 0.65, ""window_days"": 5}, ""current_close_high_tolerance"": 0.03, ""current_close_low_tolerance"": 0.03, ""enabled"": true, ""low_test_close_tolerance_down"": 0.02, ""low_test_tolerance_up"": 0.02, ""max_box_days"": 30, ""max_volume_contraction_ratio"": 0.85, ""min_box_days"": 5, ""min_box_low_test_count"": 2, ""min_center_shift"": -0.03, ""normal_box_width_max"": 0.18, ""premium_box_width_max"": 0.12, ""premium_center_shift"": 0.0, ""premium_tail_volume_ratio_max"": 0.6, ""premium_volume_contraction_ratio"": 0.7, ""support_ready_position_max"": 0.4, ""tail_volume_ratio_max"": 0.75}, ""breakout_extended_max_pct"": 0.08, ""buy_zone_valid_days"": 3, ""consolidation_max_days"": 40, ""consolidation_min_days"": 5, ""cup_depth_max"": 0.35, ""cup_depth_min"": 0.12, ""enable_market_filter"": true, ""enabled"": true, ""expired_cooldown_days"": 5, ""failed_cooldown_days"": 10, ""key_min_score"": 75, ""kline_days"": 1100, ""limit_up_volume_ratio"": 1.5, ""low_volume_limit_up_min_ratio"": 0.6, ""ma50_min_ratio"": 0.92, ""market_filter_mode"": ""downgrade"", ""max_amp_10d_a"": 0.4, ""max_amp_10d_b"": 0.35, ""max_amp_10d_s"": 0.45, ""max_amp_5d_a"": 0.22, ""max_amp_5d_b"": 0.18, ""max_amp_5d_s"": 0.25, ""max_pullback_20d_a"": -0.26, ""max_pullback_20d_b"": -0.22, ""max_pullback_20d_s"": -0.3, ""max_watch_days"": 10, ""min_avg_amount_10d_yi"": 5, ""min_avg_amount_30d_yi"": 5, ""min_avg_amount_60d_yi"": 3, ""min_relative_strength_20"": 0.1, ""minimum_trading_days"": 500, ""near_120d_high_ratio"": 0.98, ""normal_start_close_position"": 0.65, ""normal_start_min_amount_yi"": 2, ""normal_start_return"": 0.07, ""normal_start_self_amount_percentile"": 0.9, ""normal_start_volume_ratio"": 2.0, ""pattern_filter_enabled"": true, ""pattern_filter_mode"": ""score_only"", ""pattern_pivot_proximity_pct"": 0.05, ""platform_max_range"": 0.12, ""ready_min_score"": 85, ""rr2_min_key"": 2.0, ""rr2_min_ready"": 2.5, ""rr2_min_watch"": 1.5, ""start_age_max_days"": 60, ""start_age_min_days"": 5, ""start_lookback_days"": 60, ""stop_atr_multiplier"": 0.8, ""stop_key_support_pct"": 0.03, ""support_cluster_atr_multiplier"": 0.3, ""support_cluster_price_pct"": 0.015, ""support_test_lookback"": 10, ""support_zone_atr_multiplier"": 0.3, ""support_zone_price_pct"": 0.01, ""tail_close_range_5"": 0.08, ""tail_min_return_3"": -0.04, ""tail_min_return_5"": -0.06, ""tail_strong_volume_ratio_5_20"": 0.6, ""tail_volume_ratio_5_20"": 0.75, ""tail_window_days"": 5, ""target_2_cap_pct"": 0.35, ""vcp_contraction_range_ratio"": 0.9, ""vcp_contraction_volume_ratio"": 0.9, ""vcp_min_first_range"": 0.08, ""watch_min_score"": 60}","{""avg_loss_r"": 1.0306974, ""avg_net_return"": -0.077882024, ""avg_win_r"": 0.0, ""expectancy_r"": -1.0306974, ""losses"": 5, ""max_drawdown"": 0.05381813843199995, ""median_net_return"": -0.07302551, ""net_profit"": -895.9604380000001, ""net_return"": -0.053818138431999896, ""profit_factor"": 0.0, ""single_month_profit_concentration"": 0.0, ""top5_profit_concentration"": 0.0, ""trades"": 5, ""win_rate"": 0.0, ""wins"": 0}"
s6opt-comprehensive-fe84532,support_risk,s6trial-44536d1fa8cdfd10,OAT,s6ps-e404577746bdc5c1,s6ps-71bdb4dbb9c5c096,COMPLETED_WITH_SKIPS,s6bt-1dbd60c26e1f98926474,,,"{""absolute_max_amp_10d"": 0.5, ""absolute_max_pullback_20d"": -0.35, ""amount10_vs_30_min_ratio"": 0.8, ""big_down_return"": -0.07, ""big_down_volume_ratio"": 1.5, ""box_tail"": {""breakout_ready_position_min"": 0.75, ""broken_close_tolerance"": 0.03, ""compact_kline"": {""atr_contraction_ratio_max"": 0.8, ""avg_body_ratio_max"": 0.025, ""close_range_max"": 0.05, ""enabled"": true, ""max_body_ratio_max"": 0.04, ""max_gap_ratio"": 0.03, ""min_overlap_pair_count"": 3, ""min_overlap_ratio"": 0.5, ""premium_atr_contraction_ratio_max"": 0.65, ""premium_avg_body_ratio_max"": 0.018, ""premium_close_range_max"": 0.03, ""premium_overlap_ratio"": 0.65, ""window_days"": 5}, ""current_close_high_tolerance"": 0.03, ""current_close_low_tolerance"": 0.03, ""enabled"": true, ""low_test_close_tolerance_down"": 0.02, ""low_test_tolerance_up"": 0.02, ""max_box_days"": 30, ""max_volume_contraction_ratio"": 0.85, ""min_box_days"": 5, ""min_box_low_test_count"": 2, ""min_center_shift"": -0.03, ""normal_box_width_max"": 0.18, ""premium_box_width_max"": 0.12, ""premium_center_shift"": 0.0, ""premium_tail_volume_ratio_max"": 0.6, ""premium_volume_contraction_ratio"": 0.7, ""support_ready_position_max"": 0.4, ""tail_volume_ratio_max"": 0.75}, ""breakout_extended_max_pct"": 0.08, ""buy_zone_valid_days"": 3, ""consolidation_max_days"": 40, ""consolidation_min_days"": 5, ""cup_depth_max"": 0.35, ""cup_depth_min"": 0.12, ""enable_market_filter"": true, ""enabled"": true, ""expired_cooldown_days"": 5, ""failed_cooldown_days"": 10, ""key_min_score"": 75, ""kline_days"": 1100, ""limit_up_volume_ratio"": 1.5, ""low_volume_limit_up_min_ratio"": 0.6, ""ma50_min_ratio"": 0.92, ""market_filter_mode"": ""downgrade"", ""max_amp_10d_a"": 0.4, ""max_amp_10d_b"": 0.35, ""max_amp_10d_s"": 0.45, ""max_amp_5d_a"": 0.22, ""max_amp_5d_b"": 0.18, ""max_amp_5d_s"": 0.25, ""max_pullback_20d_a"": -0.26, ""max_pullback_20d_b"": -0.22, ""max_pullback_20d_s"": -0.3, ""max_watch_days"": 10, ""min_avg_amount_10d_yi"": 5, ""min_avg_amount_30d_yi"": 5, ""min_avg_amount_60d_yi"": 3, ""min_relative_strength_20"": 0.1, ""minimum_trading_days"": 500, ""near_120d_high_ratio"": 0.98, ""normal_start_close_position"": 0.65, ""normal_start_min_amount_yi"": 2, ""normal_start_return"": 0.07, ""normal_start_self_amount_percentile"": 0.9, ""normal_start_volume_ratio"": 2.0, ""pattern_filter_enabled"": true, ""pattern_filter_mode"": ""score_only"", ""pattern_pivot_proximity_pct"": 0.05, ""platform_max_range"": 0.12, ""ready_min_score"": 85, ""rr2_min_key"": 2.0, ""rr2_min_ready"": 2.5, ""rr2_min_watch"": 1.5, ""start_age_max_days"": 60, ""start_age_min_days"": 5, ""start_lookback_days"": 60, ""stop_atr_multiplier"": 0.8, ""stop_key_support_pct"": 0.03, ""support_cluster_atr_multiplier"": 0.8, ""support_cluster_price_pct"": 0.015, ""support_test_lookback"": 10, ""support_zone_atr_multiplier"": 0.3, ""support_zone_price_pct"": 0.01, ""tail_close_range_5"": 0.08, ""tail_min_return_3"": -0.04, ""tail_min_return_5"": -0.06, ""tail_strong_volume_ratio_5_20"": 0.6, ""tail_volume_ratio_5_20"": 0.75, ""tail_window_days"": 5, ""target_2_cap_pct"": 0.35, ""vcp_contraction_range_ratio"": 0.9, ""vcp_contraction_volume_ratio"": 0.9, ""vcp_min_first_range"": 0.08, ""watch_min_score"": 60}","{""avg_loss_r"": 1.0112805, ""avg_net_return"": -0.090074165, ""avg_win_r"": 0.0, ""expectancy_r"": -1.0112805, ""losses"": 4, ""max_drawdown"": 0.04254973679699993, ""median_net_return"": -0.090341385, ""net_profit"": -653.575829, ""net_return"": -0.042549736796999915, ""profit_factor"": 0.0, ""single_month_profit_concentration"": 0.0, ""top5_profit_concentration"": 0.0, ""trades"": 4, ""win_rate"": 0.0, ""wins"": 0}"
s6opt-comprehensive-fe84532,support_risk,s6trial-4f0952acbfd862af,OAT,s6ps-4eae0474963ce4da,s6ps-71bdb4dbb9c5c096,COMPLETED_WITH_SKIPS,s6bt-14696aafb0dd7cfde9db,,,"{""absolute_max_amp_10d"": 0.5, ""absolute_max_pullback_20d"": -0.35, ""amount10_vs_30_min_ratio"": 0.8, ""big_down_return"": -0.07, ""big_down_volume_ratio"": 1.5, ""box_tail"": {""breakout_ready_position_min"": 0.75, ""broken_close_tolerance"": 0.03, ""compact_kline"": {""atr_contraction_ratio_max"": 0.8, ""avg_body_ratio_max"": 0.025, ""close_range_max"": 0.05, ""enabled"": true, ""max_body_ratio_max"": 0.04, ""max_gap_ratio"": 0.03, ""min_overlap_pair_count"": 3, ""min_overlap_ratio"": 0.5, ""premium_atr_contraction_ratio_max"": 0.65, ""premium_avg_body_ratio_max"": 0.018, ""premium_close_range_max"": 0.03, ""premium_overlap_ratio"": 0.65, ""window_days"": 5}, ""current_close_high_tolerance"": 0.03, ""current_close_low_tolerance"": 0.03, ""enabled"": true, ""low_test_close_tolerance_down"": 0.02, ""low_test_tolerance_up"": 0.02, ""max_box_days"": 30, ""max_volume_contraction_ratio"": 0.85, ""min_box_days"": 5, ""min_box_low_test_count"": 2, ""min_center_shift"": -0.03, ""normal_box_width_max"": 0.18, ""premium_box_width_max"": 0.12, ""premium_center_shift"": 0.0, ""premium_tail_volume_ratio_max"": 0.6, ""premium_volume_contraction_ratio"": 0.7, ""support_ready_position_max"": 0.4, ""tail_volume_ratio_max"": 0.75}, ""breakout_extended_max_pct"": 0.08, ""buy_zone_valid_days"": 3, ""consolidation_max_days"": 40, ""consolidation_min_days"": 5, ""cup_depth_max"": 0.35, ""cup_depth_min"": 0.12, ""enable_market_filter"": true, ""enabled"": true, ""expired_cooldown_days"": 5, ""failed_cooldown_days"": 10, ""key_min_score"": 75, ""kline_days"": 1100, ""limit_up_volume_ratio"": 1.5, ""low_volume_limit_up_min_ratio"": 0.6, ""ma50_min_ratio"": 0.92, ""market_filter_mode"": ""downgrade"", ""max_amp_10d_a"": 0.4, ""max_amp_10d_b"": 0.35, ""max_amp_10d_s"": 0.45, ""max_amp_5d_a"": 0.22, ""max_amp_5d_b"": 0.18, ""max_amp_5d_s"": 0.25, ""max_pullback_20d_a"": -0.26, ""max_pullback_20d_b"": -0.22, ""max_pullback_20d_s"": -0.3, ""max_watch_days"": 10, ""min_avg_amount_10d_yi"": 5, ""min_avg_amount_30d_yi"": 5, ""min_avg_amount_60d_yi"": 3, ""min_relative_strength_20"": 0.1, ""minimum_trading_days"": 500, ""near_120d_high_ratio"": 0.98, ""normal_start_close_position"": 0.65, ""normal_start_min_amount_yi"": 2, ""normal_start_return"": 0.07, ""normal_start_self_amount_percentile"": 0.9, ""normal_start_volume_ratio"": 2.0, ""pattern_filter_enabled"": true, ""pattern_filter_mode"": ""score_only"", ""pattern_pivot_proximity_pct"": 0.05, ""platform_max_range"": 0.12, ""ready_min_score"": 85, ""rr2_min_key"": 2.0, ""rr2_min_ready"": 2.5, ""rr2_min_watch"": 1.5, ""start_age_max_days"": 60, ""start_age_min_days"": 5, ""start_lookback_days"": 60, ""stop_atr_multiplier"": 0.8, ""stop_key_support_pct"": 0.03, ""support_cluster_atr_multiplier"": 0.5, ""support_cluster_price_pct"": 0.015, ""support_test_lookback"": 10, ""support_zone_atr_multiplier"": 0.3, ""support_zone_price_pct"": 0.005, ""tail_close_range_5"": 0.08, ""tail_min_return_3"": -0.04, ""tail_min_return_5"": -0.06, ""tail_strong_volume_ratio_5_20"": 0.6, ""tail_volume_ratio_5_20"": 0.75, ""tail_window_days"": 5, ""target_2_cap_pct"": 0.35, ""vcp_contraction_range_ratio"": 0.9, ""vcp_contraction_volume_ratio"": 0.9, ""vcp_min_first_range"": 0.08, ""watch_min_score"": 60}","{""avg_loss_r"": 1.01225875, ""avg_net_return"": -0.08651405250000001, ""avg_win_r"": 0.0, ""expectancy_r"": -1.01225875, ""losses"": 4, ""max_drawdown"": 0.042820698355999894, ""median_net_return"": -0.090341385, ""net_profit"": -642.241456, ""net_return"": -0.04282069835599989, ""profit_factor"": 0.0, ""single_month_profit_concentration"": 0.0, ""top5_profit_concentration"": 0.0, ""trades"": 4, ""win_rate"": 0.0, ""wins"": 0}"
s6opt-comprehensive-fe84532,support_risk,s6trial-62096e54b5932c6a,OAT,s6ps-7ba22f07b193b60b,s6ps-71bdb4dbb9c5c096,COMPLETED_WITH_SKIPS,s6bt-3be8fd928148b48f9e1e,,,"{""absolute_max_amp_10d"": 0.5, ""absolute_max_pullback_20d"": -0.35, ""amount10_vs_30_min_ratio"": 0.8, ""big_down_return"": -0.07, ""big_down_volume_ratio"": 1.5, ""box_tail"": {""breakout_ready_position_min"": 0.75, ""broken_close_tolerance"": 0.03, ""compact_kline"": {""atr_contraction_ratio_max"": 0.8, ""avg_body_ratio_max"": 0.025, ""close_range_max"": 0.05, ""enabled"": true, ""max_body_ratio_max"": 0.04, ""max_gap_ratio"": 0.03, ""min_overlap_pair_count"": 3, ""min_overlap_ratio"": 0.5, ""premium_atr_contraction_ratio_max"": 0.65, ""premium_avg_body_ratio_max"": 0.018, ""premium_close_range_max"": 0.03, ""premium_overlap_ratio"": 0.65, ""window_days"": 5}, ""current_close_high_tolerance"": 0.03, ""current_close_low_tolerance"": 0.03, ""enabled"": true, ""low_test_close_tolerance_down"": 0.02, ""low_test_tolerance_up"": 0.02, ""max_box_days"": 30, ""max_volume_contraction_ratio"": 0.85, ""min_box_days"": 5, ""min_box_low_test_count"": 2, ""min_center_shift"": -0.03, ""normal_box_width_max"": 0.18, ""premium_box_width_max"": 0.12, ""premium_center_shift"": 0.0, ""premium_tail_volume_ratio_max"": 0.6, ""premium_volume_contraction_ratio"": 0.7, ""support_ready_position_max"": 0.4, ""tail_volume_ratio_max"": 0.75}, ""breakout_extended_max_pct"": 0.08, ""buy_zone_valid_days"": 3, ""consolidation_max_days"": 40, ""consolidation_min_days"": 5, ""cup_depth_max"": 0.35, ""cup_depth_min"": 0.12, ""enable_market_filter"": true, ""enabled"": true, ""expired_cooldown_days"": 5, ""failed_cooldown_days"": 10, ""key_min_score"": 75, ""kline_days"": 1100, ""limit_up_volume_ratio"": 1.5, ""low_volume_limit_up_min_ratio"": 0.6, ""ma50_min_ratio"": 0.92, ""market_filter_mode"": ""downgrade"", ""max_amp_10d_a"": 0.4, ""max_amp_10d_b"": 0.35, ""max_amp_10d_s"": 0.45, ""max_amp_5d_a"": 0.22, ""max_amp_5d_b"": 0.18, ""max_amp_5d_s"": 0.25, ""max_pullback_20d_a"": -0.26, ""max_pullback_20d_b"": -0.22, ""max_pullback_20d_s"": -0.3, ""max_watch_days"": 10, ""min_avg_amount_10d_yi"": 5, ""min_avg_amount_30d_yi"": 5, ""min_avg_amount_60d_yi"": 3, ""min_relative_strength_20"": 0.1, ""minimum_trading_days"": 500, ""near_120d_high_ratio"": 0.98, ""normal_start_close_position"": 0.65, ""normal_start_min_amount_yi"": 2, ""normal_start_return"": 0.07, ""normal_start_self_amount_percentile"": 0.9, ""normal_start_volume_ratio"": 2.0, ""pattern_filter_enabled"": true, ""pattern_filter_mode"": ""score_only"", ""pattern_pivot_proximity_pct"": 0.05, ""platform_max_range"": 0.12, ""ready_min_score"": 85, ""rr2_min_key"": 2.0, ""rr2_min_ready"": 2.5, ""rr2_min_watch"": 1.5, ""start_age_max_days"": 60, ""start_age_min_days"": 5, ""start_lookback_days"": 60, ""stop_atr_multiplier"": 0.8, ""stop_key_support_pct"": 0.03, ""support_cluster_atr_multiplier"": 0.5, ""support_cluster_price_pct"": 0.015, ""support_test_lookback"": 20, ""support_zone_atr_multiplier"": 0.3, ""support_zone_price_pct"": 0.01, ""tail_close_range_5"": 0.08, ""tail_min_return_3"": -0.04, ""tail_min_return_5"": -0.06, ""tail_strong_volume_ratio_5_20"": 0.6, ""tail_volume_ratio_5_20"": 0.75, ""tail_window_days"": 5, ""target_2_cap_pct"": 0.35, ""vcp_contraction_range_ratio"": 0.9, ""vcp_contraction_volume_ratio"": 0.9, ""vcp_min_first_range"": 0.08, ""watch_min_score"": 60}","{""avg_loss_r"": 1.01225875, ""avg_net_return"": -0.08651405250000001, ""avg_win_r"": 0.0, ""expectancy_r"": -1.01225875, ""losses"": 4, ""max_drawdown"": 0.042820698355999894, ""median_net_return"": -0.090341385, ""net_profit"": -642.241456, ""net_return"": -0.04282069835599989, ""profit_factor"": 0.0, ""single_month_profit_concentration"": 0.0, ""top5_profit_concentration"": 0.0, ""trades"": 4, ""win_rate"": 0.0, ""wins"": 0}"
s6opt-comprehensive-fe84532,support_risk,s6trial-75633490b5a19116,OAT,s6ps-126f02de709f6149,s6ps-71bdb4dbb9c5c096,COMPLETED_WITH_SKIPS,s6bt-255a701542b6430c5d96,,,"{""absolute_max_amp_10d"": 0.5, ""absolute_max_pullback_20d"": -0.35, ""amount10_vs_30_min_ratio"": 0.8, ""big_down_return"": -0.07, ""big_down_volume_ratio"": 1.5, ""box_tail"": {""breakout_ready_position_min"": 0.75, ""broken_close_tolerance"": 0.03, ""compact_kline"": {""atr_contraction_ratio_max"": 0.8, ""avg_body_ratio_max"": 0.025, ""close_range_max"": 0.05, ""enabled"": true, ""max_body_ratio_max"": 0.04, ""max_gap_ratio"": 0.03, ""min_overlap_pair_count"": 3, ""min_overlap_ratio"": 0.5, ""premium_atr_contraction_ratio_max"": 0.65, ""premium_avg_body_ratio_max"": 0.018, ""premium_close_range_max"": 0.03, ""premium_overlap_ratio"": 0.65, ""window_days"": 5}, ""current_close_high_tolerance"": 0.03, ""current_close_low_tolerance"": 0.03, ""enabled"": true, ""low_test_close_tolerance_down"": 0.02, ""low_test_tolerance_up"": 0.02, ""max_box_days"": 30, ""max_volume_contraction_ratio"": 0.85, ""min_box_days"": 5, ""min_box_low_test_count"": 2, ""min_center_shift"": -0.03, ""normal_box_width_max"": 0.18, ""premium_box_width_max"": 0.12, ""premium_center_shift"": 0.0, ""premium_tail_volume_ratio_max"": 0.6, ""premium_volume_contraction_ratio"": 0.7, ""support_ready_position_max"": 0.4, ""tail_volume_ratio_max"": 0.75}, ""breakout_extended_max_pct"": 0.08, ""buy_zone_valid_days"": 3, ""consolidation_max_days"": 40, ""consolidation_min_days"": 5, ""cup_depth_max"": 0.35, ""cup_depth_min"": 0.12, ""enable_market_filter"": true, ""enabled"": true, ""expired_cooldown_days"": 5, ""failed_cooldown_days"": 10, ""key_min_score"": 75, ""kline_days"": 1100, ""limit_up_volume_ratio"": 1.5, ""low_volume_limit_up_min_ratio"": 0.6, ""ma50_min_ratio"": 0.92, ""market_filter_mode"": ""downgrade"", ""max_amp_10d_a"": 0.4, ""max_amp_10d_b"": 0.35, ""max_amp_10d_s"": 0.45, ""max_amp_5d_a"": 0.22, ""max_amp_5d_b"": 0.18, ""max_amp_5d_s"": 0.25, ""max_pullback_20d_a"": -0.26, ""max_pullback_20d_b"": -0.22, ""max_pullback_20d_s"": -0.3, ""max_watch_days"": 10, ""min_avg_amount_10d_yi"": 5, ""min_avg_amount_30d_yi"": 5, ""min_avg_amount_60d_yi"": 3, ""min_relative_strength_20"": 0.1, ""minimum_trading_days"": 500, ""near_120d_high_ratio"": 0.98, ""normal_start_close_position"": 0.65, ""normal_start_min_amount_yi"": 2, ""normal_start_return"": 0.07, ""normal_start_self_amount_percentile"": 0.9, ""normal_start_volume_ratio"": 2.0, ""pattern_filter_enabled"": true, ""pattern_filter_mode"": ""score_only"", ""pattern_pivot_proximity_pct"": 0.05, ""platform_max_range"": 0.12, ""ready_min_score"": 85, ""rr2_min_key"": 2.0, ""rr2_min_ready"": 2.5, ""rr2_min_watch"": 1.5, ""start_age_max_days"": 60, ""start_age_min_days"": 5, ""start_lookback_days"": 60, ""stop_atr_multiplier"": 0.8, ""stop_key_support_pct"": 0.03, ""support_cluster_atr_multiplier"": 0.5, ""support_cluster_price_pct"": 0.015, ""support_test_lookback"": 10, ""support_zone_atr_multiplier"": 0.5, ""support_zone_price_pct"": 0.01, ""tail_close_range_5"": 0.08, ""tail_min_return_3"": -0.04, ""tail_min_return_5"": -0.06, ""tail_strong_volume_ratio_5_20"": 0.6, ""tail_volume_ratio_5_20"": 0.75, ""tail_window_days"": 5, ""target_2_cap_pct"": 0.35, ""vcp_contraction_range_ratio"": 0.9, ""vcp_contraction_volume_ratio"": 0.9, ""vcp_min_first_range"": 0.08, ""watch_min_score"": 60}","{""avg_loss_r"": 1.011991, ""avg_net_return"": -0.0903343, ""avg_win_r"": 0.0, ""expectancy_r"": -1.011991, ""losses"": 8, ""max_drawdown"": 0.08447337353199988, ""median_net_return"": -0.08532123, ""net_profit"": -1365.8395639999999, ""net_return"": -0.0844733735319999, ""profit_factor"": 0.0, ""single_month_profit_concentration"": 0.0, ""top5_profit_concentration"": 0.0, ""trades"": 8, ""win_rate"": 0.0, ""wins"": 0}"
s6opt-comprehensive-fe84532,support_risk,s6trial-7b691b6c2f5e5cc9,OAT,s6ps-69cd47af170f9406,s6ps-71bdb4dbb9c5c096,COMPLETED_WITH_SKIPS,s6bt-b4ed1ff4cc409f293909,,,"{""absolute_max_amp_10d"": 0.5, ""absolute_max_pullback_20d"": -0.35, ""amount10_vs_30_min_ratio"": 0.8, ""big_down_return"": -0.07, ""big_down_volume_ratio"": 1.5, ""box_tail"": {""breakout_ready_position_min"": 0.75, ""broken_close_tolerance"": 0.03, ""compact_kline"": {""atr_contraction_ratio_max"": 0.8, ""avg_body_ratio_max"": 0.025, ""close_range_max"": 0.05, ""enabled"": true, ""max_body_ratio_max"": 0.04, ""max_gap_ratio"": 0.03, ""min_overlap_pair_count"": 3, ""min_overlap_ratio"": 0.5, ""premium_atr_contraction_ratio_max"": 0.65, ""premium_avg_body_ratio_max"": 0.018, ""premium_close_range_max"": 0.03, ""premium_overlap_ratio"": 0.65, ""window_days"": 5}, ""current_close_high_tolerance"": 0.03, ""current_close_low_tolerance"": 0.03, ""enabled"": true, ""low_test_close_tolerance_down"": 0.02, ""low_test_tolerance_up"": 0.02, ""max_box_days"": 30, ""max_volume_contraction_ratio"": 0.85, ""min_box_days"": 5, ""min_box_low_test_count"": 2, ""min_center_shift"": -0.03, ""normal_box_width_max"": 0.18, ""premium_box_width_max"": 0.12, ""premium_center_shift"": 0.0, ""premium_tail_volume_ratio_max"": 0.6, ""premium_volume_contraction_ratio"": 0.7, ""support_ready_position_max"": 0.4, ""tail_volume_ratio_max"": 0.75}, ""breakout_extended_max_pct"": 0.08, ""buy_zone_valid_days"": 3, ""consolidation_max_days"": 40, ""consolidation_min_days"": 5, ""cup_depth_max"": 0.35, ""cup_depth_min"": 0.12, ""enable_market_filter"": true, ""enabled"": true, ""expired_cooldown_days"": 5, ""failed_cooldown_days"": 10, ""key_min_score"": 75, ""kline_days"": 1100, ""limit_up_volume_ratio"": 1.5, ""low_volume_limit_up_min_ratio"": 0.6, ""ma50_min_ratio"": 0.92, ""market_filter_mode"": ""downgrade"", ""max_amp_10d_a"": 0.4, ""max_amp_10d_b"": 0.35, ""max_amp_10d_s"": 0.45, ""max_amp_5d_a"": 0.22, ""max_amp_5d_b"": 0.18, ""max_amp_5d_s"": 0.25, ""max_pullback_20d_a"": -0.26, ""max_pullback_20d_b"": -0.22, ""max_pullback_20d_s"": -0.3, ""max_watch_days"": 10, ""min_avg_amount_10d_yi"": 5, ""min_avg_amount_30d_yi"": 5, ""min_avg_amount_60d_yi"": 3, ""min_relative_strength_20"": 0.1, ""minimum_trading_days"": 500, ""near_120d_high_ratio"": 0.98, ""normal_start_close_position"": 0.65, ""normal_start_min_amount_yi"": 2, ""normal_start_return"": 0.07, ""normal_start_self_amount_percentile"": 0.9, ""normal_start_volume_ratio"": 2.0, ""pattern_filter_enabled"": true, ""pattern_filter_mode"": ""score_only"", ""pattern_pivot_proximity_pct"": 0.05, ""platform_max_range"": 0.12, ""ready_min_score"": 85, ""rr2_min_key"": 2.0, ""rr2_min_ready"": 2.5, ""rr2_min_watch"": 1.5, ""start_age_max_days"": 60, ""start_age_min_days"": 5, ""start_lookback_days"": 60, ""stop_atr_multiplier"": 0.8, ""stop_key_support_pct"": 0.03, ""support_cluster_atr_multiplier"": 0.5, ""support_cluster_price_pct"": 0.02, ""support_test_lookback"": 10, ""support_zone_atr_multiplier"": 0.3, ""support_zone_price_pct"": 0.01, ""tail_close_range_5"": 0.08, ""tail_min_return_3"": -0.04, ""tail_min_return_5"": -0.06, ""tail_strong_volume_ratio_5_20"": 0.6, ""tail_volume_ratio_5_20"": 0.75, ""tail_window_days"": 5, ""target_2_cap_pct"": 0.35, ""vcp_contraction_range_ratio"": 0.9, ""vcp_contraction_volume_ratio"": 0.9, ""vcp_min_first_range"": 0.08, ""watch_min_score"": 60}","{""avg_loss_r"": 1.01225875, ""avg_net_return"": -0.08651405250000001, ""avg_win_r"": 0.0, ""expectancy_r"": -1.01225875, ""losses"": 4, ""max_drawdown"": 0.042820698355999894, ""median_net_return"": -0.090341385, ""net_profit"": -642.241456, ""net_return"": -0.04282069835599989, ""profit_factor"": 0.0, ""single_month_profit_concentration"": 0.0, ""top5_profit_concentration"": 0.0, ""trades"": 4, ""win_rate"": 0.0, ""wins"": 0}"
s6opt-comprehensive-fe84532,support_risk,s6trial-8121be2373248471,OAT,s6ps-8f695187f74bd1bb,s6ps-71bdb4dbb9c5c096,COMPLETED_WITH_SKIPS,s6bt-9316a281bd4559cf89dd,,,"{""absolute_max_amp_10d"": 0.5, ""absolute_max_pullback_20d"": -0.35, ""amount10_vs_30_min_ratio"": 0.8, ""big_down_return"": -0.07, ""big_down_volume_ratio"": 1.5, ""box_tail"": {""breakout_ready_position_min"": 0.75, ""broken_close_tolerance"": 0.03, ""compact_kline"": {""atr_contraction_ratio_max"": 0.8, ""avg_body_ratio_max"": 0.025, ""close_range_max"": 0.05, ""enabled"": true, ""max_body_ratio_max"": 0.04, ""max_gap_ratio"": 0.03, ""min_overlap_pair_count"": 3, ""min_overlap_ratio"": 0.5, ""premium_atr_contraction_ratio_max"": 0.65, ""premium_avg_body_ratio_max"": 0.018, ""premium_close_range_max"": 0.03, ""premium_overlap_ratio"": 0.65, ""window_days"": 5}, ""current_close_high_tolerance"": 0.03, ""current_close_low_tolerance"": 0.03, ""enabled"": true, ""low_test_close_tolerance_down"": 0.02, ""low_test_tolerance_up"": 0.02, ""max_box_days"": 30, ""max_volume_contraction_ratio"": 0.85, ""min_box_days"": 5, ""min_box_low_test_count"": 2, ""min_center_shift"": -0.03, ""normal_box_width_max"": 0.18, ""premium_box_width_max"": 0.12, ""premium_center_shift"": 0.0, ""premium_tail_volume_ratio_max"": 0.6, ""premium_volume_contraction_ratio"": 0.7, ""support_ready_position_max"": 0.4, ""tail_volume_ratio_max"": 0.75}, ""breakout_extended_max_pct"": 0.08, ""buy_zone_valid_days"": 3, ""consolidation_max_days"": 40, ""consolidation_min_days"": 5, ""cup_depth_max"": 0.35, ""cup_depth_min"": 0.12, ""enable_market_filter"": true, ""enabled"": true, ""expired_cooldown_days"": 5, ""failed_cooldown_days"": 10, ""key_min_score"": 75, ""kline_days"": 1100, ""limit_up_volume_ratio"": 1.5, ""low_volume_limit_up_min_ratio"": 0.6, ""ma50_min_ratio"": 0.92, ""market_filter_mode"": ""downgrade"", ""max_amp_10d_a"": 0.4, ""max_amp_10d_b"": 0.35, ""max_amp_10d_s"": 0.45, ""max_amp_5d_a"": 0.22, ""max_amp_5d_b"": 0.18, ""max_amp_5d_s"": 0.25, ""max_pullback_20d_a"": -0.26, ""max_pullback_20d_b"": -0.22, ""max_pullback_20d_s"": -0.3, ""max_watch_days"": 10, ""min_avg_amount_10d_yi"": 5, ""min_avg_amount_30d_yi"": 5, ""min_avg_amount_60d_yi"": 3, ""min_relative_strength_20"": 0.1, ""minimum_trading_days"": 500, ""near_120d_high_ratio"": 0.98, ""normal_start_close_position"": 0.65, ""normal_start_min_amount_yi"": 2, ""normal_start_return"": 0.07, ""normal_start_self_amount_percentile"": 0.9, ""normal_start_volume_ratio"": 2.0, ""pattern_filter_enabled"": true, ""pattern_filter_mode"": ""score_only"", ""pattern_pivot_proximity_pct"": 0.05, ""platform_max_range"": 0.12, ""ready_min_score"": 85, ""rr2_min_key"": 2.0, ""rr2_min_ready"": 2.5, ""rr2_min_watch"": 1.5, ""start_age_max_days"": 60, ""start_age_min_days"": 5, ""start_lookback_days"": 60, ""stop_atr_multiplier"": 0.8, ""stop_key_support_pct"": 0.03, ""support_cluster_atr_multiplier"": 0.5, ""support_cluster_price_pct"": 0.015, ""support_test_lookback"": 5, ""support_zone_atr_multiplier"": 0.3, ""support_zone_price_pct"": 0.01, ""tail_close_range_5"": 0.08, ""tail_min_return_3"": -0.04, ""tail_min_return_5"": -0.06, ""tail_strong_volume_ratio_5_20"": 0.6, ""tail_volume_ratio_5_20"": 0.75, ""tail_window_days"": 5, ""target_2_cap_pct"": 0.35, ""vcp_contraction_range_ratio"": 0.9, ""vcp_contraction_volume_ratio"": 0.9, ""vcp_min_first_range"": 0.08, ""watch_min_score"": 60}","{""avg_loss_r"": 1.01225875, ""avg_net_return"": -0.08651405250000001, ""avg_win_r"": 0.0, ""expectancy_r"": -1.01225875, ""losses"": 4, ""max_drawdown"": 0.042820698355999894, ""median_net_return"": -0.090341385, ""net_profit"": -642.241456, ""net_return"": -0.04282069835599989, ""profit_factor"": 0.0, ""single_month_profit_concentration"": 0.0, ""top5_profit_concentration"": 0.0, ""trades"": 4, ""win_rate"": 0.0, ""wins"": 0}"
s6opt-comprehensive-fe84532,support_risk,s6trial-81b898e40d657636,OAT,s6ps-8289ccd9c55affd1,s6ps-71bdb4dbb9c5c096,COMPLETED_WITH_SKIPS,s6bt-c78e5c39ba856d8f7d1a,,,"{""absolute_max_amp_10d"": 0.5, ""absolute_max_pullback_20d"": -0.35, ""amount10_vs_30_min_ratio"": 0.8, ""big_down_return"": -0.07, ""big_down_volume_ratio"": 1.5, ""box_tail"": {""breakout_ready_position_min"": 0.75, ""broken_close_tolerance"": 0.03, ""compact_kline"": {""atr_contraction_ratio_max"": 0.8, ""avg_body_ratio_max"": 0.025, ""close_range_max"": 0.05, ""enabled"": true, ""max_body_ratio_max"": 0.04, ""max_gap_ratio"": 0.03, ""min_overlap_pair_count"": 3, ""min_overlap_ratio"": 0.5, ""premium_atr_contraction_ratio_max"": 0.65, ""premium_avg_body_ratio_max"": 0.018, ""premium_close_range_max"": 0.03, ""premium_overlap_ratio"": 0.65, ""window_days"": 5}, ""current_close_high_tolerance"": 0.03, ""current_close_low_tolerance"": 0.03, ""enabled"": true, ""low_test_close_tolerance_down"": 0.02, ""low_test_tolerance_up"": 0.02, ""max_box_days"": 30, ""max_volume_contraction_ratio"": 0.85, ""min_box_days"": 5, ""min_box_low_test_count"": 2, ""min_center_shift"": -0.03, ""normal_box_width_max"": 0.18, ""premium_box_width_max"": 0.12, ""premium_center_shift"": 0.0, ""premium_tail_volume_ratio_max"": 0.6, ""premium_volume_contraction_ratio"": 0.7, ""support_ready_position_max"": 0.4, ""tail_volume_ratio_max"": 0.75}, ""breakout_extended_max_pct"": 0.08, ""buy_zone_valid_days"": 3, ""consolidation_max_days"": 40, ""consolidation_min_days"": 5, ""cup_depth_max"": 0.35, ""cup_depth_min"": 0.12, ""enable_market_filter"": true, ""enabled"": true, ""expired_cooldown_days"": 5, ""failed_cooldown_days"": 10, ""key_min_score"": 75, ""kline_days"": 1100, ""limit_up_volume_ratio"": 1.5, ""low_volume_limit_up_min_ratio"": 0.6, ""ma50_min_ratio"": 0.92, ""market_filter_mode"": ""downgrade"", ""max_amp_10d_a"": 0.38, ""max_amp_10d_b"": 0.3325, ""max_amp_10d_s"": 0.4275, ""max_amp_5d_a"": 0.209, ""max_amp_5d_b"": 0.171, ""max_amp_5d_s"": 0.2375, ""max_pullback_20d_a"": -0.247, ""max_pullback_20d_b"": -0.209, ""max_pullback_20d_s"": -0.285, ""max_watch_days"": 10, ""min_avg_amount_10d_yi"": 5, ""min_avg_amount_30d_yi"": 5, ""min_avg_amount_60d_yi"": 3, ""min_relative_strength_20"": 0.1, ""minimum_trading_days"": 500, ""near_120d_high_ratio"": 0.98, ""normal_start_close_position"": 0.65, ""normal_start_min_amount_yi"": 2, ""normal_start_return"": 0.07, ""normal_start_self_amount_percentile"": 0.9, ""normal_start_volume_ratio"": 2.0, ""pattern_filter_enabled"": true, ""pattern_filter_mode"": ""score_only"", ""pattern_pivot_proximity_pct"": 0.05, ""platform_max_range"": 0.12, ""ready_min_score"": 85, ""rr2_min_key"": 2.0, ""rr2_min_ready"": 2.5, ""rr2_min_watch"": 1.5, ""start_age_max_days"": 60, ""start_age_min_days"": 5, ""start_lookback_days"": 60, ""stop_atr_multiplier"": 0.8, ""stop_key_support_pct"": 0.03, ""support_cluster_atr_multiplier"": 0.5, ""support_cluster_price_pct"": 0.015, ""support_test_lookback"": 10, ""support_zone_atr_multiplier"": 0.3, ""support_zone_price_pct"": 0.01, ""tail_close_range_5"": 0.08, ""tail_min_return_3"": -0.04, ""tail_min_return_5"": -0.06, ""tail_strong_volume_ratio_5_20"": 0.6, ""tail_volume_ratio_5_20"": 0.75, ""tail_window_days"": 5, ""target_2_cap_pct"": 0.35, ""vcp_contraction_range_ratio"": 0.9, ""vcp_contraction_volume_ratio"": 0.9, ""vcp_min_first_range"": 0.08, ""watch_min_score"": 60}","{""avg_loss_r"": 1.01225875, ""avg_net_return"": -0.08651405250000001, ""avg_win_r"": 0.0, ""expectancy_r"": -1.01225875, ""losses"": 4, ""max_drawdown"": 0.042820698355999894, ""median_net_return"": -0.090341385, ""net_profit"": -642.241456, ""net_return"": -0.04282069835599989, ""profit_factor"": 0.0, ""single_month_profit_concentration"": 0.0, ""top5_profit_concentration"": 0.0, ""trades"": 4, ""win_rate"": 0.0, ""wins"": 0}"
s6opt-comprehensive-fe84532,support_risk,s6trial-9afa5de4fc4640c2,OAT,s6ps-49d80ec27f447663,s6ps-71bdb4dbb9c5c096,COMPLETED_WITH_SKIPS,s6bt-6f4e95472eb3686c5537,,,"{""absolute_max_amp_10d"": 0.5, ""absolute_max_pullback_20d"": -0.3, ""amount10_vs_30_min_ratio"": 0.8, ""big_down_return"": -0.07, ""big_down_volume_ratio"": 1.5, ""box_tail"": {""breakout_ready_position_min"": 0.75, ""broken_close_tolerance"": 0.03, ""compact_kline"": {""atr_contraction_ratio_max"": 0.8, ""avg_body_ratio_max"": 0.025, ""close_range_max"": 0.05, ""enabled"": true, ""max_body_ratio_max"": 0.04, ""max_gap_ratio"": 0.03, ""min_overlap_pair_count"": 3, ""min_overlap_ratio"": 0.5, ""premium_atr_contraction_ratio_max"": 0.65, ""premium_avg_body_ratio_max"": 0.018, ""premium_close_range_max"": 0.03, ""premium_overlap_ratio"": 0.65, ""window_days"": 5}, ""current_close_high_tolerance"": 0.03, ""current_close_low_tolerance"": 0.03, ""enabled"": true, ""low_test_close_tolerance_down"": 0.02, ""low_test_tolerance_up"": 0.02, ""max_box_days"": 30, ""max_volume_contraction_ratio"": 0.85, ""min_box_days"": 5, ""min_box_low_test_count"": 2, ""min_center_shift"": -0.03, ""normal_box_width_max"": 0.18, ""premium_box_width_max"": 0.12, ""premium_center_shift"": 0.0, ""premium_tail_volume_ratio_max"": 0.6, ""premium_volume_contraction_ratio"": 0.7, ""support_ready_position_max"": 0.4, ""tail_volume_ratio_max"": 0.75}, ""breakout_extended_max_pct"": 0.08, ""buy_zone_valid_days"": 3, ""consolidation_max_days"": 40, ""consolidation_min_days"": 5, ""cup_depth_max"": 0.35, ""cup_depth_min"": 0.12, ""enable_market_filter"": true, ""enabled"": true, ""expired_cooldown_days"": 5, ""failed_cooldown_days"": 10, ""key_min_score"": 75, ""kline_days"": 1100, ""limit_up_volume_ratio"": 1.5, ""low_volume_limit_up_min_ratio"": 0.6, ""ma50_min_ratio"": 0.92, ""market_filter_mode"": ""downgrade"", ""max_amp_10d_a"": 0.4, ""max_amp_10d_b"": 0.35, ""max_amp_10d_s"": 0.45, ""max_amp_5d_a"": 0.22, ""max_amp_5d_b"": 0.18, ""max_amp_5d_s"": 0.25, ""max_pullback_20d_a"": -0.26, ""max_pullback_20d_b"": -0.22, ""max_pullback_20d_s"": -0.3, ""max_watch_days"": 10, ""min_avg_amount_10d_yi"": 5, ""min_avg_amount_30d_yi"": 5, ""min_avg_amount_60d_yi"": 3, ""min_relative_strength_20"": 0.1, ""minimum_trading_days"": 500, ""near_120d_high_ratio"": 0.98, ""normal_start_close_position"": 0.65, ""normal_start_min_amount_yi"": 2, ""normal_start_return"": 0.07, ""normal_start_self_amount_percentile"": 0.9, ""normal_start_volume_ratio"": 2.0, ""pattern_filter_enabled"": true, ""pattern_filter_mode"": ""score_only"", ""pattern_pivot_proximity_pct"": 0.05, ""platform_max_range"": 0.12, ""ready_min_score"": 85, ""rr2_min_key"": 2.0, ""rr2_min_ready"": 2.5, ""rr2_min_watch"": 1.5, ""start_age_max_days"": 60, ""start_age_min_days"": 5, ""start_lookback_days"": 60, ""stop_atr_multiplier"": 0.8, ""stop_key_support_pct"": 0.03, ""support_cluster_atr_multiplier"": 0.5, ""support_cluster_price_pct"": 0.015, ""support_test_lookback"": 10, ""support_zone_atr_multiplier"": 0.3, ""support_zone_price_pct"": 0.01, ""tail_close_range_5"": 0.08, ""tail_min_return_3"": -0.04, ""tail_min_return_5"": -0.06, ""tail_strong_volume_ratio_5_20"": 0.6, ""tail_volume_ratio_5_20"": 0.75, ""tail_window_days"": 5, ""target_2_cap_pct"": 0.35, ""vcp_contraction_range_ratio"": 0.9, ""vcp_contraction_volume_ratio"": 0.9, ""vcp_min_first_range"": 0.08, ""watch_min_score"": 60}","{""avg_loss_r"": 1.01225875, ""avg_net_return"": -0.08651405250000001, ""avg_win_r"": 0.0, ""expectancy_r"": -1.01225875, ""losses"": 4, ""max_drawdown"": 0.042820698355999894, ""median_net_return"": -0.090341385, ""net_profit"": -642.241456, ""net_return"": -0.04282069835599989, ""profit_factor"": 0.0, ""single_month_profit_concentration"": 0.0, ""top5_profit_concentration"": 0.0, ""trades"": 4, ""win_rate"": 0.0, ""wins"": 0}"
s6opt-comprehensive-fe84532,support_risk,s6trial-a9a6af544b692359,OAT,s6ps-6b9a5239062a65bd,s6ps-71bdb4dbb9c5c096,COMPLETED_WITH_SKIPS,s6bt-6abf068cdf9bc7e65fe2,,,"{""absolute_max_amp_10d"": 0.5, ""absolute_max_pullback_20d"": -0.35, ""amount10_vs_30_min_ratio"": 0.8, ""big_down_return"": -0.07, ""big_down_volume_ratio"": 1.5, ""box_tail"": {""breakout_ready_position_min"": 0.75, ""broken_close_tolerance"": 0.03, ""compact_kline"": {""atr_contraction_ratio_max"": 0.8, ""avg_body_ratio_max"": 0.025, ""close_range_max"": 0.05, ""enabled"": true, ""max_body_ratio_max"": 0.04, ""max_gap_ratio"": 0.03, ""min_overlap_pair_count"": 3, ""min_overlap_ratio"": 0.5, ""premium_atr_contraction_ratio_max"": 0.65, ""premium_avg_body_ratio_max"": 0.018, ""premium_close_range_max"": 0.03, ""premium_overlap_ratio"": 0.65, ""window_days"": 5}, ""current_close_high_tolerance"": 0.03, ""current_close_low_tolerance"": 0.03, ""enabled"": true, ""low_test_close_tolerance_down"": 0.02, ""low_test_tolerance_up"": 0.02, ""max_box_days"": 30, ""max_volume_contraction_ratio"": 0.85, ""min_box_days"": 5, ""min_box_low_test_count"": 2, ""min_center_shift"": -0.03, ""normal_box_width_max"": 0.18, ""premium_box_width_max"": 0.12, ""premium_center_shift"": 0.0, ""premium_tail_volume_ratio_max"": 0.6, ""premium_volume_contraction_ratio"": 0.7, ""support_ready_position_max"": 0.4, ""tail_volume_ratio_max"": 0.75}, ""breakout_extended_max_pct"": 0.08, ""buy_zone_valid_days"": 3, ""consolidation_max_days"": 40, ""consolidation_min_days"": 5, ""cup_depth_max"": 0.35, ""cup_depth_min"": 0.12, ""enable_market_filter"": true, ""enabled"": true, ""expired_cooldown_days"": 5, ""failed_cooldown_days"": 10, ""key_min_score"": 75, ""kline_days"": 1100, ""limit_up_volume_ratio"": 1.5, ""low_volume_limit_up_min_ratio"": 0.6, ""ma50_min_ratio"": 0.92, ""market_filter_mode"": ""downgrade"", ""max_amp_10d_a"": 0.4, ""max_amp_10d_b"": 0.35, ""max_amp_10d_s"": 0.45, ""max_amp_5d_a"": 0.22, ""max_amp_5d_b"": 0.18, ""max_amp_5d_s"": 0.25, ""max_pullback_20d_a"": -0.26, ""max_pullback_20d_b"": -0.22, ""max_pullback_20d_s"": -0.3, ""max_watch_days"": 10, ""min_avg_amount_10d_yi"": 5, ""min_avg_amount_30d_yi"": 5, ""min_avg_amount_60d_yi"": 3, ""min_relative_strength_20"": 0.1, ""minimum_trading_days"": 500, ""near_120d_high_ratio"": 0.98, ""normal_start_close_position"": 0.65, ""normal_start_min_amount_yi"": 2, ""normal_start_return"": 0.07, ""normal_start_self_amount_percentile"": 0.9, ""normal_start_volume_ratio"": 2.0, ""pattern_filter_enabled"": true, ""pattern_filter_mode"": ""score_only"", ""pattern_pivot_proximity_pct"": 0.05, ""platform_max_range"": 0.12, ""ready_min_score"": 85, ""rr2_min_key"": 2.0, ""rr2_min_ready"": 2.5, ""rr2_min_watch"": 1.5, ""start_age_max_days"": 60, ""start_age_min_days"": 5, ""start_lookback_days"": 60, ""stop_atr_multiplier"": 0.8, ""stop_key_support_pct"": 0.03, ""support_cluster_atr_multiplier"": 0.5, ""support_cluster_price_pct"": 0.015, ""support_test_lookback"": 10, ""support_zone_atr_multiplier"": 0.2, ""support_zone_price_pct"": 0.01, ""tail_close_range_5"": 0.08, ""tail_min_return_3"": -0.04, ""tail_min_return_5"": -0.06, ""tail_strong_volume_ratio_5_20"": 0.6, ""tail_volume_ratio_5_20"": 0.75, ""tail_window_days"": 5, ""target_2_cap_pct"": 0.35, ""vcp_contraction_range_ratio"": 0.9, ""vcp_contraction_volume_ratio"": 0.9, ""vcp_min_first_range"": 0.08, ""watch_min_score"": 60}","{""avg_loss_r"": 1.0126153333333334, ""avg_net_return"": -0.08584107, ""avg_win_r"": 0.0, ""expectancy_r"": -1.0126153333333334, ""losses"": 3, ""max_drawdown"": 0.032175566305999874, ""median_net_return"": -0.09214977, ""net_profit"": -468.543251, ""net_return"": -0.032175566305999825, ""profit_factor"": 0.0, ""single_month_profit_concentration"": 0.0, ""top5_profit_concentration"": 0.0, ""trades"": 3, ""win_rate"": 0.0, ""wins"": 0}"
s6opt-comprehensive-fe84532,support_risk,s6trial-b0a81d1b5367d9d2,BASELINE,s6ps-71bdb4dbb9c5c096,s6ps-71bdb4dbb9c5c096,COMPLETED_WITH_SKIPS,s6bt-de952d1c146567f8f391,,,"{""absolute_max_amp_10d"": 0.5, ""absolute_max_pullback_20d"": -0.35, ""amount10_vs_30_min_ratio"": 0.8, ""big_down_return"": -0.07, ""big_down_volume_ratio"": 1.5, ""box_tail"": {""breakout_ready_position_min"": 0.75, ""broken_close_tolerance"": 0.03, ""compact_kline"": {""atr_contraction_ratio_max"": 0.8, ""avg_body_ratio_max"": 0.025, ""close_range_max"": 0.05, ""enabled"": true, ""max_body_ratio_max"": 0.04, ""max_gap_ratio"": 0.03, ""min_overlap_pair_count"": 3, ""min_overlap_ratio"": 0.5, ""premium_atr_contraction_ratio_max"": 0.65, ""premium_avg_body_ratio_max"": 0.018, ""premium_close_range_max"": 0.03, ""premium_overlap_ratio"": 0.65, ""window_days"": 5}, ""current_close_high_tolerance"": 0.03, ""current_close_low_tolerance"": 0.03, ""enabled"": true, ""low_test_close_tolerance_down"": 0.02, ""low_test_tolerance_up"": 0.02, ""max_box_days"": 30, ""max_volume_contraction_ratio"": 0.85, ""min_box_days"": 5, ""min_box_low_test_count"": 2, ""min_center_shift"": -0.03, ""normal_box_width_max"": 0.18, ""premium_box_width_max"": 0.12, ""premium_center_shift"": 0.0, ""premium_tail_volume_ratio_max"": 0.6, ""premium_volume_contraction_ratio"": 0.7, ""support_ready_position_max"": 0.4, ""tail_volume_ratio_max"": 0.75}, ""breakout_extended_max_pct"": 0.08, ""buy_zone_valid_days"": 3, ""consolidation_max_days"": 40, ""consolidation_min_days"": 5, ""cup_depth_max"": 0.35, ""cup_depth_min"": 0.12, ""enable_market_filter"": true, ""enabled"": true, ""expired_cooldown_days"": 5, ""failed_cooldown_days"": 10, ""key_min_score"": 75, ""kline_days"": 1100, ""limit_up_volume_ratio"": 1.5, ""low_volume_limit_up_min_ratio"": 0.6, ""ma50_min_ratio"": 0.92, ""market_filter_mode"": ""downgrade"", ""max_amp_10d_a"": 0.4, ""max_amp_10d_b"": 0.35, ""max_amp_10d_s"": 0.45, ""max_amp_5d_a"": 0.22, ""max_amp_5d_b"": 0.18, ""max_amp_5d_s"": 0.25, ""max_pullback_20d_a"": -0.26, ""max_pullback_20d_b"": -0.22, ""max_pullback_20d_s"": -0.3, ""max_watch_days"": 10, ""min_avg_amount_10d_yi"": 5, ""min_avg_amount_30d_yi"": 5, ""min_avg_amount_60d_yi"": 3, ""min_relative_strength_20"": 0.1, ""minimum_trading_days"": 500, ""near_120d_high_ratio"": 0.98, ""normal_start_close_position"": 0.65, ""normal_start_min_amount_yi"": 2, ""normal_start_return"": 0.07, ""normal_start_self_amount_percentile"": 0.9, ""normal_start_volume_ratio"": 2.0, ""pattern_filter_enabled"": true, ""pattern_filter_mode"": ""score_only"", ""pattern_pivot_proximity_pct"": 0.05, ""platform_max_range"": 0.12, ""ready_min_score"": 85, ""rr2_min_key"": 2.0, ""rr2_min_ready"": 2.5, ""rr2_min_watch"": 1.5, ""start_age_max_days"": 60, ""start_age_min_days"": 5, ""start_lookback_days"": 60, ""stop_atr_multiplier"": 0.8, ""stop_key_support_pct"": 0.03, ""support_cluster_atr_multiplier"": 0.5, ""support_cluster_price_pct"": 0.015, ""support_test_lookback"": 10, ""support_zone_atr_multiplier"": 0.3, ""support_zone_price_pct"": 0.01, ""tail_close_range_5"": 0.08, ""tail_min_return_3"": -0.04, ""tail_min_return_5"": -0.06, ""tail_strong_volume_ratio_5_20"": 0.6, ""tail_volume_ratio_5_20"": 0.75, ""tail_window_days"": 5, ""target_2_cap_pct"": 0.35, ""vcp_contraction_range_ratio"": 0.9, ""vcp_contraction_volume_ratio"": 0.9, ""vcp_min_first_range"": 0.08, ""watch_min_score"": 60}","{""avg_loss_r"": 1.01225875, ""avg_net_return"": -0.08651405250000001, ""avg_win_r"": 0.0, ""expectancy_r"": -1.01225875, ""losses"": 4, ""max_drawdown"": 0.042820698355999894, ""median_net_return"": -0.090341385, ""net_profit"": -642.241456, ""net_return"": -0.04282069835599989, ""profit_factor"": 0.0, ""single_month_profit_concentration"": 0.0, ""top5_profit_concentration"": 0.0, ""trades"": 4, ""win_rate"": 0.0, ""wins"": 0}"
s6opt-comprehensive-fe84532,support_risk,s6trial-cbdac9c4430613c7,OAT,s6ps-d13d8228a9e620ea,s6ps-71bdb4dbb9c5c096,COMPLETED_WITH_SKIPS,s6bt-a13be708780e523259ee,,,"{""absolute_max_amp_10d"": 0.4, ""absolute_max_pullback_20d"": -0.35, ""amount10_vs_30_min_ratio"": 0.8, ""big_down_return"": -0.07, ""big_down_volume_ratio"": 1.5, ""box_tail"": {""breakout_ready_position_min"": 0.75, ""broken_close_tolerance"": 0.03, ""compact_kline"": {""atr_contraction_ratio_max"": 0.8, ""avg_body_ratio_max"": 0.025, ""close_range_max"": 0.05, ""enabled"": true, ""max_body_ratio_max"": 0.04, ""max_gap_ratio"": 0.03, ""min_overlap_pair_count"": 3, ""min_overlap_ratio"": 0.5, ""premium_atr_contraction_ratio_max"": 0.65, ""premium_avg_body_ratio_max"": 0.018, ""premium_close_range_max"": 0.03, ""premium_overlap_ratio"": 0.65, ""window_days"": 5}, ""current_close_high_tolerance"": 0.03, ""current_close_low_tolerance"": 0.03, ""enabled"": true, ""low_test_close_tolerance_down"": 0.02, ""low_test_tolerance_up"": 0.02, ""max_box_days"": 30, ""max_volume_contraction_ratio"": 0.85, ""min_box_days"": 5, ""min_box_low_test_count"": 2, ""min_center_shift"": -0.03, ""normal_box_width_max"": 0.18, ""premium_box_width_max"": 0.12, ""premium_center_shift"": 0.0, ""premium_tail_volume_ratio_max"": 0.6, ""premium_volume_contraction_ratio"": 0.7, ""support_ready_position_max"": 0.4, ""tail_volume_ratio_max"": 0.75}, ""breakout_extended_max_pct"": 0.08, ""buy_zone_valid_days"": 3, ""consolidation_max_days"": 40, ""consolidation_min_days"": 5, ""cup_depth_max"": 0.35, ""cup_depth_min"": 0.12, ""enable_market_filter"": true, ""enabled"": true, ""expired_cooldown_days"": 5, ""failed_cooldown_days"": 10, ""key_min_score"": 75, ""kline_days"": 1100, ""limit_up_volume_ratio"": 1.5, ""low_volume_limit_up_min_ratio"": 0.6, ""ma50_min_ratio"": 0.92, ""market_filter_mode"": ""downgrade"", ""max_amp_10d_a"": 0.4, ""max_amp_10d_b"": 0.35, ""max_amp_10d_s"": 0.45, ""max_amp_5d_a"": 0.22, ""max_amp_5d_b"": 0.18, ""max_amp_5d_s"": 0.25, ""max_pullback_20d_a"": -0.26, ""max_pullback_20d_b"": -0.22, ""max_pullback_20d_s"": -0.3, ""max_watch_days"": 10, ""min_avg_amount_10d_yi"": 5, ""min_avg_amount_30d_yi"": 5, ""min_avg_amount_60d_yi"": 3, ""min_relative_strength_20"": 0.1, ""minimum_trading_days"": 500, ""near_120d_high_ratio"": 0.98, ""normal_start_close_position"": 0.65, ""normal_start_min_amount_yi"": 2, ""normal_start_return"": 0.07, ""normal_start_self_amount_percentile"": 0.9, ""normal_start_volume_ratio"": 2.0, ""pattern_filter_enabled"": true, ""pattern_filter_mode"": ""score_only"", ""pattern_pivot_proximity_pct"": 0.05, ""platform_max_range"": 0.12, ""ready_min_score"": 85, ""rr2_min_key"": 2.0, ""rr2_min_ready"": 2.5, ""rr2_min_watch"": 1.5, ""start_age_max_days"": 60, ""start_age_min_days"": 5, ""start_lookback_days"": 60, ""stop_atr_multiplier"": 0.8, ""stop_key_support_pct"": 0.03, ""support_cluster_atr_multiplier"": 0.5, ""support_cluster_price_pct"": 0.015, ""support_test_lookback"": 10, ""support_zone_atr_multiplier"": 0.3, ""support_zone_price_pct"": 0.01, ""tail_close_range_5"": 0.08, ""tail_min_return_3"": -0.04, ""tail_min_return_5"": -0.06, ""tail_strong_volume_ratio_5_20"": 0.6, ""tail_volume_ratio_5_20"": 0.75, ""tail_window_days"": 5, ""target_2_cap_pct"": 0.35, ""vcp_contraction_range_ratio"": 0.9, ""vcp_contraction_volume_ratio"": 0.9, ""vcp_min_first_range"": 0.08, ""watch_min_score"": 60}","{""avg_loss_r"": 1.01225875, ""avg_net_return"": -0.08651405250000001, ""avg_win_r"": 0.0, ""expectancy_r"": -1.01225875, ""losses"": 4, ""max_drawdown"": 0.042820698355999894, ""median_net_return"": -0.090341385, ""net_profit"": -642.241456, ""net_return"": -0.04282069835599989, ""profit_factor"": 0.0, ""single_month_profit_concentration"": 0.0, ""top5_profit_concentration"": 0.0, ""trades"": 4, ""win_rate"": 0.0, ""wins"": 0}"
s6opt-comprehensive-fe84532,support_risk,s6trial-cec4c9dfc4430e23,OAT,s6ps-da9b016b283ca17a,s6ps-71bdb4dbb9c5c096,COMPLETED_WITH_SKIPS,s6bt-983538974072857e1118,,,"{""absolute_max_amp_10d"": 0.45, ""absolute_max_pullback_20d"": -0.35, ""amount10_vs_30_min_ratio"": 0.8, ""big_down_return"": -0.07, ""big_down_volume_ratio"": 1.5, ""box_tail"": {""breakout_ready_position_min"": 0.75, ""broken_close_tolerance"": 0.03, ""compact_kline"": {""atr_contraction_ratio_max"": 0.8, ""avg_body_ratio_max"": 0.025, ""close_range_max"": 0.05, ""enabled"": true, ""max_body_ratio_max"": 0.04, ""max_gap_ratio"": 0.03, ""min_overlap_pair_count"": 3, ""min_overlap_ratio"": 0.5, ""premium_atr_contraction_ratio_max"": 0.65, ""premium_avg_body_ratio_max"": 0.018, ""premium_close_range_max"": 0.03, ""premium_overlap_ratio"": 0.65, ""window_days"": 5}, ""current_close_high_tolerance"": 0.03, ""current_close_low_tolerance"": 0.03, ""enabled"": true, ""low_test_close_tolerance_down"": 0.02, ""low_test_tolerance_up"": 0.02, ""max_box_days"": 30, ""max_volume_contraction_ratio"": 0.85, ""min_box_days"": 5, ""min_box_low_test_count"": 2, ""min_center_shift"": -0.03, ""normal_box_width_max"": 0.18, ""premium_box_width_max"": 0.12, ""premium_center_shift"": 0.0, ""premium_tail_volume_ratio_max"": 0.6, ""premium_volume_contraction_ratio"": 0.7, ""support_ready_position_max"": 0.4, ""tail_volume_ratio_max"": 0.75}, ""breakout_extended_max_pct"": 0.08, ""buy_zone_valid_days"": 3, ""consolidation_max_days"": 40, ""consolidation_min_days"": 5, ""cup_depth_max"": 0.35, ""cup_depth_min"": 0.12, ""enable_market_filter"": true, ""enabled"": true, ""expired_cooldown_days"": 5, ""failed_cooldown_days"": 10, ""key_min_score"": 75, ""kline_days"": 1100, ""limit_up_volume_ratio"": 1.5, ""low_volume_limit_up_min_ratio"": 0.6, ""ma50_min_ratio"": 0.92, ""market_filter_mode"": ""downgrade"", ""max_amp_10d_a"": 0.4, ""max_amp_10d_b"": 0.35, ""max_amp_10d_s"": 0.45, ""max_amp_5d_a"": 0.22, ""max_amp_5d_b"": 0.18, ""max_amp_5d_s"": 0.25, ""max_pullback_20d_a"": -0.26, ""max_pullback_20d_b"": -0.22, ""max_pullback_20d_s"": -0.3, ""max_watch_days"": 10, ""min_avg_amount_10d_yi"": 5, ""min_avg_amount_30d_yi"": 5, ""min_avg_amount_60d_yi"": 3, ""min_relative_strength_20"": 0.1, ""minimum_trading_days"": 500, ""near_120d_high_ratio"": 0.98, ""normal_start_close_position"": 0.65, ""normal_start_min_amount_yi"": 2, ""normal_start_return"": 0.07, ""normal_start_self_amount_percentile"": 0.9, ""normal_start_volume_ratio"": 2.0, ""pattern_filter_enabled"": true, ""pattern_filter_mode"": ""score_only"", ""pattern_pivot_proximity_pct"": 0.05, ""platform_max_range"": 0.12, ""ready_min_score"": 85, ""rr2_min_key"": 2.0, ""rr2_min_ready"": 2.5, ""rr2_min_watch"": 1.5, ""start_age_max_days"": 60, ""start_age_min_days"": 5, ""start_lookback_days"": 60, ""stop_atr_multiplier"": 0.8, ""stop_key_support_pct"": 0.03, ""support_cluster_atr_multiplier"": 0.5, ""support_cluster_price_pct"": 0.015, ""support_test_lookback"": 10, ""support_zone_atr_multiplier"": 0.3, ""support_zone_price_pct"": 0.01, ""tail_close_range_5"": 0.08, ""tail_min_return_3"": -0.04, ""tail_min_return_5"": -0.06, ""tail_strong_volume_ratio_5_20"": 0.6, ""tail_volume_ratio_5_20"": 0.75, ""tail_window_days"": 5, ""target_2_cap_pct"": 0.35, ""vcp_contraction_range_ratio"": 0.9, ""vcp_contraction_volume_ratio"": 0.9, ""vcp_min_first_range"": 0.08, ""watch_min_score"": 60}","{""avg_loss_r"": 1.01225875, ""avg_net_return"": -0.08651405250000001, ""avg_win_r"": 0.0, ""expectancy_r"": -1.01225875, ""losses"": 4, ""max_drawdown"": 0.042820698355999894, ""median_net_return"": -0.090341385, ""net_profit"": -642.241456, ""net_return"": -0.04282069835599989, ""profit_factor"": 0.0, ""single_month_profit_concentration"": 0.0, ""top5_profit_concentration"": 0.0, ""trades"": 4, ""win_rate"": 0.0, ""wins"": 0}"
s6opt-comprehensive-fe84532,support_risk,s6trial-fe60b0e2a64e5063,OAT,s6ps-3487a8345a7175ad,s6ps-71bdb4dbb9c5c096,COMPLETED_WITH_SKIPS,s6bt-1f41c27f51edc62180a8,,,"{""absolute_max_amp_10d"": 0.5, ""absolute_max_pullback_20d"": -0.35, ""amount10_vs_30_min_ratio"": 0.8, ""big_down_return"": -0.07, ""big_down_volume_ratio"": 1.5, ""box_tail"": {""breakout_ready_position_min"": 0.75, ""broken_close_tolerance"": 0.03, ""compact_kline"": {""atr_contraction_ratio_max"": 0.8, ""avg_body_ratio_max"": 0.025, ""close_range_max"": 0.05, ""enabled"": true, ""max_body_ratio_max"": 0.04, ""max_gap_ratio"": 0.03, ""min_overlap_pair_count"": 3, ""min_overlap_ratio"": 0.5, ""premium_atr_contraction_ratio_max"": 0.65, ""premium_avg_body_ratio_max"": 0.018, ""premium_close_range_max"": 0.03, ""premium_overlap_ratio"": 0.65, ""window_days"": 5}, ""current_close_high_tolerance"": 0.03, ""current_close_low_tolerance"": 0.03, ""enabled"": true, ""low_test_close_tolerance_down"": 0.02, ""low_test_tolerance_up"": 0.02, ""max_box_days"": 30, ""max_volume_contraction_ratio"": 0.85, ""min_box_days"": 5, ""min_box_low_test_count"": 2, ""min_center_shift"": -0.03, ""normal_box_width_max"": 0.18, ""premium_box_width_max"": 0.12, ""premium_center_shift"": 0.0, ""premium_tail_volume_ratio_max"": 0.6, ""premium_volume_contraction_ratio"": 0.7, ""support_ready_position_max"": 0.4, ""tail_volume_ratio_max"": 0.75}, ""breakout_extended_max_pct"": 0.08, ""buy_zone_valid_days"": 3, ""consolidation_max_days"": 40, ""consolidation_min_days"": 5, ""cup_depth_max"": 0.35, ""cup_depth_min"": 0.12, ""enable_market_filter"": true, ""enabled"": true, ""expired_cooldown_days"": 5, ""failed_cooldown_days"": 10, ""key_min_score"": 75, ""kline_days"": 1100, ""limit_up_volume_ratio"": 1.5, ""low_volume_limit_up_min_ratio"": 0.6, ""ma50_min_ratio"": 0.92, ""market_filter_mode"": ""downgrade"", ""max_amp_10d_a"": 0.4, ""max_amp_10d_b"": 0.35, ""max_amp_10d_s"": 0.45, ""max_amp_5d_a"": 0.22, ""max_amp_5d_b"": 0.18, ""max_amp_5d_s"": 0.25, ""max_pullback_20d_a"": -0.26, ""max_pullback_20d_b"": -0.22, ""max_pullback_20d_s"": -0.3, ""max_watch_days"": 10, ""min_avg_amount_10d_yi"": 5, ""min_avg_amount_30d_yi"": 5, ""min_avg_amount_60d_yi"": 3, ""min_relative_strength_20"": 0.1, ""minimum_trading_days"": 500, ""near_120d_high_ratio"": 0.98, ""normal_start_close_position"": 0.65, ""normal_start_min_amount_yi"": 2, ""normal_start_return"": 0.07, ""normal_start_self_amount_percentile"": 0.9, ""normal_start_volume_ratio"": 2.0, ""pattern_filter_enabled"": true, ""pattern_filter_mode"": ""score_only"", ""pattern_pivot_proximity_pct"": 0.05, ""platform_max_range"": 0.12, ""ready_min_score"": 85, ""rr2_min_key"": 2.0, ""rr2_min_ready"": 2.5, ""rr2_min_watch"": 1.5, ""start_age_max_days"": 60, ""start_age_min_days"": 5, ""start_lookback_days"": 60, ""stop_atr_multiplier"": 0.8, ""stop_key_support_pct"": 0.03, ""support_cluster_atr_multiplier"": 0.5, ""support_cluster_price_pct"": 0.015, ""support_test_lookback"": 10, ""support_zone_atr_multiplier"": 0.3, ""support_zone_price_pct"": 0.015, ""tail_close_range_5"": 0.08, ""tail_min_return_3"": -0.04, ""tail_min_return_5"": -0.06, ""tail_strong_volume_ratio_5_20"": 0.6, ""tail_volume_ratio_5_20"": 0.75, ""tail_window_days"": 5, ""target_2_cap_pct"": 0.35, ""vcp_contraction_range_ratio"": 0.9, ""vcp_contraction_volume_ratio"": 0.9, ""vcp_min_first_range"": 0.08, ""watch_min_score"": 60}","{""avg_loss_r"": 1.01225875, ""avg_net_return"": -0.08651405250000001, ""avg_win_r"": 0.0, ""expectancy_r"": -1.01225875, ""losses"": 4, ""max_drawdown"": 0.042820698355999894, ""median_net_return"": -0.090341385, ""net_profit"": -642.241456, ""net_return"": -0.04282069835599989, ""profit_factor"": 0.0, ""single_month_profit_concentration"": 0.0, ""top5_profit_concentration"": 0.0, ""trades"": 4, ""win_rate"": 0.0, ""wins"": 0}"
